name,nBase,SpAbs_A,SpMax_A,VR1_A,nAromAtom,nBridgehead,nHetero,nN,nO,nS,nCl,ATS0Z,ATS1Z,ATS0p,AATS0dv,AATS1dv,AATS3dv,AATS7dv,AATS8dv,AATS0d,AATS0s,AATS3s,AATS4s,AATS7s,AATS8s,AATS0Z,AATS1Z,AATS2Z,AATS3Z,AATS4Z,AATS6Z,AATS7Z,AATS8Z,AATS0v,AATS6v,AATS7v,AATS0se,AATS1se,AATS3se,AATS4se,AATS0p,ATSC0c,ATSC2dv,ATSC3dv,ATSC4dv,ATSC5dv,ATSC6dv,ATSC7dv,ATSC8dv,ATSC2d,ATSC3d,ATSC4d,ATSC5d,ATSC6d,ATSC7d,ATSC8d,ATSC1s,ATSC2s,ATSC3s,ATSC4s,ATSC5s,ATSC6s,ATSC7s,ATSC0Z,ATSC1Z,ATSC2Z,ATSC3Z,ATSC4Z,ATSC5Z,ATSC6Z,ATSC7Z,ATSC8Z,ATSC1v,ATSC2v,ATSC3v,ATSC4v,ATSC5v,ATSC6v,ATSC7v,ATSC8v,ATSC2se,ATSC3se,ATSC4se,ATSC5se,ATSC6se,ATSC7se,ATSC1are,ATSC1p,ATSC2p,ATSC3p,ATSC4p,ATSC5p,ATSC6p,ATSC7p,ATSC8p,ATSC1i,ATSC2i,ATSC3i,ATSC4i,ATSC5i,ATSC6i,ATSC7i,ATSC8i,AATSC0dv,AATSC1dv,AATSC2dv,AATSC3dv,AATSC4dv,AATSC5dv,AATSC6dv,AATSC7dv,AATSC8dv,AATSC0s,AATSC2s,AATSC4s,AATSC6s,AATSC2Z,AATSC3Z,AATSC4Z,AATSC5Z,AATSC6Z,AATSC7Z,AATSC8Z,AATSC0v,AATSC1v,AATSC2v,AATSC3v,AATSC4v,AATSC5v,AATSC6v,AATSC8v,MATS7se,GATS1c,GATS3c,GATS4c,GATS5c,GATS6c,GATS7c,GATS8c,GATS3dv,GATS4dv,GATS5dv,GATS6dv,GATS1d,GATS2d,GATS1s,GATS6s,GATS7s,GATS3Z,GATS4Z,GATS5Z,GATS6Z,GATS7Z,GATS1v,GATS5v,GATS6v,GATS6se,GATS3p,GATS1i,BCUTdv-1h,BCUTdv-1l,BCUTs-1h,BCUTs-1l,BCUTZ-1h,BCUTv-1h,BCUTv-1l,BCUTse-1h,BCUTse-1l,BCUTp-1h,BCUTp-1l,BalabanJ,SM1_DzZ,nBondsD,C3SP2,C1SP3,C2SP3,C3SP3,Xch-7d,Xc-3dv,Mp,NsCH3,NssCH2,NdsCH,NsssCH,NaasC,NaaaC,NssssC,NssNH,NaaN,NsssN,NsOH,NssO,SdCH2,SssCH2,SsssCH,StsC,SaasC,SsNH2,SdsN,SsF,SdsssP,SsSH,SdS,SddssS,SssssSn,MAXsCH3,MAXssCH2,MAXaaCH,MAXaasC,MAXssssC,MAXssNH,MAXsssN,MAXdO,MAXssO,MAXsF,MAXsCl,ECIndex,AETA_beta,ETA_beta_ns_d,ETA_dBeta,ETA_psi_1,fragCpx,nHBAcc,IC0,IC1,CIC1,CIC3,MIC0,MIC1,ZMIC1,GhoseFilter,PEOE_VSA1,PEOE_VSA2,PEOE_VSA3,PEOE_VSA4,PEOE_VSA5,PEOE_VSA6,PEOE_VSA7,PEOE_VSA8,PEOE_VSA9,PEOE_VSA10,PEOE_VSA11,PEOE_VSA12,PEOE_VSA13,SMR_VSA1,SMR_VSA4,SMR_VSA6,SMR_VSA9,SlogP_VSA1,SlogP_VSA3,SlogP_VSA4,SlogP_VSA7,SlogP_VSA10,SlogP_VSA11,EState_VSA1,EState_VSA2,EState_VSA3,EState_VSA4,EState_VSA5,EState_VSA6,EState_VSA7,EState_VSA8,VSA_EState1,VSA_EState3,VSA_EState4,VSA_EState5,VSA_EState7,VSA_EState9,MDEC-22,MDEC-23,MDEC-24,MDEO-11,MDEN-23,AMID_C,nHRing,n6HRing,nFRing,nRot,SLogP,SRW03,SRW05
carbaryl,0.0,19.54455967056319,2.3778145762880576,84.93699405437879,10.0,0.0,3.0,1.0,2.0,0.0,0.0,620.0,691.0,40.85394995333901,8.307692307692308,8.037037037037036,5.173076923076923,1.181818181818182,0.12,3.269230769230769,4.677350427350428,3.1559829059829054,3.530092592592592,2.883838383838384,1.94,23.846153846153847,25.59259259259259,22.511627906976745,18.96153846153846,18.041666666666668,14.736842105263158,10.303030303030305,5.52,234.6238360339456,161.11277482060513,131.5110745941948,7.742090923076924,7.779405333333335,7.674136692307694,7.937379916666668,1.5713057674361155,0.5948753588149619,30.40828402366863,-13.461538461538463,-64.33136094674558,-34.443786982248525,-35.62130177514792,-32.573964497041416,13.224852071005929,2.0369822485207125,-2.346153846153844,-5.556213017751479,-6.9674556213017755,-6.215976331360946,-1.892011834319529,2.841715976331358,-3.103221564760027,12.747370151216302,-0.7179487179487163,-15.74950690335306,-4.6472715318869176,-4.208744247205788,-9.718277449046678,187.84615384615387,6.390532544378715,19.331360946745587,23.846153846153847,-85.1775147928994,-43.5207100591716,-43.69822485207101,-61.42011834319527,-9.082840236686405,12.933592624439346,51.42498904414928,111.66036026012912,-323.3963080653631,-323.7289040653438,-365.0791846664314,-297.5949053476709,-126.58169094726244,1.4387299467455603,-0.2620826153846155,-1.160979869822487,-0.5766762130177522,-0.4506757751479291,-0.4453448816568039,-0.1101270710059162,-0.1952307638835348,0.795468612882796,-0.0218576305450374,-0.7617986281239671,-1.574924454947668,-1.8371158543083288,-0.9068582251700676,-0.6424506409930799,-2.2102306381742367,17.291875651554655,-2.2996662361046685,-7.673279263170859,-13.830270828479316,-14.1073345524657,-2.063609784925966,-2.94510634678315,3.9940828402366866,1.1968003506465044,0.7071693958992705,-0.2588757396449704,-1.3402366863905328,-0.8200901662440125,-0.9374026782933664,-0.9870898332436792,0.5289940828402371,1.4557856673241285,0.2964504686329372,-0.3281147271531887,-0.110756427558047,0.4495665336452462,0.4585798816568047,-1.7745315581854042,-1.0362073823612286,-1.149953285580816,-1.8612157073695537,-0.3633136094674561,49.97610895576237,0.4790219490533091,1.1959299777709134,2.1473146203870987,-6.737423084695064,-7.707831049174852,-9.607346964906087,-5.0632676378904975,-0.1672429954058778,1.8853108330903032,1.1131556698559202,1.287753480560928,1.2472560855601644,0.9920434171748068,0.7480799490218055,0.3571480918101901,1.0555555555555556,1.4419367283950617,1.2037037037037035,1.2100389863547758,0.666871858007592,1.0258970559814466,0.5969592998214428,1.49335494375546,1.5289225095028418,0.8599508599508598,1.2324469355719354,1.1106479856479856,1.154009871115134,1.2804643486461669,0.8924158562956789,1.076240826970449,1.1281240377869342,1.1895685679485963,0.9933747844123372,1.1330436846742389,6.0287731006255765,0.9959656026286856,7.008270895841266,1.401052350252657,8.028862860843466,20.93120783818287,14.70146205412265,3.71465478244882,2.4011396624379593,2.022552615834751,0.7404582988710926,1.9108583367293697,0.6428571428571429,1.0,2.0,0.0,0.0,0.0,0.2513756548287542,0.2560943487475822,0.6927388991248276,1.0,0.0,0.0,0.0,1.0,2.0,0.0,1.0,0.0,0.0,0.0,1.0,0.0,0.0,0.0,0.0,0.5763425925925927,0.0,0.0,0.0,0.0,0.0,0.0,0.0,0.0,1.535182350718065,0.0,1.9782180650037793,0.5763425925925927,0.0,2.416989559712774,0.0,11.091562263794406,5.126759259259259,0.0,0.0,194.0,1.4166666666666667,0.5,2.75,0.5683646112600538,46.03,2.0,1.5053128791540096,2.9289837023345564,1.7714560158065351,0.5196067309356511,13.79930728236728,25.43032229111095,37.06140005425876,1.0,10.05365155780638,0.0,4.794537184071822,0.0,0.0,36.39820241076966,11.452591282926406,12.433896197141983,0.0,5.749511833283905,0.0,0.0,0.0,9.53140013787187,0.0,7.04767198267719,5.749511833283905,10.05365155780638,0.0,0.0,0.0,4.794537184071822,5.749511833283905,6.093240070938415,0.0,5.749511833283905,10.772448428929591,7.04767198267719,6.06636706846161,36.39820241076966,5.316788604006331,5.126759259259259,4.40541832010582,0.0,0.5763425925925927,-0.4524508692365827,1.535182350718065,8.737028660947072,11.140145017746091,0.0,0.0,0.0,1.6522940868498557,0.0,0.0,1.0,1.0,2.5580000000000007,0.0,0.0
chlorpyrifos,0.0,20.97101728474137,2.3774607037700757,97.87456649953728,6.0,0.0,9.0,1.0,3.0,1.0,3.0,1924.0,1416.0,68.97455395333898,7.536824180502341,5.782886334610473,4.253086419753087,0.7810266406757634,0.2695035460992908,3.3448275862068964,3.157628475999769,2.5017835578535172,3.1710537011634403,2.02280621535549,1.6002101392172314,66.34482758620689,48.827586206896555,41.12244897959184,46.11538461538461,52.71111111111111,35.0,24.94736842105263,16.404255319148938,267.2940399093626,213.53638685455627,166.9757894982739,8.390361413793105,8.097016655172416,8.425938634615385,8.850116844444445,2.3784328949427236,0.6732697329482855,60.38271604938272,22.839506172839503,-24.506172839506178,-81.60493827160495,-56.24691358024692,-40.61728395061728,6.740740740740747,8.187871581450656,-0.6218787158145068,-7.215219976218785,-5.093935790725325,-10.22592152199762,-3.833531510107019,-1.7550535077288978,-8.398017083707803,11.212703869711868,-2.403225555796593,2.0698490666843554,-11.125051118643094,-4.039105410833048,-3.792146534008748,831.4482758620693,139.31034482758628,245.79429250891795,115.74791914387632,-388.7990487514864,-81.74197384066592,271.10463733650425,224.2568370986921,-208.10582639714636,-119.3299285385403,579.8889241569925,1078.320520376342,-274.12505530356054,-437.2030639909328,-307.2505626932898,-71.64601481400652,-368.6813281574046,2.097820650416173,-0.1288622675386423,-1.3833338382877458,-1.127792618311527,0.6446809952437543,1.2831542140309082,-1.3525655172413793,-1.807592290965512,4.096178303164329,2.793224488488038,-5.62176859438126,-1.1403766207983856,1.34615908735395,1.4746274465268965,-2.3905510642027346,-15.711800819215991,-1.1444898606084473,10.985216900049975,-1.4510378450239787,-5.097210648486713,-9.197180901405076,3.875713392980469,-6.357100612253612,4.376330353341848,0.8378033205619414,1.232300327538423,0.4392212725546059,-0.5445816186556929,-1.7001028806584364,-1.1478961955152431,-0.7125839289581979,0.1434200157604414,0.6621297143554107,0.2288306912186095,0.045996645926319,-0.0824307226700622,5.016210051202407,2.2259215219976216,-8.639978861144142,-1.702957788347207,5.532747700744984,3.934330475415651,-4.427783540364816,55.06041586575526,-4.114825122018631,11.834467839938624,20.736933084160423,-6.091667895634679,-9.108397166477769,-6.270419646801833,-7.844283577817119,0.1565907562696564,2.058877588301158,1.616029329136034,1.9708195865942768,1.4618264907986425,0.6984883357862808,0.2612174191022379,0.1402079222753195,1.029152948219096,1.425845222654561,1.602435959792477,1.1192051139521957,1.043046357615894,0.7133396404919583,1.3931484877514717,0.8715082846194454,0.6381380027322997,0.9859996299321112,1.433108456831084,1.010636128621986,0.5106408190349794,0.7199021525279686,0.8838005406425663,1.0430066488195069,1.0189832322744057,0.5979175577555449,1.2249006384083074,1.5021987570947215,6.011233459157887,0.3905632505017892,3.5169437784183537,0.2599427327648431,17.00316081300543,24.64058112662147,14.707367933288475,3.694835338852385,2.4098082188035157,3.695885968333015,0.7812463150450701,2.622256536550038,4.0590336134453775,1.0,0.0,4.0,0.0,0.0,0.2059503767325859,1.4126144491973065,0.8040620070204422,2.0,2.0,0.0,0.0,4.0,0.0,0.0,0.0,1.0,0.0,0.0,3.0,0.0,0.7147196677024719,0.0,0.0,0.5510026664987002,0.0,0.0,0.0,-2.918478835978836,0.0,5.187641093474427,0.0,0.0,1.7850253877271074,0.357359833851236,1.421966805240615,0.231609399932813,0.0,0.0,0.0,0.0,5.4447376543209876,0.0,5.9376562106324,247.0,1.1944444444444444,2.0,-2.5,0.5668215359387812,18.09,5.0,2.2340896909097094,3.272664841643534,1.5853161534840376,1.0175784484250667,37.154898027003206,48.17380528455533,47.28882440844008,1.0,4.5237471617118175,9.047494323423637,0.0,4.983978520947208,0.0,34.802819670697545,19.913841467842857,11.806856088638648,18.23639724276716,5.022633313741326,5.153109816892792,5.879988336435371,0.0,13.571241485135452,0.0,13.213763929025836,5.879988336435371,4.5237471617118175,20.85435041206228,0.0,15.198376444375445,0.0,5.879988336435371,6.718607232363179,21.078364780810816,13.213763929025836,0.0,6.06636706846161,13.847474399381248,0.0,4.983978520947208,16.056113473167045,0.4988730368690701,0.0,0.05212962962963,0.0,0.0,0.5723571212766659,3.4804043203811563,0.0,0.0,0.0,0.9795121607340024,1.0,1.0,0.0,6.0,4.718100000000002,0.0,0.0
cypermethrine,0.0,34.99297017628875,2.613975502302904,3301.6876294459917,12.0,0.0,6.0,1.0,3.0,0.0,2.0,1630.0,1392.0,82.44785719213097,7.770422905174678,7.433106575963718,4.921383647798743,3.985815602836879,3.504830917874396,3.5106382978723403,4.407583536824628,3.03054876154981,3.117090499806549,3.169676473163471,3.124122159599213,34.680851063829785,28.40816326530612,26.82716049382716,19.72641509433962,19.0,23.957894736842107,18.24468085106383,18.97826086956522,251.2423702896568,215.12060340015773,197.96372994492245,7.828727702127657,7.73777967346939,7.770009207547171,7.726694564102566,1.7542097274921482,0.802190883982552,9.729071307613664,13.852136881109272,33.47775933470819,-77.28682885390295,-4.963661564084077,-24.32676648279484,-50.85544545601886,-11.068809416025358,-7.607514712539613,1.7469443186962448,-0.0058850158442736,-2.1960162969669548,-5.702127659574469,-1.6079674060660925,-0.1421593037903365,10.548309574167943,-6.651703743239353,12.214787838461891,-14.573513748539067,-9.832477089850594,8.301354798016648,637.31914893617,9.560887279311878,188.81167949298327,-174.01765504753286,213.29062924400185,-112.4875509280218,-432.75147125396114,69.72340425531918,-116.15663196016295,7.724959325294471,-97.64523121936898,-1198.5696078411518,1219.951757168125,390.1192179201008,-1279.229998164595,-229.08388745216973,-628.2434191541141,1.2431742802172925,-0.7249281539157999,-0.7498274368492531,-2.057238247170673,0.8589667034857358,1.0695250212765997,0.0645096423721123,-0.3761077632172986,-0.5030062602313778,-5.94919883163622,4.4563876573376735,6.0563380398929825,-9.808336260757333,-1.2246374706049563,-1.949301066565315,-2.772498851207475,-9.729836797861095,-27.62053213547499,2.1225669738689934,23.64546766379932,3.5555972530659425,-16.51526173342032,-8.927218485845312,3.8081585433328304,1.054473664790765,0.1201119914520205,0.1306805366142384,0.2861346951684461,-0.7728682885390294,-0.0522490690956218,-0.2587953881148387,-0.5527765810436833,1.3803765894727953,0.1302260441255301,0.1043998960552298,-0.1034997588405325,2.3310083888022626,-1.641675991014461,1.8229968311453144,-1.1248755092802178,-4.5552786447785385,0.7417383431416934,-1.2625720865235106,52.067582780400976,0.1576522311284585,-1.2054966817206048,-11.30726045133162,10.42693809545406,3.901192179201008,-13.465578928048368,-6.828732816892545,0.1296141669661747,1.4989739406617244,1.2767989639297366,1.3657418795833922,1.6497130033855605,0.9658233889257216,0.6018839009365564,0.9997465491282764,0.97236709810994,1.0498316977249746,1.457451797061888,0.9635675063589056,0.9908608093171222,1.560227995498802,0.5495393261135476,1.3469912401343986,0.912369747107596,0.810292763369242,0.7226987363530065,1.044766976029913,1.7132620895900037,0.5597582960539496,0.8595806860981967,0.8133325897591591,1.2069872731984117,1.0876127286968804,1.104846962996454,1.069306681601414,6.028467617603398,0.7712225813739867,7.0082737751482655,1.1477499324537592,17.00320573811987,22.46334856745914,14.701188937674134,3.7142244286164425,2.43787338347976,2.231405468938803,0.7414622193582403,1.5071547666586167,2.186974789915966,2.0,1.0,2.0,1.0,2.0,1.656549538712134,1.8007416210845146,0.7297116447955156,2.0,0.0,1.0,3.0,3.0,0.0,1.0,0.0,0.0,0.0,0.0,2.0,0.0,0.0,-1.5314639140708572,2.039802260924946,1.781622400073296,0.0,0.0,0.0,0.0,0.0,0.0,0.0,0.0,1.9370180694459191,0.0,1.8965068246291537,0.678207962726153,-0.3150916029640425,0.0,0.0,12.611418379883837,5.785362945402628,0.0,5.731033031509702,680.0,1.25,0.5,1.0,0.5841882920941461,144.06,4.0,1.6062270247071662,3.463569043702419,2.0910198079752185,0.6704207447729136,19.27005690749501,37.54291999507117,55.71272136531475,0.0,9.473725907600098,4.794537184071822,0.0,5.261891554738487,0.0,67.38118952215433,41.67438489623849,5.563451491696996,5.917906046161393,22.05971315351801,0.0,6.103966387748303,0.0,14.26826309167192,17.250802561719567,0.0,17.568244979360085,4.736862953800049,9.53140013787187,28.581915429250326,0.0,0.0,11.49902366656781,12.073271675700152,21.742270735877497,17.062475158264807,0.0,0.0,30.34148838068032,50.248531054481575,0.0,11.397899512505774,9.530405787327686,0.231394620126017,0.2892627430591366,0.6151906779955121,0.0,12.90158053695382,18.810452279534463,1.5163717050620762,0.0,0.0,1.6091152494406311,0.0,0.0,0.0,6.0,6.177980000000003,1.9459101490553132,4.2626798770413155
DDD(2-4),0.0,22.540936869489276,2.3776623090963405,92.72311381480552,12.0,0.0,4.0,0.0,0.0,0.0,4.0,1670.0,1008.0,62.500329048490016,5.586419753086419,6.065134099616859,3.329805996472663,1.757443718228032,1.4901960784313726,3.5714285714285716,2.28250266727633,2.1433797112809456,2.080889917695473,1.902947004133157,1.740740740740741,59.642857142857146,34.758620689655174,36.229166666666664,27.41269841269841,27.625,26.73076923076923,53.588235294117645,31.764705882352946,294.8556393732958,204.80082052987115,218.6401956498259,7.894798714285716,7.670808965517242,7.694635555555557,7.6572020625000015,2.2321546088746436,0.1161856271744925,-18.71882086167801,-22.428130511463856,-21.6533131771227,7.95338876291258,0.7031997984378987,4.934618291761155,3.575774754346186,-4.081632653061222,-6.1428571428571415,-5.061224489795918,2.3673469387755093,-1.4693877551020418,2.4897959183673457,1.2448979591836729,0.1897864312620332,-1.0890232636264394,-1.50407712238988,-1.2455076223447763,1.5098432605781231,-0.4730612867003221,-0.3464861939288743,732.7142857142857,0.0459183673469406,13.204081632653075,-214.10714285714292,-35.489795918367356,-152.48979591836743,-352.32653061224494,576.418367346939,-117.50510204081635,25.923874210614365,-393.7536228197034,-484.7896058922764,-185.74363895156597,182.2589461697952,-321.4976075701577,481.7408226580207,82.83996880460447,0.231074551020408,-0.5865657142857148,-0.2430626938775519,-0.6951552653061231,-1.1192115102040812,1.8985586938775512,0.0035999999999994,0.0814708965368649,-1.6964915171870372,-2.8935985166676788,-0.4876623188316747,0.3556932330307519,-2.8074613160611652,4.286118004806031,-0.0528243100430571,1.1641446627072056,-7.143987727431797,-7.117873032681986,-12.673465174704113,2.6570694385126283,0.0311652647701048,1.4876689643870913,2.524943323436766,2.510015117157974,0.2440139529630496,-0.3899754346182919,-0.3560020716105374,-0.3383330183925422,0.124271699420509,0.0135230730468826,0.1451358321106222,0.2103396914321285,0.1679660890419268,-0.0226879846588841,-0.0194610565991371,-0.0090973324365446,0.2750850340136057,-3.3985260770975065,-0.5545280612244899,-2.382653061224491,-6.775510204081633,16.95348139255703,-6.912064825930375,54.97820836679254,0.8939266969177367,-8.203200475410489,-7.695073109401213,-2.9022443586182183,2.84779603390305,-6.18264629942611,4.872939341447322,0.681181801459193,1.139493541656754,0.9707640753826384,0.839710952188856,0.9541477595014952,1.507301723170818,0.5854145166433016,0.6516672459864524,1.1370172400813068,1.0465515132123766,0.8890722634194083,0.9538710555423648,1.051167964404894,1.27016129032258,0.9442588043607884,1.0569305449755175,1.0277789805904167,0.9224020276857088,0.8446547816338468,1.0962663287190486,1.409485279781634,0.7023040840434439,0.6850225829844144,0.9955843469463984,1.1683252709846266,1.411047151792213,1.0196829495325817,0.9153447951423934,4.068730506048499,0.7674637978726372,2.241313967931053,1.1455785167432035,17.004775990679956,22.463959730624197,20.265118585465977,3.509084810608527,2.430797956167768,2.2272900115916503,1.3543810031842711,1.94871061715443,2.5882352941176467,0.0,2.0,1.0,0.0,1.0,0.2628917115316043,1.0823193246438645,0.8290831907613347,0.0,0.0,0.0,2.0,4.0,0.0,0.0,0.0,0.0,0.0,0.0,0.0,0.0,0.0,-0.6294280675233057,0.0,3.4278212396069554,0.0,0.0,0.0,0.0,0.0,0.0,0.0,0.0,0.0,0.0,1.9299277210884351,1.024743008314437,0.0,0.0,0.0,0.0,0.0,0.0,6.0918720080624835,277.0,1.3055555555555556,1.0,2.5,0.642458100558659,55.04,0.0,1.4315602842833155,2.735926350629033,2.071428571428571,0.8571428571428568,20.75870423659675,36.93738262088743,56.54164248190455,0.0,0.0,0.0,0.0,0.0,23.20187978046503,47.46734805431147,35.392371257240434,15.963172673644046,0.0,4.836269690250055,0.0,0.0,0.0,0.0,0.0,0.0,0.0,0.0,0.0,0.0,10.045266627482652,0.0,0.0,4.836269690250055,5.917906046161393,10.045266627482652,11.126902983393991,0.0,0.0,48.53093654769288,0.0,0.0,1.3783352229780808,2.049486016628874,-0.0945679012345679,0.0,0.0,8.691901917570458,17.82745376093787,0.0,0.0,0.0,1.6130800728415209,0.0,0.0,0.0,3.0,5.929000000000001,0.0,0.0
dicofol,0.0,24.10718277010345,2.519762128398456,128.02362627025244,12.0,0.0,6.0,0.0,1.0,0.0,5.0,2022.0,1154.0,67.45132014364098,6.759472115793955,7.185185185185186,4.722222222222222,1.6934156378600822,1.4901960784313726,3.9655172413793105,3.4582886597396323,3.024738121960344,2.906595954326784,1.8978306152517403,1.740740740740741,69.72413793103448,38.46666666666667,51.244897959183675,37.54545454545455,34.12676056338028,32.758620689655174,66.66666666666667,31.764705882352946,308.4564101172001,215.24871092671705,234.49190469222953,8.267697965517245,7.908853266666667,8.121052515151517,8.139827549295774,2.3259075911600338,0.3514773381830233,0.5193552648962863,-31.139810043892496,-42.02093333920524,-3.5639523788552645,-0.4793529161345213,15.100101290351,7.926190161624172,-6.4898929845422115,-11.326991676575505,-6.5873959571938165,2.6777645659928653,-1.6551724137931032,4.442330558858502,1.6456599286563611,-5.095037441092928,-2.836378772086923,3.3205261706611013,-3.7655668444730064,-7.285907737520799,-0.4110036317003827,1.470572244269048,829.0344827586205,-10.656361474435196,344.90725326991674,-53.457788347205714,-326.0844233055886,-503.3959571938168,-421.79310344827593,802.3020214030915,-120.3995243757432,82.01818766767471,-107.84339081941944,-310.88342683128303,-444.1991239266219,-180.3204053483688,-344.70384581927743,617.4369969160726,116.93788134852892,1.1321744768133173,0.9598267217598092,-2.1455288228299647,-2.6484473317479185,-0.4772654482758623,2.654706230677765,-0.2982728894173607,0.7150656742220814,0.6245328415061494,-3.351100963858294,-1.490232849821276,-1.1600897554710945,-4.281016047068279,5.6003318221927305,0.0374219751625254,4.1290283428000905,-7.833257608196382,-10.30501162786372,-13.007791114448446,2.6494354609523327,1.2661682323656014,1.7771576733513736,2.2120219377961496,2.9112608446734485,0.186000401246801,0.0105990870386997,-0.4718153036953408,-0.591844131538102,-0.049499338595212,-0.0082647054505951,0.4194472580653056,0.4662464800955395,0.8433697364221723,-0.0578852810629984,-0.0530361527390564,-0.0070862695120755,7.03892353612075,-0.8099664901091774,-4.59273835641674,-6.9916105165807885,-7.27229488703924,22.286167261196987,-7.082324963279012,51.07789704817622,2.7339395889224902,-2.200885526926928,-4.710354951989137,-6.25632568910735,-2.5044500742828997,-5.943169755504783,6.8786989028546435,0.6385042364980076,1.5211302042379873,0.9383019005414408,1.373325937626667,1.194975871049772,0.7500487413243375,0.3331233155281881,0.2237487434738993,1.2008479188765395,1.1870687410701466,0.9794796460454648,0.9341663389102352,1.1431425976385108,1.3884780070066176,1.088204314213301,0.6211234705918238,0.1935682153090538,0.7849949457136881,1.0222650268134057,1.2829515939698126,1.4249230513268452,0.6079361118043426,0.610056180556686,1.0988546881164234,1.2423450672066916,1.092693271095985,1.000202869657539,0.8724552088317656,5.012412815054259,0.7677974224792931,6.002557672620787,1.0597008446939409,17.006678119082107,22.471144620710387,14.708163481383536,3.667943388614177,2.430112315311888,2.24810799908601,0.7877643058146654,2.172213664661542,3.4852941176470584,0.0,2.0,1.0,0.0,1.0,0.25,2.468053435934745,0.8482993392525298,0.0,0.0,0.0,0.0,4.0,0.0,2.0,0.0,0.0,0.0,1.0,0.0,0.0,0.0,0.0,0.0,1.8902702191987923,0.0,0.0,0.0,0.0,0.0,0.0,0.0,0.0,0.0,0.0,1.619230109739369,0.5245587679516255,-1.8126543209876544,0.0,0.0,0.0,0.0,0.0,6.003909045099521,301.0,1.25,1.0,1.0,0.5993195498560585,61.06,1.0,1.6358453262922592,2.8319503916046935,2.0260306035228783,0.9225823276608088,24.80197503337403,41.37421904381423,64.92036937220038,1.0,5.106527394840706,0.0,0.0,0.0,0.0,82.27016772500902,35.392371257240434,10.045266627482652,0.0,0.0,5.601050810983688,3.7925359355297714,0.0,5.106527394840706,0.0,0.0,0.0,0.0,5.601050810983688,0.0,10.045266627482652,0.0,0.0,9.39358674651346,0.0,21.172169610876644,0.0,0.0,48.53093654769288,0.0,0.0,-1.963631897203325,12.039363189720332,-0.9715016376921132,0.0,0.0,0.0,8.691901917570458,12.36199781085982,5.492712383752314,0.0,0.0,1.4568948289535253,0.0,0.0,0.0,2.0,5.599500000000001,0.0,0.0
dieldrin,0.0,25.20210964239418,2.858671841950764,102.28629684841955,0.0,4.0,7.0,0.0,1.0,0.0,6.0,2238.0,1296.0,66.181307238792,6.578875171467764,7.24731182795699,2.8393748358287367,0.0,0.0,5.2592592592592595,2.010179046215854,1.7106759153865363,1.6837186536228852,1.345679012345679,0.0,82.88888888888889,41.806451612903224,43.96875,55.09574468085106,52.69135802469136,41.0,17.0,0.0,317.4477519956409,181.81931331574185,125.1611140567369,8.519976666666668,7.9796988387096786,8.258200159574466,8.37020650617284,2.4511595273626665,0.287978182603484,-23.09312604785856,-50.5357415028197,9.019204389574767,-6.662703856119491,8.552659655540321,4.123761621704009,0.0,-7.0,-27.0,4.0,-10.0,14.0,2.0,0.0,-0.056362677136314,-1.5021104177133489,-0.2368134468360558,-1.6600662161933315,0.7383813537156529,-0.2056905187970063,-0.0044198227084474,900.9629629629628,2.2277091906721673,128.45816186556925,924.980795610425,594.6666666666667,-928.1124828532238,-1052.40877914952,-120.29355281207133,0.0,47.23740841151089,57.225142906150126,572.411992141619,1135.339489672285,-1101.7297562145573,-1263.5357261725785,-131.60460872893972,0.0,-0.0245070000000009,2.0715509999999995,0.676039,-2.6272599999999993,-1.4952599999999987,-0.3520319999999999,-0.0196356652949246,-0.0008112382862195,1.8065653435654483,7.6692104537291135,8.68838396762033,-9.36573751859178,-12.207074336113784,-1.1430320645351115,0.0,2.644045706341452,-2.223126815807834,-25.677281405864814,13.56222744548265,-15.08297794594179,10.244075414567334,1.291344160067312,0.0,3.0574607529340048,0.5587169540441808,-0.36083009449779,-0.5376142713065926,0.1113482023404292,-0.1257113935116885,0.3289484482900123,2.0618808108520046,0.0,0.2168208700495445,-0.023470475276771,-0.0204946446443621,-0.0079111737998848,2.0071587791495196,9.84022122989814,7.341563786008232,-17.511556280249504,-40.477260736519995,-60.14677640603566,0.0,50.71526355440819,1.5237873681132543,0.8941428579085957,6.089489278102329,14.016536909534382,-20.787353890840706,-48.59752792971455,0.0,-1.321831772144927,1.1373160261503477,0.7884617470581438,0.9286692572485248,1.242336736825886,1.2449206077822197,1.004370375488954,0.0,1.0741732250058331,0.9726597983826296,1.0624691961850297,0.9803090727816548,0.9620493358633776,1.1829044117647058,0.803364172279103,1.8452235794406715,0.2653533227745112,0.6345692639518876,0.8742908821836719,1.7189574319890668,2.899120282824961,3.693825536463044,0.5790901048931778,1.429371405294328,2.125886510851801,2.1239838924740866,0.711115322611654,0.9952122464318608,6.006899885234926,0.7701244092124578,3.5096745300963943,1.0321076159209388,17.006639023368994,22.46570055545775,14.706876253663763,3.678529242497035,2.47785988847264,2.2383003260284324,0.7815512336838157,1.7580563441488264,4.13235294117647,1.0,0.0,0.0,4.0,6.0,3.7727619073068186,2.9140189021027494,0.8706219560878247,0.0,1.0,0.0,6.0,0.0,0.0,3.0,0.0,0.0,0.0,0.0,1.0,0.0,1.061311728395062,1.34777872260015,0.0,0.0,0.0,0.0,0.0,0.0,0.0,0.0,0.0,0.0,0.0,1.061311728395062,0.0,0.0,-1.085810185185185,0.0,0.0,0.0,5.7211627614008576,0.0,6.824158950617283,228.0,0.7631578947368421,0.0,-12.5,0.5840754321634363,187.07,1.0,1.698245835016031,2.9771097243856905,1.7777777777777777,0.8148148148148149,26.682614619601807,46.82675789302198,64.6997556029916,1.0,4.736862953800049,0.0,0.0,0.0,23.20187978046503,46.40375956093006,30.09244580757158,0.0,22.2725054797238,9.748344582882218,4.33335411348544,0.0,0.0,4.736862953800049,23.671624184645573,0.0,0.0,0.0,4.736862953800049,23.671624184645573,0.0,0.0,0.0,14.081698696367658,24.04374486781939,21.900384796549982,6.4208216229260096,0.0,0.0,0.0,0.0,4.346471403376166,0.6422839506172853,0.0,0.7758024691358014,1.6332879818594104,0.0,0.0,3.999999999999999,0.9085602964160698,0.0,0.0,1.4009912953606654,1.0,0.0,1.0,0.0,4.481400000000002,1.9459101490553132,4.51085950651685
isodrin,0.0,23.28463921033144,2.823653831852401,95.8965433453448,0.0,4.0,6.0,0.0,0.0,0.0,6.0,2174.0,1200.0,65.53810323879199,5.447293447293447,6.505747126436782,2.459564433347205,0.0,0.0,4.923076923076923,1.7872799497027891,1.6628986571997624,1.6308578468729362,1.345679012345679,0.0,83.61538461538461,41.37931034482759,45.03333333333333,56.39325842696629,55.2,23.727272727272727,17.0,0.0,321.3345587276133,154.83477734004234,125.1611140567369,8.334140538461538,7.838030896551725,8.171087943820224,8.267123826666666,2.5206962784150764,0.1501888272177285,-5.9751625392651135,-46.79348381912484,13.25516838337352,-30.403681788297177,18.821389436774055,3.2303309226386157,0.0,-2.7988165680473447,-25.0887573964497,-4.786982248520703,-6.79289940828402,13.207100591715978,1.7041420118343198,0.0,0.0619654314900036,-0.6135471145165673,-1.190277121104717,1.1649036404150768,-0.0355856486554495,-0.3798676383849695,-0.0235682779901677,900.0,3.0,140.0,938.0,619.0,-942.0,-1088.0,-120.0,0.0,52.547836914519785,23.27739456849508,559.3529764969057,1089.7390252937523,-1058.1497140079114,-1219.039929313986,-131.01808374378663,0.0,0.4312618047337303,2.726949644970415,1.7801691597633131,-3.057996863905328,-3.089235325443789,-0.3342974911242606,0.0007828402366862,0.1094278380636226,0.7983492794512745,7.079795719286971,7.124970811635686,-8.01475254124283,-10.290889677373446,-1.138711270941586,0.0,3.719164705772304,-4.924415239158295,-24.63223045747833,12.075377481036211,-11.231515089568806,9.042699115146725,1.454721935434514,0.0,2.495945649791804,0.531660205400258,-0.0995860423210852,-0.5257694811137622,0.1767355784449802,-0.6334100372561912,0.855517701671548,1.6151654613193078,0.0,0.0781520560574454,-0.0102257852419427,0.0155320485388676,-0.0172667108356804,2.3333333333333335,10.539325842696629,8.253333333333334,-19.625,-49.45454545454545,-60.0,0.0,52.56080721477012,1.8119943763627513,0.3879565761415847,6.284864904459615,14.529853670583364,-22.044785708498154,-55.410905877908455,0.0,-1.449262366614183,1.1344037158134366,1.043086329106655,0.7943054723356134,0.7609586130353284,1.2677199438703084,1.70885849388643,0.0,1.1582854932958178,0.8945181022624169,1.1679078130945066,0.461985514997193,0.974512743628186,1.2037037037037035,0.9530246547373352,1.089427587935963,0.7350929910304158,0.6279650436953808,0.8711111111111111,1.7766203703703705,3.093434343434343,3.5555555555555554,0.5746771885741526,1.478074371925878,2.3210011599430005,2.869584456148447,0.7217352134858229,0.9102439901260636,4.264085896565135,0.7701244650695657,2.2124082382003105,1.0321979762400044,17.006638332599767,22.46570004212476,20.310595275796572,3.5141190617990117,2.4735866087206695,2.238307246322263,1.3955361747600632,1.9541132662721912,3.88235294117647,2.0,0.0,0.0,2.0,6.0,2.7480803129617986,2.756884061839072,0.8856366651312761,0.0,1.0,2.0,4.0,0.0,0.0,3.0,0.0,0.0,0.0,0.0,0.0,0.0,1.0381635802469136,0.8151543209876535,0.0,0.0,0.0,0.0,0.0,0.0,0.0,0.0,0.0,0.0,0.0,1.0381635802469136,0.0,0.0,-1.0641435185185184,0.0,0.0,0.0,0.0,0.0,6.761998456790122,198.0,0.7777777777777778,0.0,-10.0,0.6153846153846152,135.06,0.0,1.5262349099495227,3.2577560641285177,1.442683654012574,0.6923076923076916,24.018784266284385,47.037169465437586,60.67563406393376,1.0,0.0,0.0,0.0,0.0,23.20187978046503,58.55579977459783,30.09244580757158,0.0,10.064572704227194,9.748344582882218,4.33335411348544,0.0,0.0,0.0,23.671624184645573,0.0,0.0,0.0,0.0,23.671624184645573,0.0,0.0,0.0,14.081698696367658,11.835812092322788,21.900384796549982,6.4208216229260096,0.0,0.0,0.0,12.152040213667762,-1.3655246913580248,0.6537654320987669,0.0,0.8151543209876535,5.396980347694634,0.0,1.8898815748423097,7.770719946840625,2.5568829400865973,0.0,0.0,1.461942310051074,0.0,0.0,1.0,0.0,5.270200000000001,0.0,3.713572066704308
lindane,0.0,0.0,0.0,0.0,10.0,0.0,9.0,1.0,2.0,0.0,6.0,2576.0,1555.0,88.76942738243298,6.218855218855219,6.333333333333332,3.1808701905789296,1.181818181818182,0.12,3.4318181818181817,3.389611131895083,2.32998610500708,2.6336087704400457,2.8838383838383845,1.94,58.54545454545455,34.55555555555556,32.68354430379747,42.077669902912625,41.166666666666664,14.736842105263158,10.303030303030305,5.52,269.3556673736976,161.1127748206051,131.51107459419478,8.165954409090908,7.894376266666669,8.179100718446604,8.354822166666668,2.017486985964386,0.7248183907232683,28.45339761248852,9.58440465258647,-22.166054484236295,-2.5621365166819743,-33.994031221303956,-40.28030303030304,-2.992883379247016,-5.886880165289261,-7.824896694214876,-5.783057851239667,-1.7696280991735538,-6.1745867768595035,-1.8011363636363622,2.9509297520661173,1.038952941309847,19.299411057828564,7.683475231174446,-4.482993043037933,1.281556681668918,-0.38791393168497,-8.118032173587725,1155.5454545454547,-3.6260330578512394,-254.0020661157025,409.154958677686,255.004132231405,170.23966942148758,65.16528925619832,81.47727272727269,160.98553719008262,16.05279863374694,-382.746845798167,104.69486260649926,-368.25240651063297,-297.71269019056393,-280.03125146973764,-145.3666323358378,69.19939042079037,0.1917785371900823,0.4837035289256207,-0.5827585289256183,-0.0605982231404952,-0.3220097024793391,-0.1881050000000003,-0.1440937500000005,-0.034823112798883,-1.3152102289425232,2.0819622445447235,0.8880149114713773,-0.6462864339723831,-0.6115937873709022,0.7630728944172207,1.134236301753246,-2.34404866141512,8.298949425649665,-7.027251215700524,-6.756292143566538,-7.85194336702326,-14.33430581129678,-2.4484153653641028,-3.315940131411942,3.1828129782675245,0.7863228242016128,0.3601695900315002,0.0930524723552084,-0.263881601002813,-0.0474469725311476,-0.894579768981683,-1.2206152433425164,-0.1197153351698806,0.9488624554561702,0.244296342504159,-0.0533689647980706,-0.0102082613601307,-3.215216026781044,3.972378239589185,3.035763478945298,3.152586470768288,1.7148760330578503,2.4690082644628086,6.439421487603305,54.516026792822885,0.3567288585277097,-4.844896782255279,1.0164549767621287,-4.383957220364678,-5.513197966491925,-7.369243459729938,2.7679756168316145,-0.0494281343620734,1.7394145151632214,1.0178488656610634,1.237705887983372,1.4647370191350244,1.4004122536686283,1.05602265908624,0.5041660027035156,0.9397996628913704,1.217018402821903,1.2043902508523956,1.543314474728161,1.0870806928601604,1.3204023680030803,0.5661603530054767,2.32866137066224,2.3841236147528053,0.9927980733757856,1.071391576849448,0.7707679554308458,0.3226660290092708,0.3580232344688327,0.7721166806016682,1.0634913825902492,1.0511004330608915,0.8459817719198134,0.9771653836815332,1.2312804046462738,0.0,0.0,0.0,0.0,0.0,0.0,0.0,0.0,0.0,0.0,0.0,1.9911110501514842e-07,0.0,1.0,2.0,0.0,6.0,0.0,0.4735978770509764,1.5654016901635364,0.7781638677191073,1.0,0.0,0.0,6.0,1.0,2.0,0.0,1.0,0.0,0.0,0.0,1.0,0.0,0.0,-2.620370370370371,0.0,0.5763425925925927,0.0,0.0,0.0,0.0,0.0,0.0,0.0,0.0,1.535182350718065,0.0,1.9782180650037793,0.5763425925925927,0.0,2.416989559712774,0.0,11.091562263794406,5.126759259259259,0.0,5.881172839506172,5600000000.0,0.0,0.0,0.0,0.0,82.09,2.0,1.7763567701931082,3.1673442565818175,2.29208736205548,1.3645250003933578,25.748029137134523,37.30848516912451,86.62489225873307,0.0,10.05365155780638,0.0,4.794537184071822,0.0,69.60563934139509,36.39820241076966,11.452591282926406,12.433896197141983,32.26252720923436,5.749511833283905,0.0,0.0,0.0,9.53140013787187,0.0,7.04767198267719,5.749511833283905,10.05365155780638,0.0,0.0,0.0,4.794537184071822,5.749511833283905,38.35576728017278,0.0,5.749511833283905,10.772448428929591,7.04767198267719,6.06636706846161,36.39820241076966,5.316788604006331,5.126759259259259,1.785047949735448,0.0,0.5763425925925927,-0.4524508692365827,1.535182350718065,8.737028660947072,0.0,0.0,0.0,0.0,0.0,0.0,0.0,1.0,1.0,6.202400000000003,0.0,0.0
methomyl,0.0,11.831349526796384,2.061498850684642,29.829964187079003,0.0,0.0,5.0,2.0,2.0,1.0,0.0,672.0,567.0,30.50703704848999,7.4222222222222225,6.5964912280701755,3.6153846153846154,0.05,0.0,2.4,5.223782578875172,4.076566951566952,3.969876543209877,2.572222222222222,1.3333333333333333,33.6,29.842105263157897,23.2,23.653846153846153,17.92,18.055555555555557,8.7,2.6666666666666665,197.23045450973385,166.4604951649509,111.7729901763494,8.036888650000003,8.114142736842107,8.317865153846153,8.573254000000002,1.5253518524244996,0.4992984144759774,52.988888888888894,-27.193333333333328,-72.72777777777777,-43.116666666666674,-56.82444444444444,-12.611111111111118,38.22,-1.9999999999999996,-2.2399999999999993,-0.7999999999999999,-3.8,-4.319999999999999,0.7999999999999988,2.8799999999999986,-1.0927031893004109,18.962594307270233,4.073194444444445,-25.49721793552812,-6.4464634773662555,-11.759154663923182,-10.55697873799726,302.19999999999993,19.610000000000017,33.800000000000026,-78.15999999999998,-134.65,103.75,-107.58,-182.9,97.01999999999998,-108.89671250772702,192.9338731032084,-261.31794520580604,-300.41850495185395,316.9895356673339,-363.9759865397559,-547.4166526076285,191.3255852717474,1.4590937249999996,-0.091325615,-2.103716087499999,-0.2072124375000001,-0.8280584949999994,-0.6479654999999996,0.3883839999999989,-0.0614572253122463,-0.2516292792019986,-3.3292529048244974,0.6643427018407492,0.9769022407612488,-0.8922056817224987,-2.787289542747,0.6407884140734966,-6.503097767864002,-1.5865409439130018,-4.931498293918994,1.0656000373260008,-0.1271334697970036,-1.5602968873919996,-4.215148267544993,-1.505017565099996,4.754444444444443,2.616315789473685,1.7662962962962965,-1.0458974358974358,-2.9091111111111108,-1.724666666666667,-3.156913580246913,-0.6305555555555559,2.123333333333333,1.987115054869685,0.6320864769090078,-1.0198887174211249,-0.6532863702179545,1.1266666666666676,-3.0061538461538455,-5.386,4.15,-5.976666666666667,-9.145,5.389999999999999,48.75992199106422,-5.7314059214593165,6.431129103440281,-10.05069020022331,-12.016740198074158,12.679581426693357,-20.22088814109755,10.629199181763743,-0.2897382203237097,2.057763850468348,1.0417468307218465,1.4247319250648969,0.9638919975887192,1.391330634098538,0.7176753288890214,0.0697494529950583,1.4055224980674854,1.9785931292358028,1.3529562982005143,1.5960374957804266,0.8522727272727271,1.2954545454545452,0.6165190607700242,1.93380670959776,1.4595950160736326,1.340872066384972,1.0625413633355396,0.6350099272005295,1.3273034781969264,1.7368464592984785,1.1794353021776958,0.6561711789664724,1.383942321433338,1.3781399141911368,1.5152045277091908,1.5403661841747556,6.03033761081606,0.6309072663640377,7.00826976418308,0.6294755354119952,16.00221179226034,24.43476769833283,14.69626079122508,3.717615741571968,2.57709066329337,2.9179760139449815,0.734312242754906,3.1681741287467013,1.4107142857142858,2.0,0.0,1.0,0.0,0.0,0.0,0.3155279454192498,0.6503571856287425,3.0,0.0,0.0,0.0,0.0,0.0,0.0,1.0,0.0,0.0,0.0,1.0,0.0,0.0,0.0,0.0,0.0,0.0,3.4809722222222224,0.0,0.0,0.0,0.0,0.0,0.0,1.8532180650037793,0.0,0.0,0.0,0.0,2.266917044595616,0.0,10.382503779289491,4.360925925925926,0.0,0.0,96.0,0.9,0.0,-3.0,0.5,9.05,4.0,1.8804820237218407,2.895461844238322,1.4264662506490406,0.7132331253245208,23.406840852456675,33.615984218548704,21.3050356937688,1.0,5.316788604006331,4.8375885837366335,4.794537184071822,0.0,11.761884949391115,5.15571272675054,13.179506383202028,7.04767198267719,0.0,5.043716986591482,0.0,0.0,0.0,9.632125767808455,5.15571272675054,13.303441166188597,0.0,5.316788604006331,4.8375885837366335,0.0,0.0,4.794537184071822,0.0,6.093240070938415,0.0,5.043716986591482,0.0,18.809556932068304,6.923737199690624,6.255769183511404,15.310089914493505,0.0,6.459555933484506,0.0,0.0,1.3054402872260014,1.478447656840514,0.0,0.0,0.0,0.0,0.0,0.919145155309742,0.0,0.0,0.0,1.0,1.0388,0.0,0.0
tebufenozide,0.0,31.41377705045439,2.409475642577554,206.3004725781011,12.0,0.0,4.0,2.0,2.0,0.0,0.0,1046.0,1196.0,77.51136933577197,5.814814814814815,5.890909090909091,3.8688524590163937,2.128787878787879,1.389261744966443,2.962962962962963,3.916795267489712,3.024134790528233,2.7903225806451615,2.808080808080809,2.4473340790454885,19.37037037037037,21.745454545454542,18.375,16.860655737704917,13.23225806451613,14.165413533834586,13.977272727272728,9.986577181208052,205.68752931339603,168.38170756257645,175.69371005267269,7.428056444444441,7.552496800000003,7.595713377049183,7.4980916387096785,1.4353957284402217,0.5413450019504145,65.5884773662551,12.282578875171442,17.34019204389573,-74.09327846364884,-152.3895747599451,-135.917695473251,-29.495198902606305,-4.263374485596714,-1.3470507544581656,-4.030178326474624,-5.278463648834022,-13.759945130315506,-21.102880658436224,6.541838134430729,-5.354378619875021,16.642589734796523,2.28587010364273,1.3767408741045553,7.356198083371423,-42.12592640222529,-13.006630086877005,377.4814814814816,12.083676268861456,169.32921810699582,-127.08779149519896,131.1920438957476,-62.167352537722934,-135.75994513031546,-187.1399176954733,-333.6803840877914,3.474067474419833,866.7926522974448,-1460.6931807196615,884.9177589560858,-580.1272129916407,57.18140552562004,-1004.482532833004,-2715.24216615892,1.186304279835386,0.4196860685870893,-0.3876259972565274,-0.2261204224965974,-1.9544439780521503,-0.9999324115226412,0.3854770919067216,-0.0818825318128866,2.9437769461923335,-7.118445725333774,2.3891970766688884,-2.763763728644553,2.7616909261814433,-3.334943663089333,-11.651148413436108,1.7838906715945375,3.723718707938733,-38.94761509978933,9.6313305257254,-24.46730578775037,21.495888545810782,-3.2044790491398074,-55.4216785529249,3.508916323731137,1.7362015213867077,0.6832133058984907,0.1006768760259954,0.1118722067348111,-0.5570923192755552,-1.1457862763905646,-1.0296795111609924,-0.197954355051049,1.3260864388050595,0.1733603097374637,0.0088821991877713,-0.316736288738536,1.763846021947873,-1.0417032089770406,0.8464002831983716,-0.4674237032911499,-1.020751467145229,-1.4177266492081309,-2.2394656650187343,51.98496461706644,0.0631648631712697,9.029090128098384,-11.972894923931651,5.709146831974747,-4.3618587442980505,0.42993537989188,-18.223101786301477,-0.1533808959536493,1.5809005053166236,1.2357863169397785,1.6272794578177872,1.710440217138708,1.4487069065095983,1.0882436354924798,0.8135574812065391,1.0431833912252146,1.0980901157658458,1.4595431111006607,1.605707731016361,0.9234010248624032,1.680454070981212,0.6025736316306672,2.1002728298074858,1.1471529777625546,1.1531561237357486,0.9108158834253302,1.1475143411904956,1.2182442959832858,1.191308691308691,1.08513117134819,1.022878661765032,0.930989914991422,2.05806601752028,1.2602899616179415,1.2061978043038208,6.02324079969525,0.987204944943162,7.009357415952692,1.1924328163895273,8.023298766366157,20.908379541565196,14.7017763726177,3.703893839523907,2.427922160395258,2.0004817288405667,0.7506116871505064,2.002987602598852,0.7857142857142858,2.0,5.0,6.0,1.0,1.0,0.2824045610852214,1.941247805651936,0.6566223552894213,6.0,1.0,0.0,0.0,5.0,0.0,1.0,1.0,0.0,1.0,0.0,0.0,0.0,0.9178674873494288,0.0,0.0,4.3024525984006265,0.0,0.0,0.0,0.0,0.0,0.0,0.0,0.0,2.0683721307806597,0.9178674873494288,2.019915044566296,1.167166543314857,-0.5617524486646517,2.7927680933484504,1.4139670729402871,13.074418864398124,0.0,0.0,0.0,538.0,1.1442307692307692,0.0,0.25,0.6071428571428574,79.04,2.0,1.371305401651738,3.041990866816855,2.7128966353466133,1.0657199078080517,12.118654109175267,26.448806235079346,52.21708983251382,1.0,0.0,15.01486576525403,5.008912523954531,0.0,0.0,36.249741388469445,70.86842738692255,11.126902983393991,5.538925252383345,0.0,0.0,0.0,11.814359458703011,9.589074368143644,0.0,0.0,0.0,5.425791397110385,6.4208216229260096,13.847474399381248,0.0,0.0,0.0,5.538925252383345,11.814359458703011,11.126902983393991,17.54772460632,10.572364015651528,12.13273413692322,64.95052134076116,12.349528596801008,0.0,1.4139670729402871,6.5334682430844255,-0.5109894389854703,0.9178674873494288,0.0,6.37440564495031,15.072946050111382,1.4898396245301602,0.1999999999999999,1.0,1.6732270075290308,0.0,0.0,0.0,3.0,4.451540000000004,0.0,0.0
alphaEndosulfan,0.0,23.678455219641677,2.780389124917135,143.17559122747366,0.0,2.0,10.0,0.0,3.0,1.0,6.0,2512.0,1488.0,66.62178942909401,8.722962962962963,6.654320987654322,3.575917909251243,4.666666666666667,0.0,4.88,4.354017299192196,2.1121136903029907,2.49036712411198,9.419753086419751,0.0,100.48,55.111111111111114,53.41509433962264,69.8961038961039,57.02597402597402,122.93333333333334,136.0,0.0,330.7171960187124,328.2285173190996,330.23426118208937,9.177127,8.438794592592593,8.752285441558442,8.961799,2.66487157716376,0.4239119877075621,5.087901234567896,-30.337283950617284,-32.42617283950617,20.89481481481482,20.20740740740741,-20.965925925925927,0.0,-3.6207999999999982,-33.3472,-0.3472000000000019,14.540799999999996,-2.944,3.3855999999999993,0.0,-9.541762642889802,22.48085645480872,4.771153071178181,-18.31021790885536,-9.191553757049231,-4.074803231214758,-6.517452278616069,879.84,18.732800000000005,101.8992,292.89279999999997,-51.70720000000007,-826.4992000000001,27.616000000000035,-2.8544000000000027,0.0,-55.3200009553714,514.4550447059995,337.12308756145757,-505.16658684078186,-660.446363325951,-155.93689429226112,-48.29447486241204,0.0,0.7884484799999985,-0.1530444800000009,-2.611172079999999,-1.379802079999999,-0.1234153999999989,1.2362854400000007,-0.3834739200000002,-3.0173429557421936,6.514063091662147,2.170355872602649,-0.1166868919865183,-8.269704584505913,-0.692548272081503,-1.8987553898843907,0.0,-6.951629692004659,14.396312464688856,-25.43132745158779,-11.081120609303296,15.371783858917764,-3.8864409874909343,2.2319508460691506,0.0,4.171851851851852,-0.5410699588477369,0.095998136501281,-0.3939907006573673,-0.4211191277857944,0.4445705279747833,1.3471604938271606,-5.241481481481482,0.0,1.6307024234110654,0.4241671029209192,-0.2377950377773423,-0.2716535487476505,1.9226264150943395,3.803802597402597,-0.6715220779220789,-17.585089361702128,1.841066666666669,-0.7136000000000007,0.0,45.88689504074562,-2.048888924273015,9.706698956716972,4.378221916382566,-6.560605023906258,-14.052050283530871,-10.395792952817407,0.0,1.8318049294876455,1.5353093282117,0.8183163939674019,0.9908210035248686,1.0292672329490389,1.9898812313891263,0.3186439195758557,0.0,0.856146694214876,1.1307556080283352,1.0218205996131526,0.9477272727272726,1.0128090557044982,1.2747230512418437,0.7832255133652851,3.276973503021103,9.41081939829622,0.8509221275178721,1.0744574574361807,1.7451915822219126,1.2402254955446443,1.104746317512275,0.6679237123793236,1.528750369187382,1.044325042323756,1.2884599464311877,0.8135112412961114,1.3499950745172262,6.014804971345193,0.6546363796314145,7.006720741973147,0.4188929686443879,17.006645323459484,24.43562447078199,14.704681119609452,3.741433491743945,2.4790102902118263,2.9302241924272576,0.7690857177982792,2.108916212262288,5.257352941176469,2.0,0.0,2.0,1.0,4.0,2.1141205344892495,2.611304038862137,0.8962097724550898,0.0,2.0,0.0,2.0,0.0,0.0,3.0,0.0,0.0,0.0,0.0,2.0,0.0,0.0214814814814823,-0.9108950617283962,0.0,0.0,0.0,0.0,0.0,0.0,0.0,0.0,0.0,0.0,0.0,0.0107407407407411,0.0,0.0,-1.3898148148148146,0.0,0.0,11.316003401360549,5.021779887881078,0.0,6.560094009826152,233.0,0.8289473684210527,0.0,-10.75,0.5314585319351763,99.1,3.0,2.071705688822799,3.223465189601647,1.4203910001730775,0.96,36.21914724552195,55.6587960897791,65.87042221254966,1.0,0.0,8.366170865299415,0.0,4.208898492164469,23.20187978046503,46.40375956093006,0.0,11.835812092322788,23.27833663325303,9.748344582882218,4.33335411348544,0.0,0.0,12.575069357463883,11.835812092322788,13.213763929025836,0.0,0.0,19.727487353435823,11.835812092322788,0.0,0.0,0.0,37.27882727682686,23.27833663325303,0.0,0.0,0.0,0.0,0.0,0.0,19.746629818594105,0.2099363819601927,0.0,-0.9108950617283962,0.0,0.0,0.3333333333333333,3.614408014439379,2.2894284851066637,0.0,0.0,1.034606994024517,1.0,0.0,1.0,0.0,3.689800000000001,0.0,3.044522437723423
betaEndosulfan,0.0,23.678455219641677,2.780389124917135,143.17559122747366,0.0,2.0,10.0,0.0,3.0,1.0,6.0,2512.0,1488.0,66.62178942909401,8.722962962962963,6.654320987654322,3.575917909251243,4.666666666666667,0.0,4.88,4.354017299192196,2.1121136903029907,2.49036712411198,9.419753086419751,0.0,100.48,55.111111111111114,53.41509433962264,69.8961038961039,57.02597402597402,122.93333333333334,136.0,0.0,330.7171960187124,328.2285173190996,330.23426118208937,9.177127,8.438794592592593,8.752285441558442,8.961799,2.66487157716376,0.4239119877075621,5.087901234567896,-30.337283950617284,-32.42617283950617,20.89481481481482,20.20740740740741,-20.965925925925927,0.0,-3.6207999999999982,-33.3472,-0.3472000000000019,14.540799999999996,-2.944,3.3855999999999993,0.0,-9.541762642889802,22.48085645480872,4.771153071178181,-18.31021790885536,-9.191553757049231,-4.074803231214758,-6.517452278616069,879.84,18.732800000000005,101.8992,292.89279999999997,-51.70720000000007,-826.4992000000001,27.616000000000035,-2.8544000000000027,0.0,-55.3200009553714,514.4550447059995,337.12308756145757,-505.16658684078186,-660.446363325951,-155.93689429226112,-48.29447486241204,0.0,0.7884484799999985,-0.1530444800000009,-2.611172079999999,-1.379802079999999,-0.1234153999999989,1.2362854400000007,-0.3834739200000002,-3.0173429557421936,6.514063091662147,2.170355872602649,-0.1166868919865183,-8.269704584505913,-0.692548272081503,-1.8987553898843907,0.0,-6.951629692004659,14.396312464688856,-25.43132745158779,-11.081120609303296,15.371783858917764,-3.8864409874909343,2.2319508460691506,0.0,4.171851851851852,-0.5410699588477369,0.095998136501281,-0.3939907006573673,-0.4211191277857944,0.4445705279747833,1.3471604938271606,-5.241481481481482,0.0,1.6307024234110654,0.4241671029209192,-0.2377950377773423,-0.2716535487476505,1.9226264150943395,3.803802597402597,-0.6715220779220789,-17.585089361702128,1.841066666666669,-0.7136000000000007,0.0,45.88689504074562,-2.048888924273015,9.706698956716972,4.378221916382566,-6.560605023906258,-14.052050283530871,-10.395792952817407,0.0,1.8318049294876455,1.5353093282117,0.8183163939674019,0.9908210035248686,1.0292672329490389,1.9898812313891263,0.3186439195758557,0.0,0.856146694214876,1.1307556080283352,1.0218205996131526,0.9477272727272726,1.0128090557044982,1.2747230512418437,0.7832255133652851,3.276973503021103,9.41081939829622,0.8509221275178721,1.0744574574361807,1.7451915822219126,1.2402254955446443,1.104746317512275,0.6679237123793236,1.528750369187382,1.044325042323756,1.2884599464311877,0.8135112412961114,1.3499950745172262,6.014804971345193,0.6546363796314145,7.006720741973147,0.4188929686443879,17.006645323459484,24.43562447078199,14.704681119609452,3.741433491743945,2.4790102902118263,2.9302241924272576,0.7690857177982792,2.108916212262288,5.257352941176469,2.0,0.0,2.0,1.0,4.0,2.1141205344892495,2.611304038862137,0.8962097724550898,0.0,2.0,0.0,2.0,0.0,0.0,3.0,0.0,0.0,0.0,0.0,2.0,0.0,0.0214814814814823,-0.9108950617283962,0.0,0.0,0.0,0.0,0.0,0.0,0.0,0.0,0.0,0.0,0.0,0.0107407407407411,0.0,0.0,-1.3898148148148146,0.0,0.0,11.316003401360549,5.021779887881078,0.0,6.560094009826152,233.0,0.8289473684210527,0.0,-10.75,0.5314585319351763,99.1,3.0,2.071705688822799,3.223465189601647,1.4203910001730775,0.96,36.21914724552195,55.6587960897791,65.87042221254966,1.0,0.0,8.366170865299415,0.0,4.208898492164469,23.20187978046503,46.40375956093006,0.0,11.835812092322788,23.27833663325303,9.748344582882218,4.33335411348544,0.0,0.0,12.575069357463883,11.835812092322788,13.213763929025836,0.0,0.0,19.727487353435823,11.835812092322788,0.0,0.0,0.0,37.27882727682686,23.27833663325303,0.0,0.0,0.0,0.0,0.0,0.0,19.746629818594105,0.2099363819601927,0.0,-0.9108950617283962,0.0,0.0,0.3333333333333333,3.614408014439379,2.2894284851066637,0.0,0.0,1.034606994024517,1.0,0.0,1.0,0.0,3.689800000000001,0.0,3.044522437723423
aluminium,0.0,0.0,0.0,0.0,0.0,0.0,1.0,0.0,0.0,0.0,0.0,169.0,0.0,46.239999999999995,0.1111111111111111,0.0,0.0,0.0,0.0,0.0,0.0,0.0,0.0,0.0,0.0,169.0,0.0,0.0,0.0,0.0,0.0,0.0,0.0,680.9012895160645,0.0,0.0,2.937796,0.0,0.0,0.0,46.239999999999995,0.0,0.0,0.0,0.0,0.0,0.0,0.0,0.0,0.0,0.0,0.0,0.0,0.0,0.0,0.0,0.0,0.0,0.0,0.0,0.0,0.0,0.0,0.0,0.0,0.0,0.0,0.0,0.0,0.0,0.0,0.0,0.0,0.0,0.0,0.0,0.0,0.0,0.0,0.0,0.0,0.0,0.0,0.0,0.0,0.0,0.0,0.0,0.0,0.0,0.0,0.0,0.0,0.0,0.0,0.0,0.0,0.0,0.0,0.0,0.0,0.0,0.0,0.0,0.0,0.0,0.0,0.0,0.0,0.0,0.0,0.0,0.0,0.0,0.0,0.0,0.0,0.0,0.0,0.0,0.0,0.0,0.0,0.0,0.0,0.0,0.0,0.0,0.0,0.0,0.0,0.0,0.0,0.0,0.0,0.0,0.0,0.0,0.0,0.0,0.0,0.0,0.0,0.0,0.0,0.0,0.0,0.0,0.0,0.0,0.0,0.0,0.0,0.0,0.0,0.0,0.0,0.0,0.0,0.3333333333333333,0.3333333333333333,0.0,0.0,13.0,26.09408533587764,26.09408533587764,1.714,1.714,6.8,6.8,0.0,0.5384615384615384,0.0,0.0,0.0,0.0,0.0,0.0,0.0,4.07185628742515,0.0,0.0,0.0,0.0,0.0,0.0,0.0,0.0,0.0,0.0,0.0,0.0,0.0,0.0,0.0,0.0,0.0,0.0,0.0,0.0,0.0,0.0,0.0,0.0,0.0,0.0,0.0,0.0,0.0,0.0,0.0,0.0,0.0,0.0,0.0,0.0,0.0,0.0,0.0,0.0,-2.1739130434782603,0.01,0.0,-0.0,-0.0,0.0,0.0,-0.0,-0.0,-0.0,0.0,0.0,0.0,0.0,0.0,0.0,0.0,0.0,17.36106511960754,0.0,0.0,0.0,0.0,0.0,0.0,0.0,0.0,0.0,0.0,0.0,0.0,0.0,0.0,0.0,0.0,17.36106511960754,0.0,0.0,0.0,0.0,0.0,0.0,0.0,0.0,0.0,0.0,0.0,0.0,0.0,0.0,0.0,0.0,0.0,0.0,0.0,0.0,0.0,0.0,-0.3808,0.0,0.0
cobalt,0.0,0.0,0.0,0.0,0.0,0.0,1.0,0.0,0.0,0.0,0.0,729.0,0.0,56.25,0.2802768166089965,0.0,0.0,0.0,0.0,0.0,0.0,0.0,0.0,0.0,0.0,729.0,0.0,0.0,0.0,0.0,0.0,0.0,0.0,1122.9416563017223,0.0,0.0,6.5536,0.0,0.0,0.0,56.25,0.0,0.0,0.0,0.0,0.0,0.0,0.0,0.0,0.0,0.0,0.0,0.0,0.0,0.0,0.0,0.0,0.0,0.0,0.0,0.0,0.0,0.0,0.0,0.0,0.0,0.0,0.0,0.0,0.0,0.0,0.0,0.0,0.0,0.0,0.0,0.0,0.0,0.0,0.0,0.0,0.0,0.0,0.0,0.0,0.0,0.0,0.0,0.0,0.0,0.0,0.0,0.0,0.0,0.0,0.0,0.0,0.0,0.0,0.0,0.0,0.0,0.0,0.0,0.0,0.0,0.0,0.0,0.0,0.0,0.0,0.0,0.0,0.0,0.0,0.0,0.0,0.0,0.0,0.0,0.0,0.0,0.0,0.0,0.0,0.0,0.0,0.0,0.0,0.0,0.0,0.0,0.0,0.0,0.0,0.0,0.0,0.0,0.0,0.0,0.0,0.0,0.0,0.0,0.0,0.0,0.0,0.0,0.0,0.0,0.0,0.0,0.0,0.0,0.0,0.0,0.0,0.0,0.0,0.5294117647058824,0.5294117647058824,0.0,0.0,27.0,33.510321638291124,33.510321638291124,2.56,2.56,7.5,7.5,0.0,0.7777777777777778,0.0,0.0,0.0,0.0,0.0,0.0,0.0,4.491017964071856,0.0,0.0,0.0,0.0,0.0,0.0,0.0,0.0,0.0,0.0,0.0,0.0,0.0,0.0,0.0,0.0,0.0,0.0,0.0,0.0,0.0,0.0,0.0,0.0,0.0,0.0,0.0,0.0,0.0,0.0,0.0,0.0,0.0,0.0,0.0,0.0,0.0,0.0,0.0,0.0,0.3278688524590163,0.01,0.0,-0.0,-0.0,0.0,0.0,-0.0,-0.0,-0.0,0.0,0.0,0.0,0.0,0.0,0.0,0.0,0.0,16.77879776869357,0.0,0.0,0.0,0.0,0.0,16.77879776869357,0.0,0.0,0.0,0.0,16.77879776869357,0.0,0.0,0.0,0.0,0.0,16.77879776869357,0.0,0.0,0.0,0.0,0.0,0.0,0.0,0.0,0.0,0.0,0.0,0.0,0.0,0.0,0.0,0.0,0.0,0.0,0.0,0.0,0.0,0.0,-0.0025,0.0,0.0
copper,0.0,0.0,0.0,0.0,0.0,0.0,1.0,0.0,0.0,0.0,0.0,841.0,0.0,38.440000000000005,0.4186851211072664,0.0,0.0,0.0,0.0,0.0,0.0,0.0,0.0,0.0,0.0,841.0,0.0,0.0,0.0,0.0,0.0,0.0,0.0,994.7493103896812,0.0,0.0,4.133089,0.0,0.0,0.0,38.440000000000005,0.0,0.0,0.0,0.0,0.0,0.0,0.0,0.0,0.0,0.0,0.0,0.0,0.0,0.0,0.0,0.0,0.0,0.0,0.0,0.0,0.0,0.0,0.0,0.0,0.0,0.0,0.0,0.0,0.0,0.0,0.0,0.0,0.0,0.0,0.0,0.0,0.0,0.0,0.0,0.0,0.0,0.0,0.0,0.0,0.0,0.0,0.0,0.0,0.0,0.0,0.0,0.0,0.0,0.0,0.0,0.0,0.0,0.0,0.0,0.0,0.0,0.0,0.0,0.0,0.0,0.0,0.0,0.0,0.0,0.0,0.0,0.0,0.0,0.0,0.0,0.0,0.0,0.0,0.0,0.0,0.0,0.0,0.0,0.0,0.0,0.0,0.0,0.0,0.0,0.0,0.0,0.0,0.0,0.0,0.0,0.0,0.0,0.0,0.0,0.0,0.0,0.0,0.0,0.0,0.0,0.0,0.0,0.0,0.0,0.0,0.0,0.0,0.0,0.0,0.0,0.0,0.0,0.0,0.6470588235294118,0.6470588235294118,0.0,0.0,29.0,31.539646643386497,31.539646643386497,2.033,2.033,6.2,6.2,0.0,0.7931034482758621,0.0,0.0,0.0,0.0,0.0,0.0,0.0,3.7125748502994016,0.0,0.0,0.0,0.0,0.0,0.0,0.0,0.0,0.0,0.0,0.0,0.0,0.0,0.0,0.0,0.0,0.0,0.0,0.0,0.0,0.0,0.0,0.0,0.0,0.0,0.0,0.0,0.0,0.0,0.0,0.0,0.0,0.0,0.0,0.0,0.0,0.0,0.0,0.0,0.0,0.198019801980198,0.01,0.0,-0.0,-0.0,0.0,0.0,-0.0,-0.0,-0.0,0.0,0.0,0.0,0.0,0.0,0.0,0.0,0.0,17.068678152405656,0.0,0.0,0.0,0.0,0.0,17.068678152405656,0.0,0.0,0.0,0.0,17.068678152405656,0.0,0.0,0.0,0.0,0.0,17.068678152405656,0.0,0.0,0.0,0.0,0.0,0.0,0.0,0.0,0.0,0.0,0.0,0.0,0.0,0.0,0.0,0.0,0.0,0.0,0.0,0.0,0.0,0.0,-0.0025,0.0,0.0
mercury,0.0,0.0,0.0,0.0,0.0,0.0,1.0,0.0,0.0,0.0,0.0,6400.0,0.0,25.200399999999995,0.0006746500252993,0.0,0.0,0.0,0.0,0.0,0.0,0.0,0.0,0.0,0.0,6400.0,0.0,0.0,0.0,0.0,0.0,0.0,0.0,2157.7761916507884,0.0,0.0,4.818025,0.0,0.0,0.0,25.200399999999995,0.0,0.0,0.0,0.0,0.0,0.0,0.0,0.0,0.0,0.0,0.0,0.0,0.0,0.0,0.0,0.0,0.0,0.0,0.0,0.0,0.0,0.0,0.0,0.0,0.0,0.0,0.0,0.0,0.0,0.0,0.0,0.0,0.0,0.0,0.0,0.0,0.0,0.0,0.0,0.0,0.0,0.0,0.0,0.0,0.0,0.0,0.0,0.0,0.0,0.0,0.0,0.0,0.0,0.0,0.0,0.0,0.0,0.0,0.0,0.0,0.0,0.0,0.0,0.0,0.0,0.0,0.0,0.0,0.0,0.0,0.0,0.0,0.0,0.0,0.0,0.0,0.0,0.0,0.0,0.0,0.0,0.0,0.0,0.0,0.0,0.0,0.0,0.0,0.0,0.0,0.0,0.0,0.0,0.0,0.0,0.0,0.0,0.0,0.0,0.0,0.0,0.0,0.0,0.0,0.0,0.0,0.0,0.0,0.0,0.0,0.0,0.0,0.0,0.0,0.0,0.0,0.0,0.0,0.0259740259740259,0.0259740259740259,0.0,0.0,80.0,46.4518696249224,46.4518696249224,2.195,2.195,5.02,5.02,0.0,0.925,0.0,0.0,0.0,0.0,0.0,0.0,0.0,3.0059880239520957,0.0,0.0,0.0,0.0,0.0,0.0,0.0,0.0,0.0,0.0,0.0,0.0,0.0,0.0,0.0,0.0,0.0,0.0,0.0,0.0,0.0,0.0,0.0,0.0,0.0,0.0,0.0,0.0,0.0,0.0,0.0,0.0,0.0,0.0,0.0,0.0,0.0,0.0,0.0,0.0,-1.0833333333333333,0.01,0.0,-0.0,-0.0,0.0,0.0,-0.0,-0.0,-0.0,0.0,0.0,0.0,0.0,0.0,0.0,0.0,0.0,27.66892822964067,0.0,0.0,0.0,0.0,0.0,27.66892822964067,0.0,0.0,0.0,0.0,27.66892822964067,0.0,0.0,0.0,0.0,0.0,27.66892822964067,0.0,0.0,0.0,0.0,0.0,0.0,0.0,0.0,0.0,0.0,0.0,0.0,0.0,0.0,0.0,0.0,0.0,0.0,0.0,0.0,0.0,0.0,-0.0025,0.0,0.0
zinc,0.0,0.0,0.0,0.0,0.0,0.0,6.0,0.0,4.0,1.0,0.0,1412.0,512.0,44.045316,28.40740740740741,4.333333333333333,0.0,0.0,0.0,3.3333333333333335,0.0,0.0,0.0,0.0,0.0,235.33333333333337,128.0,64.0,0.0,0.0,0.0,0.0,0.0,436.56569527312496,0.0,0.0,11.182073666666666,10.804878,0.0,0.0,7.340886,5.2842718795219445,24.851851851851848,0.0,0.0,0.0,0.0,0.0,0.0,0.6666666666666664,0.0,0.0,0.0,0.0,0.0,0.0,0.0,0.0,0.0,0.0,0.0,0.0,0.0,398.0,-60.0,150.0,0.0,0.0,0.0,0.0,0.0,0.0,-94.45307965425948,140.39938665541771,0.0,0.0,0.0,0.0,0.0,0.0,0.7547306666666668,0.0,0.0,0.0,0.0,0.0,-1.1148888888888893,-4.338770222222222,8.274352666666662,0.0,0.0,0.0,0.0,0.0,0.0,-10.031011998439892,9.329782155980189,0.0,0.0,0.0,0.0,0.0,0.0,8.654320987654321,-7.765432098765433,4.141975308641975,0.0,0.0,0.0,0.0,0.0,0.0,0.0,0.0,0.0,0.0,25.0,0.0,0.0,0.0,0.0,0.0,0.0,54.458161930460825,-23.61326991356487,23.399897775902954,0.0,0.0,0.0,0.0,0.0,0.0,0.167158306779387,0.0,0.0,0.0,0.0,0.0,0.0,0.0,0.0,0.0,0.0,2.410714285714286,0.0,0.0,0.0,0.0,0.0,0.0,0.0,0.0,0.0,0.7226880074947667,0.0,0.0,0.0,0.0,1.3874891478804694,0.0,0.0,0.0,0.0,0.0,0.0,0.0,0.0,0.0,0.0,0.0,0.0,0.0,2.0,0.0,0.0,0.0,0.0,0.0,0.2971604928192348,1.183433133732535,0.0,0.0,0.0,0.0,0.0,0.0,0.0,0.0,0.0,0.0,0.0,0.0,0.0,0.0,0.0,0.0,0.0,0.0,0.0,0.0,0.0,0.0,0.0,-5.166666666666666,0.0,0.0,0.0,0.0,0.0,0.0,0.0,0.0,8.520833333333334,0.0,0.0,0.0,800000000.0,0.0,0.0,0.0,0.0,14.06,4.0,1.2516291673878228,1.9182958340544891,0.6666666666666667,0.6666666666666667,48.22632510482214,58.892325104822135,36.72431251322119,0.0,9.105499747380728,8.417796984328938,0.0,0.0,0.0,0.0,0.0,10.399000581649608,0.0,0.0,0.0,0.0,0.0,37.00126563058097,0.0,0.0,0.0,0.0,29.876969480520913,0.0,0.0,0.0,0.0,10.399000581649608,19.477968898871303,0.0,0.0,0.0,0.0,0.0,0.0,34.083333333333336,0.0,0.0,0.0,0.0,-5.166666666666666,0.0,0.0,0.0,3.000000000000001,0.0,0.0,0.0,0.0,0.0,0.0,-1.3404999999999996,0.0,0.0
1-chlorodecane,0.0,13.191508225450304,1.9318516525781368,38.4586772341546,0.0,0.0,1.0,0.0,0.0,0.0,1.0,670.0,552.0,41.978271001829,1.1751543209876545,1.146953405017921,0.3401920438957476,0.2567901234567901,0.2098765432098765,1.84375,1.470651625133364,1.3544429202865416,1.3536093964334706,1.349108367626886,1.3461076817558295,20.9375,17.806451612903224,10.966666666666669,7.703703703703703,7.777777777777778,8.0,8.177777777777777,8.444444444444445,168.4968315298726,104.14874151768862,102.605193266668,7.14276653125,7.318621483870972,7.043504320987656,7.050540972222223,1.3118209688071565,0.0593592649146019,-11.86284722222222,-0.4243344907407406,-0.4456018518518518,-0.4668692129629624,-0.4881365740740733,-0.509403935185184,-0.5306712962962954,-2.59765625,-0.2490234375,-0.2734375,-0.2978515625,-0.322265625,-0.3466796875,-0.37109375,-0.3747097922977626,-0.970648201731824,0.0281764180026861,0.025869305841335,0.0235621936799839,0.0212550815186327,0.0189479693572815,369.875,-8.62890625,-120.640625,5.56640625,4.15625,2.74609375,1.3359375,-0.07421875,-1.484375,-95.80702736068602,-803.6330405615688,12.19552273276924,11.78056290466776,11.36560307656626,10.950643248464765,10.535683420363249,10.12072359226176,-0.1605463476562492,0.0061016884765616,0.0007498515624993,-0.004601985351563,-0.0099538222656253,-0.0153056591796876,-0.0348055664062494,-0.4126997223422003,-3.8033697261310695,0.0954442313855567,0.0891774953456651,0.0829107593057735,0.0766440232658817,0.0703772872259902,0.0641105511860983,-2.5209831076551996,-17.168476237817956,-0.2838232958139695,-0.2913914638993294,-0.2989596319846894,-0.3065278000700493,-0.3140959681554092,-0.321664136240769,0.7931616512345678,-0.001793670350458,-0.1977141203703703,-0.0052386974165523,-0.0061889146090534,-0.0074106224279835,-0.0090395661865569,-0.0113200874485596,-0.0147408693415637,0.0719256291318968,-0.0161774700288637,0.0003592959144629,0.0003936126207154,-2.0106770833333334,0.0687210648148148,0.0577256944444444,0.0435887896825396,0.0247395833333333,-0.0016493055555555,-0.0412326388888888,52.04208909767203,-3.090549269699549,-13.39388400935948,0.1505620090465338,0.1636189292314966,0.1804063980407342,0.2027896897863845,0.28113121089616,-0.0130600591129313,1.2619740615184063,0.8502011301630616,0.8622959673562225,0.8794313997434906,0.9024113964531898,0.9352311783486698,0.9870844440737934,0.9778840675660764,0.9644109361383028,0.9470883385883082,0.923991541854982,1.5458937198067633,1.4776167471819646,1.6887701967852762,0.9057504335268172,0.937247482520823,0.7543088881378844,0.7903946528481844,0.8367906360471417,0.8986519469790845,0.9852577822838048,1.4204763780800258,0.9161327911413526,0.9136109062790836,0.891664147474927,0.8892215871129474,1.5887223711586664,2.195995472247958,0.7678972535718258,2.02414589319564,1.273652033136965,17.00110101151161,22.45577755401497,20.387804034186036,3.4916015668727445,2.5541700495738806,2.2036780517802685,1.4781026733497509,2.6909155266923976,0.6470588235294117,0.0,0.0,2.0,8.0,0.0,0.0,0.0,0.6153191055389222,1.0,9.0,0.0,0.0,0.0,0.0,0.0,0.0,0.0,0.0,0.0,0.0,0.0,11.78961150303743,0.0,0.0,0.0,0.0,0.0,0.0,0.0,0.0,0.0,0.0,0.0,2.257436666317889,1.4279513888888888,0.0,0.0,0.0,0.0,0.0,0.0,0.0,0.0,5.564062941755792,150.0,0.4772727272727273,0.0,-5.25,0.6814310051107325,10.01,0.0,1.079439161649138,1.3675416913014389,3.6324583086985616,1.9304511722130415,12.240051291178066,15.70045077483185,36.90587551733021,1.0,0.0,0.0,0.0,0.0,11.600939890232516,51.8694885601727,6.4208216229260096,5.880003444970339,0.0,0.0,0.0,0.0,0.0,0.0,0.0,5.880003444970339,0.0,0.0,0.0,0.0,0.0,0.0,0.0,0.0,0.0,0.0,5.880003444970339,51.36657298340809,0.0,0.0,6.923737199690624,0.0,0.0,0.0,0.8422222222222223,10.947389280815209,0.0,13.18512473533854,0.0,0.0,0.0,0.0,1.7383690865694206,0.0,0.0,0.0,8.0,4.365900000000004,0.0,0.0
2A1,1.0,5.226251859505506,1.8477590650225728,8.62987418098734,0.0,0.0,2.0,1.0,1.0,0.0,0.0,230.0,220.0,14.221420143641,3.4285714285714284,2.1538461538461537,0.7407407407407407,0.0,0.0,1.7857142857142858,4.930555555555555,3.2530864197530867,2.2083333333333335,0.0,0.0,16.428571428571427,16.923076923076923,11.636363636363637,8.0,2.9166666666666665,0.0,0.0,0.0,143.5720968080287,0.0,0.0,7.617219714285713,7.893868923076925,7.563432000000001,7.373592000000001,1.0158157245457855,0.3515571502651286,-11.0,-4.0,-5.0,5.0,0.0,0.0,0.0,-3.2755102040816317,-0.2602040816326535,1.1020408163265296,0.2295918367346936,0.0,0.0,0.0,-8.082624716553287,-4.721938775510203,4.639597505668934,-8.528911564625847,2.466695011337868,0.0,0.0,104.0,-17.0,-20.0,-39.0,4.0,20.0,0.0,0.0,0.0,-36.02416510462654,-169.86599058496168,-361.89821076163867,180.16031490124175,105.04870651677211,0.0,0.0,0.0,-0.2288478367346934,0.1359371224489798,-0.3677112244897965,0.1153029591836725,0.0,0.0,-0.4757862244897947,-0.0457627609222917,-0.8334645008748167,-1.630493619728148,1.0277459013336234,0.3265901648271686,0.0,0.0,0.0,0.2238717422547513,-8.772259201633993,-3.646238541808243,3.930965092477493,0.9365683800312478,0.0,0.0,0.0,2.4285714285714284,-0.1538461538461538,-0.5,-0.1481481481481481,-0.2083333333333333,1.0,0.0,0.0,0.0,2.0324546485260777,-0.2146335807050092,-0.3553713151927436,0.0,-0.9090909090909092,-1.4444444444444444,0.1666666666666666,4.0,0.0,0.0,0.0,40.36847786188756,-2.77108962343281,-7.721181390225531,-13.403637435616249,7.5066797875517395,21.009741303354424,0.0,0.0,0.0,1.5811460602137537,0.798602184687771,1.163063956262501,0.4431441457628435,0.0,0.0,0.0,0.8709150326797385,1.0753676470588236,0.0,0.0,1.8360655737704912,2.441132637853949,1.308137507844641,0.0,0.0,1.1203703703703705,0.796875,0.0,0.0,0.0,1.499049641749486,0.0,0.0,0.0,1.235921500734764,1.7343004715714565,5.004040028967056,0.9939349321805526,6.002690739782391,1.2688108310847868,8.006055744797457,20.730374986522932,14.708164680348752,3.667341013254891,2.5852971340777864,1.8306524482673492,0.7881034778573287,2.5395388613593908,0.3928571428571429,0.0,0.0,2.0,1.0,0.0,0.0,0.2357022603955158,0.5523155260906757,1.0,1.0,0.0,1.0,0.0,0.0,0.0,0.0,0.0,0.0,1.0,0.0,0.0,0.0833333333333334,-0.0601851851851853,0.0,0.0,5.041666666666667,0.0,0.0,0.0,0.0,0.0,0.0,0.0,1.75,0.0833333333333334,0.0,0.0,0.0,0.0,0.0,0.0,0.0,0.0,0.0,19.0,0.5,0.0,-2.5,0.4785714285714286,4.02,2.0,1.4299111709758698,2.556656707462823,1.2506982145947814,0.62534910729739,14.293265867792758,19.16602731045051,13.191829586164364,0.0,10.84019487200289,0.0,0.0,0.0,0.0,0.0,6.923737199690624,6.041840829147961,6.606881964512918,0.0,0.0,0.0,0.0,5.106527394840706,5.733667477162185,6.606881964512918,0.0,5.733667477162185,0.0,0.0,0.0,0.0,0.0,0.0,12.64872279366088,0.0,0.0,0.0,6.923737199690624,0.0,0.0,0.0,8.018518518518519,5.041666666666667,0.0,0.0,0.0,0.0,1.0,0.0,0.0,0.0,1.0751436085464512,0.0,0.0,0.0,1.0,-0.6741000000000001,0.0,0.0
4-octylphenol,0.0,18.8188328524834,2.2080372501578025,229.6116814111732,6.0,0.0,1.0,0.0,1.0,0.0,0.0,590.0,686.0,49.46928790667801,3.297297297297298,3.243243243243243,1.2391304347826086,0.8666666666666667,0.9019607843137256,2.324324324324324,2.683933933933934,1.921497584541063,1.7339015151515154,1.8277777777777784,1.911764705882353,15.945945945945946,18.54054054054054,13.223880597014926,9.456521739130435,8.0,8.328358208955224,8.266666666666667,8.470588235294118,184.58026429555235,120.97265408419612,119.34228279246456,7.2087877837837855,7.420068864864868,7.153106913043477,7.098091681818182,1.337007781261568,0.4171240011421943,9.81884587289992,8.550766983199416,-0.4485025566106659,6.296566837107378,-6.235208181154127,-5.4433893352812275,-8.989043097151207,-2.826150474799126,-0.0956902848794745,-0.4828341855368878,-0.2885317750182614,-0.2585829072315558,0.0233747260774289,-1.0233747260774284,-1.3596096096096104,5.466540865189513,3.6024470416362315,-1.5914901387874345,2.6000933365798256,-2.1573330086843594,-2.3296810323837347,238.75675675675677,-4.162162162162157,-43.15412710007304,-3.611395178962741,-22.718772826880933,31.756026296566837,-7.586559532505472,-0.4704163623082482,-2.016070124178228,34.77074417202244,-505.69461843616386,-97.90008562657768,-196.62185902657865,135.5162514416074,-50.57274342143527,11.95557498503964,4.292243602568711,0.0405570489408331,0.0108957428780128,-0.0411476113951795,0.1647685434623801,-0.0465223024105189,-0.0428253615777942,-0.1486486486486522,0.3326575983783822,-2.5774040757917995,-0.6374736333959897,-0.8678034171953141,0.2209081784530525,-0.1979534498908302,0.0743302621907723,0.0528588569443618,2.084658508412052,-14.52252025260833,-3.810310965007204,-4.703684681839443,0.583017388572512,-1.0446658356018388,0.4200254152417081,0.3211934517448186,2.1285609934258587,0.6135865595325055,0.1465499384014913,0.0929431193826023,-0.0050966199614848,0.080725215860351,-0.0930628086739422,-0.0907231555880204,-0.1762557470029648,0.721410599788978,0.0815901621670076,-0.0180851152134935,-0.0321990001296173,-0.6440914492548215,-0.039254295423508,-0.2581678730327378,0.4071285422636774,-0.1132322318284398,-0.0078402727051374,-0.0395307867485927,52.342852086431705,0.9397498424870928,-7.54768087218155,-1.0641313655062792,-2.234339307120212,1.7373878389949668,-0.7548170659915712,0.0841616392660531,-0.0223806947165242,1.4223889109387318,0.7429861799023706,0.7365314196537252,0.3943265597376104,0.7318738187821238,0.8981565241211518,1.0380146659881728,0.8819119095222463,0.8207088038934297,0.7383981838340108,0.9346746022802936,1.0543933054393304,1.3933054393305435,1.0024188558249425,0.8790093521815461,0.970321201552568,0.967785040013387,0.9655128943956202,0.8254297208338413,0.9586975694315384,0.9448947249264206,1.2171852775445382,0.9161704314110618,0.964819494681882,0.8632685781957776,1.0109884995037537,1.2298525914540537,5.012269531880207,0.9879389612209396,6.002805093268672,1.313751662318089,8.006126437284871,20.891231407788062,14.70816320871396,3.668009777966019,2.438716337938789,1.9830378256260763,0.7874913037220951,1.871561635836439,0.25,0.0,1.0,1.0,7.0,0.0,0.1422588984322123,0.1923867294477509,0.6287659168150188,1.0,7.0,0.0,0.0,2.0,0.0,0.0,0.0,0.0,0.0,1.0,0.0,0.0,9.191412560636946,0.0,0.0,1.699062333202846,0.0,0.0,0.0,0.0,0.0,0.0,0.0,0.0,2.2464724281761064,1.38102959393634,2.0152542359536407,1.3363810416141768,0.0,0.0,0.0,0.0,0.0,0.0,0.0,273.0,0.95,0.5,-1.25,0.650887573964497,15.01,1.0,1.1172786489038955,2.479814357369958,2.7296390082589923,0.9933753378963096,9.074242928061636,19.30753061222213,38.44637909139729,1.0,5.106527394840706,0.0,0.0,0.0,0.0,51.16057945124389,30.537828874472233,0.0,0.0,5.749511833283905,0.0,0.0,0.0,5.106527394840706,0.0,0.0,5.749511833283905,0.0,6.4208216229260096,0.0,0.0,0.0,5.749511833283905,0.0,0.0,5.749511833283905,6.4208216229260096,44.08838122925306,12.13273413692322,12.13273413692322,6.923737199690624,0.0,9.12536906750287,1.3363810416141768,0.3626812915886692,9.191412560636946,0.0,16.553701839378707,7.187818822359593,0.0,0.0,0.0,1.8538066697544688,0.0,0.0,0.0,7.0,4.295200000000005,0.0,0.0
A736,0.0,85.50253176324736,2.577598006990459,4995.671142517014,20.0,6.0,17.0,9.0,7.0,1.0,0.0,2972.0,3375.0,188.469141005487,6.8716623600344535,6.58578431372549,4.273631840796019,3.033333333333333,2.852206273258905,3.310077519379845,4.122604103529312,2.8223604201216146,2.8929255428857674,2.5990632445310804,2.6548304684269595,23.03875968992248,24.816176470588236,20.75,18.58208955223881,16.990453460620525,16.036821705426355,15.68421052631579,14.681020733652312,209.39491720448103,174.21913741331605,168.76132352044667,7.649372875968991,7.7447465294117555,7.726195999999996,7.760165498806678,1.4610010930657906,2.2263993840702367,139.66718079175268,-19.97372620502243,-242.56960385660585,-210.4713391956947,-81.71059431524547,-12.88890891973641,-25.679005668729843,6.285860224746105,-1.5879454359714045,-14.654287602908486,-18.86040502373656,-31.085271317829463,-23.999459167117347,6.922300342527495,-5.852522246399371,24.134132902117816,3.89006799895707,-83.0497292424985,-20.679135956822066,-5.514991466488024,25.505093569405528,1095.5348837209303,90.03299080584067,252.16549486208768,-38.753380205516514,-43.42725797728508,-362.1876690102757,2.534883720930279,18.98539751216879,-80.64629529475394,-79.27201205372789,1380.075493873661,-156.59862684249836,1235.981322575209,-2059.676464913973,-815.0653884806593,-1488.6942316768882,-193.3784136435126,1.7589562574364552,0.4151917712276962,-4.506444535424542,-0.2550584056246516,0.8972329069767453,0.3956448377501338,0.5881026020070999,-1.7394210244907278,5.779571621050748,-1.1912995763197245,9.177177023947008,-5.350603578710465,-1.5870323216570434,-9.604546802784736,2.548698861508704,-42.20850025145831,4.512357845895734,17.702447282966357,55.41916667962071,-2.1640296723384527,-6.063404113965819,-76.64362312513086,0.4013111000127894,3.945529448684307,1.5584921858092828,0.5631741160957769,-0.0596230632985744,-0.578925068870181,-0.4827324293479236,-0.1583538649520261,-0.0226121209118182,-0.0409553519437477,1.4582485216533878,0.0973150520246686,-0.1982093776670608,-0.0106879679583101,1.0167963502503534,-0.1156817319567657,-0.1036450071056923,-0.8307056628676048,0.00491256535064,0.0333077149336294,-0.1286224805338978,50.23873618742975,-0.5828824415715286,5.564820539813149,-0.4674585875895473,2.9498360920649382,-4.7240285892522325,-1.579584086202828,-0.3084185225574363,0.0098288597631373,1.6307494990716591,1.1462475114457251,1.430651708106346,1.137758524871796,0.9391261126086924,0.9520160319403204,1.050579590570468,1.064293255224997,1.3044162078434638,1.1963561842247568,1.0179957286797832,0.7986215008718801,1.340138402430813,0.5700988308047293,0.9412589179375284,0.7633302191341953,0.9497003392648712,0.994098160262621,1.106342404297601,0.953157283971583,0.996094379618912,1.0742611433019718,1.0842030815896937,1.038261265595385,0.8991428859295251,1.0045772383009253,1.4865371114837185,6.030882252382057,0.6503097933617583,7.012660170902272,0.6100920268835129,16.004508238547793,24.44072316412819,14.700243864701095,3.717044835578615,2.414913682676263,2.9363396306854224,0.7412429941692847,1.0277087723838358,3.660714285714286,6.0,4.0,11.0,11.0,1.0,2.144790237022949,3.6300884678484855,0.6603163858329852,8.0,10.0,1.0,7.0,7.0,2.0,1.0,2.0,2.0,4.0,0.0,2.0,3.617089598823531,4.192431571658936,-3.5651308389916685,0.0,6.219739454337814,0.0,0.0,0.0,0.0,0.0,0.0,0.0,0.0,2.131801918191829,0.694435080879767,2.172326078200012,1.1012694720434784,-0.5118389935066474,3.1478505443994553,1.7504455323823371,14.652744241404331,6.113627078372636,0.0,0.0,2814.0,1.068181818181818,0.0,-17.5,0.5640408899579067,1039.17,12.0,1.5858766584502,3.878190713708801,3.1330365417144534,0.6514658916070415,16.02669873468342,39.70514180104953,79.58399865076667,0.0,34.057343351949214,29.171039781189023,15.204307102129412,0.0,11.336785877934735,40.3402515508226,81.353606809624,85.77904149748184,46.88393769195529,18.12552248744388,0.0,11.814359458703011,5.907179729351506,33.4464118279592,11.332896515558172,40.39862070620536,22.514758973090913,10.742580001116716,48.03827429565198,11.332896515558172,0.0,4.794537184071822,0.0,41.324177703495515,49.07155192133411,56.8699358122071,44.67506339171742,27.321628239573624,30.154132557268756,32.2176414379994,66.92529520542489,14.24025005468818,8.124796798038222,9.269637860866895,-1.8242852949711377,5.159200048453199,3.2986324212832336,19.2119169300601,0.0,2.9701040217283303,1.1743308456943642,2.7583657514722093,1.5237833831197192,6.0,3.0,2.0,9.0,5.750000000000005,1.9459101490553132,4.2626798770413155
biphenyl,0.0,16.383376869909686,2.2784136094964453,49.81299211670916,12.0,0.0,0.0,0.0,0.0,0.0,0.0,442.0,528.0,37.912929048490014,5.545454545454546,5.913043478260869,3.130434782608696,0.5294117647058824,0.0,3.090909090909091,2.5252525252525255,2.2898550724637685,2.216666666666667,1.6470588235294117,1.3333333333333333,20.09090909090909,22.956521739130434,19.333333333333332,14.26086956521739,12.5,8.857142857142858,5.411764705882353,2.6666666666666665,245.13819387732983,134.9472651561807,93.53410518593653,7.166856000000002,7.356653391304349,7.176915304347826,7.1435194,1.723314956749546,0.0745679395822544,-14.776859504132233,-12.396694214876032,-16.115702479338843,-6.198347107438013,-4.826446280991733,7.900826446280994,7.537190082644628,-2.148760330578514,-3.371900826446282,-3.6198347107438016,-1.1404958677685944,0.06611570247934,1.5206611570247943,1.1570247933884303,-0.3002754820936659,-1.8402203856749333,-0.1763085399449036,-0.3140495867768593,-0.148760330578512,-0.9329660238751138,0.3599632690541798,136.36363636363637,5.165289256198354,-41.322314049586765,-16.94214876033058,-25.206611570247937,-10.743801652892566,-19.00826446280993,15.082644628099166,17.35537190082644,46.51392839653352,-372.11142717226903,-152.56568514063025,-226.987970575084,-96.74897106478988,-171.17125649924367,135.8206709178782,156.2867994123529,-0.0391999999999993,-0.0160719999999998,-0.023912,-0.0101920000000001,-0.0180320000000003,0.0143079999999995,0.0185950413223124,0.2079389018283104,-1.6635112146264408,-0.6820395979968422,-1.0147418409221327,-0.4325129158028774,-0.7652151587281677,0.6071815933386493,0.6986747101431056,1.1295274149687904,-9.036219319750414,-3.7048499210976664,-5.512093785047744,-2.349417023135103,-4.156660887085181,3.298220051708905,3.7952121142951736,2.561983471074379,0.3352497305066475,-0.4104683195592286,-0.269493352497305,-0.402892561983471,-0.1823043266893533,-0.1723730814639904,0.4647544968400585,1.256198347107438,0.2295684113865932,-0.0511172329354148,-0.0078512396694214,-0.0333202151383969,-1.1478420569329657,-0.3683075817463169,-0.6301652892561984,-0.3159941662615461,-0.6788665879574974,0.8872143898881862,2.8925619834710736,55.81671407584033,2.0223447128927616,-10.336428532563028,-3.316645329144136,-5.6746992643771,-2.84555797249382,-6.1132591606872735,26.047799902058824,0.1431372549019565,0.9359545071456482,0.9110132242962248,0.950271554299822,1.0201240494839474,1.206837393227715,1.022483549151149,0.727473869898337,1.125841514726508,1.1270564516129036,0.9643263757115752,0.9580645161290324,0.7030434782608695,1.2833333333333332,0.9440869565217392,1.188,0.9783529411764704,1.0043478260869565,1.05875,1.0191176470588232,1.1,0.9058823529411764,0.8369565217391305,1.0191176470588237,1.1,1.1,1.004347826086957,0.8369565217391303,4.141027981471625,2.7338116104311125,2.287370422685056,1.4732708898991915,6.331735667754478,20.91126194387,20.25733644948802,3.0777356677544736,2.4238101733725346,2.001735667754476,1.3478101733725327,1.7997325191361424,0.0,0.0,2.0,0.0,0.0,0.0,0.1178511301977579,0.1666666666666666,0.7269442025040826,0.0,0.0,0.0,0.0,2.0,0.0,0.0,0.0,0.0,0.0,0.0,0.0,0.0,0.0,0.0,0.0,2.5520370370370373,0.0,0.0,0.0,0.0,0.0,0.0,0.0,0.0,0.0,0.0,2.1203703703703702,1.2760185185185189,0.0,0.0,0.0,0.0,0.0,0.0,0.0,140.0,1.5416666666666667,0.0,5.5,0.7142857142857143,37.0,0.0,0.9940302114769564,1.3485878960124222,3.110843722624875,1.432262500196679,6.2502281101312995,10.50882045908678,39.967219339647706,0.0,0.0,0.0,0.0,0.0,0.0,60.6636706846161,11.126902983393991,0.0,0.0,0.0,0.0,0.0,0.0,0.0,0.0,0.0,11.126902983393991,0.0,0.0,0.0,0.0,0.0,0.0,0.0,0.0,0.0,0.0,11.126902983393991,0.0,12.13273413692322,48.53093654769288,0.0,0.0,2.5520370370370373,0.0,0.0,0.0,15.69030319227685,9.4902056125271,0.0,0.0,0.0,2.049536143640178,0.0,0.0,0.0,1.0,3.353600000000002,0.0,0.0
H40,0.0,30.046897502626468,2.327373437810684,236.5291893334896,12.0,0.0,8.0,3.0,2.0,2.0,0.0,2606.0,1436.0,83.66434028728199,6.781435756744399,6.220499569336778,3.506995884773663,2.4513580246913578,2.9757343550447,3.142857142857143,4.220842541787329,2.7062185642432555,2.750918728513607,2.2477777777777774,2.352721016035193,62.04761904761905,33.395348837209305,30.97142857142857,24.81111111111111,33.20987654320987,26.28395061728395,29.32,21.810344827586206,247.5110675619631,199.15660412850215,184.47503076129527,7.779490642857142,7.843214325581397,7.760224688888891,7.73647062962963,1.9920081020781424,0.8111167219002575,-4.1786966272562935,-11.513843397441278,-46.86682903614121,-29.076985526720986,-9.690527514160667,-7.695006672078995,15.997203636827392,1.3968253968253952,3.204081632653061,-2.530612244897959,-3.204081632653062,-5.959183673469387,-0.7346938775510218,-1.4875283446712015,-4.6688481122647705,-0.7803212918810795,-11.36026485354087,-9.52211867733681,-0.4207547083000247,-5.523618339844702,-4.24046158720309,1474.4761904761908,-47.487528344671205,0.1111111111111304,-200.5918367346939,501.8435374149661,-238.50340136054425,-204.48979591836732,-301.32653061224494,-483.9433106575965,69.66958969455911,-304.7132231531891,371.87949613724834,423.892640314187,-373.1722962822405,-463.9623206212424,-441.652818820605,-504.9919116717171,0.3039105873015868,-1.0163188673469383,0.0521756003401355,-0.2347052517006798,-0.4221853282312916,0.45401406292517,-0.4831717120181393,0.4282992349269128,-1.0228582434782227,2.352848052907434,2.847569094886735,-2.147403153955864,-2.2564400503008843,-6.986551380203035,-5.187563894955284,-1.861531718901811,-8.356321018310267,21.511575689341225,-1.659693125894705,-0.0577654670482358,-19.558721770730383,-22.83667269250064,-7.11210099859877,3.551586523955718,0.644021166914677,-0.0596956661036613,-0.127931593304903,-0.5786028276066816,-0.3727818657271921,-0.1196361421501317,-0.1026000889610532,0.2758138558073688,1.446248252705035,-0.0111474470268725,-0.1175570207078618,-0.0681928190104284,0.0015873015873018,-2.2287981859410437,6.1955992273452605,-3.0577359148787724,-2.5245653817082387,-4.017687074829933,-8.343850183751663,56.00276708483662,1.6202230161525373,-4.353046045045559,4.131994401524982,5.233242473014655,-4.784260208746672,-5.72792988421287,-8.706757097788227,0.0861417325159439,1.6079816570681855,1.190671796230674,1.002756397875236,0.7190085251805619,0.6793331894060755,0.6853927037294982,1.203845830511544,1.0680217832257253,1.187780089924606,1.077706331819479,0.9337801132147496,0.9141051567239634,1.0829347826086957,0.755916265163737,0.8398798175990811,0.6566358815769097,0.901239073332472,0.6663257689933828,1.0304441634453905,1.1946489830484144,1.6993469835938506,0.8288193946313884,1.042119486283697,1.1127562876468695,0.8630040397363665,0.9306767874390228,1.1274484254509491,6.021920350334966,0.2560101484736932,7.008271168876335,0.628330145406065,35.00041815566344,26.523892074676834,14.702550828229242,3.701961153020774,2.4404727732530422,3.0589681648943943,0.7518908208030096,1.684702844981712,3.007142857142857,1.0,0.0,3.0,1.0,0.0,0.2821175568066727,0.8818464063012448,0.7481647276874823,0.0,4.0,0.0,0.0,5.0,0.0,0.0,2.0,1.0,0.0,1.0,0.0,0.0,1.4334532630145354,0.0,0.0,4.268576060189193,0.0,0.0,0.0,0.0,4.043758059288414,0.0,0.0,0.0,0.0,0.5310905068082351,1.954497905643739,1.049446666526693,0.0,3.045811004327973,0.0,11.547578976419056,0.0,0.0,0.0,587.0,1.25,2.0,1.0,0.6390728476821194,73.08,6.0,1.8729474816329252,3.987090041620335,1.4052273811584255,0.1904761904761907,31.020188860683906,48.99507142467534,43.18960777052598,1.0,15.740104602853368,4.794537184071822,4.983978520947208,12.628789148012991,0.0,11.761884949391115,58.0809999154658,28.443931254557697,6.606881964512918,10.421058796818908,0.0,5.907179729351506,0.0,9.901064578912528,0.0,29.538069185184945,0.0,10.633577208012662,4.794537184071822,0.0,0.0,11.50524905251859,0.0,0.0,12.514061693864424,24.536294413420404,20.08154924470299,0.0,11.761884949391115,36.39820241076966,44.17628877492221,0.7255354410875281,14.754924089950396,0.7706886349581156,1.19741494704314,0.3970948473257278,0.0,9.331484658241424,15.82882591884227,0.0,0.0714285714285714,0.0,1.3749746744544835,1.0,1.0,0.0,8.0,3.657900000000002,0.0,0.0
L1000,0.0,2.82842712474619,1.414213562373095,3.3635856610148585,0.0,0.0,1.0,0.0,1.0,0.0,0.0,142.0,122.0,8.888681429094001,3.3333333333333335,1.5,0.0,0.0,0.0,1.3333333333333333,5.361111111111111,2.3333333333333335,1.0,0.0,0.0,15.77777777777778,15.25,8.0,3.1666666666666665,1.0,0.0,0.0,0.0,138.8807830053998,0.0,0.0,7.6381702222222225,7.829216000000001,7.439904000000001,6.718464,0.9876312698993336,0.2130386645385657,-7.839506172839505,-4.74074074074074,2.3703703703703702,0.0,0.0,0.0,0.0,-0.2839506172839506,0.1481481481481483,0.037037037037037,0.0,0.0,0.0,0.0,-4.382716049382717,-2.6635802469135808,-5.296296296296296,1.564814814814815,0.0,0.0,0.0,66.88888888888889,-13.456790123456791,-24.39506172839506,-6.296296296296292,10.703703703703702,0.0,0.0,0.0,0.0,-88.00132617908156,-193.02076844877988,42.54529022654172,56.74847822015958,0.0,0.0,0.0,0.0,-0.1842966913580246,-0.2303629629629629,0.0695148148148146,0.0,0.0,0.0,-0.2190123456790118,-0.3790587545007897,-0.8958158073719505,0.3442457459259254,0.1698718706533702,0.0,0.0,0.0,0.0,-2.095152562165607,-5.003585488201576,2.033200909675928,0.8031355299644817,0.0,0.0,0.0,0.0,2.5432098765432096,-0.1543209876543209,-0.6030389363722696,-0.3950617283950616,0.7901234567901234,0.0,0.0,0.0,0.0,2.3950617283950617,-0.2048907882241216,0.521604938271605,0.0,-1.876543209876543,-0.524691358024691,3.5679012345679006,0.0,0.0,0.0,0.0,40.38407248470225,-11.000165772385197,-14.847751419136914,3.5454408522118097,18.91615940671986,0.0,0.0,0.0,0.0,1.3606078700270987,1.0183378166865606,0.6401703428863297,0.0,0.0,0.0,0.0,1.1067961165048543,0.0,0.0,0.0,2.25,1.3846153846153846,1.13659793814433,0.0,0.0,0.8571428571428572,0.0,0.0,0.0,0.0,1.710703317465856,0.0,0.0,0.0,0.2325024415839413,1.929307462277428,5.004034236786819,0.9880133090375096,6.002690681094049,1.4743187785938925,8.006056456869638,20.69056105283715,14.708165908556165,3.667352785408424,2.6300398107359686,1.7864292844639702,0.788093355242889,1.6329931618554523,0.25,0.0,0.0,2.0,0.0,0.0,0.0,0.0,0.541766999334664,1.0,1.0,0.0,0.0,0.0,0.0,0.0,0.0,0.0,0.0,1.0,0.0,0.0,0.25,0.0,0.0,0.0,0.0,0.0,0.0,0.0,0.0,0.0,0.0,0.0,1.6805555555555556,0.25,0.0,0.0,0.0,0.0,0.0,0.0,0.0,0.0,0.0,6.0,0.4166666666666667,0.0,-1.25,0.4651162790697675,2.01,1.0,1.224394445405986,1.8799649487271108,1.2899600527152013,0.7505430557959407,11.81993574300937,14.925861921468176,9.7520386326847,0.0,5.106527394840706,0.0,0.0,0.0,0.0,0.0,6.923737199690624,6.606881964512918,0.0,0.0,0.0,0.0,0.0,5.106527394840706,0.0,6.606881964512918,0.0,0.0,0.0,0.0,0.0,0.0,0.0,0.0,6.606881964512918,0.0,0.0,0.0,6.923737199690624,0.0,0.0,0.0,7.569444444444445,0.0,0.0,0.0,0.0,0.0,0.0,0.0,0.0,0.0,1.1035533905932735,0.0,0.0,0.0,0.0,-0.0014,0.0,0.0
PiperonylButoxide,0.0,30.803407318555273,2.412064160482415,9864.089210479811,6.0,0.0,5.0,0.0,5.0,0.0,0.0,1034.0,1200.0,69.54350714546997,5.703703703703703,4.8,2.8823529411764706,1.3898305084745763,1.68,2.592592592592593,2.6502057613168724,2.285480859010271,2.081955922865014,2.026129943502825,2.1366666666666667,19.14814814814815,21.818181818181817,15.851485148514852,13.344537815126053,12.644628099173554,12.473214285714286,10.177966101694915,10.42,186.32013612938815,141.79444651636308,120.59950234982168,7.621894518518515,7.76319163636364,7.59501576470588,7.450959173553719,1.2878427249161106,1.0787884320418557,7.171467764060346,38.270233196159126,11.046639231824418,-56.92043895747599,-42.37311385459533,-35.74759945130316,-30.80932784636487,5.858710562414261,2.1056241426611826,-1.9862825788751692,-6.669410150891633,-7.887517146776406,-2.2743484224965727,-1.1879286694101518,-0.2368160341411375,-4.845374180765127,5.4155997561347355,1.501638469745466,-6.023167200121932,-0.0789513793629028,-3.1305060204237143,407.03703703703707,32.64746227709191,-47.680384087791495,25.6406035665295,18.120713305898494,-0.6982167352537687,-134.18792866941016,1.8449931412894511,-73.10562414266118,-181.73259613901791,50.41494063282301,259.5487275527956,-488.3344380272818,299.93809865005653,-1099.6628405305237,135.7946123259741,-85.28834825941598,-0.9918661783264908,0.7332223648833988,0.0541390507544628,-0.7134920768175644,0.2461878902606221,-1.0775456076817562,0.3758573388203055,-2.3609799782016037,1.0718592326376193,1.7746487702995315,-4.252172755545912,1.8011248992374482,-4.291115340425926,0.1955633507771755,0.9333807856268176,-15.584683032427536,6.859930772677582,11.077929511506175,-26.751345042003862,10.250693764773684,-22.017273044330143,-0.197511538088419,7.05050124356862,3.722908093278464,1.0999875296171588,0.0710046313273301,0.3215985982870514,0.0912945391059869,-0.4481924327360314,-0.378331373701744,-0.3029457580618911,-0.3080932784636487,0.5279682975156225,-0.0479740017897537,0.0124102352871526,-0.0007049230300259,-0.4720830107702128,0.2154672568615924,0.1497579612057727,-0.0054977695689273,-1.1981065059768763,0.0156355350956733,-0.7310562414266119,49.42124100322504,-3.304229020709417,0.4991578280477525,2.181081744141139,-4.035821801878362,2.3617173122051693,-9.818418219022533,-0.8528834825941598,-0.102016256871737,1.3786177207204495,0.8205852123841098,0.8007914293158632,1.134910964492745,1.0996272052515914,1.1510534660121157,1.23935801977111,0.972562127282748,0.8660671327734366,1.250699928629039,1.16987149963154,0.7626018808777433,1.0748378286104476,0.8994449401637626,1.1477990775012374,1.100376725985439,0.966174750154839,0.9243782852931666,1.0216814856741634,1.1875783991940725,0.9909146990330192,1.2815356382197762,0.89856978464941,1.1858611618028991,1.1572915422457806,0.961098469083743,1.5677958379260295,6.012909214653172,0.9871439830207122,3.518603128774266,1.3529311294419928,8.018145412524824,20.897859756328625,14.704797616507392,3.6910588564866065,2.432060228956459,1.9909143691544808,0.7706612313187345,1.5178945039001903,1.25,0.0,2.0,8.0,4.0,0.0,0.3122854502274938,0.3219752754296894,0.6181391661122201,2.0,11.0,0.0,0.0,4.0,0.0,0.0,0.0,0.0,0.0,0.0,5.0,0.0,8.519026424833024,0.0,0.0,4.095860068508445,0.0,0.0,0.0,0.0,0.0,0.0,0.0,0.0,2.1722640227816563,1.1612848777125906,2.0780430679545105,1.2703634410427966,0.0,0.0,0.0,0.0,5.7493962532977685,0.0,0.0,644.0,0.875,0.0,-9.0,0.5411954765751215,73.05,5.0,1.319202667013089,2.6488624411194563,3.106025061044012,1.1530493056757498,11.928978635278696,26.098047588666663,46.56394684075306,1.0,23.684314769000245,0.0,0.0,0.0,0.0,26.689117645233267,36.10128036616923,6.606881964512918,33.03440982256459,0.0,11.49902366656781,6.792942306099827,0.0,23.684314769000245,0.0,39.827352128664415,11.49902366656781,9.473725907600098,27.238292448839076,0.0,0.0,0.0,11.49902366656781,0.0,0.0,39.827352128664415,43.78919212278477,11.126902983393991,0.0,6.06636706846161,19.913841467842857,27.60799664607838,0.0,2.440732839870855,1.65512722863759,4.377014216137228,0.0,14.910832972680724,11.952945597722051,0.0,0.0,0.0,1.594097798876967,1.0,0.0,1.0,13.0,3.7177000000000024,0.0,2.3978952727983707
chlorothalonil,0.0,16.76275689640903,2.43844114184207,57.33592831544449,6.0,0.0,6.0,2.0,0.0,0.0,4.0,1542.0,780.0,43.7408,12.887125220458554,12.88888888888889,9.22172839506173,0.0,0.0,4.857142857142857,7.743576763124089,4.000835238530713,5.40058870598994,0.0,0.0,110.14285714285714,55.714285714285715,63.0,88.88,111.55,95.66666666666669,0.0,0.0,420.760528149312,314.5554349547014,0.0,9.216421428571428,8.288212571428572,9.06103832,9.779100950000002,3.124342857142857,0.1638929659054513,-6.3950617283950635,-1.0987654320987643,-3.518518518518517,-0.9876543209876542,-5.530864197530864,0.0,0.0,-4.0,-7.0,-1.0,1.0,3.0,0.0,0.0,6.144914756025871,2.259495659260512,-2.61209481506365,-19.059178541100945,-9.947023848405395,6.46028868794888,0.0,334.8571428571429,2.992617491683483e-14,-79.7959183673469,-79.53061224489797,18.346938775510154,3.5918367346938695,-30.040816326530617,0.0,0.0,-1.5203551621284444e-14,1.5151375453760685,9.550566590961989,-27.897466081638655,-18.15818053572769,3.4077130006499505,0.0,0.0,-0.3491480816326516,-0.7475068163265306,0.2316686326530596,-0.0710011224489804,0.1913779591836727,0.0,-1.1032568849419204e-15,1.142005990906645e-16,-0.1063469387755104,0.2455163265306118,-0.5312755102040816,-0.2609632653061222,-0.1631020408163265,0.0,0.0,-1.7193944321248562e-14,-1.047560255118388,-9.959709002926534,-1.764140878475493,-6.246033901206106,8.860511450155112,0.0,0.0,2.504409171075838,-9.976342699233107e-17,-0.3197530864197532,-0.0439506172839505,-0.1759259259259258,-0.1097393689986282,-1.8436213991769543,0.0,0.0,2.393371157333533,0.1129747829630255,-0.9529589270550471,2.153429562649627,-3.989795918367345,-3.1812244897959188,0.9173469387755075,0.3990929705215411,-10.013605442176871,0.0,0.0,4.511747068625479,-1.0859679729488888e-15,0.0757568772688034,0.3820226636384795,-1.3948733040819328,-2.0175756150808546,1.1359043335499834,0.0,0.0,0.7887691409453585,1.0277041569018854,1.0717682710756935,1.825615274933699,0.3268232198849968,0.0,0.0,0.9535774647887324,1.275510563380282,1.2445618153364633,2.2032863849765256,0.7738095238095238,1.1916666666666669,0.3644348018207988,2.8015389930588275,0.0,1.1305119453924914,1.096736348122867,0.9619359120212364,1.2940841865756545,0.0,0.4675224321788395,2.2879352116836698,3.219790632997498,0.2297609459430251,0.7041461877756775,0.7564162662042028,5.090756626927222,0.7728430007611373,6.028452086528972,1.2605385358279693,17.004180704038333,22.459886206917705,15.57842780430013,3.502775270098402,2.422073049496779,2.2254329845756864,0.9612670526817896,2.823984758784528,2.8739495798319323,0.0,2.0,0.0,0.0,0.0,0.2005264282360405,0.6919467095138407,1.0384944396920446,0.0,0.0,0.0,0.0,6.0,0.0,0.0,0.0,0.0,0.0,0.0,0.0,0.0,0.0,0.0,3.49641975308642,-0.2730246913580219,0.0,0.0,0.0,0.0,0.0,0.0,0.0,0.0,0.0,0.0,0.0,-0.0362654320987647,0.0,0.0,0.0,0.0,0.0,0.0,5.719043209876542,132.0,1.6071428571428572,2.0,5.5,0.5738758029978587,14.06,2.0,1.3787834934861751,2.235926350629033,1.5714285714285716,0.2857142857142851,29.466212624573267,39.76135548171612,62.747541813826864,0.0,0.0,0.0,0.0,10.523783109476971,0.0,46.40375956093006,0.0,0.0,31.217436238359294,12.138442625584547,0.0,0.0,0.0,0.0,0.0,0.0,12.138442625584547,0.0,0.0,22.66222573506152,20.090533254965305,0.0,0.0,0.0,31.217436238359294,0.0,0.0,0.0,12.138442625584547,0.0,0.0,0.0,17.220708616780048,-0.0846604938271595,0.0,0.0,0.0,0.25,5.241482788417793,0.0,0.0,0.0,1.1747117589889715,0.0,0.0,0.0,0.0,4.04356,0.0,0.0
pentachlorophenol,0.0,14.60112615949154,2.4142135623730945,40.62505728059384,6.0,0.0,6.0,0.0,1.0,0.0,5.0,1726.0,782.0,41.583216904849,9.540360873694206,10.11965811965812,5.622114868491681,0.0,0.0,4.6923076923076925,4.824686668308067,3.368965494390437,3.1643899557994204,0.0,0.0,132.76923076923077,60.15384615384615,70.42105263157895,115.82608695652172,127.0,17.0,0.0,0.0,408.34082491974766,125.1611140567369,0.0,9.668569307692309,8.650761384615386,9.828081739130434,10.230818625,3.1987089926806926,0.4389982425188211,-9.24771714515305,-15.826283877565931,-4.196508145226087,6.9583607275915025,4.432756227628024,0.0,0.0,-5.964497041420119,-5.325443786982248,-1.1360946745562128,3.266272189349113,0.8520710059171599,0.0,0.0,-3.5761316872427993,-0.2817951513741321,-3.3106342030052076,-2.3127346549315533,-0.6196892341241822,0.3957805176545285,0.0,426.0,-18.0,-132.0,24.0,-18.0,-6.0,-63.0,0.0,0.0,82.86119443061688,7.800126624190436,-4.152684819225071,-92.1355444195073,-88.88033982636124,-38.912504304512346,0.0,0.0,-0.8536402662721867,0.0247852485207082,0.1502470591715948,0.3096106568047326,-0.1923330059171596,0.0,-0.4807692307692303,0.916106162461538,-0.0714670302775503,-0.0287899129381468,-0.9318149575654672,-0.9133304158580892,-0.4831564522141305,0.0,0.0,3.112831407615391,-4.872703245494101,-5.576026319576013,-1.9911317413152991,2.351025154391486,0.91023940230208,0.0,0.0,3.1398933450215503,-0.1946088099934259,-0.4867219550080552,-0.6880992990246056,-0.2622817590766304,1.159726787931917,4.432756227628024,0.0,0.0,1.493108371234361,-0.0148313237565332,-0.144545915933222,0.3957805176545285,-6.947368421052632,1.0434782608695652,-1.125,-1.0,-63.0,0.0,0.0,20.526115740738252,6.373938033124375,0.4105329802205492,-0.1805515138793509,-5.758471526219206,-14.813389971060204,-38.912504304512346,0.0,0.0,1.288570039845575,0.8820861734175488,1.062566755017615,1.1493031126438933,1.9139261110441816,0.0,0.0,1.1087108253606666,1.118770648178307,0.8583593132008748,0.0889209436508305,0.8571428571428569,1.2706766917293228,1.053192491779276,0.0369370827726006,0.0,0.8756889161053276,1.1734154929577465,1.4507042253521127,3.6056338028169015,0.0,0.2341531224285825,3.2022453987827144,6.402331059468596,2.319546764985924,0.8553740887437986,0.7659981376939375,5.012609336427895,0.7727747743307022,6.002803415638759,1.2529093040549792,17.005209358653545,22.46131577639212,14.708163850330052,3.668195944006982,2.435834768511127,2.230637670681885,0.7874809392310895,2.7602520756252087,3.4852941176470584,0.0,0.0,0.0,0.0,0.0,0.2222222222222222,0.7645850863297957,1.031266374942423,0.0,0.0,0.0,0.0,6.0,0.0,0.0,0.0,0.0,0.0,1.0,0.0,0.0,0.0,0.0,0.0,-0.5495679012345642,0.0,0.0,0.0,0.0,0.0,0.0,0.0,0.0,0.0,0.0,0.0,0.0334567901234572,0.0,0.0,0.0,0.0,0.0,0.0,5.616296296296295,102.0,1.375,3.0,1.5,0.5482041587901701,12.06,1.0,1.6143308351592656,1.9143411836123525,1.78609853452874,0.3657605770894974,29.821786333314087,33.42521062858411,65.24236762638546,0.0,5.106527394840706,0.0,0.0,0.0,0.0,58.00469945116258,0.0,0.0,15.067899941223978,10.045266627482652,5.749511833283905,0.0,0.0,5.106527394840706,0.0,0.0,5.749511833283905,0.0,0.0,0.0,25.11316656870663,0.0,5.749511833283905,0.0,30.86267840199054,0.0,0.0,0.0,0.0,0.0,0.0,0.0,9.014629629629631,0.0,-0.3632098765432092,0.0,0.0,0.0,0.0,0.0,0.0,0.0,1.0370523462520254,0.0,0.0,0.0,0.0,4.6592,0.0,0.0
quinoxyfen,0.0,25.671254377306745,2.4400021042925917,158.03123223277794,16.0,0.0,5.0,1.0,1.0,0.0,2.0,1320.0,1026.0,57.05865623879201,10.54320987654321,10.007407407407406,7.0263653483992465,4.4366925064599485,4.62962962962963,4.071428571428571,5.297005301892133,3.5777010532189437,3.4847120985263484,2.974064503780266,3.4035415887267746,47.142857142857146,34.2,33.59574468085106,29.83050847457627,37.450980392156865,26.666666666666668,23.11627906976744,23.727272727272727,294.5040840850628,237.60982687142945,210.2946776547591,8.234287642857144,7.924223733333335,8.245055423728815,8.35059037254902,2.037809151385429,0.4373575010041083,-13.111111111111123,-38.91358024691358,-53.55555555555557,-4.1481481481481435,-0.7037037037036953,15.012345679012356,21.0246913580247,-1.469387755102042,-2.9387755102040822,-3.6734693877551026,-3.6530612244897966,-3.5102040816326534,0.16326530612245,-0.0408163265306117,-2.7817313539499007,1.7884958252848469,-11.14466071350808,-12.609440612664816,9.3125995854446,2.7766280980842257,2.8517897871311297,450.8571428571429,1.6530612244898015,-4.0816326530612175,-163.734693877551,183.65306122448985,-67.59183673469389,-10.591836734693892,-78.10204081632652,-8.93877551020409,-5.995907188052797,-236.85802855548107,-62.88528837435664,37.517446918301616,-64.46452810614691,-275.4293223935697,-234.65985472635495,130.4152769002268,-0.4360080204081638,-2.181921897959182,0.5741270204081648,0.4751281020408152,0.6934963877550999,-0.2944900612244916,-0.0749655612244898,-0.2578186854328136,-1.4582044838380377,0.2622717575092035,1.3964052120678982,0.7055323325017755,-2.148644880484081,-1.8004283743228382,0.2996208432319565,-3.886929616781936,-19.19060307140498,-1.266851291997193,8.307160321656191,10.754112364348185,-12.892033355812302,-16.118226275590178,-12.471805100743032,4.012345679012346,0.6465020576131687,-0.2789598108747047,-0.6595522075748065,-1.0501089324618738,-0.0921810699588476,-0.0156378600823043,0.3491243181165664,0.6371118593340819,1.7332670694020635,0.038053102665635,-0.247243933581663,0.0617028466240939,-0.0868432479374727,-2.7751643030093387,3.601040416166467,-1.5020408163265309,-0.2353741496598642,-1.8163265306122447,-0.2708719851576997,45.531442814027635,-0.1998635729350932,-5.039532522457044,-1.0658523453280786,0.7356362140843454,-1.432545069025487,-6.120651608745993,3.951978087885661,-0.0538193663056548,1.254238006224208,1.658095006188922,1.3917272675662289,0.9835864173982763,0.3968369954419871,0.4743280491478775,0.7875248228781373,1.1970217917675543,1.286906916612799,0.8754725274725275,0.7992197802197802,0.8262295081967213,1.038280432507848,0.5453724240120914,0.3883942797813602,0.6597444858684659,1.0840368627956436,0.7879109818832475,1.0054182509505702,0.9595057034220532,1.1475815721991334,0.6986902346256524,1.0092598150843333,1.181239050409583,0.4723711650708019,0.9282219101014992,0.8613549203339038,7.0040557610894405,0.7730851328036734,8.001917267796461,1.2932309548409084,17.002124895154303,22.457053931744756,13.304122044080646,4.009936983363981,2.4137530073862457,2.21264162340647,0.5458669683306663,1.601838350412746,2.0203081232492996,0.0,1.0,0.0,0.0,0.0,0.4602374894950788,0.6696564022961254,0.7956232677502141,0.0,0.0,0.0,0.0,5.0,2.0,0.0,0.0,1.0,0.0,0.0,1.0,0.0,0.0,0.0,0.0,1.7098018335569456,0.0,0.0,12.885649368435262,0.0,0.0,0.0,0.0,0.0,0.0,0.0,1.7086213991769548,0.5446989166036786,0.0,0.0,0.0,0.0,5.733130196523054,12.885649368435262,6.194478842977519,363.0,1.5375,2.0,5.25,0.563528459670893,104.05,2.0,1.7858063886958977,3.034087620114631,1.7732673019429726,-2.6645352591003757e-15,24.36966407750355,39.36276994807396,49.14560436532621,1.0,4.736862953800049,4.983978520947208,4.39041504767482,0.0,0.0,23.20187978046503,42.46456947923127,11.219476885354403,15.925558245822383,17.316244507613703,0.0,0.0,0.0,9.127278001474869,0.0,0.0,11.49902366656781,4.736862953800049,0.0,5.817220841045894,10.045266627482652,4.39041504767482,11.49902366656781,0.0,5.817220841045894,32.44721522613152,0.0,12.13273413692322,36.52867891392113,0.0,4.983978520947208,18.618779564958317,1.6338291945948884,0.6408441463004957,0.7453167747645266,1.6050077160493827,0.0,7.336434639504651,17.691256986144904,0.0,0.0,0.0,1.577877604366302,1.0,1.0,1.0,2.0,5.4730000000000025,0.0,0.0
trifluralin,0.0,26.638057465872063,2.479060927454202,161.24660226917044,6.0,0.0,10.0,3.0,4.0,0.0,0.0,1130.0,1088.0,50.50306947758401,12.564102564102564,9.435897435897436,6.666666666666667,1.6666666666666667,1.2266666666666666,3.282051282051282,12.3392094017094,3.9508301404853134,4.568462401795735,4.355034722222222,5.1866666666666665,28.974358974358974,27.897435897435894,24.6231884057971,20.873563218390803,21.75757575757576,20.407692307692308,13.166666666666666,10.36,208.45377636423308,144.5886333853697,126.85885549566768,8.654715487179484,8.213254153846155,7.926854942528736,8.33019393939394,1.2949504994252312,0.9230788247627876,213.15976331360943,147.14792899408286,40.31952662721891,74.61538461538461,162.8461538461539,-159.24260355029585,-300.33136094674563,11.126232741617356,12.053254437869825,-7.157790927021691,-36.77777777777777,-7.299145299145305,-4.252465483234719,4.854043392504924,-9.592414529914532,176.2239891518738,52.659557856673246,-60.282790927021665,-44.89262820512821,347.39957264957263,-80.92233727810651,353.69230769230774,17.230769230769223,159.0828402366864,219.4556213017752,69.08875739644968,56.00000000000001,127.7692307692308,-126.62721893491124,-237.4852071005917,-113.189327805394,228.52860397207075,683.5912131202359,616.8776051236428,-943.0063502102704,-526.7621275892793,-702.946320512725,337.8463702706581,5.403966903353056,0.7712685838264279,-2.059126500986194,2.2854943247863235,10.937561470085466,-3.259528678500987,1.7792769230769234,-0.1757627446153787,0.8942484806511091,-0.5466150845751526,1.2714994550415704,-7.10420709280526,0.047382063228234,-4.5538333037241605,3.834621064088368,-6.975051503754103,40.366905419716744,-36.78804958686692,-21.8191313262473,5.558192897127796,38.07082528895141,-51.66763251337899,-20.7638855689132,6.504930966469429,2.3668639053254443,3.0892719320812967,1.6913555056791134,0.407267945729484,0.7174556213017751,1.2526627218934916,-1.6587771203155814,-4.004418145956609,6.121219592373441,2.5539708572735336,-0.6089170800709259,2.6723044049967126,2.305548409227339,2.522478405767531,0.6978662363277746,0.5384615384615385,0.9828402366863908,-1.319033530571992,-3.1664694280078893,42.5777485142535,-2.9022904565485637,3.3120087532184166,7.8573702657498385,6.231086920440836,-9.067368752021832,-4.0520163660713795,4.504618270275441,-0.1657786053204001,1.32348472548171,0.94188510536038,1.4331243197711483,1.1769564658315466,0.6389279462799144,0.6361008598884199,1.0038421421209325,0.4837972160069146,0.8283716485657056,0.6697240751970891,0.9229229836264402,1.0261324041811848,0.8606271777003486,0.5826862803891116,0.784738799457594,1.0008339430921591,0.5618884772489788,0.8231488438100008,0.7665289256198347,0.9413223140495868,1.1482438016528924,1.1406815314451506,1.196845288168435,1.0070629033312657,0.6795919278485225,1.0843995035779523,1.134082060084757,7.014827672344421,0.9871447154965188,8.008558453463639,1.2188385663653023,9.014099721816583,20.89049306787691,13.302784649608729,4.03061806574263,2.4341189139806017,1.987299676552216,0.5269695804178083,3.1477809454862653,2.428571428571429,2.0,1.0,5.0,2.0,0.0,0.1240028226427154,0.606667993424929,0.6227189927836637,2.0,4.0,0.0,0.0,4.0,0.0,1.0,0.0,0.0,1.0,0.0,0.0,0.0,1.60360189909297,0.0,0.0,-3.6054195011337864,0.0,0.0,38.53449026832955,0.0,0.0,0.0,0.0,0.0,1.7682638888888889,0.5370345568783068,0.3478703703703703,-0.3780555555555553,-4.908340655706728,0.0,1.3853382464096748,11.177663454270595,0.0,12.844830089443183,0.0,309.0,1.0869565217391304,1.5,-4.0,0.4171520385619605,23.1,5.0,1.96192808193504,3.2645626313460077,2.020839587516241,1.186273397602319,21.663164251947755,35.405449423843805,43.90965385391519,1.0,4.899909730850477,20.228636537531145,0.0,13.17124514302446,0.0,13.847474399381248,12.84164324585202,25.22224694874837,15.410073589332338,0.0,5.687386274683562,0.0,11.374772549367124,23.0178672406598,0.0,17.989422542675626,0.0,4.899909730850477,6.176298517443475,20.228636537531145,0.0,30.233403967075148,0.0,32.961144656142935,18.776899086508713,24.97437738277524,0.0,4.899909730850477,13.847474399381248,0.0,0.0,38.53449026832955,22.35532690854119,-3.6054195011337864,0.0,-3.8342715419501143,0.0,4.844613042913312,8.86262528870552,1.3700134211888828,1.4422495703074083,0.0,1.1417171206156085,0.0,0.0,0.0,7.0,4.148200000000004,0.0,0.0
anthracene,0.0,19.313708498984763,2.414213562373095,66.97907463619858,14.0,0.0,0.0,0.0,0.0,0.0,0.0,514.0,636.0,43.49072904849,6.416666666666667,7.0,4.127272727272727,0.9,0.0,3.5833333333333335,2.5462962962962963,2.440404040404041,2.2307692307692313,1.9,1.4,21.416666666666668,24.46153846153846,21.714285714285715,16.90909090909091,13.307692307692308,11.357142857142858,7.5,3.0,260.0030861999966,162.97820496463777,120.51878332652322,7.197994333333334,7.377868307692309,7.235551200000001,7.170074923076924,1.81211371035375,0.0720433128923418,-11.708333333333345,-19.451388888888893,-23.13888888888889,-0.381944444444436,-11.80555555555555,-0.5277777777777751,13.736111111111114,-2.375,-4.5625,-4.25,-1.9375,-2.25,1.25,2.625,-0.5910493827160503,-0.967592592592594,-0.1797839506172844,-1.9783950617283952,1.087191358024692,-0.2746913580246912,-0.873456790123456,145.83333333333331,8.680555555555564,-26.041666666666657,-27.95138888888889,-53.47222222222223,15.451388888888877,-20.1388888888889,-13.19444444444445,26.736111111111104,78.1692407775077,-234.50772233252383,-251.70495530357545,-481.5225231894484,139.14124858396406,-181.35263860381815,-118.81724598181188,240.76126159472432,-0.0247041666666669,-0.0265158055555556,-0.0507258888888887,0.0146578055555557,-0.0191045555555554,-0.0125167777777775,0.0312500000000002,0.3494528766836794,-1.048358630051043,-1.125238262921452,-2.152629720371471,0.6220261204969518,-0.8107306739061382,-0.5311683725591936,1.0763148601857369,1.8982335723781625,-5.694700717134317,-6.112312103057537,-11.693118805849243,3.378855758833033,-4.403901887917261,-2.8853150300147723,5.846559402924592,2.743055555555556,0.5005341880341876,-0.2787698412698415,-0.3536616161616162,-0.4449786324786324,-0.0093157181571813,-0.4216269841269839,-0.0263888888888887,1.3736111111111111,0.2121913580246913,-0.0230379188712522,-0.0380460588793922,-0.0098104056437389,-0.6200396825396823,-0.5082070707070706,-1.028311965811966,0.3768631436314359,-0.7192460317460322,-0.6597222222222225,2.6736111111111103,54.71846854425551,3.006509260673373,-5.583517198393425,-4.57645373279228,-9.260048522874008,3.393688989852782,-6.476879950136364,24.07612615947243,-0.1085714285714271,0.9181841714519344,0.9066319300380352,1.1004887429132275,0.8747116576315019,1.125144704176514,1.4199638713633087,0.9805278753021446,1.092566168009206,1.122005842259007,1.0225378203149118,1.0730560578661843,0.6369230769230769,1.2266666666666666,0.9457342657342656,1.1111688311688313,1.3549090909090908,1.0036363636363637,1.1373626373626375,0.961672473867596,1.126530612244898,1.182857142857143,0.7582417582417582,0.9616724738675958,1.126530612244898,1.1265306122448977,1.003636363636364,0.7582417582417584,4.209802417238568,2.750883572132962,2.2782726471645796,1.4017825202091216,6.371372857492701,20.95089913360828,20.218808455321938,3.117372857492704,2.3852821792064174,2.041372857492701,1.309282179206411,1.6824884302593337,0.0,0.0,4.0,0.0,0.0,0.0,0.3928371006591931,0.3333333333333333,0.7496988522954092,0.0,0.0,0.0,0.0,0.0,4.0,0.0,0.0,0.0,0.0,0.0,0.0,0.0,0.0,0.0,0.0,0.0,0.0,0.0,0.0,0.0,0.0,0.0,0.0,0.0,0.0,0.0,2.2407407407407405,0.0,0.0,0.0,0.0,0.0,0.0,0.0,0.0,180.0,1.5714285714285714,0.0,6.0,0.7142857142857144,74.0,0.0,0.9798687566511528,1.4833557549816874,3.1016067457394687,1.1666666666666663,5.978717149724815,12.026099486672866,47.17835350637027,1.0,0.0,0.0,0.0,0.0,0.0,48.53093654769288,33.677630994782405,0.0,0.0,0.0,0.0,0.0,0.0,0.0,0.0,0.0,0.0,0.0,0.0,0.0,0.0,0.0,0.0,0.0,0.0,0.0,0.0,21.544896857859182,0.0,0.0,60.6636706846161,0.0,5.245185185185186,0.0,0.0,0.0,0.0,14.732700188922648,16.82742807676352,0.0,0.0,0.0,2.107859828109091,0.0,0.0,1.0,0.0,3.993000000000002,0.0,0.0
benzo(a)pyrene,0.0,28.221997639072946,2.574747599760903,128.4694457108014,20.0,0.0,0.0,0.0,0.0,0.0,0.0,732.0,936.0,61.113354858188,7.375,8.194444444444445,5.938271604938271,2.0454545454545454,1.3846153846153846,4.125,2.5694444444444446,2.5157750342935525,2.452380952380953,2.0075757575757573,2.0,22.875,26.0,24.0,20.382716049382715,18.083333333333332,12.09375,10.659090909090908,9.26923076923077,276.3544677549299,171.42208226750466,153.18059894312432,7.2322465,7.39955466666667,7.291967604938272,7.260569666666664,1.909792339318375,0.0854290969990941,3.9375,-3.234375,-44.9375,-48.640625,-19.5,10.3125,0.40625,2.9375,-3.484375,-13.4375,-11.140625,-3.25,1.0625,1.15625,-0.8263888888888894,-1.395833333333334,0.5989583333333331,-0.3263888888888896,-1.2795138888888893,-1.7499999999999996,1.2291666666666674,187.5,14.0625,-14.0625,9.765625,-54.6875,-78.515625,-46.875,29.6875,-5.46875,126.63417005956248,-126.63417005956325,87.94039587469615,-492.46621689829976,-707.0407828325585,-422.11390019854207,267.3388034590771,-49.246621689829794,-0.0133402499999999,0.0092640624999999,-0.0518787499999999,-0.0744830624999999,-0.0444674999999999,0.0281627499999999,0.0506249999999994,0.566113660227561,-0.566113660227564,0.3931344862691397,-2.201553123107188,-3.16080126960389,-1.887045534091874,1.1951288382581888,-0.2201553123107178,3.0751383872526077,-3.075138387252493,2.135512768925429,-11.958871505982152,-17.16952266216013,-10.250461290841908,6.491958817533131,-1.195887150598248,2.859375,0.6684027777777778,0.065625,-0.0399305555555555,-0.5349702380952381,-0.6157041139240507,-0.3046875,0.234375,0.015625,0.1927083333333333,-0.0232638888888889,-0.003885582010582,-0.0273437499999999,-0.234375,0.1205632716049382,-0.6510416666666666,-0.993868670886076,-0.732421875,0.6747159090909091,-0.2103365384615384,52.764237524817815,3.5176158349878466,-2.110569500992721,1.0856838996876068,-5.862693058313092,-8.949883326994412,-6.59552969060222,-1.894100834224223,0.1151515151515151,0.9165973231105098,0.7808699413648718,0.8886343141417626,1.0760064665228015,1.219423553320638,1.0313902182917811,1.3266323646690332,0.982931930108615,1.1414259692948217,1.1729266099467386,1.106386612021858,0.4857549857549858,0.9803418803418804,0.9154154154154156,1.248029279279279,1.021908271908272,0.8674897119341564,1.0333333333333332,1.151054852320675,1.1947916666666667,1.0333333333333332,0.6888888888888888,1.1510548523206752,1.1947916666666667,1.1947916666666667,0.8674897119341564,0.6888888888888889,4.330271884928175,2.751716934604328,2.2734515661350705,1.3260056023321525,6.400025692990023,20.979551969105565,20.19488895846485,3.1460256929900297,2.361362682349257,2.0700256929900283,1.2853626823492583,1.4872267841534483,0.0,0.0,8.0,0.0,0.0,0.0,0.6752622472987218,0.6026709006307397,0.7747289670658684,0.0,0.0,0.0,0.0,0.0,8.0,0.0,0.0,0.0,0.0,0.0,0.0,0.0,0.0,0.0,0.0,0.0,0.0,0.0,0.0,0.0,0.0,0.0,0.0,0.0,0.0,0.0,2.309074074074074,0.0,0.0,0.0,0.0,0.0,0.0,0.0,0.0,318.0,1.6,0.0,8.0,0.7142857142857145,196.0,0.0,0.954434002924965,1.561278124459133,3.438721875540867,0.9099817337113674,5.625085207419835,12.913889951166723,68.57368122728357,0.0,0.0,0.0,0.0,0.0,0.0,66.73003775307771,49.156160784179974,0.0,0.0,0.0,0.0,0.0,0.0,0.0,0.0,0.0,0.0,0.0,0.0,0.0,0.0,0.0,0.0,0.0,0.0,0.0,0.0,43.089793715718365,0.0,0.0,72.79640482153933,0.0,10.82069397203326,0.0,0.0,0.0,0.0,17.654845667791445,31.878773774327698,0.0,0.0,0.0,2.1648766878290395,0.0,0.0,1.0,0.0,5.737200000000003,0.0,0.0
ibuprofen,0.0,17.72062983782931,2.2981284210400745,69.53193405049957,6.0,0.0,2.0,0.0,2.0,0.0,0.0,614.0,674.0,45.545140287282,5.151515151515151,4.757575757575758,2.272727272727273,1.131578947368421,1.3870967741935485,2.6666666666666665,4.398148148148149,2.646464646464646,2.5801767676767673,1.891812865497076,2.779569892473118,18.60606060606061,20.424242424242426,16.379310344827587,13.25974025974026,10.431818181818182,8.275862068965518,9.263157894736842,11.709677419354838,196.90935383111344,113.85096245075157,121.9119048413722,7.44431793939394,7.532284484848488,7.375809818181817,7.332243272727272,1.380155766281273,0.5402280325781053,21.364554637281906,-15.50505050505051,-16.161616161616166,-19.80348943985307,-5.877869605142328,-0.2543617998163411,-20.82552800734619,-4.47107438016529,-3.1818181818181825,-1.909090909090909,-1.4462809917355373,-1.5619834710743794,-4.966942148760332,-6.776859504132233,-4.977272727272728,24.994056728905225,-4.043490460157126,-2.833613916947248,-3.2457657381899807,-6.829175594327103,4.9307978777675805,233.87878787878788,-4.787878787878801,43.30394857667583,-70.71717171717172,10.686868686868694,-51.227731864095496,-16.029384756657453,43.04866850321396,-40.158861340679515,37.94148060008376,164.68246508892815,-641.9901316686576,129.06542311811117,-532.5914345295602,-119.57566351121308,122.6635233946279,-212.0763594124162,1.001374053259871,-0.1791895353535353,-0.2456697373737375,-0.183063753902663,-0.1567503103764925,0.2498122167125796,-0.1969696969696984,0.3501487012121205,0.7186900941279426,-2.9692188131401114,0.4941933893923838,-2.7093284520896086,-0.5591144599886027,-0.1503560610328958,-0.698247549559696,2.1688902954166847,4.344062394914458,-16.35992627199008,2.412033568431772,-15.365838425502533,-3.150147490214224,-1.9540725017937837,-3.503709623403219,3.2084481175390267,1.1248852157943063,0.3683543902979638,-0.2013642922733832,-0.1836547291092746,-0.282906991997901,-0.1013425793990056,-0.0066937315741142,-0.6717912260434254,1.7039077645138248,0.4309320125673314,-0.0322001581471278,-0.1177444067987431,0.746619803046135,-0.9184048274957368,0.1214416896235078,-0.73182474091565,-0.2763687027009905,1.132859697452999,-1.29544714002192,51.95553870393754,1.1497418363661744,2.83935284636083,-8.337534177515034,1.4666525354330815,-7.608449064708002,-2.061649370882984,-6.84117288427149,0.1059225462790239,1.581050702113188,0.7821298701884085,0.8061733965984887,0.9449381272923436,0.8725448685031085,0.6819964774219772,1.3801363442679633,0.9969744051026248,1.0183171150543788,1.029748957396353,0.953595325977538,1.0666666666666669,1.653793103448276,0.758802395209581,0.9320132149494118,0.4411786952410968,1.077703328027246,0.9406582016066338,1.062332950801466,0.9778127261842,0.734523533503362,1.1253559738074286,1.1133119773143936,0.970345259074143,0.9095912083073102,1.215605443199101,1.16932719045038,6.022011086714489,0.9886203587685164,7.008290936455042,1.255065545903851,8.028636699499376,20.898895020631297,14.701443117828838,3.7136848990868967,2.4332742655523516,1.9896960940795552,0.741603737335877,2.290892150463114,0.5,1.0,2.0,3.0,1.0,2.0,0.1070380875313477,0.8193666604934381,0.6408324079114499,3.0,1.0,0.0,2.0,2.0,0.0,0.0,0.0,0.0,0.0,1.0,0.0,0.0,1.04338529856387,0.2137474279835387,0.0,2.1401341647770225,0.0,0.0,0.0,0.0,0.0,0.0,0.0,0.0,2.174390169648106,1.04338529856387,2.0225925925925927,1.2697581254724115,0.0,0.0,0.0,10.762425070336777,0.0,0.0,0.0,203.0,1.0333333333333334,0.0,-0.5,0.5955678670360111,15.02,1.0,1.251534532637368,2.897103093964585,2.1472910253938684,0.8565049244391023,10.76145341745408,24.448706819904615,32.08470788904832,1.0,5.106527394840706,4.794537184071822,0.0,0.0,0.0,38.112942673227685,30.38936785217202,0.0,5.917906046161393,0.0,0.0,0.0,0.0,9.901064578912528,5.917906046161393,0.0,0.0,0.0,11.21535880699783,5.917906046161393,0.0,0.0,0.0,11.887211334113244,0.0,5.917906046161393,11.984273114623004,5.563451491696996,6.923737199690624,24.26546827384644,13.847474399381248,0.0,8.850157339170236,2.1401341647770225,-0.5579103678508441,1.04338529856387,0.0,4.883593419305869,10.75689328370074,0.0,0.4999999999999999,0.0,1.7133926872037606,0.0,0.0,0.0,4.0,3.073200000000001,0.0,0.0
verapamil,1.0,41.74235718622522,2.4538345355648903,2112.9088143289136,12.0,0.0,6.0,2.0,4.0,0.0,0.0,1364.0,1572.0,97.18840638426197,5.802816901408451,5.402777777777778,3.6392405063291138,1.441747572815534,1.305263157894737,2.788732394366197,3.04939358372457,2.5923874824191286,2.4819511540526036,2.2135922330097095,2.3504385964912284,19.211267605633804,21.833333333333332,16.8984375,17.037974683544302,13.53623188405797,10.963470319634704,11.058252427184469,10.626315789473685,196.7370435198317,136.00814415797473,135.54910334845871,7.502897183098591,7.662713,7.542028531645567,7.4167788212560355,1.3688507941445347,1.3647507211437069,19.41221979765919,4.371950009918672,-111.84546716921244,-124.8107518349534,-3.01368776036501,-101.79389010117043,-122.13767109700456,0.0486014679627051,-18.87244594326523,-14.500297560007937,-5.808768101567147,-14.795477087879387,-17.503868280103152,3.2840706209085515,3.423494015737612,-3.6377385990434,11.284218023319887,-2.276194923846683,-34.225091747669104,8.415475049042303,13.068601357755302,511.661971830986,31.77940884745087,75.4403888117438,8.301527474707436,-149.26800238048006,-229.02201944058712,6.098988295972993,38.86808172981549,-401.81372743503266,-212.00637493609267,1486.72475648298,-227.06880737856275,-1647.3442572104923,-1163.6289673166027,-700.1186150513913,424.5286876497627,-2410.2372238975404,-1.387764299147007,1.3357720119023924,-0.4063359833366374,-1.741756399127156,1.048261391787354,-0.0546100932354665,0.4609625074390162,-2.4136295548752296,7.897717580716206,-1.072165455337986,-8.440948346299493,-3.600374453665721,-4.404203787189828,2.1947625206270716,-8.142170436449398,-21.411714778186013,50.11258774935313,-6.263859288368359,-56.481740568814246,-19.39441135005586,-27.27870945666732,10.90658336918858,-29.691729089139344,3.657210870858957,1.4857859992505893,0.1516579671692124,0.0276705696830295,-0.5403162665179345,-0.5311095822763975,-0.0137611313258676,-0.4941450975784973,-0.6428298478789715,0.7105044193171549,-0.0284198328050265,-0.0109961107432206,0.0384268267079557,0.5893780375917484,0.0525413131310597,-0.7211014607752659,-0.9745617848535624,0.0278492616254474,0.1886800083971626,-2.11480909176333,50.85630218222231,-2.944532985223509,11.61503716002328,-1.4371443504972323,-7.958184817441992,-4.95161262687916,-3.1968886532027,-12.68545907314495,-0.0041133787683392,1.3037505985388376,0.7205335706915376,0.7592005841419998,0.9966804941674352,0.6655129995870087,0.90150341133275,1.0158561304945852,1.0450539121311908,1.069208741980351,1.1029888331340625,0.8955267686509718,0.7582782108827466,1.5341374689936214,0.659283682140332,0.8175016455365308,0.7610339906158292,0.9749811144035077,1.056470062883848,1.112810820561597,0.9476683268324416,0.95699938852697,1.2021756983007963,1.077962428978917,1.0518905660041635,0.6794476131646696,1.1489773319934733,1.484306629540094,6.011357366920072,0.98828866810007,6.027275111682317,1.1344578860528014,8.015205765133205,20.902372333135283,14.705490591488052,3.685190662929662,2.43382000657437,1.9969522735288017,0.7741150122405627,1.8351938399806944,1.2857142857142858,0.0,2.0,4.0,3.0,1.0,0.2745833030343326,1.313849932800352,0.6395895589103484,7.0,5.0,0.0,1.0,6.0,0.0,1.0,0.0,0.0,1.0,0.0,4.0,0.0,4.448190805645433,0.1645103064136459,2.634513971900509,5.007102817711449,0.0,0.0,0.0,0.0,0.0,0.0,0.0,0.0,2.125588760769587,0.9236844485013675,2.0751245383335166,1.2068332940458213,-0.5796218690994226,0.0,2.3132679568741077,0.0,5.484561005916518,0.0,0.0,940.0,1.121212121212121,2.0,-3.0,0.5797280593325097,100.06,6.0,1.3919554565572188,3.0086266968475854,3.141120422657097,1.4547072185231595,12.629919999733712,28.398379253011417,58.711978158850656,0.0,23.84736154605067,0.0,0.0,5.261891554738487,0.0,25.980208536304467,74.16517056076962,6.544756405912575,39.92340194729918,0.0,22.99804733313562,0.0,0.0,18.947451815200196,5.917906046161393,48.576374959612465,29.067268645927893,18.947451815200196,11.835812092322788,17.249018913692154,0.0,0.0,22.99804733313562,5.414990469396779,5.917906046161393,11.49902366656781,49.41445283886799,5.563451491696996,28.439190165110137,30.33183534230805,37.9306444941628,21.583324082126506,10.2421053405546,1.6046474762988463,2.9873437787268267,2.611084525448425,8.669128563148337,14.970580765749045,18.312104416875375,3.7262749175046936,0.0,0.0,1.6338860534492203,0.0,0.0,0.0,13.0,5.093080000000005,0.0,0.0
1-2Dichloroethane,0.0,4.472135954999579,1.6180339887498951,5.8919928048720696,0.0,0.0,2.0,0.0,0.0,0.0,2.0,654.0,264.0,16.861051619396,1.1512345679012346,1.0158730158730158,0.0672153635116598,0.0,0.0,1.75,1.5152130010669105,1.2437297837389285,0.0,0.0,0.0,81.75,37.714285714285715,24.833333333333332,40.111111111111114,0.0,0.0,0.0,0.0,247.4138372560703,0.0,0.0,8.26326725,7.870820571428572,8.330920111111112,0.0,2.1076314524245,0.0420545216682207,-2.6759259259259256,1.704475308641975,0.0,0.0,0.0,0.0,0.0,-0.75,0.5625,0.0,0.0,0.0,0.0,0.0,-0.0832785589087028,-0.1907007315957933,0.0832785589087028,0.0,0.0,0.0,0.0,341.5,-0.0625,-170.75,0.0625,0.0,0.0,0.0,0.0,0.0,-49.486729031600824,-255.80395519583277,49.486729031600824,0.0,0.0,0.0,0.0,0.0,-0.5345627500000001,0.0110775624999998,0.0,0.0,0.0,0.0,-0.0045562499999999,-0.1399534287122499,-1.7131348548490002,0.1399534287122499,0.0,0.0,0.0,0.0,0.0,-2.546909577215997,-3.661162796933996,2.546909577215997,0.0,0.0,0.0,0.0,0.0,0.6689814814814814,-0.2434964726631392,-0.2229938271604938,0.1893861454046639,0.0,0.0,0.0,0.0,0.0,0.0476751828989483,-0.0158917276329827,0.0,0.0,-14.229166666666666,0.0069444444444444,0.0,0.0,0.0,0.0,0.0,63.95098879895819,-7.069532718800118,-21.316996266319396,5.498525447955647,0.0,0.0,0.0,0.0,0.0,0.6225109570191512,1.0713803667628825,0.0,0.0,0.0,0.0,0.0,0.1758298090478021,0.0,0.0,0.0,2.0,1.1666666666666667,1.3733952744892357,0.0,0.0,1.1660972832275909,0.0,0.0,0.0,0.0,0.8869113672907512,0.0,0.0,0.0,1.039586575489853,1.891311841881973,2.109260548330798,0.7662979519536345,1.6417553032244845,1.259884613354597,17.00213014611224,22.457228361372476,20.473509932801143,3.494985029604623,2.631891368926063,2.209062090245829,1.551078834953556,1.9747448713915896,1.2941176470588234,0.0,0.0,2.0,0.0,0.0,0.0,0.0,0.7759859281437127,0.0,2.0,0.0,0.0,0.0,0.0,0.0,0.0,0.0,0.0,0.0,0.0,0.0,1.1141975308641978,0.0,0.0,0.0,0.0,0.0,0.0,0.0,0.0,0.0,0.0,0.0,0.0,0.5570987654320989,0.0,0.0,0.0,0.0,0.0,0.0,0.0,0.0,5.054012345679012,14.0,0.5,0.0,-2.0,0.5821917808219179,3.02,0.0,1.5,1.5,1.5,1.5,24.236,24.236,25.0,0.0,0.0,0.0,0.0,0.0,23.20187978046503,0.0,0.0,11.760006889940678,0.0,0.0,0.0,0.0,0.0,0.0,0.0,11.760006889940678,0.0,0.0,0.0,0.0,0.0,0.0,0.0,0.0,0.0,11.760006889940678,0.0,0.0,0.0,0.0,0.0,0.0,0.0,0.0,1.1141975308641978,0.0,0.0,1.0,0.0,0.0,0.0,0.0,0.8901650429449552,0.0,0.0,0.0,1.0,1.464,0.0,0.0
124-Trichlorobenzene,0.0,10.792280186226478,2.2458267799378637,26.53469113969722,6.0,0.0,3.0,0.0,0.0,0.0,3.0,1086.0,540.0,32.324438714547,6.401234567901234,6.861111111111112,2.5314520870076427,0.0,0.0,3.75,2.397157445511355,2.105827363714881,1.7530991210689428,0.0,0.0,90.5,45.0,48.0,53.04761904761905,56.833333333333336,0.0,0.0,0.0,345.52212658567015,0.0,0.0,8.46878025,7.935253499999999,8.447825190476191,8.733569583333333,2.69370322621225,0.0461498135090402,-15.796296296296305,-8.089506172839505,0.0864197530864236,7.410493827160496,0.0,0.0,0.0,-3.875,-1.4375,0.0,1.6875,0.0,0.0,0.0,-0.2283950617283949,-0.5947073616826705,-0.2439319463496419,-0.1173601585124218,0.3570625666819083,0.0,0.0,411.0,0.0,-13.5,-134.75,-128.0,70.75,0.0,0.0,0.0,-6.039613253960853e-14,-64.69291538830495,-174.7126950594261,-142.36623736527366,103.52957637678932,0.0,0.0,0.0,-0.1239843750000004,-0.4518366874999999,-0.3898444999999996,0.2569144375000002,0.0,0.0,-2.0383000842727486e-17,7.28583859910259e-16,-0.0912199293183741,-1.190507677083688,-1.144897712424501,0.6180588208714372,0.0,0.0,0.0,-1.0769163338864018e-14,-6.1371944226483786,-3.267559731808678,-0.1989625204844888,3.168078471566439,0.0,0.0,0.0,2.62037037037037,0.0555555555555551,-0.8775720164609058,-0.385214579659024,0.0072016460905353,2.4701646090534988,0.0,0.0,0.0,0.1378886602652035,-0.0330392978712594,-0.0097800132093684,0.0,-0.75,-6.416666666666667,-10.666666666666666,23.583333333333332,0.0,0.0,0.0,46.37371190603591,-5.033011044967377e-15,-3.5940508549058308,-8.319652145686957,-11.863853113772803,34.50985879226311,0.0,0.0,0.0,1.142512288135213,0.9313327581976528,1.4265234240032731,0.8534040722646027,0.0,0.0,0.0,1.048955821040627,0.9055097500327184,0.0352702525847402,0.0,1.0555555555555556,1.2592592592592593,1.0397121473805409,0.0,0.0,1.210751940678948,1.6303730738037303,1.1419302514193024,0.0,0.0,0.5648984479721788,0.9380485831853008,0.0,0.0,1.2134156401783365,0.895412095090322,4.17549006230707,0.7729038079006086,2.2101800524316673,1.2838481914792483,17.00315309586404,22.458525121775786,20.277765931440783,3.4991523787690584,2.441144908125798,2.2191198948988253,1.36354897361868,2.3462271738277796,1.941176470588235,0.0,0.0,0.0,0.0,0.0,0.2041241452319315,0.5163090718586022,0.926166616766467,0.0,0.0,0.0,0.0,3.0,0.0,0.0,0.0,0.0,0.0,0.0,0.0,0.0,0.0,0.0,0.0,1.620030864197532,0.0,0.0,0.0,0.0,0.0,0.0,0.0,0.0,0.0,0.0,1.690246913580247,0.6012962962962967,0.0,0.0,0.0,0.0,0.0,0.0,5.5975617283950605,67.0,1.4166666666666667,1.5,2.25,0.6153846153846154,9.03,0.0,1.5,2.0,1.584962500721156,0.333333333333333,24.236,30.2415,45.0,0.0,0.0,0.0,0.0,0.0,0.0,34.802819670697545,18.19910120538483,5.022633313741326,10.045266627482652,0.0,0.0,0.0,0.0,0.0,0.0,0.0,0.0,0.0,0.0,0.0,15.067899941223978,0.0,0.0,0.0,0.0,15.067899941223978,0.0,0.0,18.19910120538483,0.0,0.0,0.0,1.620030864197532,0.0,0.0,0.0,0.0,1.6509636244473134,5.853800636117529,0.0,0.0,0.0,1.3492536920274436,0.0,0.0,0.0,0.0,3.6468000000000007,0.0,0.0
acetone,0.0,3.4641016151377544,1.7320508075688767,5.5836291546125985,0.0,0.0,1.0,0.0,1.0,0.0,0.0,178.0,156.0,11.677581429094,5.4,3.5555555555555554,0.0,0.0,0.0,1.8,6.5777777777777775,4.5,1.0,0.0,0.0,17.8,17.333333333333332,11.6,7.0,1.0,0.0,0.0,0.0,167.3443948797928,0.0,0.0,7.6284048,7.535634222222222,8.294400000000001,6.718464000000001,1.1677581429094,0.1119871664904321,-13.4,-33.12,12.96,0.0,0.0,0.0,0.0,-1.7999999999999994,0.4799999999999997,0.3599999999999999,0.0,0.0,0.0,0.0,-1.773333333333333,6.933333333333334,-27.386666666666663,6.760000000000001,0.0,0.0,0.0,75.60000000000001,-7.840000000000004,26.800000000000008,-100.32,43.56,0.0,0.0,0.0,0.0,-91.95808525515542,27.676717621283593,-432.41226172361735,263.877478034576,0.0,0.0,0.0,0.0,0.1408047999999996,-0.8332012799999984,0.209031839999999,0.0,0.0,0.0,-0.0063999999999998,-0.4743410236656397,-0.4787570402905998,-0.9612765557251202,0.8900948834625596,0.0,0.0,0.0,0.0,-2.6852092174566233,-3.613109629955596,-3.859343794953116,4.403478133051541,0.0,0.0,0.0,0.0,3.959999999999999,1.5288888888888887,-0.8933333333333332,-2.76,1.44,0.0,0.0,0.0,0.0,3.093333333333333,0.4622222222222222,0.7511111111111112,0.0,1.7866666666666673,-8.36,4.84,0.0,0.0,0.0,0.0,46.56323026458262,-10.217565028350602,1.8451145080855729,-36.03435514363478,29.31971978161955,0.0,0.0,0.0,0.0,1.005313872335355,2.233280847806056,0.0,0.0,0.0,0.0,0.0,2.1022727272727275,0.0,0.0,0.0,1.6666666666666663,2.0,0.5603448275862071,0.0,0.0,2.202380952380952,0.0,0.0,0.0,0.0,1.487453885100208,0.0,0.0,0.0,1.12546732025166,1.6666332618941595,6.021873100857791,0.992934400961424,7.008267286428627,1.5984308987648477,8.021964153536985,20.73932847627531,14.702719951130367,3.7015172131561114,2.5694868179560455,1.8487639341205953,0.7526174924432194,2.3237900077244498,0.25,1.0,0.0,2.0,0.0,0.0,0.0,0.2041241452319315,0.5875902994011974,2.0,0.0,0.0,0.0,0.0,0.0,0.0,0.0,0.0,0.0,0.0,0.0,0.0,0.0,0.0,0.0,0.0,0.0,0.0,0.0,0.0,0.0,0.0,0.0,0.0,1.5277777777777777,0.0,0.0,0.0,0.0,0.0,0.0,9.444444444444445,0.0,0.0,0.0,9.0,0.8125,0.0,-0.25,0.5140186915887851,3.01,1.0,1.295461844238322,1.570950594454669,1.7509775004326935,1.7509775004326935,12.019277675821105,15.328173054669644,12.87640289957032,0.0,4.794537184071822,0.0,0.0,0.0,0.0,0.0,13.847474399381248,0.0,0.0,5.783244946364939,0.0,0.0,0.0,4.794537184071822,0.0,0.0,0.0,0.0,4.794537184071822,0.0,0.0,0.0,0.0,0.0,5.783244946364939,0.0,0.0,13.847474399381248,0.0,0.0,0.0,0.0,0.0,0.0,0.1666666666666669,0.0,0.0,0.0,0.0,0.0,0.0,0.0,1.2775105849101829,0.0,0.0,0.0,0.0,0.5952999999999999,0.0,0.0
acrylic acid,0.0,5.226251859505506,1.8477590650225737,8.629874180987342,0.0,0.0,2.0,0.0,2.0,0.0,0.0,240.0,194.0,11.431559619396,10.0,7.75,2.2,0.0,0.0,2.2222222222222223,11.641975308641976,6.633333333333335,5.0,0.0,0.0,26.666666666666668,24.25,22.7,14.0,6.5,0.0,0.0,0.0,203.07413743338049,0.0,0.0,8.466537333333333,8.246608,8.3271096,8.620128,1.270173291044,0.5040295108539946,9.271604938271604,-24.17283950617284,-23.703703703703702,9.876543209876544,0.0,0.0,0.0,-2.222222222222222,-0.5555555555555558,0.6666666666666664,0.2222222222222221,0.0,0.0,0.0,-12.754458161865568,16.742112482853223,-7.393689986282578,-23.17695473251029,5.311385459533605,0.0,0.0,79.55555555555557,-9.60493827160494,12.604938271604937,-19.50617283950617,-44.037037037037045,20.765432098765434,0.0,0.0,0.0,-22.296808042806127,-129.32718551137663,-80.1296992576424,-65.78309009446095,98.88127791752132,0.0,0.0,0.0,0.6854244444444444,-0.594286222222222,-0.7694786666666663,0.1651208888888887,0.0,0.0,-0.39679012345679,-0.0916714809084441,-0.8634456233745552,-0.4749583303242222,0.234214543658333,0.2656451753388887,0.0,0.0,0.0,-0.6160287814930002,-4.866037085406641,-3.0696715923618805,1.8526390630101743,1.2013240566969077,0.0,0.0,0.0,5.061728395061729,0.743827160493827,0.9271604938271604,-2.417283950617284,-3.950617283950617,4.938271604938272,0.0,0.0,0.0,4.727023319615912,1.6742112482853222,-3.862825788751714,0.0,1.2604938271604935,-1.950617283950617,-7.339506172839507,10.382716049382717,0.0,0.0,0.0,44.145667775281055,-2.787101005350766,-12.932718551137665,-8.01296992576424,-10.963848349076825,49.44063895876066,0.0,0.0,0.0,1.7186495597399098,0.8708229125376714,1.2569672394729847,0.467078387060938,0.0,0.0,0.0,1.431219512195122,1.84390243902439,0.0,0.0,1.375,1.6,0.9676436448055716,0.0,0.0,1.1564245810055864,1.8519553072625696,0.0,0.0,0.0,1.0416611027629503,0.0,0.0,0.0,0.9849250181910716,1.251374234606464,6.022006427892356,1.957513959681072,7.008289380546867,1.626521898899208,8.02862463755531,20.81344719818425,14.701445761314892,3.713661153325791,2.508367150753289,1.9090893624386345,0.7415952318341414,2.5395388613593908,0.5,2.0,0.0,0.0,0.0,0.0,0.0,0.0527046276694729,0.6175097804391217,0.0,0.0,1.0,0.0,0.0,0.0,0.0,0.0,0.0,0.0,1.0,0.0,2.960648148148148,0.0,0.0,0.0,0.0,0.0,0.0,0.0,0.0,0.0,0.0,0.0,0.0,0.0,0.0,0.0,0.0,0.0,0.0,0.0,9.25,0.0,0.0,0.0,19.0,1.0,0.0,0.0,0.4304635761589404,4.02,1.0,1.5304930567574824,2.6416041678685933,0.5283208335737188,0.2222222222222223,14.584594621161326,24.849042086306287,13.912448617441258,0.0,5.106527394840706,0.0,4.794537184071822,0.0,0.0,6.578935683598497,0.0,6.076020106833881,0.0,0.0,0.0,0.0,0.0,9.901064578912528,0.0,0.0,0.0,0.0,4.794537184071822,0.0,0.0,0.0,0.0,5.969305287951848,0.0,0.0,6.076020106833881,0.0,0.0,0.0,6.578935683598497,0.0,7.604166666666666,0.0,-0.9814814814814812,0.8333333333333333,0.0,0.0,1.0,0.0,0.4999999999999999,0.0,1.0767498804994065,0.0,0.0,0.0,1.0,0.2569999999999999,0.0,0.0
benzene,0.0,8.0,2.0,14.69693845669907,6.0,0.0,0.0,0.0,0.0,0.0,0.0,222.0,252.0,19.401077429093995,4.5,4.5,1.2857142857142858,0.0,0.0,2.5,2.5,2.0,1.5,0.0,0.0,18.5,21.0,16.0,8.857142857142858,3.5,0.0,0.0,0.0,227.30032309013004,0.0,0.0,7.12949,7.329073999999999,7.063995999999999,6.918047999999999,1.6167564524244995,0.0465284988869334,-13.5,-6.75,0.0,6.75,0.0,0.0,0.0,-1.5,-0.75,0.0,0.75,0.0,0.0,0.0,0.0,-1.5,-0.75,0.0,0.75,0.0,0.0,75.0,0.0,-37.5,-18.75,0.0,18.75,0.0,0.0,0.0,0.0,-337.691120158834,-168.845560079417,0.0,168.845560079417,0.0,0.0,0.0,-0.0355739999999999,-0.0177869999999999,0.0,0.0177869999999999,0.0,0.0,7.840950111415168e-16,-6.661338147750939e-16,-1.5096364272735006,-0.7548182136367496,6.661338147750939e-16,0.7548182136367503,0.0,0.0,0.0,2.4424906541753444e-14,-8.200369032673468,-4.100184516336757,-2.5757174171303632e-14,4.100184516336733,0.0,0.0,0.0,2.25,0.0,-0.75,-0.3214285714285714,0.0,2.25,0.0,0.0,0.0,0.25,-0.0833333333333333,0.0,0.0,-2.0833333333333335,-0.8928571428571429,0.0,6.25,0.0,0.0,0.0,56.281853359805666,0.0,-18.760617786601888,-8.040264765686524,0.0,56.281853359805666,0.0,0.0,0.0,0.9166666666666669,1.0476190476190477,0.9166666666666669,0.0,0.0,0.0,0.0,1.0476190476190477,0.9166666666666666,0.0,0.0,0.9166666666666669,1.2222222222222223,0.9166666666666669,0.0,0.0,1.0476190476190477,0.9166666666666666,0.0,0.0,0.0,0.9166666666666666,0.0,0.0,0.0,1.0476190476190477,0.9166666666666669,3.303000000000003,2.7009999999999983,2.303,1.700999999999999,6.303000000000006,20.882526276115545,20.280526276115545,3.0490000000000013,2.446999999999998,1.9729999999999992,1.370999999999999,2.0,0.0,0.0,0.0,0.0,0.0,0.0,0.0,0.0,0.699638622754491,0.0,0.0,0.0,0.0,0.0,0.0,0.0,0.0,0.0,0.0,0.0,0.0,0.0,0.0,0.0,0.0,0.0,0.0,0.0,0.0,0.0,0.0,0.0,0.0,0.0,0.0,0.0,2.0,0.0,0.0,0.0,0.0,0.0,0.0,0.0,0.0,36.0,1.5,0.0,3.0,0.7142857142857143,6.0,0.0,1.0,1.0,2.584962500721156,2.584962500721156,6.509499999999999,6.509499999999999,21.0,0.0,0.0,0.0,0.0,0.0,0.0,36.39820241076966,0.0,0.0,0.0,0.0,0.0,0.0,0.0,0.0,0.0,0.0,0.0,0.0,0.0,0.0,0.0,0.0,0.0,0.0,0.0,0.0,0.0,0.0,0.0,36.39820241076966,0.0,0.0,0.0,0.0,0.0,0.0,0.0,9.125465128398089,0.0,0.0,0.0,0.0,1.96875,0.0,0.0,0.0,0.0,1.6866,0.0,0.0
hydrazine,0.0,2.0,1.0,1.4142135623730951,0.0,0.0,2.0,2.0,0.0,0.0,0.0,102.0,77.0,4.198451619396,3.0,1.8,0.0,0.0,0.0,1.0,6.0,1.0,0.0,0.0,0.0,17.0,15.4,5.0,1.0,0.0,0.0,0.0,0.0,101.82722069451464,0.0,0.0,7.879521333333332,8.663405599999999,6.718464,0.0,0.6997419365659999,0.2254562912302299,-6.0,4.0,0.0,0.0,0.0,0.0,0.0,0.0,0.0,0.0,0.0,0.0,0.0,0.0,-4.0,-6.0,4.0,0.0,0.0,0.0,0.0,48.0,-16.0,-24.0,16.0,0.0,0.0,0.0,0.0,0.0,-44.65136348949598,-66.97704523424399,44.65136348949597,0.0,0.0,0.0,0.0,0.0,-0.2416026666666665,0.1610684444444446,0.0,0.0,0.0,0.0,-0.336399999999999,-0.0834081354884446,-0.1251122032326667,0.0834081354884446,0.0,0.0,0.0,0.0,0.0,-0.3890906762884451,-0.5836360144326677,0.3890906762884451,0.0,0.0,0.0,0.0,0.0,2.0,-0.8,-1.0,1.0,0.0,0.0,0.0,0.0,0.0,2.0,-1.0,0.0,0.0,-4.0,4.0,0.0,0.0,0.0,0.0,0.0,22.325681744747996,-8.930272697899195,-11.162840872373998,11.162840872373993,0.0,0.0,0.0,0.0,0.0,1.4999999999999998,0.0,0.0,0.0,0.0,0.0,0.0,0.0,0.0,0.0,0.0,0.0,0.0,1.5,0.0,0.0,0.0,0.0,0.0,0.0,0.0,1.5,0.0,0.0,0.0,0.0,1.5000000000000002,3.11,2.89,4.11,3.89,7.11,15.70853112384892,15.488531123848922,3.304,3.084,1.21,0.99,1.0,0.2857142857142858,0.0,0.0,0.0,0.0,0.0,0.0,0.0,0.4857457085828344,0.0,0.0,0.0,0.0,0.0,0.0,0.0,0.0,0.0,0.0,0.0,0.0,0.0,0.0,0.0,0.0,0.0,8.0,0.0,0.0,0.0,0.0,0.0,0.0,0.0,0.0,0.0,0.0,0.0,0.0,0.0,0.0,0.0,0.0,0.0,0.0,2.0,0.25,0.0,-0.5,0.3636363636363636,1.02,2.0,0.9182958340544896,0.9182958340544896,1.6666666666666663,1.6666666666666663,7.793284716351695,7.793284716351695,8.956391671955146,0.0,0.0,11.685340540532478,0.0,0.0,0.0,0.0,0.0,0.0,0.0,0.0,0.0,0.0,0.0,0.0,11.685340540532478,0.0,0.0,11.685340540532478,0.0,0.0,0.0,0.0,0.0,0.0,0.0,0.0,0.0,0.0,0.0,0.0,11.685340540532478,0.0,0.0,0.0,8.0,0.0,0.0,0.0,0.0,0.0,0.0,0.0,0.0,0.0,0.0,0.0,0.0,-1.1812,0.0,0.0
nitric acid,0.0,3.4641016151377544,1.7320508075688772,5.5836291546125985,0.0,0.0,4.0,1.0,3.0,0.0,0.0,242.0,176.0,3.5842249048490005,25.2,18.0,0.0,0.0,0.0,2.6,30.555555555555554,7.5,0.0,0.0,0.0,48.4,44.0,49.75,8.0,0.0,0.0,0.0,0.0,184.714049709137,0.0,0.0,11.395049599999998,11.120949,9.471168,0.0,0.7168449809698001,0.2809082286171871,8.439999999999998,-18.479999999999997,0.0,0.0,0.0,0.0,0.0,-0.1600000000000001,0.3199999999999998,0.0,0.0,0.0,0.0,0.0,-25.58222222222222,25.862222222222226,-20.65777777777778,0.0,0.0,0.0,0.0,37.2,-5.760000000000002,4.439999999999998,-17.279999999999998,0.0,0.0,0.0,0.0,0.0,0.2099261181208196,-10.834896543895422,-24.69248969345693,0.0,0.0,0.0,0.0,0.0,0.3958606400000001,-0.4612268800000001,0.0,0.0,0.0,0.0,-0.4172760000000001,-0.0204649880339599,-0.04135174843396,0.01092442612832,0.0,0.0,0.0,0.0,0.0,-0.3606190461499595,-0.0501053944399607,0.0713194273403198,0.0,0.0,0.0,0.0,0.0,5.84,-1.14,2.109999999999999,-9.239999999999998,0.0,0.0,0.0,0.0,0.0,8.151111111111112,6.465555555555556,0.0,0.0,1.1099999999999994,-8.639999999999999,0.0,0.0,0.0,0.0,0.0,14.126984047692613,0.0524815295302049,-2.7087241359738554,-12.346244846728466,0.0,0.0,0.0,0.0,0.0,1.8564670659690736,0.941845916949079,0.0,0.0,0.0,0.0,0.0,2.910958904109589,0.0,0.0,0.0,1.8749999999999991,0.6249999999999998,1.3781352235550706,0.0,0.0,2.6344086021505375,0.0,0.0,0.0,0.0,0.6074510508579373,0.0,0.0,0.0,0.3592081539826532,1.8545890187672167,7.004117144133466,3.9627410197170247,8.001935936443509,1.6537315186571426,8.06580227424768,15.669833069918427,14.640621528130104,3.773561486029532,3.07615093361964,1.2522660157982588,0.6514376545573466,2.3237900077244498,0.8928571428571429,1.0,0.0,0.0,0.0,0.0,0.0,0.0345032779671177,0.4997356886227545,0.0,0.0,0.0,0.0,0.0,0.0,0.0,0.0,0.0,0.0,1.0,0.0,0.0,0.0,0.0,0.0,0.0,0.0,0.0,0.0,0.0,0.0,0.0,0.0,0.0,0.0,0.0,0.0,0.0,0.0,0.0,0.0,8.36111111111111,0.0,0.0,0.0,9.0,0.9375,0.0,-0.75,0.2545454545454545,3.04,2.0,1.3709505944546687,2.321928094887362,0.0,0.0,14.047177593585827,29.261866623008498,14.860339807279118,0.0,5.20725302477729,0.0,0.0,0.0,10.114318268765572,0.0,0.0,0.0,0.0,0.0,0.0,0.0,5.086619042932543,10.293872067709833,0.0,0.0,0.0,0.0,0.0,10.114318268765572,0.0,0.0,0.0,5.086619042932543,0.0,0.0,0.0,0.0,0.0,0.0,0.0,0.0,13.63888888888889,0.0,0.0,0.0,0.0,0.0,0.0,0.0,1.5000000000000004,0.0,0.0,0.0,0.0,0.0,0.0,-0.3477,0.0,0.0
tetrachloroethylene,0.0,6.0,2.0000000000000004,11.530009778701585,0.0,0.0,4.0,0.0,0.0,0.0,4.0,1228.0,444.0,24.58740000000001,5.736625514403291,5.688888888888889,0.6049382716049383,0.0,0.0,3.6666666666666665,2.133160595437688,1.810852004267642,0.0,0.0,0.0,204.66666666666663,88.8,164.33333333333334,289.0,0.0,0.0,0.0,0.0,477.15293952517055,0.0,0.0,10.563922000000002,9.1419832,12.075625,0.0,4.097900000000001,0.0558490888538485,-6.9218106995884785,4.614540466392321,0.0,0.0,0.0,0.0,0.0,-2.666666666666667,1.7777777777777783,0.0,0.0,0.0,0.0,0.0,-0.0457924774339954,-0.0686887161509932,0.0457924774339954,0.0,0.0,0.0,0.0,161.33333333333331,-53.77777777777776,-80.66666666666667,53.77777777777776,0.0,0.0,0.0,0.0,0.0,-1.5537975305737426,-2.330696295860596,1.5537975305737424,0.0,0.0,0.0,0.0,0.0,-0.354294,0.2361960000000006,0.0,0.0,0.0,0.0,-0.0483999999999998,-0.1156000000000005,-0.1734000000000001,0.1156000000000005,0.0,0.0,0.0,0.0,0.0,-1.295544768400001,-1.9433171525999977,1.295544768400001,0.0,0.0,0.0,0.0,0.0,2.307270233196159,-0.9229080932784642,-1.1536351165980798,1.1536351165980805,0.0,0.0,0.0,0.0,0.0,0.0228962387169977,-0.0114481193584988,0.0,0.0,-13.444444444444445,13.44444444444444,0.0,0.0,0.0,0.0,0.0,0.7768987652868654,-0.3107595061147485,-0.3884493826434327,0.3884493826434356,0.0,0.0,0.0,0.0,0.0,1.4999999999999998,0.0,0.0,0.0,0.0,0.0,0.0,0.0,0.0,0.0,0.0,1.4999999999999998,1.2499999999999998,1.5,0.0,0.0,0.0,0.0,0.0,0.0,0.0,1.5,0.0,0.0,0.0,0.0,1.5000000000000002,4.207191775429614,0.7689382805325103,1.910525613155746,1.2398951360847414,17.00528055161384,22.46690125240804,20.36810330416206,3.5208656665930977,2.5210644214213884,2.2481624686319286,1.4379353223586,2.9934972434784735,2.5882352941176467,1.0,0.0,0.0,0.0,0.0,0.0,0.6428571428571428,1.2035928143712578,0.0,0.0,0.0,0.0,0.0,0.0,0.0,0.0,0.0,0.0,0.0,0.0,0.0,0.0,0.0,0.0,0.0,0.0,0.0,0.0,0.0,0.0,0.0,0.0,0.0,0.0,0.0,0.0,0.0,0.0,0.0,0.0,0.0,0.0,0.0,4.993827160493827,24.0,0.75,0.0,-2.5,0.5555555555555556,5.04,0.0,0.9182958340544896,0.9182958340544896,1.6666666666666663,1.6666666666666663,20.171445224098704,20.171445224098704,32.85815003557704,0.0,0.0,0.0,0.0,0.0,0.0,46.40375956093006,0.0,0.0,0.0,8.982936348315857,0.0,0.0,0.0,0.0,0.0,0.0,0.0,0.0,0.0,0.0,0.0,0.0,0.0,0.0,8.982936348315857,0.0,0.0,0.0,0.0,0.0,0.0,-0.1975308641975297,0.0,0.0,0.0,0.0,0.0,0.0,0.0,0.0,0.0,0.0,0.6454890085287226,0.0,0.0,0.0,0.0,3.0682,0.0,0.0
123-trichlorobenzene,0.0,10.891330678669734,2.263820977852395,26.62309328200856,6.0,0.0,3.0,0.0,0.0,0.0,3.0,1086.0,540.0,32.324438714547,6.401234567901234,6.9444444444444455,2.5126396237507347,0.0,0.0,3.75,2.397157445511355,2.106226547927508,1.7723035106437024,0.0,0.0,90.5,45.0,48.0,65.23809523809524,56.833333333333336,0.0,0.0,0.0,345.52212658567015,0.0,0.0,8.46878025,7.935253499999999,8.48495323809524,8.733569583333333,2.69370322621225,0.052730910459998,-14.240740740740746,-8.484567901234565,-1.4691358024691326,6.805555555555559,0.0,0.0,0.0,-3.875,-2.4375,0.0,1.6875,0.0,0.0,0.0,-0.1172839506172839,-0.8251600365797898,-0.2355490778844688,0.1130925163846974,0.2375685871056242,0.0,0.0,411.0,0.0,-13.5,121.25,-128.0,-185.25,0.0,0.0,0.0,-5.684341886080803e-14,-64.69291538830495,110.01977967112131,-142.36623736527363,-181.2028983537581,0.0,0.0,0.0,-0.1239843750000005,0.3278523125000001,-0.3898444999999996,-0.5227745624999998,0.0,0.0,-2.0383000842727486e-17,7.2164496600635185e-16,-0.0912199293183741,1.0992877477653125,-1.144897712424501,-1.6717366039775634,0.0,0.0,0.0,-1.0769163338864018e-14,-6.1371944226483786,-2.8696346908396784,-0.1989625204844887,2.7701534305974396,0.0,0.0,0.0,2.62037037037037,0.1388888888888884,-0.7911522633744859,-0.4040270429159316,-0.1224279835390943,2.2685185185185195,0.0,0.0,0.0,0.1378886602652035,-0.0458422242544327,0.0094243763653914,0.0,-0.75,5.773809523809524,-10.666666666666666,-61.75,0.0,0.0,0.0,46.37371190603591,-4.736951571734001e-15,-3.5940508549058308,5.239037127196253,-11.863853113772803,-60.40096611791936,0.0,0.0,0.0,1.0929783122111247,0.7491836441433187,0.76629267380774,2.2089110500721207,0.0,0.0,0.0,1.0555368594237855,0.9508572176416702,0.1058107577542206,0.0,0.9444444444444444,1.2592592592592593,0.9781577432354636,0.0,0.0,0.8844861545591473,1.6303730738037303,3.4257907542579074,0.0,0.0,0.5648984479721788,2.8141457495559026,0.0,0.0,0.8818224550597591,0.895412095090322,4.226352729644573,0.7728446855385606,2.23891624944531,1.2726908074914605,17.003162842419545,22.45885546989649,20.277743629409965,3.501069654163387,2.441047053412961,2.222541912521921,1.3633927964754693,2.4133248481963467,1.941176470588235,0.0,0.0,0.0,0.0,0.0,0.2041241452319315,0.4690635127324488,0.926166616766467,0.0,0.0,0.0,0.0,3.0,0.0,0.0,0.0,0.0,0.0,0.0,0.0,0.0,0.0,0.0,0.0,1.397376543209878,0.0,0.0,0.0,0.0,0.0,0.0,0.0,0.0,0.0,0.0,1.746574074074074,0.4899691358024696,0.0,0.0,0.0,0.0,0.0,0.0,5.613765432098765,63.0,1.4166666666666667,1.5,2.25,0.6153846153846154,9.03,0.0,1.5,2.0,1.584962500721156,0.0,24.236,30.2415,45.0,0.0,0.0,0.0,0.0,0.0,0.0,40.86918673915916,12.13273413692322,0.0,15.067899941223978,0.0,0.0,0.0,0.0,0.0,0.0,0.0,0.0,0.0,0.0,0.0,15.067899941223978,0.0,0.0,0.0,0.0,15.067899941223978,0.0,0.0,18.19910120538483,0.0,0.0,0.0,1.397376543209878,0.0,0.0,0.0,0.0,2.381101577952299,4.585756412345815,0.0,0.0,0.0,1.349905943334172,0.0,0.0,0.0,0.0,3.6468000000000007,0.0,0.0
trichloroethylene,0.0,5.226251859505506,1.847759065022574,8.629874180987336,0.0,0.0,3.0,0.0,0.0,0.0,3.0,940.0,348.0,20.279612904849003,4.469135802469135,4.111111111111111,0.3024691358024691,0.0,0.0,2.8333333333333335,2.2017222984301177,1.5782655083066603,0.0,0.0,0.0,156.66666666666666,69.6,103.0,153.0,0.0,0.0,0.0,0.0,398.3384038614771,0.0,0.0,9.671061833333336,8.657039600000001,10.5414125,0.0,3.3799354841415004,0.0390578623259137,-6.135802469135803,3.6296296296296298,0.0,0.0,0.0,0.0,0.0,-1.5,1.0,0.0,0.0,0.0,0.0,0.0,-0.2318625209571708,-0.177030940405426,0.1165980795610422,0.0,0.0,0.0,0.0,257.3333333333333,-21.777777777777786,-64.66666666666667,-42.222222222222214,0.0,0.0,0.0,0.0,0.0,-2.4517989691871978,-39.26925779509922,-68.73131971344966,0.0,0.0,0.0,0.0,0.0,-0.2696731666666667,-0.0801142222222223,0.0,0.0,0.0,0.0,-0.0132249999999999,-0.0077086351346945,-0.2977873808081668,-0.5647402210775556,0.0,0.0,0.0,0.0,0.0,-1.5459328993802453,-2.368639979191497,1.4464516391379951,0.0,0.0,0.0,0.0,0.0,2.049382716049383,-0.7283950617283951,-1.0226337448559673,0.9074074074074074,0.0,0.0,0.0,0.0,0.0,0.0974317939338515,-0.0295051567342376,0.0,0.0,-10.77777777777778,-10.555555555555554,0.0,0.0,0.0,0.0,0.0,36.81745882591203,-0.4903597938374395,-6.544876299183204,-17.182829928362416,0.0,0.0,0.0,0.0,0.0,1.2125633545214212,0.7142807948711636,0.0,0.0,0.0,0.0,0.0,0.0614959839357429,0.0,0.0,0.0,1.5714285714285716,1.190476190476191,1.4927649589362535,0.0,0.0,1.2435233160621764,0.0,0.0,0.0,0.0,0.5332966892253524,0.0,0.0,0.0,1.6445214295265544,1.439540291627809,4.045830315553335,0.7699386156000677,2.112739978208544,1.2719376284080166,17.003957872881905,22.464098593275427,20.37092761930775,3.5131117190951797,2.5270844928823544,2.2364662087914327,1.445544056283533,2.5395388613593908,1.941176470588235,1.0,0.0,0.0,0.0,0.0,0.0,0.3711537444790451,1.052574151696607,0.0,0.0,1.0,0.0,0.0,0.0,0.0,0.0,0.0,0.0,0.0,0.0,0.0,0.0,0.0,0.0,0.0,0.0,0.0,0.0,0.0,0.0,0.0,0.0,0.0,0.0,0.0,0.0,0.0,0.0,0.0,0.0,0.0,0.0,0.0,4.9567901234567895,19.0,0.75,0.0,-1.75,0.5655526992287918,4.03,0.0,1.4591479170272448,1.792481250360578,0.792481250360578,0.3333333333333335,24.50643523217509,28.510101898841757,31.10075208489584,0.0,0.0,0.0,0.0,0.0,0.0,34.802819670697545,0.0,5.535201928878213,0.0,4.491468174157928,0.0,0.0,0.0,0.0,0.0,0.0,0.0,0.0,0.0,0.0,0.0,0.0,0.0,0.0,4.491468174157928,0.0,5.535201928878213,0.0,0.0,0.0,0.0,0.0895061728395067,0.0,1.08641975308642,0.0,0.0,0.0,0.0,1.0,0.0,0.0,0.0,0.743838355587937,0.0,0.0,0.0,0.0,2.5017000000000005,0.0,0.0
aldrin,0.0,23.28463921033144,2.823653831852401,95.8965433453448,0.0,4.0,6.0,0.0,0.0,0.0,6.0,2174.0,1200.0,65.53810323879199,5.447293447293447,6.505747126436782,2.459564433347205,0.0,0.0,4.923076923076923,1.7872799497027891,1.6628986571997624,1.6308578468729362,1.345679012345679,0.0,83.61538461538461,41.37931034482759,45.03333333333333,56.39325842696629,55.2,23.727272727272727,17.0,0.0,321.3345587276133,154.83477734004234,125.1611140567369,8.334140538461538,7.838030896551725,8.171087943820224,8.267123826666666,2.5206962784150764,0.1501888272177285,-5.9751625392651135,-46.79348381912484,13.25516838337352,-30.403681788297177,18.821389436774055,3.2303309226386157,0.0,-2.7988165680473447,-25.0887573964497,-4.786982248520703,-6.79289940828402,13.207100591715978,1.7041420118343198,0.0,0.0619654314900036,-0.6135471145165673,-1.190277121104717,1.1649036404150768,-0.0355856486554495,-0.3798676383849695,-0.0235682779901677,900.0,3.0,140.0,938.0,619.0,-942.0,-1088.0,-120.0,0.0,52.547836914519785,23.27739456849508,559.3529764969057,1089.7390252937523,-1058.1497140079114,-1219.039929313986,-131.01808374378663,0.0,0.4312618047337303,2.726949644970415,1.7801691597633131,-3.057996863905328,-3.089235325443789,-0.3342974911242606,0.0007828402366862,0.1094278380636226,0.7983492794512745,7.079795719286971,7.124970811635686,-8.01475254124283,-10.290889677373446,-1.138711270941586,0.0,3.719164705772304,-4.924415239158295,-24.63223045747833,12.075377481036211,-11.231515089568806,9.042699115146725,1.454721935434514,0.0,2.495945649791804,0.531660205400258,-0.0995860423210852,-0.5257694811137622,0.1767355784449802,-0.6334100372561912,0.855517701671548,1.6151654613193078,0.0,0.0781520560574454,-0.0102257852419427,0.0155320485388676,-0.0172667108356804,2.3333333333333335,10.539325842696629,8.253333333333334,-19.625,-49.45454545454545,-60.0,0.0,52.56080721477012,1.8119943763627513,0.3879565761415847,6.284864904459615,14.529853670583364,-22.044785708498154,-55.410905877908455,0.0,-1.449262366614183,1.1344037158134366,1.043086329106655,0.7943054723356134,0.7609586130353284,1.2677199438703084,1.70885849388643,0.0,1.1582854932958178,0.8945181022624169,1.1679078130945066,0.461985514997193,0.974512743628186,1.2037037037037035,0.9530246547373352,1.089427587935963,0.7350929910304158,0.6279650436953808,0.8711111111111111,1.7766203703703705,3.093434343434343,3.5555555555555554,0.5746771885741526,1.478074371925878,2.3210011599430005,2.869584456148447,0.7217352134858229,0.9102439901260636,4.264085896565135,0.7701244650695657,2.2124082382003105,1.0321979762400044,17.006638332599767,22.46570004212476,20.310595275796572,3.5141190617990117,2.4735866087206695,2.238307246322263,1.3955361747600632,1.9541132662721912,3.88235294117647,2.0,0.0,0.0,2.0,6.0,2.7480803129617986,2.756884061839072,0.8856366651312761,0.0,1.0,2.0,4.0,0.0,0.0,3.0,0.0,0.0,0.0,0.0,0.0,0.0,1.0381635802469136,0.8151543209876535,0.0,0.0,0.0,0.0,0.0,0.0,0.0,0.0,0.0,0.0,0.0,1.0381635802469136,0.0,0.0,-1.0641435185185184,0.0,0.0,0.0,0.0,0.0,6.761998456790122,198.0,0.7777777777777778,0.0,-10.0,0.6153846153846152,135.06,0.0,1.5262349099495227,3.2577560641285177,1.442683654012574,0.6923076923076916,24.018784266284385,47.037169465437586,60.67563406393376,1.0,0.0,0.0,0.0,0.0,23.20187978046503,58.55579977459783,30.09244580757158,0.0,10.064572704227194,9.748344582882218,4.33335411348544,0.0,0.0,0.0,23.671624184645573,0.0,0.0,0.0,0.0,23.671624184645573,0.0,0.0,0.0,14.081698696367658,11.835812092322788,21.900384796549982,6.4208216229260096,0.0,0.0,0.0,12.152040213667762,-1.3655246913580248,0.6537654320987669,0.0,0.8151543209876535,5.396980347694634,0.0,1.8898815748423097,7.770719946840625,2.5568829400865973,0.0,0.0,1.461942310051074,0.0,0.0,1.0,0.0,5.270200000000001,0.0,3.713572066704308
azinphosMethyl,0.0,24.35009059135281,2.4079404103806805,131.9687854724997,10.0,0.0,9.0,3.0,3.0,2.0,0.0,1448.0,1508.0,68.78086685818798,8.845081640780565,7.116898148148149,5.959595959595959,3.3513513513513513,2.477477477477477,3.4838709677419355,4.654225420495498,3.4338945005611676,3.426179170623616,3.209125792459126,3.5146813480146815,46.70967741935484,47.125,39.471698113207545,35.4,26.96923076923077,24.12280701754386,28.62162162162162,22.27027027027027,250.8909842426617,157.56346553272724,213.6885904145376,8.080635709677422,8.012048250000003,7.98092690909091,8.421695384615385,2.218737640586709,0.5662201447772756,19.11406585218587,29.380943204737857,-84.89956449685899,-17.952171734689937,74.85729885278964,-42.22764352975938,-99.58128749630654,0.6441207075962525,-11.244536940686784,0.2476586888657643,0.317377731529656,4.866805411030177,-7.278876170655568,-7.85952133194589,-1.790614625000852,-5.369485534060328,11.3971066534647,-19.24785332232324,-15.582257689820706,26.682328291162065,2.245815227019434,580.3870967741934,250.43912591051003,226.56399583766913,-222.20291363163375,-702.3922996878251,3.3038501560874276,404.48178980228926,-79.78459937565037,-261.8813735691988,-29.352383922279824,626.3806444676611,-340.1864099459114,-1175.5581998721157,-774.8949290623754,1655.1114984225217,-85.22256084914628,-272.09588355836587,0.6646846701352765,0.2087042882414148,-2.403138556711755,-0.3740629396462013,2.4355120031217465,-0.5438983714880332,-0.2285368366285129,3.407941399361353,3.769466948545575,-10.62283164249056,-10.407274339184012,-3.1498808472200728,10.74684855416722,-0.6647955979401657,-0.4892670339728777,1.1048050130750595,7.9961204406805875,-29.888458792574397,-23.752955710658743,-22.3548841411957,39.30574246829226,2.001490673385986,15.34953224620076,4.7295641114579725,1.2651466611425854,0.3606427519280353,0.5341989673588702,-1.306147146105523,-0.3740035778060404,1.3132859447857832,-1.14128766296647,-2.6913861485488253,1.5343102654175873,-0.101311047812459,-0.2961208203434344,0.4681110226519661,4.274792374295644,-4.040052975120614,-10.806035379812696,0.0688302115851547,7.096171750917355,-2.156340523666226,-7.077874961329697,52.25199631550948,-0.9172619975712444,11.818502725804926,-6.185207453562025,-18.08551076726332,-16.143644355466154,29.037043831974064,-7.353942798874753,-0.1374662563854482,1.6041784908676011,1.2155929054935868,1.1404250095129784,1.1944107778474224,0.6426185743801771,1.0291611595186825,1.174518365303738,0.791179778027673,1.4101949811136725,1.001131659577242,0.7691139262945739,0.85743400621118,1.00814484940818,0.6794575240533284,0.7177721071546537,0.8629366483433163,1.2842525971138692,1.8648031603789723,0.7651143563806139,0.6034992160258362,1.1001511182147024,0.8921853742029874,1.1837554542244713,0.4808911133390636,0.600018198370983,1.6835098644724429,1.076770421103158,6.022428091563833,0.3696839847863915,7.008278290587191,0.2391195341010767,16.052530608996936,24.663301348488087,14.702322103675844,3.704713526616514,2.4007237612946737,3.7044015310867566,0.7477634317020477,1.87290282395519,3.0285714285714285,2.0,1.0,0.0,0.0,0.0,0.2804447732846613,2.443962960683576,0.7695096774193552,2.0,1.0,0.0,0.0,0.0,2.0,0.0,0.0,2.0,0.0,0.0,2.0,0.0,0.2456601158982112,0.0,0.0,0.0,0.0,0.0,0.0,-2.404323655902691,0.0,5.2086810804568735,0.0,0.0,1.4921841668766271,0.2456601158982112,1.8107026241566584,0.0,0.0,0.0,0.0,12.165822625346436,5.139153439153439,0.0,0.0,306.0,1.263157894736842,0.5,-1.0,0.5758754863813231,58.09,8.0,2.12359611806899,3.5348414716771974,1.4193548387096775,0.7583798388492555,29.772754170713764,44.76648463121573,37.832037904788464,1.0,9.047494323423637,4.794537184071822,0.0,4.681802935145184,5.098681808301038,17.34611923257809,35.32131502167503,14.219595082555069,5.386224214464796,11.393489107349618,0.0,5.693537600778055,5.559266895052007,9.047494323423637,0.0,14.219595082555069,0.0,5.559266895052007,26.73113880179564,0.0,0.0,0.0,0.0,5.693537600778055,11.436055284785365,10.902924932081056,0.0,30.283122813813417,18.19910120538483,6.06636706846161,10.312066903955904,11.534348544973543,8.391357079868985,-2.030692336090815,0.2456601158982112,0.0,2.9843683337532543,4.114023331641588,6.5518534855222414,0.0,0.0,1.4142135623730951,1.0636639151532754,1.0,1.0,1.0,5.0,1.9995,0.0,0.0
chlorfenvinphos,0.0,23.640856325908203,2.375187389846419,115.53173759357944,6.0,0.0,8.0,0.0,4.0,0.0,3.0,1794.0,1374.0,69.69829666788598,7.533042846768336,5.143790849673202,4.605902777777779,1.5635635635635634,0.6599326599326599,3.176470588235294,4.261495344594171,2.8205536265432096,3.935149579857128,2.270880448349584,1.904227459783015,52.76470588235294,40.411764705882355,32.26315789473684,33.0625,41.80327868852459,29.84375,23.14864864864865,17.772727272727273,249.7537783202449,208.6381105555463,165.59484465230148,8.250107411764706,7.957057352941177,8.19389421875,8.70796337704918,2.0499499019966465,0.7460343249404483,106.5108291682686,23.270921440471614,-72.37592378999531,-150.73945918236578,-41.316587637233546,-8.5203981374685,12.268358323721635,8.134948096885816,-3.8546712802768144,-9.128027681660898,-5.993079584775086,-9.501730103806228,-3.4532871972318353,2.1314878892733526,-17.30174375991823,39.21265367328646,-3.3415691258347926,-10.424814706370189,-44.648551675874906,0.6500000955894869,-6.665127774798021,798.235294117647,91.41176470588238,115.19377162629758,-57.61937716262976,-203.9515570934257,-69.64013840830457,-9.266435986159186,189.4290657439447,-103.22145328719714,-130.3100757686748,426.4598564884433,841.4900359561228,-299.3846740179548,-57.504841377198005,-672.9988881595929,-178.52247806681856,-418.0930254051373,3.4317494325259505,-1.0955841314878891,-2.768267141868509,-3.5843515916954973,1.7268964567474046,-0.4536556262975795,-1.7772941176470591,-5.4535871221176455,6.0438510856642464,2.132072175462522,-4.13164725359851,6.0201333069849685,-6.346564074016593,2.5213895073148342,-4.634263169594358,-13.79741964189536,12.910942143100902,8.492402610418246,-15.542584183015242,19.178280645753176,-19.666314280920865,-8.907937761589642,-2.025017233752035,4.3259002947584255,0.2101755734973729,1.8686110380398,0.363608147507369,-1.186490553934349,-2.249842674363668,-0.6455716818317742,-0.1151405153711959,0.1858842170260853,1.3998820837743633,0.6879412925137975,-0.1708986017437735,0.0101562514935857,2.0209433618648696,-0.90030276816609,-3.3434681490725517,-1.0394050508702175,-0.1447880622837372,2.5598522397830363,-1.563961413442381,54.06161059617284,-3.832649287313965,7.481751868218304,13.14828181181442,-4.907945475704177,-0.8582812145850448,-10.51560762749364,-6.334742809168747,-0.0422694604957614,2.235728212854557,1.670292531158991,2.183812775812885,1.6507388967203225,0.6210757614706238,0.4774502675411357,0.1329809495602098,1.0358784809657828,1.594679598165178,1.899076311524882,1.029083422826248,1.0039682539682535,0.8331940963519908,1.0122606846718156,0.9352578126684564,0.7444165552421484,1.056138310611643,1.2297310847216014,0.9844757421441064,0.8523391442520266,0.7888346710749069,0.9619411850309106,0.8434524089706986,1.133901625734204,0.6717881714624672,1.250102526043346,1.540196530385786,6.018180338536314,0.5419682147343111,7.006605135859224,0.29578091038688,17.003147934173008,24.436652901192556,14.704323672624795,3.7235281413449135,2.4318514755972,3.65603116322822,0.7726812503206465,2.68613058576479,3.541176470588235,2.0,1.0,4.0,0.0,0.0,0.1753664735538736,0.8488883745993008,0.7529605847129273,2.0,2.0,1.0,0.0,3.0,0.0,0.0,0.0,0.0,0.0,0.0,3.0,0.0,0.3357013206517181,0.0,0.0,1.2084409381036378,0.0,0.0,0.0,-3.733513125157472,0.0,0.0,0.0,0.0,1.674982236500695,0.1678506603258591,1.6099214222726128,0.4633995233896033,0.0,0.0,0.0,12.29876557207245,5.287574640967498,0.0,6.050759199770442,300.0,1.1,1.0,-3.0,0.5535983895319577,20.08,4.0,1.879303828908463,3.3601376661562052,1.727325175094134,0.8679345589507923,28.303236523196716,42.8828017828752,47.80447839109253,0.0,4.5237471617118175,9.047494323423637,4.565048284931329,0.0,0.0,34.802819670697545,32.046575604766076,16.121286734316534,18.23639724276716,0.0,5.759164871656176,0.0,0.0,18.13628977006678,0.0,13.213763929025836,0.0,0.0,18.13628977006678,0.0,10.045266627482652,0.0,0.0,7.822697123132171,18.972928800682013,15.608718119179647,5.535201928878213,6.06636706846161,25.980208536304467,0.0,0.0,27.64589406441589,0.7726096518854464,1.546752015621064,0.0820061728395067,0.0,-3.733513125157472,3.545564979991046,8.867213815287254,0.0,0.0,0.0,1.1832017786626958,0.0,0.0,0.0,7.0,5.7283000000000035,0.0,0.0
diazinon,0.0,21.93847049961279,2.3600877527142217,104.2581075624456,6.0,0.0,7.0,2.0,3.0,1.0,0.0,1224.0,1326.0,68.740183001829,5.943827160493828,4.70925925925926,3.3190883190883187,0.758169934640523,0.3466666666666667,2.775,2.9034667447797595,2.517687559354226,2.888055425326874,1.9598765432098764,2.125925925925926,30.6,33.15,24.64788732394366,22.53846153846154,23.81012658227848,18.095238095238095,11.647058823529411,10.333333333333334,201.6079151227804,168.1051162024824,123.07840564907896,7.67753575,7.749630825000006,7.805760743589742,8.045847898734175,1.7185045750457248,0.7016227204295189,92.868487654321,10.371049382716045,-54.658302469135805,-157.77799382716051,-35.85259259259258,-35.064259259259245,-123.8087962962963,8.319374999999999,0.1987499999999966,-8.900625000000003,-14.826875000000005,-9.322500000000002,-8.03625,-14.428125,-9.574629200960215,19.856765826236476,-7.139621068148909,5.070987124437968,-19.185280605805133,-4.2618339191815275,1.6758427997828034,567.9,212.25000000000009,318.52749999999986,72.795,-241.40249999999992,-436.2574999999999,-200.44,-135.94499999999994,-384.3125,-187.12611335811465,481.98974894065384,649.5586711713449,139.61308710943445,-1042.4646250473063,-1394.53448664571,365.08185264249835,-1052.923678882892,3.419312497499994,-1.0617991950000023,-0.3552140725000052,-3.207386867500005,0.1039466399999994,-0.4458077049999972,-1.1060699999999968,-1.5384600702000029,2.3252964475874487,3.181583361433687,-2.93283206847696,-3.0970236743257216,-6.565602885743729,-2.352146085282773,-4.5283970050475775,-22.021540832076376,-5.612400710942655,2.3402316725189305,24.627705933002662,-8.84895699730223,-25.52768663305686,9.56856099857189,-9.551726459168943,3.968240740740741,1.347638888888889,1.3080068683707182,0.1329621715732826,-0.691877246444757,-2.0490648548981887,-0.426816578483245,-0.3437672476397965,-1.650783950617284,0.6202431448616827,0.2796727581160067,0.0641897104359236,-0.0507361180854943,4.486302816901406,0.9332692307692309,-3.055727848101265,-5.665681818181817,-2.386190476190476,-1.332794117647058,-5.1241666666666665,52.633085351340426,-4.678152833952867,6.788588013248646,8.327675271427498,1.767254267208031,-13.53850162399099,-16.60160103149655,-14.038982385105228,-0.0504205194019843,2.0888424328884163,1.7963493306844047,1.616198253318508,1.8677461362239045,1.025894493362033,0.6968643537420365,0.6893832485012121,1.206492910531924,1.559906465511003,1.9245382333092624,1.0295492651642173,1.0370177267987486,0.96226997018608,1.3534860673846616,1.0635201891507704,0.8494726860947031,1.0670892762810351,1.6951192601657004,1.6352453674165244,1.1179973838452444,1.1620728587261635,1.2072461878918097,1.2676716649304496,1.3348642085326117,0.91125720918656,1.1730190974654662,1.624476792164048,6.011229194646488,0.39056330127311,3.516961947208388,0.2599429566598368,16.04247300387093,24.640579946098896,14.707364685656186,3.6947385887469832,2.409820069170246,3.6958856341054176,0.781247503039164,2.616727737509665,2.2607142857142857,1.0,0.0,7.0,0.0,1.0,0.1554376142423653,1.4410851632321058,0.6763271407185629,5.0,2.0,0.0,1.0,3.0,0.0,0.0,0.0,2.0,0.0,0.0,3.0,0.0,0.8856769652305372,0.2215664630049547,0.0,1.980765936004032,0.0,0.0,0.0,-2.7681046863189724,0.0,5.31843253968254,0.0,0.0,2.0275091332829427,0.4428384826152687,1.7410416666666666,0.8363397581254727,0.0,0.0,0.0,0.0,5.684814814814814,0.0,0.0,266.0,1.0657894736842106,0.5,-4.25,0.5850202429149799,19.07,6.0,1.7716005101580796,2.810964047443681,2.510964047443682,1.294360937770434,22.649190600718068,33.812184728555735,37.16033980727912,1.0,4.5237471617118175,9.047494323423637,4.983978520947208,4.983978520947208,0.0,13.847474399381248,20.771211599071872,29.485057198110113,13.213763929025836,5.824404497999927,0.0,5.879988336435371,0.0,13.571241485135452,0.0,13.213763929025836,5.879988336435371,4.5237471617118175,20.85435041206228,6.923737199690624,0.0,0.0,5.879988336435371,6.718607232363179,5.917906046161393,19.093752265461205,11.518332492848389,0.0,6.06636706846161,34.61868599845312,9.967957041894415,16.555021730914586,0.0,0.8363397581254727,1.365992640883514,0.0,0.0,0.646330407009565,3.080865367100877,0.0,0.0,0.0,1.2039733990249295,1.0,1.0,0.0,7.0,3.5847200000000026,0.0,0.0
imidacloprid,3.0,21.302019737739357,2.3370728933584455,92.1014386773576,6.0,0.0,8.0,5.0,2.0,0.0,1.0,996.0,876.0,41.635037048490005,10.355738454503888,8.968253968253967,4.292397660818714,4.958333333333333,6.121693121693121,3.4814814814814814,6.774887522791805,2.6979640459172627,3.259078766876038,3.778999485596707,6.169312169312168,36.888888888888886,31.285714285714285,27.361702127659573,20.26315789473684,18.56140350877193,17.93877551020408,21.875,32.57142857142857,232.43751624087,154.5984336023928,165.95702876137543,8.327278555555557,8.244005785714288,7.8165072982456145,8.026805087719298,1.5420384092033337,0.6096051522570112,17.896797574895423,-9.71538891429152,27.177615200934827,-22.41575640569696,-107.13080661823231,17.016037528154587,-6.757150840827111,-2.2441700960219486,-5.40329218106996,-1.2551440329218115,-5.203017832647461,5.079561042524006,-1.5980795610425245,1.02880658436214,-1.9466542643282851,46.62673226608828,5.72816142023919,12.372575381525577,-13.55981838895464,-66.26536258127535,5.214749248845225,350.66666666666663,10.123456790123438,33.35802469135801,-24.851851851851833,-28.962962962962926,56.172839506172856,-223.17283950617283,91.06172839506172,-31.407407407407415,-67.89020347911668,3.2179291558759804,-417.4463447155073,135.04493487901934,139.93706715435007,-491.9999003889621,325.64623489658584,-35.20065907208913,1.5187642043895744,0.1058025102880619,0.5477825843621379,-0.8548839519890277,-2.6976102825788724,-0.3513997914951999,0.9322412894375854,-0.2234199651098746,0.8185891857628034,-2.0826596673777393,0.9512009319093684,-0.3437323579861602,-0.6631999104546189,1.05902176104595,-0.2774503920137409,-8.054250406984723,17.076620133114204,-15.155439654618007,13.19865366623924,-19.05954785448344,-2.467014233663713,-3.487677146798548,-2.3010384031310585,4.77603346373351,1.0687637143970017,0.3807829271254345,-0.170445419548974,0.4768002666830671,-0.4483151281139392,-2.186342992208823,0.5317511727548309,-0.3217690876584338,2.7730583242333373,0.9920581333210272,0.2170627259916767,-1.3523543383933745,0.7097452061991066,-0.4359974009096813,-0.5081221572449636,1.1234567901234571,-4.554547745023935,2.845679012345679,-1.4955908289241626,43.801594561353994,-2.424650124254167,0.0684665777845953,-7.323620082728198,2.3692093838424446,2.7987413430870016,-10.040814293652288,-1.676221860575673,-0.0978188292723295,1.6378698646491558,1.1449296877854158,0.592089077055461,0.9335081651001031,1.001180834279745,0.9509956789137513,0.6609027250553006,0.8214966090497502,0.8376108077441314,1.0312943053684136,1.6377568387826018,0.950575490859851,1.1326005848542906,0.5234186481823456,2.1727180158110344,0.8127624240233614,0.8559135481288774,0.9411146688012808,0.613916349809886,1.308120586637697,0.7680905418250952,0.9147850463526348,0.9245603883379924,1.1474725676287851,1.7754423387945049,1.1385298791358398,1.5045742930019996,7.00412036749944,0.7740102924194725,8.001935535556742,1.3070307025390329,17.001102414717337,22.45581941544813,14.651114437315517,3.758318252742746,2.4637740537013424,2.2062197579069864,0.6657082649785582,1.7691272867662096,1.861344537815126,2.0,1.0,3.0,0.0,0.0,0.2974095083960288,0.4605428179821451,0.6871131071190953,0.0,3.0,0.0,0.0,2.0,0.0,0.0,1.0,1.0,1.0,0.0,0.0,0.0,1.8401127313065144,0.0,0.0,1.3487286890064676,0.0,3.278774075473811,0.0,0.0,0.0,0.0,0.0,0.0,0.0,0.675892620937264,1.830787037037037,0.9251369992441424,0.0,2.8574361282578877,1.785434618291761,10.319524207754728,0.0,0.0,5.675725903168633,273.0,1.25,0.5,-2.25,0.4889217134416546,52.08,3.0,1.9638413378563857,3.856196298219379,0.8986912039440886,0.2222222222222214,23.88493782177073,42.48842716422521,28.05981806973829,1.0,10.216698334856808,0.0,15.09829678971278,0.0,0.0,17.667306958694127,11.629818560158606,25.8311127893508,0.0,10.254517342632514,5.0323138419217255,0.0,5.959554568743835,5.0323138419217255,5.101407525739722,13.08951281182515,0.0,5.316788604006331,6.544756405912575,10.114318268765572,5.153109816892792,0.0,0.0,5.0323138419217255,5.959554568743835,24.78737903463052,5.563451491696996,0.0,17.163120370925164,6.06636706846161,15.402174650693262,0.0,16.171751512771383,0.9251369992441424,0.2823611111111113,1.643287037037037,0.0,5.351147550358933,7.338700171595148,0.0,0.4999999999999999,2.2755936025536485,1.0994652166259231,2.0,1.0,0.0,3.0,0.6878999999999995,0.0,2.3978952727983707
sodium chloride,1.0,0.0,0.0,0.0,0.0,0.0,2.0,0.0,0.0,0.0,1.0,410.0,0.0,586.0445,0.3950617283950617,0.0,0.0,0.0,0.0,0.0,0.0,0.0,0.0,0.0,0.0,205.0,0.0,0.0,0.0,0.0,0.0,0.0,0.0,1452.3201929498362,0.0,0.0,6.1946125,0.0,0.0,0.0,293.02225,2.0,0.0,0.0,0.0,0.0,0.0,0.0,0.0,0.0,0.0,0.0,0.0,0.0,0.0,0.0,0.0,0.0,0.0,0.0,0.0,0.0,0.0,18.0,0.0,0.0,0.0,0.0,0.0,0.0,0.0,0.0,0.0,0.0,0.0,0.0,0.0,0.0,0.0,0.0,0.0,0.0,0.0,0.0,0.0,0.0,0.0,0.0,0.0,0.0,0.0,0.0,0.0,0.0,0.0,0.0,0.0,0.0,0.0,0.0,0.0,0.0,0.0,0.1975308641975308,0.0,0.0,0.0,0.0,0.0,0.0,0.0,0.0,0.0,0.0,0.0,0.0,0.0,0.0,0.0,0.0,0.0,0.0,0.0,176.19017179643652,0.0,0.0,0.0,0.0,0.0,0.0,0.0,0.0,0.0,0.0,0.0,0.0,0.0,0.0,0.0,0.0,0.0,0.0,0.0,0.0,0.0,0.0,0.0,0.0,0.0,0.0,0.0,0.0,0.0,0.0,0.0,0.0,0.0,0.0,0.0,0.0,0.0,0.0,0.0,0.0,0.0,0.0,0.0,0.0,0.0,0.0,0.0,0.0,0.0,0.0,0.0,0.0,0.0,0.0,0.0,7.871257485029941,0.0,0.0,0.0,0.0,0.0,0.0,0.0,0.0,0.0,0.0,0.0,0.0,0.0,0.0,0.0,0.0,0.0,0.0,0.0,0.0,0.0,0.0,0.0,0.0,0.0,0.0,0.0,0.0,0.0,0.0,0.0,0.0,0.0,0.0,0.0,0.0,0.0,0.0,0.0,0.0,0.0,2.02,0.0,1.0,1.0,0.0,0.0,29.2215,29.2215,14.0,0.0,12.407033161179976,0.0,0.0,0.0,0.0,0.0,0.0,0.0,0.0,0.0,0.0,0.0,0.0,41.96431919378791,0.0,0.0,0.0,41.96431919378791,0.0,0.0,0.0,0.0,0.0,0.0,41.96431919378791,0.0,0.0,0.0,0.0,0.0,0.0,0.0,0.0,0.0,0.0,0.0,0.0,0.0,0.0,0.0,0.0,0.0,0.0,0.0,0.0,0.0,0.0,-5.992,0.0,0.0
nitrate,0.0,3.4641016151377544,1.7320508075688772,5.5836291546125985,0.0,0.0,4.0,1.0,3.0,0.0,0.0,241.0,168.0,3.1396120000000005,37.5,26.666666666666668,0.0,0.0,0.0,3.0,44.94444444444444,0.0,0.0,0.0,0.0,60.25,56.0,64.0,0.0,0.0,0.0,0.0,0.0,223.1216260286887,0.0,0.0,12.564196,11.670876,0.0,0.0,0.7849030000000001,0.1355806238270107,1.0,0.0,0.0,0.0,0.0,0.0,0.0,0.75,0.0,0.0,0.0,0.0,0.0,0.0,-20.250000000000007,6.416666666666672,0.0,0.0,0.0,0.0,0.0,0.75,-0.5625,0.1875,0.0,0.0,0.0,0.0,0.0,0.0,-0.4438599202290397,0.147953306743012,0.0,0.0,0.0,0.0,0.0,0.0,0.0396750000000001,0.0,0.0,0.0,0.0,0.0,-0.10400625,-0.04995225,0.01665075,0.0,0.0,0.0,0.0,0.0,0.0,-0.4720205264062496,0.1573401754687494,0.0,0.0,0.0,0.0,0.0,0.0,1.5,-1.3333333333333333,0.3333333333333333,0.0,0.0,0.0,0.0,0.0,0.0,6.916666666666667,2.1388888888888906,0.0,0.0,0.0625,0.0,0.0,0.0,0.0,0.0,0.0,0.1479533067430138,-0.1479533067430132,0.0493177689143373,0.0,0.0,0.0,0.0,0.0,0.0,2.0,0.0,0.0,0.0,0.0,0.0,0.0,0.0,0.0,0.0,0.0,2.0,0.0,1.9638554216867468,0.0,0.0,0.0,0.0,0.0,0.0,0.0,2.0,0.0,0.0,0.0,0.0,1.9999999999999996,7.009193411426972,3.970302672825353,8.004861356625332,1.6546061069856774,8.06580227424768,15.669833069918427,14.640621528130104,3.773561486029532,3.07615093361964,1.2522660157982588,0.6514376545573466,2.3237900077244498,0.8928571428571429,1.0,0.0,0.0,0.0,0.0,0.0,0.0291605921759902,0.5248502994011977,0.0,0.0,0.0,0.0,0.0,0.0,0.0,0.0,0.0,0.0,0.0,0.0,0.0,0.0,0.0,0.0,0.0,0.0,0.0,0.0,0.0,0.0,0.0,0.0,0.0,0.0,0.0,0.0,0.0,0.0,0.0,0.0,8.25,0.0,0.0,0.0,9.0,0.9375,0.0,-0.75,0.2545454545454545,3.04,3.0,0.8112781244591328,1.5,0.5,0.5,11.983638713221666,23.0025,15.5,0.0,15.321571293542863,0.0,0.0,0.0,0.0,0.0,0.0,0.0,5.086619042932543,0.0,0.0,0.0,0.0,5.086619042932543,0.0,0.0,0.0,0.0,0.0,15.321571293542863,0.0,0.0,0.0,5.086619042932543,0.0,0.0,0.0,0.0,0.0,0.0,0.0,0.0,14.75,0.0,0.0,0.0,0.0,0.0,0.0,0.0,1.5000000000000004,0.0,0.0,0.0,0.0,0.0,0.0,-0.2391,0.0,0.0
arsenic,0.0,0.0,0.0,0.0,0.0,0.0,1.0,0.0,0.0,0.0,0.0,1089.0,0.0,18.576099999999997,0.0342935528120713,0.0,0.0,0.0,0.0,0.0,0.0,0.0,0.0,0.0,0.0,1089.0,0.0,0.0,0.0,0.0,0.0,0.0,0.0,703.4084627293777,0.0,0.0,7.929855999999999,0.0,0.0,0.0,18.576099999999997,0.0,0.0,0.0,0.0,0.0,0.0,0.0,0.0,0.0,0.0,0.0,0.0,0.0,0.0,0.0,0.0,0.0,0.0,0.0,0.0,0.0,0.0,0.0,0.0,0.0,0.0,0.0,0.0,0.0,0.0,0.0,0.0,0.0,0.0,0.0,0.0,0.0,0.0,0.0,0.0,0.0,0.0,0.0,0.0,0.0,0.0,0.0,0.0,0.0,0.0,0.0,0.0,0.0,0.0,0.0,0.0,0.0,0.0,0.0,0.0,0.0,0.0,0.0,0.0,0.0,0.0,0.0,0.0,0.0,0.0,0.0,0.0,0.0,0.0,0.0,0.0,0.0,0.0,0.0,0.0,0.0,0.0,0.0,0.0,0.0,0.0,0.0,0.0,0.0,0.0,0.0,0.0,0.0,0.0,0.0,0.0,0.0,0.0,0.0,0.0,0.0,0.0,0.0,0.0,0.0,0.0,0.0,0.0,0.0,0.0,0.0,0.0,0.0,0.0,0.0,0.0,0.0,0.0,0.1851851851851851,0.1851851851851851,0.0,0.0,33.0,26.521848780380633,26.521848780380633,2.816,2.816,4.31,4.31,0.0,0.8181818181818181,0.0,0.0,0.0,0.0,0.0,0.0,0.0,2.5808383233532934,0.0,0.0,0.0,0.0,0.0,0.0,0.0,0.0,0.0,0.0,0.0,0.0,0.0,0.0,0.0,0.0,0.0,0.0,0.0,0.0,0.0,0.0,0.0,0.0,0.0,0.0,0.0,0.0,0.0,0.0,0.0,0.0,0.0,0.0,0.0,0.0,0.0,0.0,0.0,0.0,-5.090909090909091,0.01,0.0,-0.0,-0.0,0.0,0.0,-0.0,-0.0,-0.0,0.0,0.0,0.0,0.0,0.0,0.0,0.0,0.0,17.953359329236232,0.0,0.0,0.0,0.0,0.0,0.0,0.0,0.0,0.0,0.0,0.0,0.0,0.0,0.0,0.0,0.0,17.953359329236232,0.0,0.0,0.0,0.0,0.0,0.0,0.0,0.0,0.0,0.0,0.0,0.0,0.0,0.0,0.0,0.0,0.0,0.0,0.0,0.0,0.0,0.0,-0.3808,0.0,0.0
chromium,0.0,0.0,0.0,0.0,0.0,0.0,1.0,0.0,0.0,0.0,0.0,576.0,0.0,134.56,0.1245674740484429,0.0,0.0,0.0,0.0,0.0,0.0,0.0,0.0,0.0,0.0,576.0,0.0,0.0,0.0,0.0,0.0,0.0,0.0,1340.8510635751504,0.0,0.0,2.7556,0.0,0.0,0.0,134.56,0.0,0.0,0.0,0.0,0.0,0.0,0.0,0.0,0.0,0.0,0.0,0.0,0.0,0.0,0.0,0.0,0.0,0.0,0.0,0.0,0.0,0.0,0.0,0.0,0.0,0.0,0.0,0.0,0.0,0.0,0.0,0.0,0.0,0.0,0.0,0.0,0.0,0.0,0.0,0.0,0.0,0.0,0.0,0.0,0.0,0.0,0.0,0.0,0.0,0.0,0.0,0.0,0.0,0.0,0.0,0.0,0.0,0.0,0.0,0.0,0.0,0.0,0.0,0.0,0.0,0.0,0.0,0.0,0.0,0.0,0.0,0.0,0.0,0.0,0.0,0.0,0.0,0.0,0.0,0.0,0.0,0.0,0.0,0.0,0.0,0.0,0.0,0.0,0.0,0.0,0.0,0.0,0.0,0.0,0.0,0.0,0.0,0.0,0.0,0.0,0.0,0.0,0.0,0.0,0.0,0.0,0.0,0.0,0.0,0.0,0.0,0.0,0.0,0.0,0.0,0.0,0.0,0.0,0.3529411764705882,0.3529411764705882,0.0,0.0,24.0,36.617633232844945,36.617633232844945,1.66,1.66,11.6,11.6,0.0,0.75,0.0,0.0,0.0,0.0,0.0,0.0,0.0,6.946107784431137,0.0,0.0,0.0,0.0,0.0,0.0,0.0,0.0,0.0,0.0,0.0,0.0,0.0,0.0,0.0,0.0,0.0,0.0,0.0,0.0,0.0,0.0,0.0,0.0,0.0,0.0,0.0,0.0,0.0,0.0,0.0,0.0,0.0,0.0,0.0,0.0,0.0,0.0,0.0,0.0,1.2500000000000002,0.01,0.0,-0.0,-0.0,0.0,0.0,-0.0,-0.0,-0.0,0.0,0.0,0.0,0.0,0.0,0.0,0.0,0.0,17.36106511960754,0.0,0.0,0.0,0.0,0.0,17.36106511960754,0.0,0.0,0.0,0.0,17.36106511960754,0.0,0.0,0.0,0.0,0.0,17.36106511960754,0.0,0.0,0.0,0.0,0.0,0.0,0.0,0.0,0.0,0.0,0.0,0.0,0.0,0.0,0.0,0.0,0.0,0.0,0.0,0.0,0.0,0.0,-0.0025,0.0,0.0
manganese,0.0,0.0,0.0,0.0,0.0,0.0,1.0,0.0,0.0,0.0,0.0,625.0,0.0,88.36000000000001,0.1695501730103806,0.0,0.0,0.0,0.0,0.0,0.0,0.0,0.0,0.0,0.0,625.0,0.0,0.0,0.0,0.0,0.0,0.0,0.0,1302.2680478501889,0.0,0.0,4.840000000000001,0.0,0.0,0.0,88.36000000000001,0.0,0.0,0.0,0.0,0.0,0.0,0.0,0.0,0.0,0.0,0.0,0.0,0.0,0.0,0.0,0.0,0.0,0.0,0.0,0.0,0.0,0.0,0.0,0.0,0.0,0.0,0.0,0.0,0.0,0.0,0.0,0.0,0.0,0.0,0.0,0.0,0.0,0.0,0.0,0.0,0.0,0.0,0.0,0.0,0.0,0.0,0.0,0.0,0.0,0.0,0.0,0.0,0.0,0.0,0.0,0.0,0.0,0.0,0.0,0.0,0.0,0.0,0.0,0.0,0.0,0.0,0.0,0.0,0.0,0.0,0.0,0.0,0.0,0.0,0.0,0.0,0.0,0.0,0.0,0.0,0.0,0.0,0.0,0.0,0.0,0.0,0.0,0.0,0.0,0.0,0.0,0.0,0.0,0.0,0.0,0.0,0.0,0.0,0.0,0.0,0.0,0.0,0.0,0.0,0.0,0.0,0.0,0.0,0.0,0.0,0.0,0.0,0.0,0.0,0.0,0.0,0.0,0.0,0.4117647058823529,0.4117647058823529,0.0,0.0,25.0,36.086951213010344,36.086951213010344,2.2,2.2,9.4,9.4,0.0,0.76,0.0,0.0,0.0,0.0,0.0,0.0,0.0,5.62874251497006,0.0,0.0,0.0,0.0,0.0,0.0,0.0,0.0,0.0,0.0,0.0,0.0,0.0,0.0,0.0,0.0,0.0,0.0,0.0,0.0,0.0,0.0,0.0,0.0,0.0,0.0,0.0,0.0,0.0,0.0,0.0,0.0,0.0,0.0,0.0,0.0,0.0,0.0,0.0,0.0,0.689655172413793,0.01,0.0,-0.0,-0.0,0.0,0.0,-0.0,-0.0,-0.0,0.0,0.0,0.0,0.0,0.0,0.0,0.0,0.0,17.068678152405656,0.0,0.0,0.0,0.0,0.0,17.068678152405656,0.0,0.0,0.0,0.0,17.068678152405656,0.0,0.0,0.0,0.0,0.0,17.068678152405656,0.0,0.0,0.0,0.0,0.0,0.0,0.0,0.0,0.0,0.0,0.0,0.0,0.0,0.0,0.0,0.0,0.0,0.0,0.0,0.0,0.0,0.0,-0.0025,0.0,0.0
MC-LR,3.0,85.76329027699605,2.3579244378275317,1791.7890203318364,6.0,0.0,22.0,10.0,12.0,0.0,0.0,3096.0,3320.0,189.375902958826,6.855172413793103,5.97945205479452,3.4573002754820936,3.1015761821366024,3.2119741100323624,2.8551724137931034,5.7252873563218385,3.240664217936945,3.3104056437389775,3.23443276902121,3.5829737504494803,21.351724137931033,22.73972602739726,18.72972972972973,16.399449035812673,14.997732426303855,14.922779922779922,14.408056042031523,14.389967637540453,193.67142296134563,158.50681319236307,154.89408065092732,7.785438427586206,7.820060876712322,7.781316407713494,7.8166555555555535,1.3060407100608689,3.7570453211948927,82.43871581450657,-145.32209274673014,-152.7754577883472,123.57179548156957,-49.70187871581448,-1.188537455410348,90.12095124851363,-20.319334126040413,-10.669821640903674,-4.003376932223537,-4.009845422116522,-5.7697027348394725,-5.446658739595713,-2.1202378121284156,-27.648168846611185,83.49055225260933,-50.367666798784526,-149.92311269652524,180.65219579865243,3.576506804069251,-76.82969877130398,1129.4068965517242,-6.699357907253364,188.0180261593342,-157.28071343638518,-272.40304399524365,187.57869203329383,-89.7156718192627,-103.93336504161704,212.534744351962,42.91905427122971,-45.69807783028572,-1275.215193758208,-182.9493618633862,88.46947512593458,-516.8166255573219,-791.9020879235003,737.5358978546341,4.426366425683714,-0.4284166753864434,-7.110705208085604,6.140778164090369,0.8430549203329379,-1.957191567181925,-1.8798299643281815,-0.5229454546887573,-1.735531730058656,-5.468333423047086,0.1605910595889279,-0.1545215259867328,-0.4640153028559662,-4.234398945884639,0.7796501233644113,-21.64468301591827,-16.266641531045813,-3.0861892464880096,16.59657496297607,-6.65504060524734,8.04001179397407,-11.569030529379631,5.819982371884405,4.0234958382877535,1.2156633492417697,0.3182962000560099,-0.4003363436549039,-0.346429609497386,0.2590603678858901,-0.0959495728104526,-0.002081501673223,0.1458267819555236,2.402000264235698,0.3223573446046692,-0.3399617067948418,0.0069044532897089,0.7259383249395143,-0.4332802023040914,-0.6176939773134776,0.393246733822419,-0.1731962776433643,-0.1820199037506428,0.3439073533203268,47.43235445108197,0.293966125145409,-0.1764404549431881,-3.5129895144854215,-0.4148511606879506,0.1854705977482905,-0.9977154933539032,1.193423782936301,-0.0366896024538398,1.7745220737817526,0.9527295863281088,1.3072710470741296,0.9676435774589351,0.9732796232065164,1.0304363878523717,1.075386444201477,1.1018775729361263,1.1543733742876536,0.9935135236407772,1.0416248475685317,1.0749470391198526,1.5503415503415503,0.6825518999852036,1.0206178855749777,1.0619709573646372,1.030541632072438,1.0925727365761282,0.956521418534633,1.0154508055145557,1.0098445454226963,1.1507374147230585,0.9961352999171984,1.0284016423108626,1.0026560743463373,1.1356454036478043,1.5327862920327786,6.032557947379116,0.987987801864359,7.017077398889315,1.1989537439333022,8.037474185303559,20.89778730941588,14.699772940998807,3.72390971302798,2.44001040679776,1.9912786420014272,0.740441531346926,2.585377180751757,4.428571428571429,13.0,2.0,8.0,13.0,4.0,0.0721687836487032,2.7258704978073145,0.6268704604583936,9.0,7.0,3.0,11.0,1.0,0.0,0.0,6.0,0.0,1.0,2.0,1.0,3.642463758725432,-0.249565234305077,-12.061452391178245,0.0,1.066903170710941,11.01540106775319,3.939178334496347,0.0,0.0,0.0,0.0,0.0,0.0,1.9708014414440744,0.6143243137058562,1.9910829516177733,1.066903170710941,0.0,2.7822232274304506,0.8607584941286621,14.370633101580664,5.813005534998213,0.0,0.0,2657.0,0.9577464788732394,0.0,-20.0,0.5166931637519866,214.22,11.0,1.5877769356996587,3.761326229477948,3.4185828605369863,0.8977797621015551,15.338917490681595,34.823790036270374,102.5892955301118,0.0,63.21789405269429,38.554165021138424,9.589074368143644,0.0,0.0,95.3306218749306,57.43294005186969,33.0409535989547,23.98161930921905,35.906243458795636,5.959554568743835,35.443078376109035,5.907179729351506,58.10075240012785,40.131363871605615,20.702225929867296,0.0,43.36806657836235,54.30851923337246,23.671624184645573,0.0,0.0,0.0,119.91440830748267,49.70655432350552,11.993926152995275,10.463361222547473,33.89490368858294,33.957029247183286,43.331592648832554,43.47207204027215,5.813005534998213,35.498132926789694,12.377493382186245,-12.57867295709001,4.640501266451771,2.8228439441531603,14.425629155349473,0.0,0.0,6.417273513556753,0.935616851296693,1.3840634009789428,1.0,0.0,0.0,15.0,0.618399999999993,0.0,0.0
alpha HCH,0.0,14.60112615949154,2.4142135623730945,40.62505728059384,0.0,0.0,6.0,0.0,0.0,0.0,6.0,1956.0,864.0,47.91547742909401,3.2016460905349797,3.7777777777777777,1.14960058097313,0.0,0.0,3.6666666666666665,1.5295432606818065,1.487793288325847,1.4382970075699844,0.0,0.0,108.66666666666669,48.0,44.833333333333336,65.6470588235294,72.0,0.0,0.0,0.0,319.5238681977836,0.0,0.0,8.778201666666668,8.066832666666667,8.693966000000001,8.911411833333332,2.6619709682830006,0.1299430319083065,-14.543209876543203,-9.090534979423868,-6.234915038155543e-15,9.090534979423865,0.0,0.0,0.0,-8.000000000000002,-5.333333333333334,1.7516852166308026e-15,5.333333333333335,0.0,0.0,0.0,6.90907554410238e-18,-0.230757506477671,-0.0343443580754965,-6.90907554410238e-18,0.0343443580754965,0.0,0.0,804.0,0.0,-402.0,-12.0,0.0,12.0,0.0,0.0,0.0,7.126828821438047e-14,-513.3559326135609,-57.504813678493264,-6.993988623899886e-14,57.50481367849317,0.0,0.0,0.0,-1.3348459999999998,-0.1102083333333335,-4.730425927511482e-16,0.110208333333333,0.0,0.0,2.6790375473595424e-17,2.177173146730777e-16,-3.556319709698,-0.0810843816163332,-2.7906927522202017e-16,0.0810843816163331,0.0,0.0,0.0,1.289998235506573e-15,-8.77981345831799,-5.4552839312429935,-1.289998235506573e-15,5.4552839312429935,0.0,0.0,0.0,1.615912208504801,2.4130133106469643e-16,-0.4039780521262001,-0.1782457839102719,-1.731920843932095e-16,0.7575445816186553,0.0,0.0,0.0,0.0256397229419634,-0.0064099307354908,-1.9191876511395502e-19,0.0,-11.166666666666666,-0.2352941176470588,0.0,1.0,0.0,0.0,0.0,57.039548068173445,3.9593493452433605e-15,-14.259887017043358,-1.127545366244966,-1.9427746177499685e-15,4.792067806541097,0.0,0.0,0.0,0.7860689027237221,1.0,1.023632215304806,0.9458966459144172,0.0,0.0,0.0,1.0000000000000002,0.7377971137521223,0.0883913412563667,0.0,1.4166666666666663,1.4166666666666663,0.6830691325407311,0.0,0.0,1.0,1.1594112769485905,1.353233830845771,0.0,0.0,0.6309135853403013,1.178629621989548,0.0,0.0,1.0,1.3524594777498364,3.208452092196132,0.7709252838250504,1.5912961648056307,1.0880389282953755,17.006224171579728,22.462171191767165,20.37479635404556,3.503835877484973,2.5343558516583413,2.22280660463462,1.4545988660924476,2.7602520756252087,3.88235294117647,0.0,0.0,0.0,6.0,0.0,0.2222222222222222,1.3093073414159544,0.901555489021956,0.0,0.0,0.0,6.0,0.0,0.0,0.0,0.0,0.0,0.0,0.0,0.0,0.0,0.0,-2.620370370370371,0.0,0.0,0.0,0.0,0.0,0.0,0.0,0.0,0.0,0.0,0.0,0.0,0.0,0.0,0.0,0.0,0.0,0.0,0.0,0.0,5.881172839506172,102.0,0.625,0.0,-7.5,0.5821917808219178,12.06,0.0,1.584962500721156,1.584962500721156,2.584962500721156,2.584962500721156,25.608767444985293,25.608767444985293,76.07820003461549,0.0,0.0,0.0,0.0,0.0,69.60563934139509,0.0,0.0,0.0,32.26252720923436,0.0,0.0,0.0,0.0,0.0,0.0,0.0,0.0,0.0,0.0,0.0,0.0,0.0,0.0,32.26252720923436,0.0,0.0,0.0,0.0,0.0,0.0,0.0,0.0,-2.620370370370371,0.0,0.0,0.0,0.0,0.0,0.0,0.0,0.0,0.0,1.0370523462520254,0.0,0.0,0.0,0.0,3.644400000000001,0.0,0.0
fentin-chloride,0.0,27.17806256730984,2.490275554676476,134.6181329028618,18.0,0.0,2.0,0.0,0.0,0.0,1.0,3452.0,2488.0,123.08739357273495,5.246081128747795,4.895562228895562,3.081481481481482,1.2857142857142858,0.5294117647058824,3.4,2.4345278787815445,2.033483310470965,2.0983915343915345,2.0,1.6470588235294117,98.62857142857143,67.24324324324324,50.7,45.18518518518518,35.142857142857146,13.451612903225806,8.857142857142858,5.411764705882353,297.87354808422515,183.96420646594936,134.94726515618066,7.253219342857144,7.281357891891893,7.201923555555556,7.377818285714285,3.516782673506713,0.0,-38.27555555555555,10.17528888888889,18.38115555555556,-8.199288888888889,-49.48124444444445,-19.505066666666675,17.609066666666664,-0.0734693877551026,-4.599183673469387,-10.13142857142857,-10.902857142857144,-6.328163265306123,2.1257142857142863,6.408979591836735,-0.3640025649066684,-6.42168765420901,-1.4394058879172849,4.377540537242144,3.410847126673199,-3.0000775652924982,-3.253196488925469,2420.571428571428,560.081632653061,103.59183673469384,-825.5510204081634,-1200.857142857143,-843.4285714285714,-47.204081632653015,353.1428571428572,410.9387755102042,490.3062308981975,191.4441020293865,-202.07079284283807,-848.3446824214813,-1479.7033974539022,-1262.6728813986583,-98.25024137575792,881.4257660494034,-0.0952304938775512,0.3770162375510202,0.0182001257142847,-0.2484625885714296,-0.3360142383673468,-0.0055679314285704,-0.5483387755102052,7.686558928026168,5.451010579869187,-16.38898368072667,-23.70079391192185,-18.94771515597557,-3.2041053373535533,5.929784261401712,9.799922945559732,6.108487477904924,4.289792824605295,-15.142933641549122,-15.78269682564044,-25.19500553280127,-23.06633562620188,-5.495462905181117,18.100453518544228,2.5125700176366843,-0.0626503837170504,-0.6379259259259259,0.1256208504801097,0.2188232804232805,-0.097610582010582,-0.5320563918757467,-0.2322031746031747,0.345275816993464,0.2610739947053864,-0.1070281275701501,0.0521135778243112,-0.0322588985515322,1.7265306122448971,-10.191987906273622,-14.29591836734694,-10.040816326530612,-0.5075707702435808,4.204081632653062,8.057623049219691,77.72228061463277,13.25151975400534,3.1907350338231084,-2.4947011462078774,-10.099341457398586,-17.615516636355977,-13.57712775697482,17.282858157831438,-0.0023910798196439,0.0,0.0,0.0,0.0,0.0,0.0,0.0,0.9725934694431716,0.9636467902419864,0.995262279342774,1.1012954714545444,0.7758416311047892,1.3048245614035092,1.1489541044446712,1.0207481284690916,1.0631124739994522,2.384224285664324,1.9356261803588293,0.8362547214353164,0.1599462365591398,0.1003305004721435,0.8905710521761622,1.0401488330245563,0.8743104412459562,0.6819518434203314,2.321804101336398,1.0569143728242696,4.055030275101881,0.0643133900913162,2.2896682973215494,0.2217723263653936,50.00104899254316,42.80431516520968,20.28030769858617,3.4857764218687723,2.219727861409605,7.847009059627506,1.3702293201236206,1.7908763705844477,1.5270588235294116,0.0,0.0,0.0,0.0,0.0,0.1530931089239486,4.948709338614796,0.8568331052181353,0.0,0.0,0.0,0.0,3.0,0.0,0.0,0.0,0.0,0.0,0.0,0.0,0.0,0.0,0.0,0.0,3.877407407407408,0.0,0.0,0.0,0.0,0.0,0.0,0.0,-3.3048277777777777,0.0,0.0,2.169722222222222,1.2924691358024694,0.0,0.0,0.0,0.0,0.0,0.0,7.325462962962961,270.0,1.5,0.0,6.0,1.022628372497824,104.02,0.0,1.3103684752281266,1.6446657206472803,3.484617296297686,1.901955000865388,29.046989847730103,33.06223406245955,70.29495238903725,1.0,0.0,0.0,0.0,0.0,0.0,0.0,0.0,0.0,0.0,0.0,0.0,0.0,0.0,0.0,0.0,0.0,0.0,10.73811719734691,0.0,0.0,0.0,0.0,0.0,17.25027467690533,0.0,0.0,0.0,10.73811719734691,0.0,18.19910120538483,72.79640482153933,3.877407407407408,0.0,0.0,0.0,0.0,7.325462962962961,26.958891049178693,15.85949780596339,0.0,0.0,0.0,1.8451026037666425,0.0,0.0,0.0,3.0,2.8923000000000014,0.0,0.0
MCPA,0.0,15.222348442894775,2.280993962377514,63.07130060034656,6.0,0.0,4.0,0.0,3.0,0.0,1.0,814.0,638.0,35.78362814364101,8.800224466891134,7.641414141414142,4.686111111111112,2.4795321637426904,1.0694444444444444,3.136363636363636,6.246452868880852,4.14619341563786,2.753614012873272,5.189517002382499,3.0200617283950617,37.0,29.0,26.4,23.575,18.58974358974359,15.90625,17.42105263157895,35.375,238.38859567856815,134.4573533828521,132.27405473271503,8.202799681818185,8.018829,8.2913974,7.880485128205128,1.6265285519836823,0.8186616854258779,-7.250688705234162,-45.353841444750536,-31.226813590449957,35.92664013876135,17.16630956024896,-52.34731149882666,8.74471992653811,-3.233471074380164,-3.1239669421487593,-4.7458677685950414,-1.8698347107438025,-0.1900826446281003,1.9070247933884288,1.6115702479338836,-6.694257388701834,18.913398859526808,-4.269579445785959,-3.961262456211947,6.452292598009025,6.9230722236708,-43.906920558622765,322.3636363636364,-4.909090909090921,51.60330578512397,-148.57024793388427,-53.28099173553717,-71.21487603305786,155.74380165289256,-189.8595041322314,145.04958677685948,7.614277379499918,156.35683382601346,-500.1738793473495,-136.91311172538846,-540.8860680908548,492.0880086486721,-250.29365492110188,293.4849875099018,0.3621607086776856,-0.0445986446280981,-0.9460203285123971,0.5388738904958663,0.0954969297520647,-2.4146486425619806,-0.3572727272727279,-0.00691133163636,0.8747787779676373,-0.921645167522676,0.2995410486364025,-4.38592524253482,0.985233667840372,0.4325623993301478,0.2504227451562176,-0.8797181071363888,-0.3547952076255646,-2.0654867124576812,-1.9364111134190485,-13.544708319613449,-4.258884144640061,4.312828589729715,4.1996222166753165,4.470462197734924,1.0206611570247932,-0.2071625344352617,-1.1338460361187634,-0.8006875279602553,1.0264754325360386,0.53644717375778,-2.7551216578329822,1.0930899908172638,2.4240109663790927,0.5403828245579088,-0.1015708322105627,0.2163460069897125,1.4743801652892563,-3.714256198347107,-1.3661792752701838,-2.034710743801653,4.866993801652892,-9.992605480643755,18.131198347107436,49.98398148193933,0.3461035172499963,4.46733810931467,-12.504346983683735,-3.510592608343294,-15.453887659738708,15.377750270271004,36.68562343873773,-0.9245507620254162,1.5061432651723343,0.7656415135492898,1.1203028625974816,0.5560413345808022,0.7782580044736074,1.8653484314387485,0.91625997782921,1.2478560424512155,1.116989703210176,0.5493221499486479,0.8891015491270114,0.9675767918088732,1.351535836177474,0.7765643542940209,1.1603158943628484,3.68465234411738,1.1888747884940778,0.984673955486138,1.2005076142131978,0.4763642131979695,2.067459257280256,0.8792259654887498,1.331076809536421,0.7171021245481044,0.8623226207903986,1.039154255412538,1.1591344128873218,6.022144591181942,0.7740049203362083,7.008290703003198,1.3043654642971367,17.001101957012946,22.45585719669235,14.701145241090163,3.7141587230239494,2.436526971589969,2.2077487056816585,0.7413149946818547,2.253901975958449,1.3970588235294117,1.0,1.0,2.0,0.0,0.0,0.1841952859204231,0.4567950913376892,0.6972546815459988,1.0,1.0,0.0,0.0,3.0,0.0,0.0,0.0,0.0,0.0,1.0,1.0,0.0,-0.3308805744520031,0.0,0.0,1.986782407407408,0.0,0.0,0.0,0.0,0.0,0.0,0.0,0.0,1.8085950491307632,-0.3308805744520031,1.72097159234064,0.8275462962962965,0.0,0.0,0.0,10.199797003163406,4.995015432098765,0.0,5.707775293244869,155.0,1.25,1.0,0.75,0.5141843971631205,13.04,2.0,1.649725367358884,3.4994581877843984,0.9599734308528988,0.3070403410074309,20.32540469416012,37.3204196715334,26.47112767164428,1.0,9.843390348640757,0.0,4.794537184071822,0.0,0.0,11.600939890232516,30.686289896772447,5.022633313741326,0.0,5.749511833283905,6.606881964512918,0.0,0.0,14.637927532712576,0.0,6.606881964512918,5.749511833283905,4.736862953800049,4.794537184071822,6.923737199690624,5.022633313741326,0.0,5.749511833283905,5.969305287951848,6.606881964512918,10.772145147025231,5.563451491696996,0.0,18.19910120538483,6.923737199690624,0.0,4.995015432098765,8.9804860936144,0.8275462962962965,-0.4433796296296293,0.0,0.0,2.3348151486780315,7.615919183936574,0.0,0.4999999999999999,0.0,1.3924094540912304,0.0,0.0,0.0,3.0,2.11182,0.0,0.0
vernolat,0.0,15.433560087491015,2.1795562381454663,60.08417711476187,0.0,0.0,3.0,1.0,1.0,1.0,0.0,750.0,708.0,47.48907500182901,3.071895424836601,2.606060606060606,1.2177777777777776,0.1212121212121212,0.0317460317460317,2.088235294117647,3.0205256999919308,1.8471604938271604,2.334246218049034,1.4848484848484849,1.3174603174603174,22.058823529411764,21.454545454545453,15.81967213114754,13.04,13.915492957746478,8.28,5.696969696969697,3.6984126984126986,174.83558345575045,113.46657705570826,97.9614758736515,7.317356029411766,7.493917212121217,7.285538266666667,7.599985971830985,1.3967375000537945,0.3034978793088571,15.71703191080354,14.047673971549406,-36.945021145713184,-64.06113033448672,-50.96539792387543,2.1637831603229465,20.78200692041522,1.2967128027681665,-0.5320069204152243,-7.244809688581313,-8.170415224913492,-3.7378892733564024,-0.8564013840830458,2.711937716262974,-0.8637914073884208,-1.2507478723757723,3.731805727616633,-8.260215384870968,-4.068765396499923,-16.28345490338474,0.3734016119156456,381.0588235294118,25.1487889273357,49.041522491349525,118.42906574394462,-132.38754325259515,-187.78546712802768,-281.39446366782005,-34.408304498269885,106.27335640138404,-147.64724304122788,-239.0194367245761,418.51541476458624,220.6181022054253,-907.7529482159362,-695.9751986018131,-565.9361936915395,385.82871627908867,0.6951223762975774,0.2027554472318337,-0.8309883209342552,-0.6826254749134941,-1.0769663468858124,0.1431566453287194,0.1323051038062274,-0.3352403357702519,-2.112941299845251,1.97567140175525,0.3398009817042492,-4.225638530973752,-3.423695778157249,-2.4750335170564988,1.9007827038477532,-11.448241144660177,-11.052910677363696,1.1926040750751774,17.960430051010256,-17.379848635252873,-2.0097822878029037,-14.653443717378146,4.4720532277806395,2.2583621683967694,0.8412615194622115,0.2576562608328449,0.1873023196206587,-0.5203524105030026,-1.0168433386426463,-0.6795386389850058,0.0327845933382264,0.3298731257208765,1.0839411835903567,-0.02050406348157,-0.116341061758746,-0.2171127320451298,0.8039593851040906,1.5790542099192617,-1.864613285247819,-2.980721700444884,-3.7519261822376007,-0.5213379469434831,1.686878673037842,51.48586648078559,-4.4741588800372085,-3.9183514217143625,5.580205530194483,3.107297214160919,-14.408776955808513,-9.27966931469084,6.124265337763312,0.0496283388984705,1.914429979825788,1.2873791372457717,2.076196837695835,1.4526403419830796,0.9499185251094548,0.1549664227754836,0.1124564632152019,1.0301872659176037,1.9269267289128036,1.981741573033709,1.425898876404495,0.961439588688946,1.253023726242151,0.5910971240495992,2.019140802873022,0.1356704826384641,0.8856375424513737,1.6588322773939093,1.549192137490995,1.471636307502315,0.5576566841617783,1.3899281550113405,1.3854709443183495,1.1359335158100012,1.8733805173371791,0.9223947175677784,1.651729807457921,6.021967158710823,0.6561887972955688,7.008266631063256,0.6268464600930099,16.002002614613374,24.434225694790747,14.702713174919133,3.702056782375467,2.585350971371986,2.916342888478746,0.7521636791387071,3.7221520078348567,1.0178571428571428,1.0,0.0,6.0,3.0,0.0,0.0,0.2236067977499789,0.6253020958083835,3.0,6.0,0.0,0.0,0.0,0.0,0.0,0.0,0.0,1.0,0.0,0.0,0.0,5.939368858654573,0.0,0.0,0.0,0.0,0.0,0.0,0.0,0.0,0.0,0.0,0.0,2.1115351001511717,1.0719212962962965,0.0,0.0,0.0,0.0,1.9586574074074077,11.57087962962963,0.0,0.0,0.0,144.0,0.6538461538461539,0.0,-5.5,0.6234177215189874,12.03,2.0,1.3975232286848218,2.036038109406783,3.051424731843556,1.6038036768523765,15.957861692611644,23.62706392496312,29.461446373143847,1.0,4.899909730850477,4.794537184071822,0.0,0.0,0.0,32.53309654846299,19.26246486877803,18.842366418571935,0.0,0.0,0.0,0.0,5.239211713172287,4.794537184071822,0.0,18.842366418571935,0.0,0.0,0.0,0.0,0.0,4.794537184071822,0.0,0.0,5.239211713172287,0.0,38.10483128734997,11.761884949391115,0.0,4.899909730850477,20.771211599071872,0.0,0.255138888888889,0.0,0.9471844293272864,3.1799074074074074,0.0,4.806721123065109,2.449489742783178,0.0,0.0,0.0,1.43297985628559,0.0,0.0,0.0,6.0,3.3716000000000026,0.0,0.0
benzo(b)fluoranthene,0.0,28.26347581709736,2.606624393767332,138.00498536268896,20.0,0.0,0.0,0.0,0.0,0.0,0.0,732.0,936.0,61.113354858188,7.375,8.222222222222221,5.962025316455696,1.469387755102041,0.9,4.125,2.5694444444444446,2.489451476793249,2.458161865569273,2.0340136054421767,1.8333333333333333,22.875,26.0,24.0,20.303797468354432,18.59259259259259,13.132352941176473,9.673469387755102,7.166666666666667,276.3544677549299,182.94049203938812,144.663306569609,7.2322465,7.39955466666667,7.285975443037976,7.270791654320988,1.909792339318375,0.0864545680483007,10.9375,3.234375,-47.234375,-55.1875,-34.8125,-8.484375,22.21875,5.9375,-3.515625,-14.484375,-14.4375,-7.8125,0.015625,6.71875,-0.7152777777777785,-1.9513888888888895,1.0677083333333333,0.0434027777777772,-1.381944444444445,-1.034722222222222,-0.7343749999999996,187.5,14.0625,-14.0625,27.734375,-52.734375,-82.8125,-57.8125,-24.609375,24.21875,126.63417005956248,-126.63417005956316,249.75072428413736,-474.8781377233605,-745.7345570174251,-520.6071435782021,-221.60979760423447,218.0921817692472,-0.0133402499999999,0.0263099374999999,-0.0500259374999999,-0.0785592499999999,-0.0548432499999999,-0.0233454374999999,0.0506249999999994,0.5661136602275612,-0.566113660227564,1.1165019410043588,-2.12292622585336,-3.3337804435623126,-2.327356158713311,-0.990698905398233,0.97497352594747,3.0751383872526077,-3.0751383872524936,6.064856263748137,-11.531768952197066,-18.10914828048729,-12.642235592038332,-5.38149217769203,5.296071666934914,2.859375,0.6961805555555556,0.1822916666666666,0.0409414556962025,-0.5831404320987654,-0.7261513157894737,-0.5119485294117647,-0.1731505102040816,0.740625,0.1927083333333333,-0.0325231481481481,0.0005358367626886,-0.0152165032679738,-0.234375,0.3510680379746835,-0.6510416666666666,-1.089638157894737,-0.8501838235294118,-0.5022321428571429,0.8072916666666666,52.764237524817815,3.5176158349878466,-2.1105695009927192,3.1614015732169287,-5.862693058313092,-9.812296802860857,-7.655987405561795,7.26973939230824,-0.0857142857142857,0.9172857064726404,0.7544873958270701,0.821380826389171,1.0328677382861708,1.15876768165668,1.2929048776900935,1.3965360890637406,0.9735076433561596,1.175335627066046,1.1880212827149843,1.1534072645451623,0.4415954415954416,0.9008547008547008,0.8998998998999,1.1622946475887652,1.288104430961574,0.8371308016877637,1.0205761316872428,1.1421052631578947,1.1852941176470586,1.2231292517006802,0.6888888888888888,1.142105263157895,1.1852941176470586,1.1852941176470588,0.8371308016877637,0.6888888888888889,4.321784189769615,2.7517148254844535,2.274559128209439,1.3453204026451102,6.388344320811759,20.967870596927273,20.213187593408232,3.1343443208117594,2.3796613172927845,2.0583443208117513,1.3036613172927778,1.5043253918544546,0.0,0.0,8.0,0.0,0.0,0.0,0.9369109057086829,0.5788460352255527,0.7747289670658684,0.0,0.0,0.0,0.0,4.0,4.0,0.0,0.0,0.0,0.0,0.0,0.0,0.0,0.0,0.0,0.0,5.482974300831445,0.0,0.0,0.0,0.0,0.0,0.0,0.0,0.0,0.0,0.0,2.3402777777777777,1.3795370370370372,0.0,0.0,0.0,0.0,0.0,0.0,0.0,303.0,1.6,0.0,8.0,0.7142857142857145,196.0,0.0,0.954434002924965,1.561278124459133,3.438721875540867,1.2881025296523003,5.625085207419835,12.913889951166723,68.57368122728357,0.0,0.0,0.0,0.0,0.0,0.0,66.73003775307771,49.865069893108775,0.0,0.0,0.0,0.0,0.0,0.0,0.0,0.0,0.0,22.253805966787983,0.0,0.0,0.0,0.0,0.0,0.0,0.0,0.0,0.0,0.0,43.798702824647165,0.0,0.0,72.79640482153933,0.0,5.448110355253213,5.482974300831445,0.0,0.0,0.0,17.4167641014513,31.546623846907497,0.0,0.0,0.0,2.1611594432100976,0.0,0.0,1.0,0.0,5.640400000000003,0.0,2.3978952727983707
ciprofloxacin,1.0,31.59024410624187,2.5411847722876533,205.77319342636207,10.0,0.0,7.0,3.0,3.0,0.0,0.0,1050.0,1185.0,61.28419328728201,9.142857142857142,8.133333333333333,5.923809523809524,3.344444444444445,2.168831168831169,3.619047619047619,6.594576719576718,3.312698412698413,4.1188271604938285,4.537037037037037,2.8896103896103895,25.0,26.333333333333332,22.050632911392405,19.495238095238093,19.666666666666668,17.766990291262136,15.577777777777778,12.311688311688313,221.7965139460862,170.2111183453201,156.16698118399623,7.994789999999999,7.910918044444447,7.824044800000001,7.884601777777778,1.459147459221,1.1183073273775572,50.04081632653062,62.714285714285694,40.91836734693879,2.1428571428571535,-110.89795918367344,-155.734693877551,-51.57142857142858,1.4489795918367374,2.2857142857142874,-3.0408163265306087,-7.999999999999998,-19.020408163265305,-8.79591836734694,-6.571428571428573,-3.89583333333333,27.104166666666664,8.743055555555559,33.06944444444443,6.916666666666663,-39.11805555555556,-16.52777777777779,329.1428571428572,10.204081632653004,3.183673469387716,108.14285714285714,12.91836734693874,54.42857142857143,-81.04081632653062,-218.4489795918367,-137.4285714285714,62.307841288832705,-19.459198757036702,995.6816067010184,-394.7603348158162,-219.6637176120371,-785.011185848952,-635.5568804414607,-874.2092415444437,-0.0373911224489796,-0.3345664285714283,2.0488271020408155,0.7995954285714285,-1.4152297346938785,-1.347141224489797,-0.5653583333333325,-0.0170868304913656,-0.5653103723581009,3.723741728231571,-1.7312227091826515,-2.450543162036428,-4.717912917453041,0.1930963352171213,-2.7472233230455716,-13.7392019143477,-16.807696873668277,34.6056298835732,-9.695305730165153,-19.421516931393175,-29.85156522673492,16.795049423440275,-4.1670825636388145,4.551020408163266,1.2013605442176871,0.6334280547662103,0.5972789115646256,0.3788737717309147,0.0191326530612245,-1.0766792153754705,-1.7303854875283444,-0.6697588126159555,2.9209656084656084,0.343090717299578,0.3061985596707817,-0.3797869471413161,0.0402996641694647,1.0299319727891156,0.1196145124716549,0.485969387755102,-0.7868040420051516,-2.427210884353741,-1.7847866419294989,47.53197046394608,1.3846186953073931,-0.2463189716080595,9.482681968581128,-3.655188285331631,-1.9612831929646168,-7.621467823776233,-11.353366773304463,-0.1277753746067458,1.4269995956778443,1.060882156530698,0.6264099938029843,0.7980877816283176,1.100645929448573,1.196711963145174,0.6356372970495335,0.8171400099651219,0.8570039583679344,0.984398355754858,1.3036556518205695,0.7334444444444443,1.1080379746835445,0.5678327484056002,1.3185989432830771,1.521286337849227,0.787138310185185,0.8944528838734566,0.8958740234374998,1.1077905879180148,1.3771460262345676,0.9448843705715048,1.0523183592830208,1.101407296330762,1.3059194161005736,0.8169396067868723,1.2380187829443885,7.004062247146439,1.892177252807983,8.001919980924157,1.2590537985331989,9.004068102896166,20.911622788847023,13.304119855439136,4.009954752034959,2.4087567073986644,2.015422333192501,0.545851436205212,1.5315391421412607,1.511904761904762,2.0,2.0,4.0,3.0,0.0,0.7277689045287575,0.7401045104952948,0.6651735671514116,0.0,6.0,0.0,1.0,3.0,2.0,0.0,1.0,0.0,1.0,1.0,0.0,0.0,4.844305939904785,0.1875312316284538,0.0,-0.3092747963382873,0.0,0.0,14.607685185185185,0.0,0.0,0.0,0.0,0.0,0.0,0.9418388605442176,1.6957709750566892,0.4730324074074077,0.0,3.225170939970724,1.956443216175359,12.420504377676997,0.0,14.607685185185185,0.0,440.0,1.1875,1.0,-4.5,0.5130086724482992,177.07,5.0,1.7243342482181812,3.7051601885407206,1.68715723423804,0.7142857142857153,17.471122673881055,35.935016962304104,37.750829730458086,1.0,19.89032537748887,4.794537184071822,9.184952231746642,0.0,0.0,0.0,24.97437738277524,43.80393423887613,11.204086992299825,11.38067233274289,0.0,5.428790391900541,0.0,14.291479626587348,0.0,31.07893535450078,0.0,15.64548872675735,0.0,5.817220841045894,0.0,10.077801322358384,0.0,17.215316520898284,16.991516535309753,24.293599804124977,25.93115605767717,12.263210640074686,6.06636706846161,9.467009378641832,5.316788604006331,16.43241047808012,12.6196285019594,0.1594360985134804,-1.755300643086537,3.290533509700176,0.0,9.003212111258996,19.709342660634434,0.0,0.944940787421155,0.4364357804719846,1.4804965150837948,2.0,2.0,1.0,3.0,1.5833,1.9459101490553132,3.713572066704308
nonylphenol,0.0,20.173835330667476,2.2363382898806736,392.75375151643095,6.0,0.0,1.0,0.0,1.0,0.0,0.0,628.0,734.0,53.14741371637601,3.15,3.125,1.2772277227722773,0.8115942028985508,0.8666666666666667,2.3,2.588888888888889,1.88036303630363,1.8917525773195876,1.7669082125603868,1.827777777777778,15.7,18.35,12.972602739726028,9.594059405940596,8.54639175257732,7.9113924050632916,8.115942028985508,8.266666666666667,182.8788542386657,116.5217392644184,118.36717844207244,7.1925647999999995,7.407958200000005,7.139943405940593,7.1787401649484535,1.3286853429094,0.4226470713770915,16.332500000000017,16.702499999999993,-15.857500000000003,-6.875000000000003,-2.002499999999999,-4.4275,-5.749999999999999,-2.1199999999999983,-1.6400000000000003,-2.080000000000001,0.1999999999999988,0.2399999999999992,0.0399999999999991,-7.2164496600635185e-16,-1.0611111111111102,3.701944444444443,6.694166666666666,-2.765833333333334,-2.975000000000002,-1.39138888888889,-1.960833333333334,255.90000000000003,-4.099999999999976,-51.41749999999996,32.80250000000001,-40.7075,-9.175000000000004,5.697499999999993,0.1724999999999967,-1.1500000000000048,34.36454870733171,-580.5688253229866,46.97668190913693,-306.76584351299937,-11.306846628551462,54.90912021833011,14.07155401089564,7.514616096768954,0.0336609699999994,0.1826876900000001,-0.1556298700000001,-0.0967462999999994,-0.0182316899999994,-0.0351193899999996,-0.1450000000000005,0.3294778703999967,-2.9129177970096825,-0.47764328153476,-1.2651326801165197,0.1140663134302007,0.2396510118837605,0.0771964387139603,0.0588249676000003,2.066128036737597,-16.345977391295005,-3.740429469217192,-6.741091588351715,0.8685145291257943,1.2798651861661716,0.427376824748251,0.3428137259812327,2.0475,0.6049999999999999,0.223732876712329,0.1653712871287128,-0.163479381443299,-0.0763888888888889,-0.0253481012658227,-0.0641666666666666,-0.0958333333333333,0.6752777777777778,0.0507115677321156,-0.0285137457044673,-0.017612517580872,-0.7043493150684926,0.3247772277227723,-0.4196649484536082,-0.1019444444444444,0.0721202531645568,0.0024999999999999,-0.0191666666666667,52.22833325000956,0.8591137176832927,-7.952997607164201,0.4651156624667023,-3.162534469206179,-0.1256316292061273,0.6950521546624066,0.1252436016128159,-0.0169754460650233,1.4335667908512564,0.6922634713108704,1.1150866718809949,0.96174718360028,0.7951945371481831,0.8593080318953515,0.9689020037601696,0.8887317303158889,1.0358370152184586,0.8994708994708996,0.874020494273659,1.003676470588235,1.3552578565672844,0.9976604278074866,0.8072158667839978,0.9137409904673331,0.9136652234977308,1.0440410437388958,0.9533672007294516,0.918278006143618,0.9409246138946938,1.2357829700396288,0.940117710028275,0.9281643508776346,0.7998878051887516,1.0028702803518657,1.248033048461578,5.012429144209167,0.9879383159184004,6.002804951875033,1.31104887597111,8.006127630540865,20.89135677600638,14.708163035051522,3.668022814297091,2.4384491173259644,1.98339782686949,0.7874811684274785,1.8963730803792571,0.25,0.0,1.0,1.0,8.0,0.0,0.1422588984322123,0.166611795052756,0.6265723353293413,1.0,8.0,0.0,0.0,2.0,0.0,0.0,0.0,0.0,0.0,1.0,0.0,0.0,10.286560972363642,0.0,0.0,1.545871459822579,0.0,0.0,0.0,0.0,0.0,0.0,0.0,0.0,2.2481942420754653,1.3820307382212145,2.0202542359536406,1.0935723996388682,0.0,0.0,0.0,0.0,0.0,0.0,0.0,300.0,0.921875,0.5,-1.75,0.6545961002785516,16.01,1.0,1.1058666211014745,2.4128754146415785,2.909052680245784,1.2682263988300146,8.947860757543618,18.77941249394227,41.866957411795504,1.0,5.106527394840706,0.0,0.0,0.0,0.0,63.64776814263151,24.471461806010623,0.0,0.0,5.749511833283905,0.0,0.0,0.0,5.106527394840706,0.0,0.0,5.749511833283905,0.0,6.4208216229260096,0.0,0.0,0.0,5.749511833283905,0.0,0.0,5.749511833283905,11.984273114623004,44.94575136048208,6.06636706846161,18.19910120538483,6.923737199690624,0.0,9.5831819099311,1.0935723996388682,0.4522990601837104,10.286560972363642,0.0,18.103386377059184,7.357427473475095,0.0,0.0,0.0,1.8622124672545488,0.0,0.0,0.0,8.0,4.685300000000005,0.0,0.0
ofloxacin,1.0,33.46582201659464,2.5785233443199873,228.20101892845943,10.0,0.0,8.0,3.0,4.0,0.0,0.0,1152.0,1298.0,65.60552309698,9.434782608695652,8.408163265306122,6.470588235294118,3.330357142857143,1.9130434782608696,3.608695652173913,6.380434782608695,3.3515406162464996,3.8389288569144697,4.425595238095238,2.942028985507246,25.043478260869566,26.489795918367346,22.808988764044944,20.865546218487395,18.633093525179856,18.37719298245614,15.053571428571429,11.456521739130435,217.77236420241672,178.08442535484372,147.70702180355678,8.045876956521736,7.966598693877553,7.935142386554622,7.875036460431654,1.4262070238473912,1.397622497557559,61.079395085066174,78.72022684310018,120.19092627599244,-44.58034026465029,-186.27788279773156,-111.4423440453686,-86.04347826086953,7.156899810964086,3.0226843100189043,-0.5160680529300558,-17.729678638941397,-27.87523629489603,-8.234404536862007,-2.173913043478262,-5.491493383742909,25.93352236925016,3.297574039067422,55.71177273682,12.540957781978571,-57.67674858223062,15.944391934467548,367.21739130434776,19.18147448015129,78.81852551984879,15.15500945179586,157.71266540642722,78.2022684310019,-264.01701323251416,-149.52930056710775,-152.08695652173918,-55.31184652369607,878.1512421893291,112.25660220652948,57.85445085877099,297.19236245393,-1657.4703581513452,-769.512788023923,-549.4452362536049,-0.6753008601134217,-0.0855219111531191,3.317468402646502,0.1824044536861999,-2.5904268809073723,0.6331157051039694,-0.4519191398865788,-1.0986598986792009,3.445159778025167,-0.0159512552319368,-1.393283368438473,0.0766613191941516,-6.870537388375392,-1.258969411992405,-0.548493071711438,-25.321354555793206,6.5826651100324565,20.70162018819508,-21.10388202338664,-7.657200260923703,-28.56263405871639,0.7264323069433062,7.978595196690804,4.896030245746694,1.6425678021681251,0.6862853380344514,0.6615145112865561,0.8646829228488666,-0.3377298504897749,-1.6340165157695752,-0.9950209289765054,-0.9352551984877124,2.748372190716235,0.2913878917893276,0.400804120408777,-0.5059363910721985,0.8856014103353796,0.1273530206033265,1.13462349213257,0.5924414275075901,-2.315938712565914,-1.335083040777748,-1.6531190926275998,47.14098298209328,-1.1288131943611444,9.866867889767745,0.9433327916515082,0.41621907092641,2.2514572913176516,-14.539213667994256,-5.972230828843531,0.0453717050848663,1.3984876122856575,1.00014309827826,0.7359317077063842,1.0565847620788504,1.212423747881387,0.9008846475307412,0.7681069065126619,0.7807582492456439,0.7755097080636646,1.1148319585819582,1.3819980694980691,0.6804912686724176,1.0864922390825902,0.5855688473325901,1.4658319590531548,1.29563034793111,0.8644960470572317,0.8027021432818227,0.9200024756205198,1.2759543602078842,1.2139437307601233,1.018387090564561,0.9336674500827576,1.243480309838911,1.4281267160607314,1.013065862666797,1.3814428554193523,7.004064028421363,0.9936778318842868,8.001920392127593,1.258869831638502,9.00406978497241,20.91177670324722,13.304119084553523,4.009962636750044,2.4079722516527347,2.016352829014586,0.5458495057327604,1.605186418645728,1.761904761904762,2.0,2.0,6.0,1.0,0.0,0.6024418637961738,1.0509210395161406,0.656871387659464,2.0,5.0,0.0,1.0,4.0,2.0,0.0,0.0,0.0,2.0,1.0,1.0,0.0,3.2033178919078087,-0.1578700029394479,0.0,-0.2294823761562565,0.0,0.0,14.983653155706726,0.0,0.0,0.0,0.0,0.0,2.0152775955562405,0.8036483350737499,1.3426119614512473,0.3553009259259263,0.0,0.0,2.1656591261772538,12.567178165649484,5.85276100718065,14.983653155706726,0.0,501.0,1.1634615384615383,1.0,-6.25,0.5012116316639744,191.08,6.0,1.7354728381032662,3.665151775594931,1.8584101804620825,0.6849951087897166,17.669846296709412,37.997334597794016,37.48467229494546,1.0,24.210309458133068,4.794537184071822,9.184952231746642,0.0,0.0,0.0,20.037776250829424,32.37586919526338,16.944765761229018,17.857719730893475,11.5667326743298,5.428790391900541,0.0,19.028342580387395,0.0,44.73348930169088,5.749511833283905,15.065563076551069,0.0,5.817220841045894,0.0,10.077801322358384,5.749511833283905,17.215316520898284,23.59839849982267,30.04311163740888,19.15587988028676,6.196843571613076,4.567099647791355,18.871318913218293,4.899909730850477,22.556683437263793,9.363410540086193,-0.2238168012843333,-1.5426565069196736,1.3426119614512473,2.0152775955562405,5.549511796322224,16.830953252738936,0.0,0.944940787421155,0.0,1.450222277275104,3.0,3.0,1.0,2.0,1.544,0.0,0.0
tramadol,1.0,24.01766570796179,2.462551225359187,122.40560474774269,6.0,0.0,3.0,1.0,2.0,0.0,0.0,778.0,926.0,58.23413062122501,4.590909090909091,4.355555555555555,2.52212389380531,0.7033898305084746,0.2941176470588235,2.75,2.8499053030303028,2.367625368731563,2.22409377462569,1.8792372881355932,1.6352941176470588,17.681818181818183,20.57777777777778,16.240963855421686,14.11504424778761,11.26950354609929,9.541353383458649,7.288135593220339,5.9411764705882355,187.0331764980211,126.86046532863077,103.93380243604828,7.398066454545454,7.606119644444448,7.456962831858406,7.3904590070922,1.3235029686642048,0.6298711805236321,1.3553719008264409,-4.1404958677685855,-1.9669421487603236,-29.79338842975208,-90.83471074380164,-18.586776859504138,4.86776859504132,-1.4798553719008318,-3.714359504132234,-6.472623966942148,-13.31611570247934,-9.590392561983474,-0.5299586776859497,-0.2060950413223123,-3.1428023129017486,1.2092767160238724,-0.9815161558769556,-7.089355917125806,11.45420110192837,-15.160636908861346,-8.13760474058769,306.72727272727263,13.80165289256197,24.628099173553668,-68.14049586776864,-3.3305785123966984,11.933884297520647,-176.6528925619835,-72.13223140495867,57.23140495867773,-25.88081470424266,559.1156925439566,-726.9596619017057,-60.79037483368489,-196.40873056297175,-1081.5257707365934,-449.5816580765549,164.68822066107262,-0.5074177376033042,-0.3139005847107426,-0.0648289814049583,0.7257922809917353,-1.014196179752065,-0.099116483471075,0.06437691115702,-0.5318782806474002,2.831704692957685,-3.7953441024139023,-0.2654625739383895,-1.3971495345050495,-3.890683436123041,-1.2475852426418632,-0.1479979300523577,-9.214962949128282,26.979246328175737,-22.86443081704063,-4.6220513857947925,-8.17851130800473,-19.396226181761865,-6.721972481044646,-5.361263406200609,2.9710743801652892,0.9693296602387508,0.0163297819376679,-0.0366415563519343,-0.0139499443174491,-0.2190690325717064,-0.6829677499533958,-0.157515058131391,0.0572678658240155,0.7397088785583104,0.0145695989882394,-0.0502791199796156,-0.1139897511944462,0.2967240864283574,-0.603013237767864,-0.023621124201395,0.0877491492464753,-1.3282172373081464,-0.6112900966521921,0.6733106465726791,50.741667529489696,-0.5751292156498369,6.73633364510791,-6.433271344262882,-0.4311374101679779,-1.4441818423747923,-8.131772712305214,1.9375084783655605,-0.0154939414531561,1.323603696984224,0.9136756217404914,0.9604355086817165,0.8835275798679814,1.2555172123177054,0.9664914513141496,0.6602454027272532,1.0668363139562076,1.0124483374268831,1.0653915773541685,1.2415217459504115,0.9564250328581542,1.6697106898933316,1.0243056599483504,1.3532700672585942,0.8813943971527392,1.107870703086067,1.0002186095591237,0.9658657031277244,1.1863420406380507,1.0294437523233504,1.2121417562298558,1.0171783297001726,1.1197525442954137,1.2893461634050674,1.2544652104118494,1.4785863878043402,6.007456617411154,0.9943779646827274,6.002557473881659,1.1297182151308862,8.011350093695846,20.893745148069417,14.706040673535684,3.678688352301664,2.4371147755312528,1.986013316495467,0.776605683188826,2.0730700707674896,0.6428571428571429,0.0,1.0,1.0,4.0,2.0,0.2654587183888984,0.948895877866048,0.6272975639629833,3.0,5.0,0.0,1.0,2.0,0.0,1.0,0.0,0.0,1.0,1.0,1.0,0.0,5.167358434114386,0.2947741874527583,0.0,1.8180569727891165,0.0,0.0,0.0,0.0,0.0,0.0,0.0,0.0,2.070042044595616,1.2130805146132526,2.0243055555555554,0.9985185185185188,-0.7112500000000002,0.0,2.1677865173847315,0.0,5.28546981292517,0.0,0.0,271.0,0.9473684210526316,0.5,-5.0,0.5951859956236326,58.03,3.0,1.3208769653562038,2.9040097573248604,2.555421861312437,0.8241968751475115,11.822349617408792,25.602692926258648,36.57171459413782,1.0,14.743300079491233,0.0,0.0,0.0,0.0,24.97437738277524,44.633172839826614,12.462662452073968,12.71084835226122,5.749511833283905,0.0,0.0,0.0,9.843390348640757,5.917906046161393,27.749897912544487,5.749511833283905,4.736862953800049,5.601050810983688,5.917906046161393,0.0,0.0,5.749511833283905,5.601050810983688,0.0,5.917906046161393,37.120184599671504,6.4208216229260096,7.109797541277533,24.26546827384644,18.995253696204855,5.28546981292517,11.188993764172334,0.2872685185185186,1.1143126417233558,4.243043194129504,5.808075003149408,11.651673868975164,10.838798061331492,4.112265278882604,0.0,0.0,1.6980068831300272,0.0,0.0,0.0,4.0,2.634600000000001,0.0,0.0
chloroacetic acid,0.0,5.226251859505506,1.847759065022574,8.629874180987336,0.0,0.0,3.0,0.0,2.0,0.0,1.0,492.0,254.0,12.950446714547,10.200617283950615,7.650793650793651,1.0694444444444444,0.0,0.0,2.375,11.854828722755675,6.499228395061729,1.1152263374485596,0.0,0.0,61.5,36.285714285714285,31.5,39.75,6.333333333333333,0.0,0.0,0.0,234.6296936416569,0.0,0.0,9.251935125,8.693866571428572,9.9835965,7.481376000000001,1.6188058393183749,0.5162867121635588,5.9753086419753085,-46.50617283950618,13.08641975308642,0.0,0.0,0.0,0.0,-2.34375,0.75,0.421875,0.0,0.0,0.0,0.0,-6.858396800221002,18.42701784217345,-39.48870217954581,6.798036575026676,0.0,0.0,0.0,204.0,-10.0,-81.0,-6.0,-5.0,0.0,0.0,0.0,0.0,0.7375835616611299,-169.01172623221763,-78.91835235842682,61.55382760052104,0.0,0.0,0.0,0.0,0.0671615312499999,-0.6269186250000003,0.1492267968750002,0.0,0.0,0.0,-0.5107015625,0.130898715380609,-1.2064730886857191,-0.1526969124551246,-0.0435588130357029,0.0,0.0,0.0,0.0,-1.2687044150481497,-4.712640816835718,1.164070199396134,0.8854286624317999,0.0,0.0,0.0,0.0,5.262345679012346,0.9135802469135802,0.5975308641975309,-5.813271604938272,4.362139917695473,0.0,0.0,0.0,0.0,5.2805111406416705,1.8427017842173448,2.2660121916755585,0.0,-8.1,-0.75,-1.6666666666666667,0.0,0.0,0.0,0.0,46.40966685711558,0.1053690802373042,-16.901172623221765,-9.864794044803352,20.517942533507014,0.0,0.0,0.0,0.0,1.613945652185035,1.0561172200901938,0.6425055267771487,0.0,0.0,0.0,0.0,2.1522177419354835,0.0167644183773216,0.0,0.0,1.5483870967741933,1.6258064516129032,0.8613490842667193,0.0,0.0,0.9264705882352942,1.4640522875816993,0.0,0.0,0.0,0.8162301111435242,0.0,0.0,0.0,0.8420242873856835,1.5874956264435505,6.021995183486083,0.7679366370241929,7.008288776465727,1.2825326639755668,17.001100493630787,22.4557724352901,14.701445854929135,3.713694184315203,2.6105171523310196,2.203683764924361,0.7416314585193581,2.5395388613593908,1.1470588235294117,1.0,0.0,1.0,0.0,0.0,0.0,0.0645497224367902,0.6829625,0.0,1.0,0.0,0.0,0.0,0.0,0.0,0.0,0.0,0.0,1.0,0.0,0.0,-0.3055555555555556,0.0,0.0,0.0,0.0,0.0,0.0,0.0,0.0,0.0,0.0,0.0,0.0,-0.3055555555555556,0.0,0.0,0.0,0.0,0.0,9.23611111111111,0.0,0.0,4.736882716049382,19.0,0.85,0.0,-1.25,0.4163197335553705,4.03,1.0,1.9056390622295665,2.75,0.25,0.25,27.8347591747274,35.184375,18.25,0.0,5.106527394840706,4.794537184071822,0.0,0.0,11.600939890232516,0.0,0.0,0.0,0.0,5.880003444970339,0.0,0.0,0.0,9.901064578912528,0.0,5.880003444970339,0.0,0.0,4.794537184071822,0.0,0.0,0.0,0.0,5.969305287951848,5.880003444970339,0.0,0.0,0.0,0.0,0.0,0.0,0.0,7.590277777777778,0.0,-1.2854938271604937,0.0,0.0,0.0,1.0,0.0,0.4999999999999999,0.0,0.743838355587937,0.0,0.0,0.0,1.0,0.3097999999999999,0.0,0.0
DMSO,0.0,3.4641016151377544,1.7320508075688767,5.5836291546125985,0.0,0.0,2.0,0.0,1.0,1.0,0.0,398.0,356.0,17.298681429093996,3.844444444444444,0.5925925925925927,0.0,0.0,0.0,1.8,6.318670934308794,4.5,1.0,0.0,0.0,39.8,39.55555555555556,15.6,7.0,1.0,0.0,0.0,0.0,184.67042838152415,0.0,0.0,7.7487381,7.750057111111109,8.294400000000001,6.718464000000001,1.7298681429093996,0.0763913250412583,6.933333333333333,-27.38666666666667,6.759999999999998,0.0,0.0,0.0,0.0,-1.7999999999999994,0.4799999999999997,0.3599999999999999,0.0,0.0,0.0,0.0,-8.710690443529948,11.926474622770918,-24.586483767718335,4.971248285322359,0.0,0.0,0.0,221.60000000000005,52.75999999999999,-148.20000000000005,-107.51999999999998,92.16,0.0,0.0,0.0,0.0,-36.45156519752105,-106.31590796749872,-436.362353555938,302.7306113589585,0.0,0.0,0.0,0.0,-0.0530092499999999,-0.904628999999999,0.2709202499999992,0.0,0.0,0.0,-0.077716,0.0039976615343602,-3.5872091042906,-0.6915248621251204,1.7225208026625596,0.0,0.0,0.0,0.0,-1.732483753027241,-7.968531421578597,-3.5031256185139124,5.609951414328956,0.0,0.0,0.0,0.0,3.0933333333333337,-0.197037037037037,0.4622222222222222,-2.2822222222222224,0.7511111111111108,0.0,0.0,0.0,0.0,3.2798902606310016,0.7950983081847279,0.5523609205913732,0.0,-9.880000000000004,-8.959999999999999,10.240000000000002,0.0,0.0,0.0,0.0,55.27984307239983,-4.050173910835672,-7.087727197833249,-36.36352946299483,33.63673459543983,0.0,0.0,0.0,0.0,0.5202483132476704,2.6199793677917644,0.0,0.0,0.0,0.0,0.0,2.6912715517241375,0.0,0.0,0.0,1.6666666666666663,2.0,0.8240207887223412,0.0,0.0,0.7513537906137182,0.0,0.0,0.0,0.0,1.3339914666085757,0.0,0.0,0.0,0.4516833977804989,1.48262515898916,6.008267286428628,0.5984308987648475,7.006715760468125,0.4102029123679989,16.007926521735328,24.439830055690315,14.705690825388231,3.7143509766520024,2.6539143081783343,2.939737464468719,0.7809654803844336,2.3237900077244498,0.875,1.0,0.0,0.0,0.0,0.0,0.0,0.5,0.6612429940119761,2.0,0.0,0.0,0.0,0.0,0.0,0.0,0.0,0.0,0.0,0.0,0.0,0.0,0.0,0.0,0.0,0.0,0.0,0.0,0.0,0.0,0.0,0.0,0.0,0.0,1.6388888888888888,0.0,0.0,0.0,0.0,0.0,0.0,9.555555555555555,0.0,0.0,0.0,9.0,0.8125,0.0,-0.25,0.5652173913043479,3.02,1.0,1.570950594454669,1.570950594454669,1.7509775004326935,1.7509775004326935,21.99063204177574,21.99063204177574,16.19833099445768,0.0,0.0,4.208898492164469,0.0,0.0,0.0,0.0,0.0,23.31110740992712,0.0,0.0,0.0,0.0,0.0,4.208898492164469,0.0,12.511538367022808,0.0,0.0,10.799569042904308,0.0,0.0,0.0,0.0,10.799569042904308,0.0,0.0,0.0,0.0,12.511538367022808,0.0,0.0,9.555555555555555,0.0,0.0,0.0,3.2777777777777777,-0.6111111111111112,0.0,0.0,0.0,0.0,0.0,0.8110042339640731,0.0,0.0,0.0,0.0,-0.0052999999999999,0.0,0.0
methanol,0.0,2.0,1.0,1.4142135623730951,0.0,0.0,1.0,0.0,1.0,0.0,0.0,104.0,74.0,5.2105556193960005,4.333333333333333,1.0,0.0,0.0,0.0,1.0,7.333333333333333,1.0,0.0,0.0,0.0,17.333333333333332,14.8,4.714285714285714,1.0,0.0,0.0,0.0,0.0,127.37377607290126,0.0,0.0,7.961014666666666,8.1715896,6.718464,0.0,0.8684259365660001,0.2129967785497641,-9.0,3.0,0.0,0.0,0.0,0.0,0.0,0.0,0.0,0.0,0.0,0.0,0.0,0.0,-4.0,-9.0,3.0,0.0,0.0,0.0,0.0,50.0,-13.0,-24.0,12.0,0.0,0.0,0.0,0.0,0.0,-96.9700467013346,-57.3172900904536,48.55838938375908,0.0,0.0,0.0,0.0,0.0,-0.3893902222222221,0.1232213333333332,0.0,0.0,0.0,0.0,-0.2677777777777772,-0.4970450514884446,-0.0153075573605555,0.1079988696163334,0.0,0.0,0.0,0.0,0.0,-2.8981242172134323,0.1644756557644391,0.4479674319413285,0.0,0.0,0.0,0.0,0.0,3.3333333333333335,-0.8,-1.2857142857142858,1.0,0.0,0.0,0.0,0.0,0.0,3.3333333333333335,-1.2857142857142858,0.0,0.0,-3.4285714285714284,4.0,0.0,0.0,0.0,0.0,0.0,35.24298246934304,-19.394009340266923,-8.188184298636228,16.18612979458636,0.0,0.0,0.0,0.0,0.0,1.3116214423264367,0.2891019718664219,0.0,0.0,0.0,0.0,0.0,0.0,0.0,0.0,0.0,0.0,0.0,1.1,0.0,0.0,0.0,0.0,0.0,0.0,0.0,1.8757355352329552,0.0,0.0,0.0,0.0,2.4019216065175932,5.003022715797302,0.996977284202698,6.003022715797302,1.996977284202698,8.006031808642252,20.581587127372742,14.708166100233274,3.6671359545143143,2.732864045485685,1.6837231287302454,0.7882768712697545,1.0,0.25,0.0,0.0,0.0,0.0,0.0,0.0,0.0,0.5128914171656688,1.0,0.0,0.0,0.0,0.0,0.0,0.0,0.0,0.0,0.0,1.0,0.0,0.0,0.0,0.0,0.0,0.0,0.0,0.0,0.0,0.0,0.0,0.0,0.0,0.0,1.0,0.0,0.0,0.0,0.0,0.0,0.0,0.0,0.0,0.0,0.0,2.0,0.375,0.0,-0.75,0.3846153846153846,1.01,1.0,1.2516291673878228,1.7924812503605778,0.7924812503605783,0.7924812503605783,12.46056140801788,13.005740307654415,7.962406251802889,0.0,5.106527394840706,0.0,0.0,0.0,0.0,0.0,0.0,7.109797541277533,0.0,0.0,0.0,0.0,0.0,5.106527394840706,0.0,7.109797541277533,0.0,0.0,0.0,0.0,0.0,0.0,0.0,0.0,0.0,0.0,7.109797541277533,0.0,0.0,0.0,0.0,0.0,7.0,0.0,0.0,0.0,1.0,0.0,0.0,0.0,0.0,0.0,0.75,0.0,0.0,0.0,0.0,-0.3915,0.0,0.0
butyltinTrichloride,0.0,8.312845350263807,2.1119907362530657,23.97114769562308,0.0,0.0,4.0,0.0,0.0,0.0,3.0,3520.0,3012.0,90.87991614364098,0.871924473493101,0.649074074074074,0.1901234567901234,0.0,0.0,2.411764705882353,1.485108613679765,1.2921409465020577,1.2460685871056243,0.0,0.0,207.05882352941177,188.25,57.63333333333333,25.333333333333332,31.40740740740741,17.0,0.0,0.0,312.810412276345,125.1611140567369,0.0,7.772701117647059,7.309199625000001,7.404196944444444,7.543192222222222,5.345877420214175,0.0,-3.768227604767397,-1.0889145200563886,0.7084557221581446,2.172492631039344,-1.1150173010380624,0.0,0.0,-1.7923875432525955,0.0726643598615921,-1.9307958477508655,-0.9342560553633216,1.121107266435987,0.0,0.0,-1.0378104158989183,-0.0507749854171314,-0.0051231375396927,-0.6284022488216782,0.8865038250815214,-0.2681822782120836,0.0,2463.764705882353,1199.98615916955,-1.4083044982698931,-303.7370242214533,-548.5674740484428,-1013.3979238754328,-564.7577854671281,0.0,0.0,505.3139239947632,-140.76305737954968,16.886420277499667,-106.0967167065496,-562.516870210834,-640.0349851906467,0.0,0.0,1.8655483667820063,-0.1524958304498276,-0.2896135640138411,-0.3577392975778545,-1.1139707958477496,0.0,-1.1363948096885812,10.880887001166894,-5.689044983460148,-2.8626460825834856,-6.002306753025012,-15.331754613466536,-4.89670629537077,0.0,0.0,-6.395719821946504,-12.737542768562069,1.4006492113962938,0.8381341230598229,-8.881437447616646,3.6925480282341656,0.0,0.0,0.5647332222649407,-0.1068138322867273,-0.1256075868255799,-0.0302476255571219,0.026239100820672,0.1206940350577413,-0.1238908112264513,0.0,0.0,0.1298575577421156,-0.0016924995139043,-0.0232741573637658,-0.0297980309124537,-0.0469434832756631,-8.437139561707035,-20.31731385364603,-56.29988465974626,-62.75086505190312,0.0,0.0,109.08368061356671,31.5821202496727,-4.692101912651656,0.4690672299305463,-3.929508026168504,-31.250937233935225,-71.1149983545163,0.0,0.0,0.0,0.0,0.0,0.0,0.0,0.0,0.0,0.9902126904208626,0.7085162234271453,0.1759859927704622,0.5040908210689389,1.9226190476190472,0.9984126984126984,2.2381593157373207,0.4330318693406125,0.0,0.7993187533823575,1.0537321774070891,1.641931684334511,0.831248209340082,0.0,1.01453254100178,1.408393267207496,1.2283391251625106,3.116977672561989,0.7649687008209133,1.8047358550201036,2.1460997201148766,0.035088548497675,2.0241177462363567,0.2137727692106535,50.00132741536356,42.80460317760255,20.41354279831833,3.5074582945319768,2.247689556643308,7.848028686439762,1.5038798125422568,3.1117661943884265,2.821176470588235,0.0,0.0,2.0,2.0,0.0,0.0,14.037838562130656,0.9531925678055652,1.0,3.0,0.0,0.0,0.0,0.0,0.0,0.0,0.0,0.0,0.0,0.0,0.0,3.0766435185185186,0.0,0.0,0.0,0.0,0.0,0.0,0.0,0.0,0.0,0.0,-2.8911694444444436,2.09947962962963,1.1297916666666667,0.0,0.0,0.0,0.0,0.0,0.0,0.0,0.0,5.652793209876543,56.0,0.5625,0.0,-4.5,1.328600405679513,7.04,0.0,1.6589797521242051,2.0119209285947934,2.0755419126555457,0.912339706136878,50.58848253492836,54.827659005516594,46.160289498408495,0.0,0.0,0.0,0.0,0.0,0.0,0.0,0.0,0.0,0.0,0.0,0.0,0.0,0.0,0.0,0.0,0.0,0.0,0.0,0.0,0.0,4.436742530344651,0.0,0.0,14.996954952148332,0.0,0.0,17.27838577619667,0.0,0.0,0.0,6.923737199690624,0.8708796296296297,0.0,0.0,0.0,2.205763888888889,16.95837962962963,2.381101577952299,0.0,0.0,0.0,0.0,0.9173699886249056,0.0,0.0,0.0,3.0,3.4418000000000015,0.0,0.0
