,1-2Dichloroethane0,1-2Dichloroethane1,1-2Dichloroethane2,1-chlorodecane0,2A10,2A11,4-octylphenol0,4-octylphenol1,124-Trichlorobenzene0,124-Trichlorobenzene1,A7360,A7361,A7362,Acetone0,Acide Acrylique0,Acide Acrylique1,Acide Acrylique2,alphaEndosulfan0,alphaEndosulfan1,alphaEndosulfan2,Anthracene0,Anthracene1,Benzene0,Benzo(a)pyrene0,Benzo(a)pyrene1,betaEndosulfan0,betaEndosulfan1,betaEndosulfan2,Biphenyl0,Carbaryl0,Carbaryl1,Chlorothanolil0,Chlorothanolil1,Chlorothanolil2,Chlorpyrifos0,Chlorpyrifos1,Cypermethrine0,Cypermethrine1,DDD(2-4)0,DDD(2-4)1,DDD(2-4)2,Dicofol0,Dicofol1,Dieldrin0,Dieldrin1,H400,H401,H402,Hydrazine0,Hydrazine1,Ibuprofen0,Isodrin0,Isodrin1,L10000,L10001,Lindane0,Methomyl0,Methomyl1,Methomyl2,Methomyl3,Methomyl4,Methomyl5,Methomyl6,Nitric Acid0,Pentachlorophenol0,Pentachlorophenol1,PiperonylButoxide0,PiperonylButoxide1,Quinoxyfen0,Quinoxyfen1,Quinoxyfen2,Tebufenozide0,Tebufenozide1,Tetrachloroethylene0,Tetrachloroethylene1,Trichlorobenzene(123)0,Trichlorobenzene(123)1,Trichlorobenzene(123)2,Trichlorobenzene(123)3,Trichloroethylene0,Trichloroethylene1,Trichloroethylene2,Trifluralin0,Trifluralin1,Trifluralin2,Trifluralin3,Verapamil0,Verapamil1,Verapamil2
0,0.3533358912060449,0.2078922805349271,0.4801598545059758,0.0,0.1328442311210888,0.5467642029155715,0.0280893519852183,0.1935717546376542,0.130523729221601,0.1645740323526597,0.0717344299081029,0.2100771418376462,0.0369233193102379,0.0,0.3510367334572299,0.3217234996459372,0.1574818665021335,0.0,0.0,0.0,0.0068756504022174,0.0396684285134468,0.0,0.0,0.0138719895531504,0.0,0.0,0.048015147743377,0.0259213556298323,0.0,0.0,0.0,0.120023009323812,0.0,0.1980814070833426,0.0,0.0215198538218242,0.2071361115782639,0.2292182928869937,0.136424990036513,0.1122811724618742,0.0,0.0,0.0,0.0439677869189562,0.1324272515789343,0.2691537743088095,0.1944474337125972,0.2573439207776288,0.0,0.0,0.0,0.0,0.1089470487732255,0.2210150316536602,0.0,0.0,0.0,0.0443510699417813,0.0,0.0,0.0,0.0,0.4509117106121482,0.0,0.0,0.0621366367886172,0.3347492614565223,0.7302612591152228,1.0029474351283845,1.443331724148226,0.1026833742739534,0.0,0.3250535756192894,0.4221812669718703,0.019577787944579,0.0,0.019577787944579,0.0071194506797634,0.7722555627606709,0.3859576688478817,0.7296546736563341,0.0,0.0,0.0,0.0,0.0055911506130349,0.0,0.0
1,0.4526846715786943,0.2961171737153517,0.6232525996281165,0.0,0.2611034798185924,0.672888801492894,0.0630794019983585,0.2894124300235404,0.1272468140148162,0.2521965955884419,0.0921569778657094,0.2238490447970122,0.0442631513255144,0.0,0.4764071113347672,0.4395835770280751,0.2463938643021615,0.0,0.0,0.0,0.0243877733445544,0.0601322582583078,0.0,0.0,0.0153265535995801,0.0,0.0,0.0717142871641155,0.0315246985455936,0.0,0.0,0.0,0.1150972203301708,0.0,0.2094681132781826,0.0,0.0727803515215992,0.2979438745318741,0.1945976918683743,0.2158609843681204,0.1716858029056651,0.0,0.0,0.0,0.0488619706657696,0.2132758022551688,0.3840441864816775,0.2619456159791046,0.3059450232898125,0.0,0.0,-0.0142452088517526,0.0,0.1325208513479252,0.3103636649688073,0.0,0.0,0.0,0.0499027666297239,0.0,0.0,0.0,0.0,0.5618418275891931,0.0,0.0,0.0759097352719257,0.3901622962619792,0.7307828089768735,1.17147425095984,1.496693246060549,0.0657836317029297,0.0,0.4628917928724583,0.5358903388417422,0.0249435751270568,0.0,0.0249435751270568,0.0,0.842854602637572,0.5456557621148302,0.8462537989372254,0.0,0.0133570048374356,0.0,0.0,0.0212357220037771,0.0,0.0
2,0.5377166168012364,0.4010969596103359,0.6957749101579956,0.0,0.3043524864520595,0.6644685954521471,0.1097335915651967,0.3810977201735803,0.1229342494350418,0.3535435587460571,0.1060270615590005,0.2315533422217574,0.0506452197086947,0.0,0.6219954018881978,0.5871994344055054,0.3457543263337397,0.0,0.0,0.0,0.0386939987210315,0.0794773577519039,0.0,0.0,0.015821504960486,0.0,0.0,0.1109192101846235,0.0403304406792477,0.0,0.0,0.0,0.1269731949502814,0.0,0.1640868311186019,0.0,0.1914625525111832,0.3995472427105893,0.1647138020101233,0.2691680838772375,0.2597165190291104,0.0,0.0,0.0,0.051192183965224,0.3125400286571496,0.508185129362988,0.3307575811370815,0.3290375433740937,0.0,0.0,-0.0132880240905365,0.0,0.1544026001902729,0.3931016531644719,0.0,0.0,0.0,0.0513806383604612,0.0,0.0,0.0,0.0,0.6616533235384116,0.0,0.0,0.1031366855127327,0.4778766283364798,0.7173740912719195,1.2513651546520403,1.53579912804394,0.1012079302106462,0.0,0.6184054696974249,0.6174591972381134,0.0194824435414592,0.0,0.0194824435414592,0.0,0.87402813299674,0.6053128823804431,0.971290596179936,0.0,0.0,0.0,0.0,0.0472449650285272,0.0,0.0
3,0.5259496853464025,0.4914161525992547,0.7249730557047506,0.0,0.3264834267291409,0.6032614904432798,0.1655844288835556,0.447877558194344,0.1388886471639407,0.4709420766813336,0.106123188528948,0.2329839760130146,0.0539679369698436,0.0,0.7702860289806314,0.7516764719705455,0.4554449456042742,0.0,0.0,0.0,0.0468943708817015,0.1293035261073887,0.0,0.0,0.0152685870324173,0.0,0.0,0.1549944924470488,0.0447590169535097,0.0,0.0,0.0,0.0955305392124857,0.0,0.1416607947562845,0.0,0.3107463424816654,0.4994932028046253,0.1777625499295384,0.3273929143529351,0.3598689716885013,0.0,0.0,0.0,0.054149892680354,0.4366619404103442,0.6581220041607692,0.4086499322109124,0.313891149137574,0.0,0.0,-0.0251156053008009,0.0,0.1391891641954405,0.4658662627641451,0.0,0.0,0.0,0.0475884454296837,0.0,0.0,0.0,0.0,0.7465069208322717,0.0,0.0,0.1343707176469684,0.3735948734399968,0.7758963143187764,1.3111451568176251,1.5666482103561616,0.1801295231312489,0.0,0.7312813968826909,0.6736502477783246,0.0180398493861766,0.0,0.0180398493861766,0.0,0.8632001144783715,0.6248422831211594,0.951837619970924,0.0,0.0,0.0,0.0,0.0867781560862317,0.0,0.0
4,0.4996885300922285,0.5563920351824819,0.6973608944532914,0.0,0.3378070919491819,0.5551152857589605,0.2276208839666889,0.5121600471997267,0.1571611266955647,0.4740564691821856,0.1014149130418591,0.2441153461225363,0.0544891686027847,0.0,0.923123320372826,0.867090447362238,0.5673578700534936,0.0,0.0,0.0,0.0725788787089558,0.190988091240922,0.0,0.0,0.0137845127418574,0.0,0.0,0.2154391399819791,0.0579381648168627,0.0,0.0,0.0,0.0940529273000306,0.0,0.1613089771280008,0.0,0.4668298588927532,0.6404771988639968,0.2894238451476557,0.4206795895788663,0.4199897049441907,0.0,0.0075504463253065,0.0,0.0590304024093709,0.5617029660678643,0.799509738945973,0.4928243380961535,0.3349899951870404,0.0,0.0,-0.0341681050865532,0.0,0.1199514905916152,0.5239832762373148,0.0,0.0,0.0,0.0410999586745301,0.0,0.0,0.0,0.0,0.8146936282311917,0.0057579244148182,0.0057579244148182,0.1632735775689053,0.298573141612035,0.8212596904050052,1.3185276820953964,1.6133321978828483,0.2707182345137202,0.0,0.7384679000375268,0.7347773381345332,0.0228466755434852,0.0,0.0228466755434852,0.0,0.8212458118964846,0.6105435764613978,0.8258893252819248,0.0,0.0073191089497078,0.0,0.0,0.1261278884877872,0.0,0.0
5,0.4681665082037984,0.6146937010267124,0.6548404670114457,0.0,0.3371481610954313,0.5046762498549474,0.3456113796028009,0.5812746186986295,0.1762956622151846,0.4651574415889238,0.093130829759397,0.2556153098875642,0.0550120857732314,0.0,1.0602069826880791,1.000147827554567,0.6648934335726798,0.0,0.0,0.0,0.103323345263825,0.2075822161307053,0.0,0.0,0.0116510144705325,0.0,0.0,0.2847609332661845,0.0973157328869482,0.0,0.0,0.0,0.0879117371167257,0.0053329019415592,0.1443244628394684,0.0081252922278812,0.6435620621233578,0.7293418195396886,0.4223911165318075,0.5158292735610528,0.5149220117854635,0.0,0.0366444755192833,0.0,0.0655694886902699,0.7098774790297583,0.9662643460312278,0.5593068082874123,0.3918617785986242,0.0,0.0,-0.0419195713886088,0.0,0.0970823066800408,0.5867331770040519,0.0,0.0,0.0,0.0331206668853701,0.0,0.0,0.0,0.0,0.8689305342137715,0.0081649068044453,0.0081649068044453,0.2061193547020496,0.2383289565623459,0.893377780610062,1.3645165741985288,1.5145481402782854,0.3005775836537393,0.0,0.6352648853378637,0.7384885897013943,0.0311394370273424,0.0,0.0311394370273424,0.0,0.75485972620453,0.58344940828613,0.747058025595857,0.0,0.0260033767618117,0.0,0.006421753833274,0.1729235280381533,0.0,0.0
6,0.4855391478955019,0.6273038769122505,0.570512948312151,0.0,0.3246072666419284,0.4843039355538355,0.4678508237799087,0.6529635788569471,0.1939967845248972,0.4359087972468337,0.0826961896482427,0.2580515788634144,0.0528858518771545,0.0,1.1633908813412956,1.1120926627641066,0.7358292598140646,0.0,0.0,0.0,0.1299481200204472,0.2073059183550046,0.0,0.0,0.0092277621327613,0.0,0.0,0.3852505312059008,0.1572058636831271,0.0,0.0,0.0,0.1238948016543646,0.0215941088194017,0.1150313255798163,0.0207471142496653,0.8770951696681538,0.7698734996472419,0.6130703652841867,0.6279793001125494,0.6199383294082936,0.0,0.0345260701338051,0.0,0.0807859059411983,0.8396012030728184,1.1009984398161985,0.6170408232177786,0.4483099837348973,0.0,0.0,-0.0580820406620545,0.0,0.0760016947411881,0.648162578572521,0.0,0.0,0.0,0.0249156708150435,0.0,0.0,0.0,0.0,0.9096361121366964,0.0,0.0,0.2529494308655426,0.2422226708896895,0.9098020895380404,1.39747765868582,1.4790440208766478,0.2775199388606248,0.0,0.6644432992131857,0.7428117251814151,0.0432898792084939,0.0,0.0432898792084939,0.0164876967675039,0.6786919167499011,0.6469299983907865,0.6345657151321723,0.0,0.0275834183341362,0.0,0.0090212491298645,0.207711231433443,0.0,0.0
7,0.5371217697449072,0.6137564451520896,0.5237780106956178,0.0068299698366109,0.3425752002612292,0.5229258879185265,0.6187574461059939,0.7129031004920887,0.2045912407827778,0.3965229341871202,0.0713365485356505,0.249706606905271,0.0506196241466269,0.0,1.2157320019114832,1.216384558463319,0.7761945681695593,0.0,0.0,0.0,0.1628886563764645,0.2203896522944794,0.0,0.0,0.0067484062004724,0.0,0.0,0.4342661664429799,0.2258077531430457,0.0,0.0,0.0,0.1376560700341867,0.0509103447083532,0.1073275946942227,0.0331780801101786,1.0425039833234175,0.8527990380888045,0.6524952615476275,0.7290298295398319,0.739151721276984,0.0,0.0306346901492201,0.0,0.0991124152740576,0.9568945956209096,1.1077343528347334,0.6541273166891234,0.501751474508721,0.0,0.0,-0.0882649742627816,-0.0152390274271957,0.0569897347312993,0.745395800485036,0.0,0.0,0.0,0.0174679336152107,0.0,0.0,0.0,0.0,0.9295965180645964,0.0,0.0,0.2709335516803891,0.2512109627791475,0.8421402618320442,1.3072773761679652,1.316413177798473,0.2453070981175267,0.0,0.655766400831575,0.7453520595822052,0.0596058700967232,0.0,0.0596058700967232,0.0510456698050022,0.6075211843642447,0.5292957514043427,0.5596468756060026,0.0,0.0283774086193911,0.0,0.0116811098250277,0.2315494924783025,0.0,0.0
8,0.5827705380671487,0.5976576767008586,0.5078652677035547,0.0094459690781573,0.361965593145036,0.5535020606510311,0.6500958874732702,0.7466303159041859,0.206858982902182,0.3532946076212796,0.0598952406319461,0.2304595585036595,0.0653507761776164,0.0,1.1827957183323128,1.2868922860993994,0.7861452661551492,0.0,0.0,0.0,0.2044849339861726,0.2659004540207699,0.0259713028461056,0.0,0.0,0.0,0.0,0.4979778032985077,0.2916707684648176,0.0,0.0,0.0,0.1267761242782873,0.0923843299345272,0.131100287187127,0.0370284813079941,1.2425748795710572,0.9302207591377232,0.6391001438211079,0.8254651889727102,0.8766984896841773,0.0,0.0261735979135167,0.0,0.1245155586761493,1.054730017095843,1.0547827690093965,0.6838844372931512,0.5120736248685546,0.0,0.0,-0.125376563453393,-0.0427779221041687,0.0418980145773452,0.8633643818556629,0.0,0.0,0.0,0.0115923478565262,0.0,0.0,0.0,0.0,0.9485007111710854,0.0,0.0,0.306196867017295,0.275305712975197,0.800697721628479,1.2262719134905582,1.1343889618653364,0.2096850954497651,0.0,0.6094656581048358,0.6835308706917335,0.0843147008530011,0.0,0.0843147008530011,0.0797067656277728,0.4667785793231501,0.4147260930679443,0.4955818647459251,0.0,0.03481363963264,0.0,0.012309660557468,0.2479816804984873,0.0,0.0
9,0.6293423714715829,0.5617959468632061,0.4902817062193188,0.0138458964389371,0.3680663841310569,0.5719431928943027,0.5386918919379998,0.7648102512049623,0.2015828743350074,0.3157466687892728,0.0443256027609509,0.2053268109050515,0.0577401616589599,0.0,1.1896124597880602,1.3213526627201364,0.7710253294284929,0.0,0.0,0.0,0.2424467381448904,0.3064765268799541,0.0224449274717774,0.0,0.0,0.0,0.0,0.5515728745828413,0.3025104280875023,-0.0063224381026564,0.0,0.0,0.1655882614216416,0.1438108048470615,0.1593133527029703,0.0451832340000251,1.270272425194498,0.9585580894971264,0.6319571016378727,0.9160752069308848,1.006479167826694,0.0,0.0300185692702639,0.0,0.1550258491677153,1.1334843418253508,1.004807932538386,0.73048717360637,0.4776081827026913,0.0,0.0,-0.1646589528848192,-0.0724885504050464,0.036818401428472,0.8942412664487015,0.0,0.0,0.0,0.0,0.0,0.0,0.0,0.0,0.9547501091523616,0.0,0.0,0.3244974536508261,0.3143263255280278,0.7401502836612891,1.0691095005674114,0.9812224904342468,0.1756885265427313,0.0,0.452702944093209,0.6183699607693643,0.0802525684552124,0.0,0.0802525684552124,0.0975514407774731,-0.2913301901849404,0.3464292714708567,0.4226025266979802,0.0,0.052268935733846,0.0,0.0122292797785935,0.263226403763748,0.0,0.0
10,0.6395823767073363,0.529651663355141,0.462892127795275,0.0200748763781868,0.3631329333895087,0.5808286553677827,0.5097624738344863,0.8201936972625578,0.1840412691861579,0.2828258693137572,0.0323644627543999,0.1709478733564671,0.0240295450702602,0.0,1.0580082865295168,1.3096168030581488,0.7255221842225408,0.0,0.0,0.0,0.2504995069287636,0.2908157142026876,0.019132496013413,0.0,0.0,0.0,0.0,0.5930536048902176,0.3006476883361434,-0.0169717650855604,0.0,0.0,0.2136619796296207,0.1982596628645726,0.1676628051734099,0.0548440150244858,1.3605982145268127,1.0458027318938556,0.6494632297381248,0.9201276942230452,1.1425287622285698,0.0,0.0466435065831373,0.0,0.1970658714374843,1.1411628034773809,0.9419595777882273,0.7678140314308891,0.4348032964791526,0.0,0.0,-0.2119317276270392,-0.093581219655158,0.0377628792612795,0.8604178246416483,0.0,0.0,0.0,0.0073556018027754,0.0,0.0,0.0,0.0,0.8861081423098803,0.0,0.0,0.2945337384755961,0.3697043095052803,0.7035261028271593,0.9269804080826016,0.9268380494451628,0.1501070116641467,0.0,0.3323077455916262,0.5429186631557915,0.078458721616146,0.0,0.078458721616146,0.0973745270475375,-0.355094048793144,0.2081168247473004,0.3428845973779532,0.0,0.067526529438283,0.0,0.0162442257307343,0.2399713085016461,0.0,0.0
11,0.6109048852686924,0.5229608753831838,0.4456826211830679,0.0313802590126102,0.3432790698634801,0.5505032239876814,0.5924447778875754,0.8458598838394833,0.1651903685247168,0.2626228243823694,0.0255143414263592,0.1419482696241245,0.0187823334442761,0.0,0.9974653258188672,1.2981649173882237,0.6626903143302926,0.0,0.0,0.0206731653447265,0.291925609633862,0.2640651826923709,0.0163408880034601,0.0,0.0,0.0,0.0,0.5713653464889381,0.3011056731220631,-0.0218090763231482,0.0,0.0,0.2876871962920614,0.2206675249940508,0.2159399872071339,0.0650058447935175,1.3394214411882206,1.2085151331072852,0.7170547382673355,0.878064438004388,1.1642326511878898,0.0,0.0528474810691113,0.0,0.2334824449236332,1.1185859325893257,0.8754009227740486,0.7856862658799251,0.4147887768209859,0.0,0.0,-0.2617095562778363,-0.1327029617184255,0.0557876230459178,0.8207724148826934,0.0,0.0,0.0,0.0102607081809262,0.0,0.0,0.0,0.0,0.8698015905376167,0.0,0.0,0.275778189221265,0.4248490098545103,0.6802384482252184,0.8133649568784846,0.9160489000077996,0.1383689127042306,0.0,0.2479435063712756,0.4965964009597544,0.0752499675285766,0.0,0.0752499675285766,0.0978197846612204,-0.3968618198636863,0.1209014467458146,0.2697804736860097,0.0,0.0825383942109739,0.0,0.0155822104861755,0.2652248406969685,0.0,0.0
12,0.5698275776724283,0.5114638113421609,0.4398246470620767,0.0596963491945739,0.3205256611650843,0.4699241117394121,0.7882009223884074,0.8671575139502484,0.141643746359043,0.2075916947528072,0.0123695464652753,0.1101791087806241,0.0184974540651378,0.0,0.9669837803892282,1.2237239141540777,0.5875335248811459,0.0,0.0,0.0712402450762746,0.3706422346590536,0.2428304224375036,0.0140886768796079,0.0,0.0,0.0,0.0,0.5245205281742154,0.2604956443538535,-0.025877756844278,0.0,0.0,0.298631922351203,0.2778097009801456,0.2974709723851714,0.0770779340194279,1.333078465317941,1.3983043816659562,0.6687275030262088,0.8344717184892436,1.3127044732865212,0.0,0.0412817680484787,0.0,0.2705344445064995,1.099909724780754,0.8133261617383102,0.7761197442017325,0.3934067601215137,0.0,0.0,-0.3167893498806095,-0.1713180353275815,0.0701833829161229,0.7726085522174794,0.0,0.0,0.0,0.0133306708683077,0.0,0.0,0.0,0.0,0.909701704783884,0.0,0.0,0.2810910036721074,0.4730114269734955,0.6695757329964585,0.7060100101037312,0.9256768437148118,0.1307956099846733,0.0,0.2006632577293844,0.4531365327085601,0.080556797995537,0.0,0.080556797995537,0.1041560189469369,-0.4334947352472922,0.0878738916905916,0.1953341179093178,0.0,0.0911728627092266,0.0,0.0141144836314728,0.234293297888827,0.0,0.0
13,0.5306364383569327,0.4993526589844745,0.448206431695257,0.0908680127241223,0.2958417196331633,0.4121752254279717,1.0106941033481154,0.8940506559622848,0.1149589642355645,0.1365082055976607,0.0,0.0824450505813458,0.0227264993940162,0.0,0.9587553739913108,1.1084645708245275,0.5124391490425392,0.0,0.0,0.1313582890509585,0.4170317220530272,0.2305274592505346,0.00910998791803,0.0,0.0,0.0,0.0,0.4846788209874521,0.206146354755884,-0.0179735522352686,0.0,0.0,0.2885650791282849,0.3441792816795217,0.3873959977031738,0.0892368018319802,1.3521689233267646,1.279353131678488,0.6086908420905746,0.8255000483542126,1.4164809101128877,0.0,0.0281376095483274,0.0,0.2922250207691813,1.08968143239785,0.7347665073679325,0.7033580175808751,0.3726688969549478,0.0,0.0,-0.3591477361315363,-0.2034319609510412,0.0852844059487284,0.712441779704806,0.0,0.0,0.0,0.0161308205160482,0.0,0.0,0.0,0.0,0.9393866704358677,0.0,0.0,0.2391695096008606,0.5127428351721861,0.6444749533129887,0.6480040445153209,0.9364009486352872,0.1403482847718954,0.0,0.1572007298767982,0.4376372788238462,0.101677930471385,0.0584651447680183,0.101677930471385,0.1061838558172255,-0.4476662631592732,0.0697984866409903,0.1441340032278652,0.0,0.0729436956917171,0.0,0.0120231679327884,0.2211500005623143,0.0,0.0
14,0.4972312403903972,0.5003003274323518,0.4559583928494084,0.1120190280823139,0.2835009084203856,0.3907448856860701,1.1138769810597111,0.9266413634625956,0.0895632939136139,0.1161247500078744,0.0,0.0558015901617474,0.0266478538353142,0.0054770786842229,0.9752016178637152,1.0093343771674368,0.4469483069345261,0.0,0.0,0.2078423917616585,0.3975011381624784,0.2209352899594988,0.0087889711806268,0.0,0.0,0.0,0.0,0.4740571463369744,0.2189166491922997,0.0358948320746501,0.0,0.0,0.3028917944142768,0.3987022688821623,0.4283352169508048,0.0992970504025306,1.43407084928494,1.2063896408945969,0.5942489961298029,0.8348049556815387,1.384980876927373,0.0,0.0194318369039813,0.0,0.2769908869164355,1.0650291969128565,0.6646095349861164,0.616031996998866,0.343506661341975,0.0,0.0,-0.3968587269338903,-0.2390720107094685,0.1026779891702654,0.659737905900989,0.0,0.0,0.0,0.0181804767084281,0.0,0.0,0.0,0.0,0.94372091891437,0.0,0.0,0.2177260596508711,0.5028257141132699,0.6166945235790591,0.6083008317053418,0.966180195990732,0.1565584205431461,0.0,0.1974833874893908,0.368504403781796,0.1263769285317491,0.1345926064579536,0.1263769285317491,0.1129749005353193,-0.4481283811312106,0.060726292664334,0.1111016979610096,0.0,0.0473031984375424,0.0,0.0096188945936549,0.2217059562475315,0.0,0.0
15,0.4834078200390772,0.4932348421749651,0.4350441688765635,0.0963228426431938,0.2700808522489294,0.3845963077775314,1.057542636055253,0.9671261963359276,0.0644456442015548,0.1097812491379843,0.0,0.0373983641922276,0.0326610824042788,0.0145246840170796,1.0277548185440448,0.9411289226582464,0.3958271303486719,0.0,0.0,0.1630686674687338,0.369913093729855,0.2158611179808339,0.0078922122891304,0.0,0.0,0.0,0.0,0.5086603070934711,0.200758941245847,0.0531897246420115,0.0,0.0,0.3407017904391556,0.4466589008098497,0.4092411191493767,0.1112865045823594,1.5355409426978024,1.2152933724326598,0.566624287808542,0.8301830513243248,1.4964009458691316,0.0,0.0204055800903596,0.0,0.2712297771474816,1.0306378950663075,0.5897691740028919,0.536235349695707,0.2897407965252023,0.0,0.0,-0.4281848861314907,-0.2807080663862207,0.0913812120769424,0.6051723843465119,0.0,0.0,0.0,0.0190859282904542,0.0,0.0,0.0,0.0,0.9523776871229606,0.0,0.0,0.2015583434127356,0.4450810339780802,0.5961912888651671,0.6176497093369457,0.998128797643307,0.1739479431882475,0.0,0.2266044550417117,0.2516111972187039,0.157559287147193,0.2000391054544113,0.157559287147193,0.1228951063259813,-0.4375385018958587,0.0431668610113441,0.0832280923844061,0.0,0.0344898385320042,0.0,0.0072687468729398,0.2292224810511819,0.0138436044257343,0.0
16,0.5098393752655755,0.4888188854314917,0.4272401324252142,0.0824148255732892,0.2861680617420955,0.379184693894514,1.0302923527086938,0.9939018646039934,0.0372122967610116,0.0989603427772172,0.0,0.027721825514624,0.0387133260569973,0.021582139216465,1.0082356923227778,0.903242732958162,0.3855028362549893,0.0,0.0,0.1269221529758535,0.3451391022751114,0.2108966204628056,-0.016482158649409,0.0,0.0054215396520114,0.0,0.0,0.5425577081596028,0.1607680995077078,0.0579198387647143,0.0,0.0,0.3631750530171196,0.4857544538372118,0.378057105183854,0.1235407766352909,1.6188353922970329,1.1004093653551594,0.5846844155097777,0.8195125957816691,1.65451946320754,0.0,0.0377832232274524,0.0,0.2664234904604368,1.02829431855234,0.523689624039183,0.5792219670194129,0.2432529101477308,0.0,0.0,-0.4547618013370004,-0.3055197519133832,0.0828543189407698,0.5564471341789593,0.0,0.0,0.0,0.018663608558848,0.0,0.0,0.0,0.0,0.948274685017398,0.0,0.0,0.1901840263283599,0.3894465278639025,0.5810067598975619,0.6098132516390447,1.0293618695407452,0.189657361114419,0.0,0.2533758487067684,0.2400694107075568,0.1864252189882927,0.2185446057400169,0.1864252189882927,0.1413651116149032,-0.4267404404676962,0.0425597604378932,-0.0708547559771031,0.0,0.0212659049007097,0.0,0.0,0.2389694609429215,0.0220330347257455,0.0
17,0.5338897602509219,0.4867396349773438,0.4267687700388535,0.0732670998087042,0.2852288240653824,0.3368690655893923,1.0070237867497347,0.9799145145722954,0.0266304799592053,0.1086328099703311,0.0,0.0167898746460397,0.0430685703031025,0.0298285060960942,1.032138641303528,0.892012415690874,0.3677379905409614,0.0,0.0,0.1036333540606381,0.2995282043862781,0.2167039249271504,-0.033720310592512,0.0,0.0,0.0,0.0,0.5790502910158984,0.1267289111288588,0.0480336176679002,0.0,0.0,0.2515179450180931,0.5192179721056778,0.3385414402651616,0.13628455320009,1.5407360542822663,1.015383578186293,0.6053121539343866,0.8115721231147002,1.74678718565491,0.0,0.0613271907485062,0.0,0.2594286904658006,1.0369322105038918,0.4749624520874054,0.5907172069290773,0.2053539110469685,0.0,0.0,-0.4865929004329475,-0.327997264393658,0.0936084480607424,0.5271946319077236,0.0,0.0,0.0,0.0170007283332005,0.0,0.0,0.0,0.0,0.935120489147262,0.0,0.0,0.1931865952534849,0.3882879912374452,0.5610495548565299,0.5649838699652685,1.043780112335358,0.1984425248644901,0.0,0.2607523747906074,0.2583645118571959,0.1775311097863786,0.234458871087651,0.1775311097863786,0.16861747826273,-0.4070302859322734,0.0440265307730035,-0.1070025043361027,0.0,0.0160499873230737,0.0,0.0,0.2496896635523433,0.0232034776365923,0.0
18,0.5583155650449596,0.4813940300425121,0.4411099984073051,0.0764895895187069,0.2469481702517613,0.3028703414450986,0.994857129752394,0.9893627842747188,0.0170759688259883,0.1281770209895898,0.0,0.0146875055888301,0.0450090862837319,0.0390498092465106,1.0788689839635337,0.8545507431080837,0.3632909852132884,0.0,0.0,0.0847544553176396,0.2407084386250119,0.230332994743117,-0.0498369069332929,0.0,0.0053943959272607,0.0,0.0,0.5713340393622605,0.0951487448083598,0.0420324924737413,0.0,0.0,0.1435277573764389,0.5465615943463896,0.2948385179057215,0.1536771914740101,1.766664247377064,1.015856926632947,0.6390099418052163,0.8268066635885432,1.8176460883266743,0.0,0.0629072856121558,0.0,0.2505618519108357,1.0502923857479134,0.4308531121096345,0.5245158074582588,0.1736191671379395,0.0,0.0,-0.5113721588150093,-0.3483949922403566,0.1068351625388519,0.5119776871761932,0.0,0.0,0.0,0.0144259493644656,0.0,0.0,0.0,0.0,0.930653715515878,0.0,0.0,0.1909159463509176,0.3168752859298387,0.5589893229703742,0.5192449987540649,1.054909603065409,0.2025792191658136,0.0,0.2995683789056654,0.2761461790288643,0.1618772960710483,0.2441169298689792,0.1618772960710483,0.1314571876494082,-0.3813697176201735,0.0441507749221843,-0.1362998319262735,0.0,0.008516977277738,0.0,0.0,0.2573948384305974,0.0302796092860916,0.0
19,0.5274862724406971,0.4745213128441895,0.4586175877138513,0.0815270989913098,0.2464788458413499,0.2805637202304387,0.9958746550347064,1.011240889155369,0.0098001803722648,0.1512543946021288,0.0,0.0125768793736481,0.0442206545639485,0.0477393317358459,1.1574943447198074,0.8252422072239265,0.3714916823082722,0.007352399382467,0.0,0.07060961877171,0.1891364912346695,0.2418234437127175,-0.0634073991091098,0.0099499131354659,0.0065367431005235,0.0,0.0,0.5049857687755296,0.0645849899447616,0.0365529530361577,0.0,0.0,0.0819453910333865,0.5683008890551657,0.2499238249691283,0.1491261432427751,1.82428832743056,1.0251415612960428,0.6874679806133033,0.8288813210438156,1.877620187115092,0.0,0.0589409966010003,0.0,0.2428780403229253,0.973807722742322,0.3822728973890941,0.4587844273462991,0.1596343054475615,0.0,0.0,-0.5326577512659382,-0.3638117117091235,0.1187146303998224,0.4202499045551212,0.0,0.0,0.0,0.0094705652190386,0.0,0.0,0.0,0.0,0.910981594476072,0.0,0.0,0.1881385178882922,0.287769601445037,0.5596940978904911,0.4809819971396964,1.0755963086299858,0.1966490550147749,0.0,0.343828404415361,0.2842437336732125,0.1429383871585853,0.1344477346295832,0.1429383871585853,0.0963636254549615,-0.3441219608720953,0.0424300384043065,-0.1642626245399778,0.0,0.0062346066320769,0.0,0.0,0.2552745866113101,0.0350971962302564,0.0
20,0.4867950272438415,0.4681884325357967,0.4759753906683204,0.0871970572092236,0.2432277858353441,0.2678959484523919,1.0397051983731942,1.0422193256171124,0.0,0.174049215834662,0.0,0.0110406215617577,0.0408730196579269,0.0552789651668797,1.1858940798765978,0.8367613744757952,0.3830238973625938,0.0,0.0,0.0585826910816872,0.1638352096814989,0.2550107385674992,-0.0824009059451389,0.0112446045575664,0.0073987918103475,0.0,0.0,0.5114004820488718,0.0611441749368543,0.0314244412885597,0.0,0.0,0.0905076145514522,0.5766422324880978,0.2043693221690365,0.1295491335348187,1.6410086191707625,1.0551755102702782,0.7532707119995617,0.7516688917838238,1.9331944932999023,0.0,0.0877960494029409,0.0,0.2457264304442462,0.9032960905438956,0.3660540253202009,0.4230625046725145,0.157126501457453,0.0,0.0,-0.5508936250736015,-0.362473642274431,0.1293193234574989,0.3261552847104452,0.0,0.0,0.0,0.0,0.0,0.0,0.0,0.0,0.9007564723872004,0.0,0.0,0.195726252712346,0.2588551645719008,0.5462935869818608,0.4575675550609532,1.0871143091952489,0.1939514616775465,0.0,0.4060759290316619,0.2839787799790081,0.1226217040093984,0.0664341124530301,0.1226217040093984,0.0660772636730289,-0.3116653519885184,0.0399036288328073,-0.1742341371326817,0.0,0.0082705135715705,0.0,0.0,0.2477322454570477,0.0403201612645023,0.0
21,0.5186362512880255,0.4593400869836053,0.5072109037284566,0.0965589668933124,0.2396070539862834,0.2533027659077093,1.066575555545926,1.0687599141634594,0.0,0.1915503523319114,0.0,0.0094509507874322,0.0354403871945567,0.0243104568585321,1.23094940647484,0.8830813114735783,0.3947388192243151,0.0,0.0,0.0481233113677214,0.1592594509645603,0.2692842527856128,-0.094853798248864,0.0118455955743181,0.0078246616859653,0.0,0.0,0.509679793711442,0.0686840718331163,0.0287218751063335,0.0,0.0,0.1324913353134229,0.5863647443276975,0.1609476426568051,0.1119425621002084,1.7580772544517012,1.1420047976010614,0.8260719455271108,0.6559207364267085,1.975905421642033,0.0,0.1346607692745061,0.0,0.250484661819069,0.8955511157235058,0.3503467992164373,0.3796697609535424,0.1838285826684576,0.0,0.0,-0.5555535399982086,-0.3477978061944697,0.1381275475709279,0.2305021100101939,0.0,0.0,0.0,0.0,0.0,0.0,0.0,0.0,0.8466041145370887,0.0,0.0,0.2037312414614396,0.1971343727898365,0.5324518666083327,0.4279879755355326,1.0882558536746194,0.2316344044304955,0.0,0.4541569350375758,0.2747058100329802,0.106040846363147,0.0369061782585128,0.106040846363147,0.0386029321093467,-0.2867288243609368,0.0359439348448712,-0.176528960016112,0.0,0.0158400375547025,0.0,0.0,0.2304599687215579,0.0466210472172949,0.0
22,0.5537545273451638,0.4497756779797875,0.5448350657398929,0.1112451830039061,0.2282896801619895,0.2377380822115013,1.0977009377757967,1.0918741422245413,0.0,0.1974209249982217,0.0,0.007607329062404,0.0260064852655525,0.0153161442429347,1.2021552695389683,0.8826630781043838,0.3960316184578851,0.0,0.0,0.0397963747133768,0.167351095829047,0.2776252654355015,-0.1014853947046672,0.0116337764205545,0.0077342344255884,0.0,0.0,0.5119244370052032,0.0764572798006044,0.0391928189762885,0.0,0.0,0.1696371779972264,0.5987216003279439,0.1170142592474453,0.0910911132504121,1.7348538203038182,1.177036368926784,0.9003362911455295,0.6077560878403475,1.898537761029771,0.0,0.2025346738358023,0.0,0.2700581055789788,0.894511327572791,0.3383434718458947,0.3645865935767805,0.1904834276885124,0.0,0.0,-0.559061690932502,-0.3364992122134802,0.1430592350269177,0.156303162470738,0.0,0.0,0.0,0.0,0.0,0.0,0.0,0.0,0.7979727929771385,0.0,0.0,0.2078575818305141,0.1397500436525841,0.5051143315460284,0.3966297608974609,1.0885133264948126,0.247982828716854,0.0,0.4242109062001597,0.2580141056281378,0.0877866248070367,0.0549363396163518,0.0877866248070367,0.0122108100060524,-0.264507551581041,0.0306532184317379,-0.1807355272204414,0.0,0.0271972357738464,0.0,0.0,0.2074492620922527,0.0530653795171144,0.0
23,0.5982405356147025,0.438360121385391,0.5547667598970343,0.1191496978163443,0.2186946249959277,0.2227746235326576,1.121400676667068,1.1003520863235177,0.0,0.1941011477821612,0.0062721041923874,0.0057557991199373,0.0177767225898168,0.0188147611929233,1.15886758469321,0.77677143528842,0.3859902181086374,0.0,0.0,0.0305104214141378,0.1911722714983378,0.2562745198921239,-0.1227306218602226,0.0106537730271685,0.0071478476468579,0.0,0.0,0.6163940590930459,0.1042852245876664,0.0352143688503839,0.0,0.0,0.2097418386509396,0.6155599127545703,0.0952528067555119,0.0757087671611317,1.811124033448614,1.20209954724045,0.9813694565880188,0.5911784579293639,1.7601618475691356,0.0,0.2834245912757936,0.0,0.3252839332002003,0.9078762657176808,0.3583463307743779,0.304412696875369,0.2142357514882298,0.0,0.0,-0.5482646754910998,-0.3231130989213522,0.1446846246234077,0.0918491704660701,0.0,0.0,0.0,0.0,0.0,0.0,0.0,0.0,0.7727975656838881,0.0,0.0,0.2104579122595679,0.0922652660222535,0.4745430539634127,0.3797261387258396,1.071810568039424,0.2146461373238911,0.0,0.3926704404332579,0.2040464332846943,0.0690103121370328,0.1057545881468935,0.0690103121370328,0.0106561268048733,-0.2420264966289751,0.0250059552722,-0.1794821199546777,0.0,0.0516881398208387,0.0,0.0,0.1899090834755748,0.059815673947824,0.0
24,0.567588010119081,0.3814401469980782,0.5065157998122378,0.1136162071238285,0.2245651619643635,0.2080765283936588,1.12172438809999,1.103537161125208,0.0,0.1805168316586699,0.0162776832810946,0.0,0.0113194135631838,0.0304804694926109,1.1251046710707306,0.6627480611614103,0.3629922853895989,0.0,0.0,0.0236641228404469,0.2306627307385115,0.2112536001125953,-0.1409912919162153,0.0081895045233183,0.0061920902096798,0.0,0.0064276108707054,0.6947905612588049,0.1738234720278526,0.0411354816465227,0.0,0.0,0.1665714165401736,0.6519900541478453,0.0739241653082805,0.0582312069139906,1.783848263164627,1.1958735581902225,1.0463903946448283,0.5992406408769637,1.6388791439674568,0.0,0.3066615050413249,0.0,0.4166944912387585,0.969014486715632,0.3726767363806764,0.2526305405239464,0.2133169869769872,0.0,0.0,-0.525031875196212,-0.3133105462257362,0.1454358995297726,0.0453320966957192,0.0,0.0,0.0,0.0,0.0,0.0,0.0,0.0,0.7310961530659092,0.0090529778483783,0.0090529778483783,0.2211750069972681,0.0402637052054504,0.437569239603951,0.4104289269570108,1.0235897682841364,0.189738334158752,0.0,0.3467551801958731,0.1611573550918332,0.0531118106042322,0.1667704744085597,0.0531118106042322,0.0110493216191343,-0.2316754927541608,0.0190207399089521,-0.1713516932362931,0.0,0.0578512865738768,0.0,0.0,0.177966509382428,0.0651089864819233,0.0
25,0.5078952250501833,0.3175781697081228,0.4821180145853951,0.1359818722465962,0.2244765982643493,0.1960281611314221,1.2823136202561771,1.0997205634226868,0.0,0.1593481226487149,0.0269995267561239,0.0,0.0086622259616091,0.0456829546415711,1.0898983364354595,0.5682046961723567,0.3406104680606739,0.0,0.0,0.0163133006123328,0.3146869823239918,0.1657540871266962,-0.1581407341725987,0.0072480055589016,0.0,0.0,0.0097914050212204,0.6627409318062876,0.1841509564675135,0.0507922428397483,0.0,0.0,0.1138045560554077,0.6942496945304871,0.0947491222630422,0.0367582121389833,1.7510566887028574,0.9955685849558428,1.120295673230122,0.6100863720950636,1.628418112198761,0.0,0.3093640440471847,0.0,0.5418562074861257,1.0154488153026444,0.3793998934940449,0.2153448583599203,0.2038053012444458,0.0,0.0,-0.5008479708887986,-0.3091115699960166,0.1417016867730498,0.0301392196101884,0.0,0.0,0.0,0.0,0.0,0.0,0.0,0.0,0.6836438288460527,0.0252133367043835,0.0252133367043835,0.2267473462154575,0.0,0.4073025017245927,0.3846032088176194,0.9830011299717584,0.1719476007980686,0.0,0.3080816250168914,0.1703138493357607,0.0391326631583041,0.1795469898994354,0.0391326631583041,0.0115629709238558,-0.2294434316093434,0.0140651569135763,-0.1598166583261638,0.0,0.0712576395239245,0.0,0.0,0.1662567494888462,0.0724480434538301,0.0
26,0.4886432412833078,0.2799404200729123,0.4669949653832047,0.154715643327549,0.17145084779433,0.1901273005546891,1.314635496830953,1.1075775768503835,0.0,0.1352243087223919,0.0420138464060462,0.0,0.0,0.0376169189293027,1.06481713963361,0.4769946429974475,0.3216154464483717,0.0,0.0,0.0110797397483045,0.4023272135995752,0.143114580185379,-0.165926508071031,0.0053865050100363,0.0,0.0,0.0233680121977499,0.6480896551901202,0.1531825643360969,0.064061795589231,0.0,0.0,0.0798668897471211,0.7385484184813443,0.1235301883198719,0.015695389775064,1.7509441705604118,0.7598723110454554,1.14485986281185,0.6449209393571746,1.624073318304817,0.0,0.30790232104255,0.0,0.6610800349921341,0.9720176061315374,0.3667501686493384,0.1872557942563638,0.1896326371418475,0.0,0.0,-0.4646269915319905,-0.3031627810243605,0.1346498492998247,0.0491881248636656,0.0,0.0,0.0,0.0,0.0,0.0,0.0,0.0,0.6314050321725868,0.0309722177607007,0.0309722177607007,0.2341875163185383,0.0,0.3816592945505911,0.3361916145732054,0.939231188031025,0.1519984684895452,0.010399319189758,0.2653074001777505,0.1799184291499712,0.0310008109980277,0.161209891707434,0.0310008109980277,0.0115281152980496,-0.2333537650140971,0.0103146665346823,-0.152412353768301,0.0,0.0884472551518654,0.0,0.0,0.1690790073724705,0.0870252389613972,0.0
27,0.5056849225661322,0.2951128630562235,0.4590568730882397,0.1431832846278424,0.1469966505885286,0.1935309942716093,1.2123519500111912,1.1094481247216903,0.0,0.1311385044854529,0.0499995063241761,0.0,0.0,0.0272053085443995,1.0283252636073332,0.4726454996643058,0.3031741257359115,0.0,0.0,0.0072304083546713,0.4550362217873777,0.1591982193717782,-0.1905264681731539,0.0,0.0,0.0,0.0355425147148799,0.6561603545238495,0.1315836633502662,0.0504224967228632,0.0,0.0,0.0516911798006118,0.7567352341397702,0.1670834558777178,0.0,1.740180430630921,0.5709349130201351,1.1162742841789643,0.6872642430643137,1.6252932975735075,0.0079385969307622,0.3070547674853939,0.0,0.8011147015823232,0.9593834045796764,0.3651543540293958,0.1666446735413884,0.1726211031899942,0.0,0.0,-0.4302799363922137,-0.3097988032638326,0.1277088647180392,0.0995150709578175,0.0,0.0,0.0,0.0,0.0,0.0,0.0,0.0,0.5919322652090905,0.0261928907385348,0.0261928907385348,0.238536972271338,0.0,0.3614820637233636,0.310002868934329,0.9092227000052912,0.1451608103707419,0.0186850610305128,-0.1469424953842111,0.1877181715657616,0.0241613413348928,0.1403771976348053,0.0241613413348928,0.0112059846833139,-0.2420366110223405,0.006304063960998,-0.1425786187357013,0.0,0.1057966307104107,0.0,0.0,0.1822293315927432,0.0993963236303849,0.0
28,0.5373973992994286,0.2987350224275383,0.4513356627067861,0.1199724879874313,0.1364693924411871,0.2033840282831273,1.128322372040334,1.103021260732069,0.0,0.1008003738433222,0.0550122235993169,0.0,0.0,0.0249235050449214,1.027624151832316,0.6111199390829299,0.2967907511263096,0.0,0.0,0.0,0.4716945088717724,0.1803009295212904,-0.2056917044129384,0.0,0.0,0.0,0.0387383658880626,0.6737808854544195,0.1894513350741502,0.0423634555159042,0.0,0.0,0.027278987567218,0.7783739166814684,0.2328421646365252,0.0,1.7702411265045537,0.430721182800185,1.1411302557388858,0.7195602087761459,1.6692318918497515,0.0093669971461654,0.2976848741573806,0.0,0.9389570067375494,0.9385824672751302,0.365346225630591,0.1536599221185464,0.1526611674302333,0.0,0.0,-0.4108220007697338,-0.3318340384568382,0.1213837375561595,0.1658476799993753,0.0,0.0,0.0,0.0,0.0,0.0,0.0,0.0,0.5513241149788759,0.0352312050279628,0.0352312050279628,0.2039540111495529,0.0,0.3710370484294263,0.30209797028692,0.8784279622635182,0.1423872114586983,0.0393407958084215,-0.1701389505331748,-0.1503094666464638,0.0265395636354213,0.1165981774359583,0.0265395636354213,0.0103144897207752,-0.2591106562886492,0.0,-0.1382056615704507,0.0,0.127325067330059,0.0,0.0068830522012166,0.1960029129338892,0.1021627934534635,0.0
29,0.6036301654941248,0.2981347407571628,0.4663637426601102,0.1081042037029041,0.1241542745348692,0.2274180970100232,1.1643416284781565,1.0970169325952923,0.0,0.0638637669616048,0.0561075736290361,0.0,0.0,0.032364052719236,0.9686848622835732,0.7454839710601426,0.2998022655926461,0.0,0.0,0.0,0.4960991526859746,0.1985546686872105,-0.2212965245962156,0.0,0.0,0.0,0.052239617544386,0.7003330068126086,0.2233312739918572,0.0470011441349005,0.0,0.0,0.0147737020890503,0.8254497126728333,0.3120254255219901,0.0059916261123807,1.728338671845404,0.3312407062890844,1.1925874959514031,0.7600456055254877,1.667910595410244,0.0106915946727814,0.2849798821829695,0.0,0.9848955967746872,0.9167490378475868,0.3273402561619145,0.1437620661259151,0.1309780933623948,0.0,0.0,-0.4030483463007628,-0.3635454596591166,0.1162466248976916,0.2454437505725613,0.0,0.0,0.0,0.0,0.0,0.0,0.0,0.0,0.5005655149556979,0.027497240361787,0.027497240361787,0.1758597810963837,0.0,0.4067219498621463,0.3030698860500953,0.8654051888451498,0.1398040660460722,0.0612315260816077,-0.186369941482013,-0.1941975736052356,0.0379089006640262,0.0941499097946773,0.0379089006640262,0.0090370996507471,-0.277517433282597,0.0,-0.1225504949421529,0.0,0.1493560290209013,0.0,0.0144997856376201,0.2195316174077923,0.0989101872922078,0.0
30,0.6822019930793315,0.2854928366628446,0.4844995722801283,0.0983088748212181,0.1199587378085361,0.2640189555341758,1.2080039034330958,1.0732966530799075,0.0,0.0346245428520024,0.0689574757349516,0.0,0.0,0.0244592830165735,0.800936028985442,0.9093860707070088,0.305451363202404,0.0,0.0,0.0,0.5288458530298551,0.2078301122639763,-0.2375639454042248,0.0096172045315216,0.0,0.0,0.06691093848492,0.7330153719232481,0.2040114655648206,0.0574564120840723,0.0,0.0164152753812278,0.0130406853564871,0.8782510487903015,0.3190998788448687,0.0149556689011258,1.7956292500200426,0.2847516667502459,1.2507091255187537,0.8051831908517445,1.704691113215815,0.0147720004263024,0.2642970793159778,0.0,1.02382923423838,0.906379053278862,0.2845418652408279,0.1362733551761571,0.0662506127568656,0.0,0.0063344575655571,-0.4120993655405529,-0.3943270835862315,0.1064285964313902,0.3307680127371075,0.0,0.0,0.0,0.0,0.0,0.0,0.0,0.0,0.4557920259167698,0.0,0.0,0.1457352130447823,0.0,0.4420479430079416,0.3129070667219383,0.8599830265713236,0.1338020147624223,0.1003007959033015,-0.1836455351148905,-0.2375275111278215,0.0619921391321256,0.0773301639452098,0.0619921391321256,0.0082433266524922,-0.2917033965833466,0.0,-0.1129256961250046,0.0,0.1793180851289925,0.0,0.0161473353003727,0.2420440985968113,0.1053335825370801,0.0
31,0.717802613863435,0.2551752500509745,0.4726185927840237,0.0880981570133554,0.1190695765176574,0.3082855981621705,1.2071033957362889,1.0422510569175103,0.0,0.0172229176488858,0.0888931446379125,0.0,0.0,0.0268699799681578,0.6431809482383982,0.9571083157379596,0.3176701604467494,0.0,0.0,0.0102692309568,0.5601011368894969,0.1892782037850453,-0.2468868201573187,0.0068358322357007,0.0,0.0,0.0862573617293488,0.7823411363168115,0.1784959746889676,0.067088873843123,0.0,0.0198518197043606,0.0112014510795036,0.910473255069415,0.2762710606933986,0.0227877653365912,1.9000244136847608,0.1750540587069575,1.306942451273078,0.8507374177736481,1.7348023670047226,0.0215637981651594,0.2320589768447147,0.0,0.9829250599050032,0.9041151103253972,0.2684141827015389,0.1278796976054653,0.0335680860111937,0.0,0.0096845067012821,-0.4362692730638687,-0.4381186134043979,0.1011995575385812,0.3943247478959196,-0.0103759255959379,0.0,0.0,0.0,0.0,0.0,0.0,0.0,0.4331253633763545,0.0,0.0,0.151012535823152,0.0,0.4813468691244049,0.3195820923065516,0.8467169512299932,0.1213055168234401,0.1196828693278999,-0.1820021738148621,-0.2721014067062763,0.0967324876823657,0.0614273782445934,0.0967324876823657,0.0054532472356062,-0.2914496725918553,0.0,-0.1022625952871882,0.0,0.2111331112316399,0.0,0.0167371159230816,0.2582698354062408,0.1317169628152645,0.0
32,0.7156013646510384,0.2395643306826033,0.4384591418718131,0.0793991581577839,0.1164489675710022,0.3559517652516782,1.207241769312519,1.0469205886878192,0.0,0.0089315902756621,0.1148058635669287,0.0,0.0,0.0378546947140746,0.5039219388620839,0.929596074990754,0.3489034830022587,0.0,0.0,0.0318536946171961,0.5438700023762246,0.171694744602858,-0.2590058828755218,0.0070709824857228,0.0,0.0,0.1089422233589034,0.8151829513546647,0.1500181127492002,0.0752608768090018,0.0,0.0199479748504725,0.0344881633748325,0.895198933102848,0.2495380384052821,0.0323566593310458,1.9027985978919917,0.0596550751959196,1.3796161800479143,0.8775943822557162,1.7561104032655226,0.0268541032785919,0.2045416552024757,0.0,0.9428170936486788,0.8885928303218795,0.2680374852846303,0.1213054300157052,0.0278750163474492,0.0,0.0200368034524269,-0.4725062698262346,-0.4781881059448299,0.099122687618432,0.4387468775699994,-0.0492440322149006,0.0,0.0,0.0,0.0,0.0,0.0,0.0,0.4092288686217228,0.0,0.0,0.1730633975906511,0.0,0.5231942023177557,0.3283842774693848,0.8163479922396152,0.0880567485853837,0.1295997087486,-0.1870842835010844,-0.305357039124791,0.0827688250281832,0.0481141212005108,0.0827688250281832,0.0,-0.3017512050610826,0.0,-0.0912814988561548,0.0,0.2380062374870621,0.0,0.0161473353003727,0.2687503273509128,0.1496439256749768,0.0
33,0.7051442144726929,0.2293002052867994,0.421249160487351,0.0711905243566067,0.1119128700829525,0.4084547677841037,1.2549078298661194,1.04401839930245,0.0,0.0,0.1513981036286807,0.0,0.0,0.0524806004075482,0.3754657391014863,0.960741247026319,0.375384080485925,0.0375582498960764,0.0,0.0658897295992457,0.5248727460839682,0.1526865257208478,-0.2664812518923619,0.0066583458603281,0.0,0.0,0.1304241275036364,0.8269175302158834,0.1343953959141591,0.0913319427223631,0.0,0.0269548237688312,0.0761113518808458,1.0007943910598076,0.24992020963492,0.0254946537408674,2.013784108166424,0.0517134166224773,1.4346855252155255,0.92575517531341,1.7656185205251322,0.032212881657028,0.1835212244693068,0.0,0.9150910768939684,0.8677158360843026,0.317269314908975,0.1148496619054039,0.0572593870858607,0.0,0.0251030149852173,-0.5207334057768191,-0.5130356380332459,0.1086560956805814,0.4791740704663427,-0.0821517315103063,0.0,0.0,0.0,0.0,0.0,0.0,0.0,0.3926011751801533,0.0,0.0,0.2026947112276265,0.0,0.5579889894015697,0.3265481226208029,0.763275543084832,0.0840689843585395,0.1368966414742859,-0.186131947189701,-0.3218546475377892,0.0634999602872388,0.037373499176628,0.0634999602872388,0.0,-0.3076302736204981,0.0,-0.0870590994199366,0.0,0.2564956908047366,0.0,0.0144997856376201,0.2712040573315757,0.158893222705713,0.0066422852707555
34,0.7227538515436513,0.2398195140060801,0.4465697225732115,0.0596796891126959,0.1038870816864378,0.4169314899550256,1.3063455236326498,1.0482753103649916,0.0,0.0,0.1887633918172294,0.0,0.0,0.0277729288798208,0.3173313181534148,0.999234425063862,0.3961447264815867,0.0704336459563726,0.0,0.0965611919753712,0.535717477272416,0.1287821451801438,-0.2772664985627965,0.0085590324807179,0.0,0.0,0.1502320530421937,0.829725417176571,0.1321506644876678,0.1106872032091132,0.0,0.0358334961778683,0.1346451683868357,0.9831117065284422,0.2886047396249641,0.0205850256517998,1.942608389824499,0.0643818747015322,1.464523474519675,0.9649471769108946,1.7587032241319105,0.0381572770683351,0.1659588355330128,0.0,0.883046672624644,0.8570130397386806,0.3454645406113195,0.1371003677495005,0.0711649047567077,0.0,0.0156130398223636,-0.5751951856998435,-0.5419625701677704,0.1118964271177423,0.4973310986891061,-0.1060076877583584,0.0,0.0,0.0,0.0,0.0,0.0,0.0,0.379115033239396,0.0,0.0,0.2403541913076317,0.0057473631153003,0.5832828464220212,0.3235322748298975,0.720014264038503,0.0891226871633674,0.1417487950167329,-0.1921915965619343,-0.3330075633576658,0.0446878384589057,0.0288326554489954,0.0446878384589057,0.0,-0.3128912011885369,0.0,-0.0866343468661453,0.0,0.2615397303693809,0.0,0.012118888193888,0.2644943383492285,0.1660012048985359,0.0102361597358174
35,0.7217221400939695,0.2238632508962207,0.4639764096585052,0.0393606470783386,0.097514906649725,0.4153495467803083,1.270431872647556,1.0683809023536532,0.0,0.017162390024066,0.2246234308118058,0.0,0.0,0.0357913772721508,0.3098279396085739,1.080857098655663,0.3999282722244998,0.145978667021295,0.0,0.1403595623973782,0.567268776930048,0.1142778243106728,-0.2790188931753875,0.0102405545995901,0.0,0.0,0.1819435042078433,0.8245424205254975,0.1362722675226202,0.1219373974438502,0.0,0.0445405906704575,0.1946610566042773,0.9535822083480352,0.3289468751251155,0.0157534782032392,1.9133796054447847,0.0844713138303444,1.4641009029285983,0.9875844585667348,1.7327078032072647,0.0435587538680969,0.1541539071307237,0.0,0.8453272180096609,0.8478736818999004,0.2900586648251397,0.156188868981662,0.0746791929730225,0.0,0.0113328082390849,-0.6181257520583527,-0.5735593574922587,0.1119182828035435,0.5169432545952158,-0.1362343173768194,0.0,0.0,0.0,0.0,0.0,0.0,0.0,0.3516363193451348,0.0,0.0,0.2872088364082586,0.0076452225195971,0.5825353594997048,0.3179990875344369,0.6799351427772615,0.0940773978985723,0.1479306921887827,-0.1985572359565496,-0.3337584344835091,0.0310624183422397,0.0214819319530254,0.0310624183422397,0.0,-0.3068376077023839,0.0,-0.0814171516919887,0.0,0.2525329254760075,0.0,0.0094276717864243,0.2481733175949035,0.1664080167186324,0.0198907584240917
36,0.7221780889937083,0.2095413693408546,0.4751963327578498,0.0210111945545536,0.0906291444486299,0.4208634695263885,1.245729732042778,1.0510402646709105,0.0,0.0292250628813979,0.1929458786910551,0.0,0.0,0.0462584873590867,0.3017123535677766,1.1133966520646872,0.3804769626558304,0.2216420750660593,0.0,0.2041559789358759,0.551756291192087,0.102089216558,-0.2880933266756984,0.0114041457518054,0.0054132915903592,0.0,0.1616217908671563,0.8007643167477587,0.1548300627310041,0.0987472953141771,0.0,0.0532161542839343,0.2683901108966326,0.915123320213282,0.3805584851614997,0.0098745731953151,1.6767686350844435,0.1112930725378065,1.448859241226805,0.9898731800841302,1.6730175651079582,0.0475752893627923,0.1507476656856558,0.0,0.8167989211544622,0.8507717063900172,0.2818646030284015,0.1690381693670543,0.0675596470881385,0.0,0.007323919458038,-0.6609021568846265,-0.5952849578223313,0.0815373950402477,0.5178273000763268,-0.1655333274121179,0.0,0.0,0.0,0.0,0.0,0.0,0.0,0.3234489036511813,0.0,0.0,0.3338608104590892,0.0268642076310509,0.5710230512380007,0.310706880268993,0.6352158212314556,0.1024262824163341,0.1560548308924067,-0.214201521990978,-0.3305511526370983,0.0241566459738679,0.0152610353647873,0.0241566459738679,0.0,-0.2995263332116012,0.0,-0.0737336265503165,0.0,0.2366059468235124,0.0,0.0068263194706554,0.2260172031909982,0.1522054399361248,0.0308501267316618
37,0.7600336770935772,0.2202255537773772,0.5087671068431585,0.0077147267265916,0.0881889469913547,0.4158118124718215,1.2466176934695328,1.002815954857336,0.0,0.0462567119790699,0.1652096786187983,0.0,0.0,0.0566338279064565,0.2990702457897706,1.1260176986030863,0.3610660437399955,0.3359105670097639,0.0,0.2521509766464208,0.4849273066570163,0.090562785988048,-0.2880091879497913,0.012035357856757,0.0134651319865106,0.0,0.1573533950437165,0.7835721165089956,0.1604410395106096,0.0831538791197847,0.0,0.0596299548374303,0.3395678034644446,0.8761168784135194,0.3680630244888039,0.0066843889859585,1.537170989759719,0.1104736899082696,1.40043169130891,1.061071564355231,1.6091327642439297,0.0546526813172503,0.1525161741393037,0.0,0.7972898283581276,0.8671363441129787,0.2966220387397031,0.1749796101002328,0.0678221037138964,0.0,0.0,-0.6901565420121907,-0.5995110383824491,0.0547659792957911,0.5053386981478688,-0.1936785669151043,0.0,0.0,0.0,0.0,0.0,0.0,0.0,0.307303261607754,0.0066807998406973,0.0066807998406973,0.3156875979420549,0.0628880961209294,0.5621713407093339,0.3272255572294248,0.5775987039211755,0.1347361991818429,0.1679622383527804,-0.2305442176069901,-0.3248570397209603,0.0318420537327117,0.0102859841949882,0.0318420537327117,0.0,-0.2910197385669371,0.0,-0.0652568625254736,0.0,0.2133703016118775,0.0,0.0,0.1999513402820335,0.1316633466876056,0.0437112895705614
38,0.6873290338520605,0.2281254319643754,0.5344098890918085,0.0,0.0827023449651302,0.4021116461912488,1.269959968956239,0.9774614721671164,0.0,0.0592895498896171,0.1429777174161034,0.0,0.0,0.0658687088102367,0.3042593619490537,1.1574408726056091,0.3646290371731673,0.4142656471404713,0.0,0.2524090637592849,0.4329759879168798,0.0748179739460701,-0.2707163225919654,0.0117463779599753,0.0205133427415763,0.0,0.1647982924824454,0.7815363147988644,0.1777389357336042,0.0809834963882097,0.0,0.0627654325108163,0.4052365544985994,0.8477533003082567,0.274693677717127,0.0,1.3987378730959243,0.0864029609517545,1.3377308862307908,1.013333238191355,1.5880972291432012,0.0737800260365763,0.1682720281400309,0.0,0.8018671252859132,0.8702777561020019,0.3214334283941928,0.1723974404955215,0.0570763643869787,0.0,0.0,-0.7127149107780099,-0.6043353868515277,0.0457398396638171,0.4594868604647568,-0.2189277191011398,0.0,0.0,0.0,0.0,0.0,0.0,0.0,0.2890181666993041,0.0080661421224683,0.0080661421224683,0.2747869964619058,0.0945484122919167,0.5591849370729508,0.3451931568094458,0.5303461844401973,0.1664117711673074,0.1820539337343185,-0.2506655735496279,-0.3175937390962997,0.0470054214888537,0.0058694571078744,0.0470054214888537,0.0,-0.2907843005429013,0.0,0.1388310141510119,0.0,0.1856234576631528,0.0,0.0,0.1708082393052399,0.1105715190475916,0.0623514234901314
39,0.5875988973141097,0.2185554681802926,0.5441949190509964,0.0,0.0795234235124622,0.3230218710929515,1.3563228351410146,0.9610872403826116,0.0,0.0432513812591631,0.0916862724735966,0.0,0.0,0.0511680627981483,0.3080235301492979,1.1807131958035666,0.3670892028722426,0.5221474800196896,0.0,0.2553852273305164,0.3941427206389299,0.0223365955246345,-0.2542520342778348,0.0206006953896165,0.0298983370627629,0.0,0.1721867052000123,0.82268282135948,0.212571239278967,0.0786874992225668,0.0,0.0620942890954182,0.486711101807714,0.8305826888829627,0.2110424173992849,0.0,1.1944768808834831,0.0795505933577984,1.2384228987933852,0.909063076951358,1.558447587598343,0.0524191713658306,0.1736707967284478,0.0,0.7939111302659052,0.862163493963498,0.3302893428801708,0.1621883064919083,0.0464831390650786,0.0,0.0,-0.7249928167737867,-0.6045224896965473,0.0382468641133796,0.4265771307655828,-0.2397104213079008,0.0,0.0,0.0,0.0,0.0,0.0,0.0,0.2639101058972496,0.0090697914083866,0.0090697914083866,0.254796912406285,0.1325641842068232,0.5675833027155086,0.3573710303744303,0.5184889793740143,0.2091997623073327,0.1912167925326878,-0.2790395187811962,-0.3214213109202576,0.0432447949148868,0.0,0.0432447949148868,0.0,-0.2881360631682276,0.0,0.1117437605060182,0.0,0.1591481960523095,0.0,0.0,0.1449938231847734,0.0904317453196867,0.080678035239052
40,0.4563057970213564,0.1955648844804824,0.5567696962059235,0.0,0.080882876193523,0.2416400027453316,1.3088447406502235,0.9508344256845834,0.0,0.0321503838637547,0.0465210382954857,0.0,0.0,0.030046848246673,0.3101753260564876,1.186175743096855,0.3548274136666045,0.6466387583803714,0.0,0.2215956998687379,0.3739876159545255,0.0078899964683411,-0.2375348381095008,0.0419494213667457,0.0506622911285023,0.0,0.1903524450015484,0.7994644987989584,0.2428244886402634,0.0894850808257277,0.0,0.057749857623918,0.5706257578860582,0.8391543035364858,0.1474384617126076,0.0,1.0389801665519016,0.1153246256432008,1.2004330617630057,0.8342982889570375,1.545992828091021,0.0290206055005742,0.1864286960499384,0.0,0.7978578412981099,0.8651674741996147,0.3509334165450914,0.1481695242547765,0.0353914575140666,0.0,0.0,-0.727847314701995,-0.6058509430207663,0.0318884928168536,0.3884487869802654,-0.2630070718212755,0.0,0.0,0.0,0.0,0.0,0.0,0.0,0.2859868849601048,0.0,0.0,0.2894474156778575,0.173981443356496,0.5768306285249739,0.3663820777298115,0.5640042478002085,0.2467313857444807,0.1925918551785823,-0.3049775359653339,-0.3241327819263808,0.0384591414209471,0.0,0.0384591414209471,0.0,-0.2867053225001995,0.0,-0.0497274774861333,0.0,0.1329590029628669,0.0,0.0,0.1234908981122596,0.0725549364447462,0.1028674620382645
41,0.3600926241482841,0.1706357688325482,0.5782502186372621,0.0,0.0819884494781411,0.2279600907997353,1.1886252656534173,0.9352259571131458,0.0,0.024041252135517,0.0061639685581943,0.0,0.0,0.0200919496759603,0.3059413653073825,1.2131388420129887,0.3140079161922504,0.7677079522854824,0.0,0.1698957292023062,0.3420651585502881,0.0,-0.221594915765867,0.0592981844885689,0.0898003027632555,0.0,0.1479542686776941,0.7412490318713064,0.2636432791066738,0.0873350463124116,0.0,0.0640775676523136,0.6415743769285455,0.8783964503843492,0.1092898682318254,0.0,0.8998468055962384,0.0651291033121956,1.2086914069967127,0.7873994758836338,1.529862005804553,0.0246498138411587,0.1962853135169042,0.0,0.8401433013142001,0.8635056619113224,0.3664360758790432,0.1315225737747933,0.0271935493782893,0.0,0.0,-0.728789921329308,-0.5988674140646888,0.043449752471882,0.331472035216296,-0.2850677118344972,0.0,0.0,0.0,0.0,0.0,0.0,0.0,0.3218281517633452,0.0,0.0,0.319181233364432,0.2158442365880633,0.5848794389228604,0.3397943288464085,0.6003983227697288,0.2552426074443411,0.1947264177958522,-0.3196205516807858,-0.3336322131259569,0.0359563020807468,0.0,0.0359563020807468,0.0,-0.2867385649455469,0.0,0.0731246237897535,0.0,0.1111261988445172,0.0,0.0,0.1057866607645923,0.0524645263474933,0.1291314803408172
42,0.2930037667434084,0.1558105931809691,0.5920160469727499,0.0087386536721544,0.0843686540988122,0.2424088663480707,1.0795840195793454,0.932181789619548,0.0,0.0225500379436427,0.019055927910193,0.0,0.0,0.0166973613987462,0.301103754558522,1.2205582600360256,0.2701610351345815,0.8717541482751542,0.0,0.1160071730685048,0.3172086475947968,0.0,-0.1946981239611435,0.0806770176451699,0.1252226920037187,0.0,0.1156341012159188,0.724970107531219,0.3605225910481969,0.1090983006178061,0.0,0.054578149781553,0.6341006768646764,0.9087280599492842,0.0935887744785259,0.0,0.8338515191860694,0.061046363548916,1.2145188928859358,0.7926439379405193,1.5483740375643598,0.0366308105417345,0.207871265855543,0.0,0.8670929088673622,0.8525791902317401,0.3862697518903417,0.1202113230060821,0.0204983519559171,0.0,0.0,-0.7286465453050763,-0.595808954788613,0.0509905358909962,0.2817693786896163,-0.3030213728486177,0.0,0.0,0.0,0.0,0.0,0.0,0.0,0.3569444659137783,0.0,0.0,0.34664745512441,0.2497104870941351,0.5624181146635435,0.3271084759823033,0.6566024321275009,0.2475217989023899,0.1914529721526163,-0.3364852557917695,-0.3421465198902166,0.052477023651157,0.0,0.052477023651157,0.0,-0.2874288604042189,0.0062259090186191,-0.0318118341170184,0.0,0.1081097404707535,0.0,0.0089924102615469,0.0903061191669042,0.0393793176143346,0.1499518468982325
43,0.2635812688335557,0.1487876115991292,0.5702698857155929,0.0153673793980286,0.089258239049752,0.2149195193633495,1.0209513134465225,0.9548136502925996,0.0,0.0262470918658575,0.0290685131125868,0.0,0.0,0.01517727926936,0.2912837459772486,1.2230530273289757,0.2255337210575509,0.9469947526084852,0.0,0.0879099195294876,0.3283374897488827,0.0165515297408207,-0.1782267697371493,0.1086765571457934,0.1617583414609301,0.0,0.0902554660334544,0.7443206541266969,0.3184403474618809,0.1445448917222228,0.0,0.0502398118778244,0.5870576162527882,0.958915648337124,0.0818461588977407,0.0,0.7706642705405168,0.0577142090566801,1.2086603103873776,0.7453687940299837,1.5605232943213976,0.0771899855705209,0.2196698888269561,0.0,0.9080623969258682,0.8275659666327339,0.4226687051257165,0.1326429667017715,0.0221740655532089,0.0,0.0,-0.7235834128880634,-0.5935280124947904,0.0404887405500668,0.2521639419579746,-0.3179998144817659,0.0,0.0,0.0,0.0,0.0,0.0,0.0,0.3330987283747942,0.0071210126841136,0.0071210126841136,0.3321708301199473,0.2510658380728461,0.5405232258231909,0.3691356225706675,0.7142758997683958,0.2475935421874133,0.1798095157685048,-0.3436759319840365,-0.3441665873933643,0.070130384483807,0.0,0.070130384483807,0.0,-0.291487242399704,0.0096059290923116,0.0601174556187971,0.0,0.1121082840112126,0.0,0.0414183370813398,0.0776835809733637,0.0317652269730907,0.1684479671141918
44,0.2408968714764153,0.151342088784445,0.521104683311616,0.0232442891027755,0.0884207225431768,0.1822227226104878,0.9866967544642684,0.9564580862594058,0.0,0.0417384915803803,0.0420498512750278,0.0,0.0,0.0158287010882047,0.2727030054422463,1.236103336681112,0.1866753866931888,0.956967536572256,0.0,0.0666422145074125,0.344822946044788,0.0215677418480955,-0.1625651991748783,0.1390186340885726,0.1538476797195678,0.0,0.0853267676338118,0.762768287391012,0.3155093974443991,0.1026442358915267,0.0,0.035586328361632,0.5525185865165154,1.0029205411884765,0.0792266348487226,0.0054039486924455,0.6652934824764062,0.0524210327995115,1.2000048033327015,0.6091607338389275,1.595613485141774,0.1170914909815471,0.2295817479081575,0.0,0.9387119941367168,0.7863725840543387,0.4425054854913854,0.1414187739530301,0.0280984403554572,0.0,0.0,-0.7232639093367581,-0.5911187858225192,0.030104739095942,0.2579397666964431,-0.3220407053058223,0.0,0.0,0.0,0.0,0.0,0.0,0.0,0.3144329534751065,0.005612485093091,0.005612485093091,0.3016737582784639,0.191514174338637,0.539839570566339,0.4293297739014713,0.764379424029628,0.2471882112830632,0.1630710019326221,-0.346062792027508,-0.3588824933950521,0.0634961835834535,0.0,0.0634961835834535,0.0,-0.2956919562441996,0.0108582438956985,0.0746947490117511,0.0,0.1306084467622655,0.0,0.0890714209079059,0.0647710574661317,0.0259243704251605,0.1820797155244938
45,0.2602818818149469,0.1663321754454555,0.4806463093199876,0.0327610270311665,0.0832536068268318,-0.0887325002249598,0.9482272018239264,0.99677601067174,0.0,0.0630692154071924,0.0576785790216963,0.0,0.0,0.0360748963916419,0.2487178306949887,1.2413878248241244,0.1555787845491492,0.9419637245694594,0.0,0.0483838363090563,0.3815844955390147,0.0335326586671371,-0.1576742236687738,0.145091146929875,0.1326897525325598,0.0,0.0870576887997176,0.7835586028545688,0.3315244813500283,0.0572228276068257,0.0,0.0136215707645352,0.5375050110946636,1.0371989466495446,0.0875151506494241,0.0,0.5814454180676847,0.0462288191846067,1.199715575232468,0.4767863376552724,1.6204796517287468,0.1611668455058965,0.205246048624563,0.0,0.9614225919494652,0.7413042458058676,0.467132143888434,0.1490697382976101,0.0340981674883409,0.0,0.0,-0.7178782003555956,-0.5890061592425422,0.0244421261863781,0.1990256932784813,-0.3191823224114409,0.0,0.0,0.0,0.0,0.0,0.0,0.0,0.3238631737968455,0.0,0.0,0.2759348848719558,0.1404576559579743,0.547130563017371,0.4956402168047235,0.8101938933594052,0.2688846706774869,0.1426293657635357,-0.3434987669437217,-0.3630652879065721,0.0500386162777558,0.0,0.0500386162777558,0.0,-0.3054585033823783,0.0102471262548795,0.0875736660981115,0.0,0.14871502021607,0.0,0.1234457764915897,0.0596596173464058,0.0201174123210678,0.1896513176689402
46,0.323905296643701,0.186468584040227,0.4426899434540519,0.0448765873733072,0.0737291645154942,-0.0976579442231693,0.9089286247482268,1.0408199406667311,0.0,0.0795136851756329,0.0740803003511393,0.0,0.0,0.057134965739665,0.218136046361484,1.1613005060296349,0.1286974463777171,0.918239338711038,0.0,0.032613424283046,0.4343526617854824,0.0489649949549753,-0.1578092142268451,0.1601166424376229,0.1079048202591719,0.0,0.1035286194002944,0.8144438229665605,0.3548924080089943,0.0312586957396007,0.0057170609344882,0.0,0.5842229381084221,1.0470267364415655,0.0948989954272044,0.0,0.5106055852319669,-0.1279939926054316,1.191470779446444,0.4069275384011734,1.6189244663599438,0.1688621893110731,0.1517850803167873,0.0,1.0079107489845456,0.7031440420905504,0.4879354195836858,0.1027005003815649,0.042922242356743,0.0,0.0,-0.7143864533392242,-0.5840810101532333,0.0239355137663646,0.1483979919277682,-0.301698818688657,0.0,0.0,0.0,0.0,0.0,0.0,0.0,0.3804741880347955,0.0,0.0,0.2517536594221027,0.0981737912098655,0.5278779939577279,0.5269344866885838,0.8468033821276597,0.3040443534926133,0.1498420347267942,-0.333261000128738,-0.3602138852151388,0.0332401989984464,0.0,0.0332401989984464,0.0,-0.3181226564045643,0.0109258969842853,0.0967730298486282,0.0,0.1661097795172655,0.0,0.1770926365367272,0.0572434533737285,0.0149552847957184,0.1903041912544102
47,0.3855472287655347,0.2100398503946131,0.4380117251089533,0.056251612527168,0.0841946586000236,-0.1145280884776223,0.9372625299141631,1.0932436219198205,0.0,0.0522901160817127,0.0558813274707767,0.0054937587900983,0.0,0.0856099054414985,0.1853153019293173,1.085017866297762,0.1050281027526116,0.8783915141041049,0.0,0.0108946483144311,0.4229820516404326,0.0647167291347369,-0.17282474232687,0.1922865360003344,0.0864556862229787,0.0,0.1412704924646312,0.8465981516856952,0.3830677858926908,0.0165642860226192,0.0103916637212703,0.0,0.6673606317002981,1.0378951863055768,0.1196363817436549,0.0,0.4810463242437976,-0.213995980419617,1.1649102224879877,0.3782059181218423,1.5941286198391211,0.1583968246447723,0.1241057681410577,0.0,1.0569482764388387,0.663384441240306,0.5003956641256337,0.0788611760779971,0.0536328613277707,0.0,0.0,-0.7106686979821404,-0.5811472689677339,0.0231548392694943,0.1395583333496188,-0.2870967080164604,0.0,0.0,0.0,0.0,0.0,0.0,0.0,0.3957307658507614,0.0,0.0,0.229769473080982,0.0678217744113235,0.4708866618856106,0.5278281847025577,0.8624719146774774,0.3354956353830752,0.1595434476936306,-0.3158465710524827,-0.3513894642565853,0.0202808038747189,0.0,0.0202808038747189,0.0,-0.3216680805935418,0.0146762501569857,-0.0604521203340884,0.0,0.1825751106991401,0.0,0.2389868227024965,0.0595183977125302,0.0105448641568545,0.1828883171535386
48,0.4011904387878071,0.2441568151740354,0.4203959018231428,0.05473545578577,0.1106090582047069,-0.1152203723936143,0.9721730340933664,1.135389468258181,0.0,0.0278004393445161,0.0342762994350449,0.0081516768279905,0.0,0.116329932569524,0.1536014977780677,1.0033719058877044,0.0972277733318209,0.8142442191471357,0.0,0.009700431498724,0.3978108610388077,0.0820756141352897,-0.1863195123196018,0.1883202425466327,0.0674658007091398,0.0,0.1909783908679351,0.7203430759195927,0.4018507370995423,0.0081969017988332,0.0165213231416842,0.0,0.7978791533637585,1.0002583570757786,0.1534543370501722,0.0,0.4343627529098407,-0.2849849420218069,1.1412033057201194,0.356947094895592,1.549771873472764,0.1514452222152556,0.1065038720517349,0.0,1.079395304853325,0.6319575210276266,0.5049871348575633,0.0566968378983706,0.0612039892805259,0.0,0.0,-0.7046360046369419,-0.575644023366277,0.0233898368884161,0.0993661079874383,-0.2576740380642335,0.0,0.0,0.0,0.0,0.0,0.0,0.0,0.4315241539298164,0.006041533072686,0.006041533072686,0.1719128934947383,0.0579251709778956,0.4219550810958087,0.5320943981422888,0.8614457679484611,0.3607151314755659,0.1968694140769809,-0.3041338887679028,-0.3489188081096039,0.0085560946144439,0.0,0.0085560946144439,0.0,-0.3317163118157881,0.0190518712389751,-0.0691376934794177,0.0,0.2124124849816398,0.0,0.2739321370244407,0.063981682137569,0.00889945428899,0.1672937119390314
49,0.4536027884007011,0.236673428738824,0.4274708113645626,0.0514074638317394,0.1077344415471556,-0.1162968599142039,1.0305026855825845,1.190254037339807,0.0,0.0076570462985633,0.0355263512011507,0.0142029319643516,0.0,0.1463622757793466,0.1233348993626773,0.961671293721836,0.0964725848301001,0.7327001623617843,0.0,0.0138505185599195,0.3626392458575348,0.0982732284734054,-0.2058383457063014,0.2316746373665131,0.0632714443532832,0.0,0.1738566388363031,0.7325844918326185,0.395335752324509,0.0,0.0186441613445469,0.0,0.895588826929748,0.9483680448691808,0.2456365380529021,0.0,0.377815368032176,-0.344314857112074,1.1460024580738395,0.340473243757378,1.491558532244893,0.1517882996245751,0.1138811341090779,0.0,1.064386998583747,0.6093841942293406,0.5280238349524781,0.0598717970477199,0.0629736931777062,0.0,0.0,-0.7003628296052724,-0.5658981728553321,0.0238575696677215,0.0630461181562283,-0.2379122694810158,0.0,0.0,0.0,0.0,0.0,0.0,0.0,0.4315789187466682,0.0093737742902347,0.0093737742902347,0.1222443081746931,0.0671999875526657,0.4101534530870087,0.5472531798060444,0.8485826512575407,0.3767756036676037,0.1796993926939615,-0.2930415827415081,-0.337315045049041,0.0057355136727126,0.0,0.0057355136727126,0.0,-0.3467206784966919,0.0235089015135065,-0.0804620233121885,0.0,0.2369582497642677,0.0,0.30115334553633,0.070920056286343,0.0083355349219124,0.1486653553340801
50,0.4585472271684113,0.2084703119464097,0.4599177386091351,0.0470438346999777,0.1005126986313348,-0.1112305006474933,1.0813310396958635,1.1008147409729625,0.0,0.0,0.0504249993714405,0.0221439890045822,0.0,0.1496672992082684,0.0963831225268033,0.953709547521984,0.1030182092433241,0.6547059903500488,0.0,0.0202574995902142,0.3187260841456388,0.1009610809032941,-0.2264118867349936,0.2473985238092121,0.0663613724283358,0.0,0.1334281721041731,0.7693693730090526,0.3786458094249518,0.0,0.0180589663031634,0.0,0.9442337702853596,0.8777892400184207,0.2530469393236895,0.0,0.313211971925987,-0.3924501688832967,1.2190857897056666,0.3331254871631936,1.4285725893972894,0.1545927743889925,0.1312332464436387,0.0,1.0218468441917348,0.5920893161065852,0.548667637955068,0.0941654989699571,0.0554604218270627,0.0,0.0,-0.7025235859935944,-0.5544105430472254,0.0233369787263833,0.0474275887811196,-0.2116310840603788,0.0,0.0,0.0,0.0,0.0,0.0,0.0,0.3258713638585819,0.0132874706937903,0.0132874706937903,0.104645453419973,0.0912798009215579,0.4024564056150411,0.5611909951186247,0.8167789068599641,0.3633242749253274,0.1690124400487918,-0.2876835277053449,-0.3206244068406449,0.0,0.0,0.0,0.0,-0.3629820686408538,0.0270205157068537,-0.0956045242515304,0.0,0.2559141632914126,0.0,0.3432256414159404,0.0849216371272742,0.0096019355337416,0.1229558000500015
51,0.5114861603267576,0.1893339039065946,0.4967280094401827,0.0430120799809724,0.1037593387736459,-0.1007802868116726,1.19531642905818,1.0208762845384918,0.0105983917793085,0.0,0.0386362227226388,0.0351554632763796,0.0,0.1293955609886117,0.0717925875690715,0.9346603907009888,0.1136450180286944,0.5811440040578506,0.0,0.0261811486806527,0.2699674262254269,0.1124528261600251,-0.2462904661626151,0.2149950060964786,0.0653562764787858,0.0,0.1458325385596763,0.8011083342638576,0.3460448075777464,0.0,0.0180450466786168,0.0,0.9923952240526116,0.7108876534200427,0.2277131528360999,0.0113023308545651,0.2493607166667588,-0.4421594102451176,1.2958415122681506,0.3261530702749813,1.4027955762531594,0.1456958549326207,0.1450232879271234,0.0,0.980168143407804,0.5856455088612711,0.5538390812214538,0.0883359634293346,0.0470029297009531,0.0,0.0,-0.7035031380436589,-0.5417422429507908,0.021942888272036,0.037642355096732,-0.1937125690980235,0.0,0.0,0.0,0.0,0.0,0.0,0.0,0.3213727534109279,-0.0190758127270335,-0.0190758127270335,0.1048671219109616,0.0763777384958874,0.4028143343497474,0.5092879040623796,0.7975742227270654,0.3793669791334243,0.1362644876574983,-0.2909242002866349,-0.3136891484521328,0.0,0.0,0.0,0.0,-0.3785233401430374,0.0306788628086084,-0.1054717136999779,0.0,0.2666798446064697,0.0,0.3839389859201368,0.0997480433355061,0.0135280489640644,0.0992900978835207
52,0.5211042792553442,0.1800131762234148,0.5131988351814857,0.0363324962957096,0.1191264582813924,-0.1002274311783345,1.2559659334112836,0.9475624969617968,0.0106052691203078,0.0,0.069841082721578,0.0475420568616175,0.0,0.1157415335083941,0.0489614473556696,0.9333751079730696,0.1178619561105397,0.5185946882302022,0.0,0.0325703244908103,0.2199423081177665,0.1165095261619074,-0.2728375701035002,0.1557932767284554,0.0602942764397126,0.0,0.1750530651930343,0.816608122273385,0.2884898328281576,0.0,0.0179863977401962,0.0,1.0814487491400837,0.6457333315363938,0.2152148926384592,0.0195867927249334,0.1955311238143957,-0.4820880355017981,1.3295634544022994,0.3607670582310314,1.3801942056089425,0.1670693084270383,0.1565578129452911,0.0,0.9044358070423424,0.5866920704880128,0.5570718718993786,0.0731537880114706,0.0380214398106786,0.0,0.0,-0.7075339765057748,-0.5276433747924854,0.0204645524918947,0.0293778835741473,-0.1811682729296338,0.0,0.0,0.0,0.0,0.0,0.0,0.0,0.3847509151617532,-0.0580975116236041,-0.0580975116236041,0.1333997857187359,0.0550152965302319,0.4062788749832613,0.4327348365393973,0.7902548650777783,0.3659961877360589,0.0983553508481602,-0.3028837515746413,-0.3057816915280715,0.0,0.0,0.0,0.0,-0.3914172582967499,0.0327610792353825,-0.1079425451359281,0.0,0.2718122250822996,0.0,0.3720873901122358,0.113801854553211,0.0186704365391332,0.077337125743605
53,0.4923098447685479,0.1770460461793099,0.5229920923035154,0.0300907372867025,0.1398170390607946,-0.1022944737315142,1.2727722863510689,0.9239094019545954,0.0125513062448521,0.0,0.0594962325251231,0.0560252192480847,0.0,0.1029801899409898,0.0286305298900739,0.9001379088872443,0.0790971029357155,0.4493981643751581,0.0,0.0394533565925275,0.1724067714226837,0.124539406288741,-0.2945303223953125,0.1196391740998537,0.0524350522978183,0.0,0.2059883424574486,0.8051914768120693,0.233303463929412,0.0100658773488064,0.0161306567414845,0.0216143120382264,1.110178335734092,0.6505000191931974,0.1986630714374107,0.0231174113773409,0.1611740471245797,-0.5189993409884789,1.280462534017098,0.3815861262628001,1.366807135627882,0.2198663335788328,0.1592300483027322,0.0,0.8886148765956414,0.6077498454138045,0.589548009017282,0.0732530619648141,0.0303988493853325,0.0,0.0,-0.7181475331469133,-0.5180944187466233,0.0175938357072786,0.0310712418622446,-0.177967664914457,0.0,0.0,0.0,0.0,0.0,0.0,0.0,0.4447034145439204,-0.0995771273100741,-0.0995771273100741,0.1406450811037216,0.0565638733987405,0.4118087406401535,0.3521793614268612,0.7806774455586553,0.3553611658200413,0.0690318068928544,-0.3171922032196181,-0.3028297408042787,0.0,0.0,0.0,0.0,-0.4012292492597128,0.0330020866415051,-0.112605741975288,0.0,0.270492025215663,0.0,0.3631738538256936,0.1243495932884285,0.0241917981478472,0.0561592915266326
54,0.5173699825387906,0.1772339574076279,0.5201435054333164,0.0237919034309482,0.1677078498274402,-0.1056247014725184,1.289819011785957,0.943322631885696,0.0149956328814234,0.0,0.0434627976749745,0.0413323537146159,0.0,0.0943474773106875,0.0186032013546053,0.8353132762205562,-0.0322886772268218,0.3957108187523019,0.0,0.0463872690841059,0.1270043755680668,0.1408267887330377,-0.3155981893204969,0.1073109803610072,0.0523136977048333,0.0,0.2350913119540291,0.7843325111735239,0.198161074525634,0.0253956009682349,0.0157126976293718,0.0859002001992359,1.103551882728705,0.6095817394232637,0.1642020172049011,0.0155776058446765,0.1266181482810334,-0.5502773973985904,1.231495061224594,0.4150725993192807,1.3585121374982336,0.2674415487007219,0.1544368243281376,0.0,0.9235573723328216,0.6317364419520498,0.6540611888829068,0.1149910831766589,0.0353389156935635,0.0,0.0,-0.7284957042180714,-0.5150883699173842,0.015404070458465,0.0591857182475903,-0.181713612839098,0.0,0.0,0.0,0.0,0.0,0.0,0.0,0.509681910863774,-0.1299709161593621,-0.1299709161593621,0.1496340536811893,0.0544011575976012,0.4243118236294142,0.2778532888218086,0.7680500415992998,0.3493519439728648,0.0576433343004012,-0.3300336964991286,-0.2984964797695288,0.0,0.0,0.0,0.0,-0.4036888686363197,0.0325181194672622,-0.115571550310372,0.0,0.2598612384830921,0.0,0.3416887747561372,0.1356788726089835,0.0294340653378923,0.0430507573397242
55,0.5525085834153749,0.1523413826344167,0.5072389289253446,0.0168028981594889,0.1635262875620321,-0.1132083572908711,1.328537527245374,0.984471098715436,0.0170482979868469,0.0,0.0296091357321716,0.0284330987329857,0.0,0.0861706050388195,0.0121309083138829,0.7836930834277801,-0.0537096608217714,0.3738694593182656,0.0,0.0533859085690554,0.1015748829502315,0.1457767871220233,-0.3324779060574877,0.1011072849120346,0.043368936163973,0.0,0.2695435660047188,0.7797383667913325,0.1793784982738617,0.0533932971384155,0.0145830497471662,0.0510098893000827,1.0507016850143591,0.6074886937925844,0.1273856259794037,0.0101645860307154,0.1006285413969796,-0.5784672289378454,1.2113962674385248,0.4536701188399199,1.3619193284422562,0.2791222879769194,0.1434584502232293,0.0,0.9606428534179752,0.6748733893810154,0.6934227001509042,0.1562688952344114,0.0350399306514382,0.0,0.0,-0.7346706431970931,-0.5206593091031281,0.0134645468666024,0.0975459190618574,-0.1756833380348152,0.0,0.0,0.0,0.0,0.0,0.0,0.0,0.5809881643439025,-0.1537175039779231,-0.1537175039779231,0.1638568348665618,0.0400361814740699,0.4399327254008018,0.2262639265628881,0.7377398505478039,0.3584726811389945,0.0607840521629692,-0.3442257131893819,-0.3069457611895004,0.0,0.0,0.0,0.0,-0.4066584460942662,0.0300856032144438,-0.1214100400760814,0.0,0.2427932311107821,0.0,0.2691161994537736,0.1467358281217174,0.0363065379809212,0.034279321428112
56,0.5908276061358508,0.1273908634901581,0.4896136728837884,0.0118979822668224,0.1861988468498424,-0.1264115172559916,1.3047314516330362,1.0469579438251824,0.0184502379202662,0.0,0.0188200216653454,0.0170769743152172,0.0,0.0772595034313481,0.0089444685469432,0.7496049637658115,-0.0769587760524977,0.3558254574768522,0.0,0.0586099488369193,0.0815808088447632,0.1509967377394196,-0.3422234712207118,0.0875447522565481,0.0339394433866123,0.0,0.3046728041020426,0.7488069334744456,0.1706962415800013,0.0401435782294733,0.0126766175503754,0.0441387072027438,0.9869281267611048,0.612358983781339,0.1012146828945153,0.0057523461187937,0.08079965898298,-0.6008321210842728,1.237962395020811,0.5016698924988962,1.3808387329986669,0.2739333981440212,0.1272305627012243,0.0,1.028631545279266,0.7193356310189574,0.7129066020321801,0.2165385399012371,0.0381688983712201,0.0,0.0,-0.7354299000322749,-0.5366218415091638,0.0127756534132286,0.0860996689277711,-0.1864981223458123,0.0,0.0,0.0,0.0,0.0,0.0,0.0,0.6003164765790061,-0.1662948939465719,-0.1662948939465719,0.1786303230994321,0.0276094144043253,0.4481174930039139,-0.1192392934724761,0.7377767631513489,0.3824850477929262,0.032944863417122,-0.362651711231209,-0.3061125996857871,0.0,0.0,0.0,0.0,-0.3986880585294243,0.022096109873358,-0.1262155231150156,0.0,0.216785463839112,0.0,0.2054942092543284,0.1516601916656763,0.040934846156394,0.0661205796526586
57,0.6397042745589855,0.1299101109170773,0.4725770807215419,0.0079798610299691,0.1806136852238951,-0.1405524513151602,1.3286026278175596,1.0580278416783522,0.0189992457874802,0.0,0.0,0.0,0.0,0.0895959814672985,0.0053611161030147,0.7382810189605149,-0.0821389224134449,0.3539662737916586,0.0,0.0844996074344046,0.0664096389292479,0.1356214329138851,-0.3582487824314621,0.0768997670174688,0.0369292542739319,0.0,0.3257644700199456,0.7010262467848088,0.1919715817154015,0.0331788732347343,0.0103126201098141,0.054641959340444,0.9218320953306938,0.6345457948714339,0.0787569570310362,0.0,0.0500460798199792,-0.6262000434101465,1.2911183864751583,0.5437502711779163,1.406002981924638,0.2846463620289944,0.1117195925950297,0.0,1.1427714884447957,0.76638885985633,0.7059852118089095,0.2719682689805641,0.0455419445079595,0.0,0.0,-0.7208207796618832,-0.5589068497864139,0.0131344539328693,0.0703966423586162,-0.1909137960658942,0.0,0.0,0.0,0.0,0.0,0.0,0.0,0.555629197425557,-0.1703903424897938,-0.1703903424897938,0.1864988855798911,0.0146867798643438,0.4745874379120122,-0.1230091747158783,0.7175358316379186,0.4170932870755301,0.0132562263769848,-0.3686932459055753,-0.3167843917984514,0.0,0.0,0.0,0.0,-0.3946836741696315,0.0139978281303509,-0.1268339858595902,0.0,0.1850835807489838,0.0,0.1629488674538737,0.151548424818664,0.0582684296104535,0.0392127542555169
58,0.6962916977257222,0.1475461180091866,0.4523842022243663,0.0101885175803149,0.1775198603846631,-0.1552545313489223,1.3228864320134772,1.0291838074281188,0.0185937622740879,0.0,0.0,0.0,0.0,0.1003906381542801,0.0,0.7172292353424596,-0.0879260414192213,0.3964530449238443,0.0,0.1341164192771672,0.0611857175211511,0.1292117080218897,-0.3691831588480763,0.0634951185831736,0.0418807861114385,0.0,0.3508822029269331,0.6470694658057816,0.2130281999393443,0.027842523640762,0.0076191792314426,0.0652999532638967,0.8650799757568878,0.6747819302370957,0.0605831073239785,0.0,0.0501009909084055,-0.639897699508049,1.2393336946293416,0.5760480727351307,1.4259004923416736,0.2871877326774388,0.0971850294636272,0.0,1.1491687390447998,0.8142364158434379,0.6732462665473385,0.3273123822492227,0.0559741434222882,0.0,0.0,-0.6979831049662403,-0.5873672955141818,0.0141981189510717,0.0548840759849982,-0.1961500362829525,0.0,0.0,0.0,0.0,0.0,0.0,0.0,0.5628785532387769,-0.1657624065187722,-0.1657624065187722,0.1841203938882574,0.0069028015939378,0.4820353631490642,-0.1157032606778393,0.694060199378176,0.4525421017034027,0.007065259697075,-0.3717711342304599,-0.3340355695010696,0.0,0.0,0.0,0.0,-0.3888667860754007,0.0092349670835642,-0.1292200316232522,0.0,0.1576105583437427,0.0,0.1438151334133106,0.1476766989947707,0.0929006972395856,0.0238227669009335
59,0.6815389587433853,0.1673715455928057,0.4387063384859468,0.0137667971223225,0.177962750537482,-0.1848668009048893,1.3001581227246966,1.018201010474798,0.0172633988529703,0.0,0.0,0.0,0.0,0.0691308004318429,0.0,0.7253990811858146,-0.0847062644102048,0.433781064649726,0.0,0.2209875153282056,0.0569258148667558,0.1192160947473652,-0.3744515502181045,0.0518262526245985,0.0493744719547011,0.0,0.3763420630302769,0.594960020914838,0.2039912455749192,0.0332402495336018,0.0054566895137266,0.0731072141414798,0.8194215574075667,0.6856066016072007,0.0571037278040683,0.0,0.0516658430565888,-0.65126655671564,1.1979798255305114,0.6140293236496671,1.454623019924678,0.300778233979562,0.0815193382071781,0.0,1.116326125825735,0.854579257370762,0.6434120234834154,0.3742409136176924,0.0666707041213916,0.0,0.0,-0.6647402862884031,-0.616558174909016,0.015906969514064,0.038228592230171,-0.212507412893058,0.0,0.0,0.0,0.0,0.0,0.0,0.0,0.6055924458338445,-0.1389051549493277,-0.1389051549493277,0.1743410921465377,0.0,0.4577290730033596,-0.1187135595648209,0.6633925323344465,0.4631020418642175,0.0,-0.3702067618110741,-0.342884589065896,0.0070669863217779,0.0,0.0070669863217779,0.0,-0.386759162924088,0.0,-0.1307332348189822,0.0,0.129928222238007,0.0,0.1008810147347589,0.1476360677563234,0.1206507882271371,0.0060206228641237
60,0.6772253771577398,0.1650345535746052,0.4224834367628009,0.0199802878346482,0.1775806734946756,-0.2049821821852911,1.3472775564397772,1.0035944499073588,0.0151736746112507,0.0059438935139888,0.0,0.0,0.0,0.0461085885487017,0.0,0.7382718524858284,-0.0859376328402315,0.4927236894739181,0.0,0.2459196554382315,0.0519710757188488,0.1317810477447116,-0.3692146243929562,0.042309435579003,0.0680004365842884,0.0,0.3854593653524945,0.5653087613780101,0.1458575370294555,0.04307156671703,0.0,0.0766397381674505,0.7840654269572762,0.6843281085959636,0.0476910949966594,0.0,0.0526833989420334,-0.6543105059452061,1.1629316967779533,0.6309347972208605,1.5187297346908124,0.3033735241340557,0.068734574113892,0.0,1.067245785461466,0.8871601287664376,0.6156306966503734,0.3800865740803523,0.0803797432724902,0.0,0.0,-0.6260850282060073,-0.6454681039318265,0.0185204523203973,0.0276849443206773,-0.2199216200393948,0.0,0.0,0.0,0.0,0.0,0.0,0.0,0.5792921696328857,-0.114721418834146,-0.114721418834146,0.1605654107700735,0.0,0.4789796112130804,-0.1194307942164769,0.6708557618115674,0.4905131918604062,0.0,-0.3609381439078423,-0.358253816485046,0.0091094333534064,0.0,0.0091094333534064,0.0,-0.3857528966392723,0.0,-0.1319967547494789,0.0,0.1180839356091402,0.0,0.1094752968909345,0.1591192635001419,0.1347146859684992,0.0
61,0.676578761466731,0.1614785777770635,0.4006493863023085,0.021827321052614,0.1818523400742914,-0.2146556304413666,1.3866875596431758,1.0028032005493333,0.0125973871586392,0.0064896838725799,0.0,0.0,0.0,0.0269549853868705,0.0,0.7960846743076094,-0.0796348290330914,0.4701169745103946,0.0,0.2517945810298517,0.0526341390946531,0.1303088412564207,-0.3595261922013986,0.0351797307562152,0.0964248007758884,0.0,0.3805774471130934,0.5333339216889766,0.0939881294311545,0.0532336520930534,0.0,0.0832488431547723,0.8501827638782469,0.6918715161537273,0.0323100316544429,0.0,0.0569285933502933,-0.653308663639934,1.1568970954353717,0.6429046886959082,1.5646317628732238,0.2644860526521208,0.058819162335739,0.0,0.9713133953535856,0.9074179553692074,0.6226691077188748,0.3646112879185664,0.0943990825553827,0.0,0.0,-0.5843467079405408,-0.666199693869103,0.0214390196492698,0.0197057851851047,-0.2318799913909234,0.0,0.0,0.0,0.0,0.0,0.0,0.0,0.5468871569467247,-0.0972048818992194,-0.0972048818992194,0.146080037319778,0.0,0.4974186362089359,-0.1206899683603801,0.6591018492287071,0.4701109428641982,0.0,-0.3542288834863804,-0.3709407952114636,0.0109313663048267,0.0,0.0109313663048267,0.0,-0.3910881283809667,0.0,-0.1300208807103628,0.0,0.1109259593631115,0.0,0.1217147885643988,0.1685503014340073,0.1535413096125547,0.0
62,0.6545031559546635,0.1397476672553503,0.3705757227364858,0.0175218852778183,0.1831321976751289,-0.220555296664494,1.5486598490809518,1.059577889920088,0.0092109535183999,0.0,0.0,0.0,0.0,0.0149311082480006,0.0,0.8277176056219425,-0.0872341213000855,0.4693620956075762,0.0081631606729043,0.2620882796247923,0.0536796806296273,0.1105578496831947,-0.34145156114252,0.030327740877522,0.1370257453577923,0.0,0.3576537233396585,0.4554840170246444,0.0493830709635582,0.0646035006257699,0.0,0.089377084873076,0.9249952229767938,0.7486654971692593,0.0159660151642978,0.0,-0.0623659282199088,-0.6489955913223076,1.161129239000323,0.6551069748697999,1.5695918088255345,0.2155673806071555,0.0560549440509023,0.0,0.8699336830688885,0.9089998984691058,0.6351786441382026,0.3449665225578937,0.1050242573197284,0.0,0.0,-0.5448838581287873,-0.6779279649963016,0.0238304329277698,0.0136045266645353,-0.2472078632243314,0.0,0.0,0.0,0.0,0.0,0.0,0.0,0.5170118658085936,-0.0698392778350611,-0.0698392778350611,0.1440408911122386,0.0,0.5054938446619502,-0.1244529287766429,0.6715330731711732,0.4186337728085336,0.0,-0.3525805602261026,-0.3803566912316284,0.0122120710423695,0.0,0.0122120710423695,0.0,-0.4022805442744306,0.0,-0.1254905707552685,0.0,0.1151650756914433,0.0,0.1290556609721892,0.1270578573383569,0.137833643873885,0.0
63,0.5474622507526947,0.1087845249653469,0.3644648828068545,0.0134303588009868,0.18160993391282,-0.2237303398359202,1.6160164210259342,1.120746621813684,0.0260580594284006,0.0,0.0,0.0,0.0,0.0107417673821704,0.0,0.8138828554103198,-0.0990384055559264,0.4676260946639351,0.0126226123184292,0.2621371517168857,0.0603248771010896,0.1007023227232038,-0.3283900913039361,0.0257869073687566,0.1527512039731999,0.0,0.3345102355132295,0.4689236574217511,0.02319921939199,0.0741599647339536,0.0090785128991116,0.0689207365348039,0.9518336204858904,0.801456082223035,0.0136345560645004,0.0140139576876948,-0.0999031977882169,-0.642109486852749,1.1846231260261315,0.6667006864208228,1.568421222152424,0.1660374700575367,0.0514506763569614,0.0,0.7835813029843404,0.8770640384447099,0.6641195614310544,0.2761310483563661,0.1127141142572113,0.0,0.0,-0.5195710962841108,-0.6768065622945855,0.0253930395910912,0.009831961050998,-0.2701411961632528,0.0,0.0,0.0,0.0,0.0,0.0,0.0,0.4869430802331898,-0.0408800836945339,-0.0408800836945339,0.116085166923141,0.0171024869538551,0.5204030291363312,-0.1326909344700003,0.7275388524604477,0.3706670587383474,0.0,-0.3536357342772135,-0.3857160647943589,0.0127011240670899,0.0,0.0127011240670899,0.0,-0.4146292142664958,0.0,-0.1236250499362908,0.0,0.1100636665360356,0.0,0.1504824276880173,0.1145004619927702,0.1251807248208003,0.0758163845894135
64,0.4613491389766083,0.0909289958011744,0.359216935389257,0.0093702214532851,0.169072313465858,-0.2237439086345602,1.5875582788529403,1.1723138014324244,0.0626924593826837,0.0,0.0,0.0,0.0073181944895097,0.0141937227464872,0.0084310346558694,0.8015016255109807,-0.0979751514310575,0.4656616283600051,0.0182972374544474,0.2504841586880338,0.0661004984020141,0.0923248247244409,-0.3106186096845309,0.0198610417435773,0.1696179437296387,0.0,0.2585321859373762,0.5113353828309585,0.0224079145557531,0.0807452842542078,0.0192320110480254,0.0558793988818851,0.9870291065419416,0.8530581267349056,0.0167435447140943,0.0442034127764274,-0.1609552723132905,-0.6358392705195979,1.2370845065120504,0.6747526338067174,1.5316034557817937,0.1226069194337064,0.0460707303436887,0.0,0.7046348330461571,0.8275197011837893,0.6810229426169117,0.2507583954980529,0.1210679522560232,0.0,0.0,-0.506328689974979,-0.6622057316476211,0.027526096754425,0.0087011026898414,-0.2907228085426869,0.0,0.0,0.0,0.0,0.0,0.0,0.0,0.4651263216773268,-0.0192221187600957,-0.0192221187600957,0.0997649019602141,0.0417222459408062,0.5251075071785423,-0.1402295950311954,0.8174754485771633,0.3357280875574906,0.0,-0.3578434234704908,-0.3946480521268845,0.0150267659568834,0.0,0.0150267659568834,0.0,-0.4304195346949035,0.0,-0.1184719263977083,0.0,0.1172149430204297,0.0,0.1959158603341433,0.1083540120895634,0.0933631584056344,0.0703992388188928
65,0.4175099518042805,0.0835647495579581,0.3577098126765541,0.0062417820825413,0.1529598524182381,-0.2043634905926257,1.3917242078203562,1.2291241985768533,0.1174816221416685,0.0,0.0,0.0,0.0098681683252038,0.0201370440055882,0.0266648249426654,0.8133434849909428,-0.0980187575508341,0.480592607568571,0.0241608572372947,0.2272834735844463,0.0590317685203204,0.0786713449961842,-0.2877165330299876,0.0167148873520523,0.1779990227417611,0.0,0.1728016331983404,0.58984007179306,0.071653494895239,0.0804672377829004,0.0292971352398596,0.041049764901123,1.0152114247592765,0.8078514647493688,0.0237490282174072,0.0676586535378824,-0.2179414087513524,-0.6247508455104566,1.2937352256390822,0.6819363041108375,1.517134459262082,0.0853696395720223,0.0409954446756089,0.0,0.6226545671744744,0.7701773602909558,0.7167630086684597,0.1994770282401314,0.1223815763432481,0.0,0.0,-0.4998724583643932,-0.6425901359827448,0.0285776013935188,0.0081375538741815,-0.3155059058298957,0.0,0.0,0.0,0.0,0.0,0.0,0.0,0.4479708969764216,0.0,0.0,0.0912537171259119,0.0630392550834963,0.537695397684729,-0.1518749822186816,0.8442467236408132,0.2967056182179416,0.0,-0.3651648981449368,-0.3933626177676912,0.0213092968514489,0.0,0.0213092968514489,0.0,-0.453078176031388,0.0,-0.1114410066937949,0.0,0.1087969551375926,0.0,0.1842374994289145,0.1266313329757339,0.0692012940965555,0.0428622807210301
66,0.3540006866269763,0.0743284696218802,0.378297019988172,0.0,0.1316484136779357,-0.1856474633499221,1.3012592806029126,1.277941890438011,0.0999374204295322,0.0,0.0,0.0,0.0102286026849028,0.0188971940003426,0.046307443249397,0.838342521952556,-0.0954524191926463,0.4816328343113132,0.0295742759102347,0.1931373879109007,0.043643351811004,0.0589262186481395,-0.2712240619548416,0.0160286352810511,0.1884397926914269,0.0,0.1367476605216448,0.690170160443488,0.0910648324767698,0.0733159833480666,0.0343005259097335,0.0267667072316876,0.9960255914564642,0.6768250932783522,0.0327026812257678,0.0530466558386011,-0.2555987496339716,-0.6134212361723802,1.3187186193940428,0.7155019326826192,1.5250504619904546,0.0581430193891666,0.0345995694725669,0.0,0.562565085122009,0.7231564492443945,0.7363830725792636,0.160308411968248,0.105153806553261,0.0,0.0,-0.5033257076730705,-0.6240773795227196,0.0284177798120629,0.0072769486262999,-0.3390279996070641,0.0,0.0,0.0,0.0,0.0,0.0,0.0,0.439456770021869,0.0,0.0,0.0889019889179272,0.0496469541270108,0.5488287194420004,-0.1564851250643345,0.8752898160644395,0.2433730020201603,0.0,-0.3783649372579222,-0.3876550200703743,0.0145296045626828,0.0,0.0145296045626828,0.0,-0.475739311547703,0.0,-0.1051830817625573,0.0,0.0910182392245349,0.0,0.1557028519261018,0.1474331183056176,0.0509863855082973,0.0382761833723184
67,0.3115397117987488,0.0745975275763229,0.3974151555072616,0.0,0.1103903145109631,-0.1592722313578293,1.2344406353931652,1.3000667102382872,0.0939483522503204,0.0,0.0,0.0,0.0098681683252038,0.0137407821309891,0.071897959269922,0.8888404403929249,-0.0914171316441605,0.4681956475816731,0.0338442385908554,0.1584250365799196,0.0452472398502009,0.0672169212923653,-0.2610910386744854,0.0149981892786803,0.193782237616172,0.0,0.1708766983177991,0.7487696705362257,0.0655154115972447,0.0632833607618936,0.0308095144451,0.0179094847686664,0.9644253214388946,0.6358931726922731,0.0386579649088765,0.0546535053364592,-0.2806691770529614,-0.6056080748437122,1.3339179468448832,0.7397045253877231,1.5298597160980565,0.0476348626152591,0.026410029594193,0.0,0.544040610025517,0.6745738666560743,0.7830799039819799,0.1260082482917457,0.0761970110982465,0.0,0.0,-0.5134769022375077,-0.5971975588034283,0.0272276987012284,0.0065344648646075,-0.3580821889434668,0.0126333224033548,0.0,0.0,0.0,0.0,0.0,0.0,0.4518728019950712,0.0,0.0,0.0894942779474548,0.0388235851616021,0.5651254867558538,-0.1617106480882526,0.8985943722803064,0.2106110634291438,0.0,-0.3971026796366952,-0.3823424383646588,0.0104235909350587,0.0,0.0104235909350587,0.0086561345056603,-0.4956884981229055,0.0,-0.1070327361870973,0.0,0.0932173564141976,0.0,0.1258879528932889,0.166737746539705,0.0646539867693889,0.0333451633926168
68,0.3008483718181129,0.0750807540920132,0.3851049711546937,0.0,0.0898815637201891,-0.1372393026268616,1.2824924447643136,1.275726161932765,0.0983722762812294,0.0,0.0,0.0,0.0157006536794356,0.0111946026000239,0.1019126301549517,0.8420019840382078,-0.0685791470642448,0.4457181884805409,0.0362379964532243,0.1326956323764956,0.0500877414852605,0.0800898541215415,-0.2620784793308376,0.0142784503724614,0.2087544290213311,0.0,0.1679338070973818,0.76238437800647,0.0563983468550953,0.0518244103653404,0.0248045562486912,0.0109290136106862,0.9189306573688812,0.6217812166996876,0.0322909850874577,0.1134780647367623,-0.2911493046094597,-0.5996524364226152,1.2656002996897784,0.7773145211830119,1.533210916795308,0.0390433368583099,0.019927911596726,0.0,0.5587174689514576,0.6345979306768075,0.8423161255957846,0.1446888112418658,0.0949587039293264,0.0,0.0,-0.5307476912256174,-0.5722120693618505,0.0267542522409395,0.0054614910233987,-0.3722950324859925,0.0267393525220806,0.0,0.0,0.0,0.0,0.0,0.0,0.449060235683197,0.0,0.0,0.0865412684514825,0.0310462053969512,0.5645322480593596,-0.1728597512375944,0.947650628835496,0.199136216014782,0.0,-0.4207208997776245,-0.3737287464808606,0.0287846448537682,0.0,0.0287846448537682,0.0139683378758027,-0.5121895859034921,0.0,-0.1031674613305643,0.0,0.0997775363185912,0.0,0.0969843135947609,0.1690179811123973,0.1027439753363851,0.0277917298034897
69,0.2317811514020244,0.0852199869755222,0.3798648365386763,0.0,0.0742708282743927,-0.1040853251410305,1.3243604628746934,1.2994940065274387,0.1042507574160916,0.0,0.0,0.0,0.0192551500532074,0.0161770217569301,0.1363266292199619,0.8090442302763482,-0.0399403076550024,0.4117219698213054,0.0363355278040855,0.1101365228813774,0.0451582355979038,0.0686346894925172,-0.2589289136531091,0.0130140695712161,0.2292393103697236,0.0,0.1448841427053575,0.764876072034561,0.0598530356750781,0.041276938433832,0.0196660800047639,0.011016084778896,0.8916159853479478,0.6183442255973953,0.0277789385095275,0.1636372155703749,-0.3063510723639026,-0.5969486210841906,1.167500657287354,0.8097210735899028,1.512532553460712,0.0297819610604174,0.01344782342284,0.0,0.5961455428453805,0.6197842180752676,0.9233172256729972,0.1605826401462289,0.0879725429283769,0.0,0.0,-0.5476950599355387,-0.5541326007515942,0.0253124416114724,0.0,-0.3886906483153561,0.0430717366459985,0.0,0.0,0.0,0.0,0.0,0.0,0.4571029658155825,0.0,0.0,0.0799764887648285,0.0250884939685698,0.565033773520473,-0.1739239207960194,1.0126336101790236,0.2005256899816389,0.0077758544409666,-0.4365874481094474,-0.3693973706227396,0.027839550913496,0.0,0.027839550913496,0.0438237331768709,-0.5186646105159642,0.0,-0.0988551721780753,0.0,0.1065790255903708,0.0,0.0713863341968036,0.1652896969660843,0.147703308554936,0.0223614716335477
70,0.2047512322871238,0.0893712181785698,0.3816630639977885,0.0,0.0635125912941585,-0.0814318414807713,1.3745520522204864,1.2984935670601976,0.092869689753235,0.0,0.0,0.0,0.023931475559617,0.0274212078027389,0.1689551281041763,0.7792785473779226,0.0,0.3730322692617567,0.0341507160392549,0.1073311802005286,0.0355586539401755,0.0538402033246835,-0.2650636373543221,0.0121691534579758,0.2503266460029507,0.0,0.1322256863858997,0.7637358039449809,0.0818794870561704,0.0356039674682267,0.0146279243657001,0.0148192591198772,0.8564613721663935,0.6143237079325118,0.0321211674310491,0.2160487325501797,-0.3272110358101775,-0.6001999914612223,1.0638386759546734,0.8401974360697737,1.5209510117678586,0.0332711981957546,0.0081818735381656,0.0,0.588441429322462,0.6197401585582145,0.934231441575602,0.1931749867107673,0.0705506798409117,0.0082276113848109,0.0,-0.5610154362265736,-0.5404738500804861,0.0241369961016339,0.0,-0.3997723620291917,0.0633626169863811,0.0,0.0,0.0,0.0,0.0,0.0,0.4531369804626594,0.0,0.0,0.0712635659338898,0.0201916712023084,0.549398231206597,-0.1719414525658803,1.0333539186010143,0.2210853745975821,0.0120861748225788,-0.4488255323601641,-0.3641509156115027,0.0225242281162917,0.0,0.0225242281162917,0.0834044524719656,-0.5257930254775984,0.0059932488134859,-0.0978399642259521,0.0,0.1138736827826445,0.0,0.067534022198397,0.1583443358894054,0.1818745082639374,0.0226144341485525
71,0.1998161945352617,0.0798545622989514,0.3585855801347038,0.0,0.0563683819043985,-0.0715193217447135,1.4590926456885542,1.316787361850316,0.0958100480373587,0.0,0.0,0.0,0.0297104103524802,0.0373401924211276,0.198950238549922,0.6443274209374454,0.0,0.3342263579648477,0.030116677928831,0.1251602284622335,0.0297203305842668,0.027242761520932,-0.2748071038985092,0.0090512240572964,0.2647823272166838,0.0,0.1351644906887825,0.7304364168856278,0.0780021721006423,0.028510117954657,0.0103061434514559,0.0194395339403044,0.8172025166077773,0.6398302247194244,0.0453114093394999,0.2250805647900757,-0.3414423409216277,-0.6062523747691857,1.0482268628431697,0.8484678790926654,1.5462942206896415,0.038766223286879,0.0053408661671964,0.0,0.5916163836199761,0.661344803580657,0.951034858445875,0.243544040841191,0.0527222502977303,0.0198624448866929,0.0,-0.5695806228903715,-0.5320215369194627,0.0222155533604727,0.0,-0.4014345032608393,0.0586921080062783,0.0,0.0,0.0,0.0,0.0,0.0,0.4488914525077374,0.0,0.0,0.0589174206420275,0.0076439302249832,0.5449519541708652,-0.1637384660620395,1.0339446336852416,0.2656495839628205,0.0166020651656765,-0.4556129996023663,-0.3719337889606271,0.0196457034840541,0.0,0.0196457034840541,0.0870316091209943,-0.5341210421126115,0.0094972192748378,-0.1022153701958728,0.0,0.1281590511310456,0.0,0.0782164344859437,0.1511596753992324,0.2019859603452542,0.0567291747878557
72,0.2142233845951452,0.0732596475687756,0.3587254588360746,0.0,0.0715627503979744,-0.079446411036618,1.4995333463395015,1.295456831835941,0.1199844271416077,0.0,0.0,0.0,0.032721765952646,0.0482893403085835,0.1876699102558858,0.4698940081383909,0.0,0.2940528933624945,0.024946018102473,0.1746362500901398,0.0256765056141069,0.029759641518282,-0.2798050299293995,0.0063017218065855,0.2396501558730303,0.0,0.1432392987651348,0.6749208324341217,0.0932953506359742,0.0177506500837042,0.0068180188232647,0.0238219208107494,0.8143203069412633,0.6806937967774526,0.059539323712361,0.221585983567324,-0.3603214406480843,-0.6142752285914939,1.0368812276203123,0.8592623368706367,1.5580649106350504,0.0460074227715734,0.0,0.0,0.6020702792256837,0.7384968075646979,0.9437021169762246,0.3161426638253757,0.0386840046100232,0.0349324133970731,0.0,-0.5773423862822794,-0.5260566881429155,0.0235883627595527,0.0,-0.4030167694080233,0.0522491516404891,0.0,0.0,0.0,0.0,0.0,0.0,0.4416859039445747,0.0,0.0,0.0466305775432982,0.0078953864739223,0.5598793299238247,-0.1508462030237818,1.0414470385469017,0.3109545207723052,0.021315740224672,-0.4533857741978976,-0.3768555580100436,0.0168030512370154,0.0,0.0168030512370154,0.0876950412585058,-0.532334793260797,0.0109519416610732,-0.1070477435073008,0.0,0.1461279170874329,0.0,0.0972810736516732,0.1392337836145823,0.2332204595838601,0.0925769732930048
73,0.2298167911480347,0.0646947818141027,0.3819104097262272,0.0,0.088831148746175,-0.0888315812244938,1.6468327424652776,1.2880850523637992,0.1573402612903215,0.0,0.0,0.0,0.0326374428665645,0.0416356933987672,0.1692410744217281,0.3359550055882824,0.0,0.2598871019028205,0.0198847305164706,0.2300099749079464,0.0214507136695686,0.0272130961573953,-0.2779400995422877,0.0,0.2133449364031669,0.0,0.1527507741405434,0.6147424695811956,0.1130303010989509,0.0088661695111332,0.0,0.0295213067782915,0.8093563796054916,0.722002380607384,0.0609691311574184,0.2057661539868587,-0.3774014667676879,-0.624521240727822,1.0319671399992796,0.889324718233552,1.582432644390566,0.0547223574873067,0.0,0.0,0.6370068443541036,0.8155097963526781,0.9433811158903396,0.3913279386207632,0.0262641458567932,0.0493009838221868,0.0,-0.5825350544448896,-0.5252571416677574,0.0235967489029753,0.0,-0.4079618835945857,0.0447901118888992,0.0,0.0,0.0,0.0,0.0,0.0,0.4301678903231858,0.0,0.0,0.0347705195264052,0.0105218385217807,0.60233206701496,-0.1484369527222005,1.0534256980019072,0.2751912017979649,0.0280921912226363,-0.4535315190908019,-0.3855722807060885,0.013356808988296,0.0,0.013356808988296,0.0841128197763993,-0.5262555592436005,0.0184690413974617,-0.1048906963993658,0.0,0.1645437277326851,0.0,0.1274271738003951,0.1236404230157288,0.279188421254102,0.1346628973350117
74,0.2457952546503166,0.0542024044526488,0.3832030881993286,0.0,0.1061657277099992,-0.1015371775922686,1.6871183625392616,1.3040898540296355,0.1942646890732825,0.0,0.0,0.0,0.0319725823113884,0.0348866701542196,0.1494352575015407,0.2241274266162412,0.0,0.2732997134887591,0.0384382960759652,0.2831926959437198,0.0205346476951798,0.0284067514402709,-0.2836013589161346,0.006320371184398,0.1929809411565795,0.0,0.1908744264256262,0.5695403765277048,0.1331087268787807,0.0058234022144892,0.0,0.032798928575982,0.7966549484655194,0.7587772375026176,0.050488957100345,0.1814007243005268,-0.4019098937450734,-0.6376386059809726,1.0315908127053364,0.911230896101068,1.5491519439336423,0.065834299367718,0.0,0.0,0.6936847989683805,0.8886810706148935,0.938800187435486,0.4570736813075134,0.0157834027420435,0.0504340637837331,0.0,-0.5892618157902522,-0.5315207832756002,0.0260057272131531,0.0,-0.4036348289299039,0.0367249020942291,0.0,0.0,0.0,0.0,0.0,0.0,0.3693944685951855,0.0,0.0,0.0232586284372306,0.0236462204641614,0.6330818318971468,-0.1290523632345356,1.031364763027801,0.2458429005033696,0.0371556323180939,-0.4436793047734628,-0.4032310561216178,0.0110626134132772,0.0,0.0110626134132772,0.0762517162713159,-0.5206513712962824,0.0181744790760244,-0.0983043488259908,0.0,0.179729018985796,0.0,0.1555947709658603,0.1049672115515272,0.3165241194123093,0.1883855821195728
75,0.2595342827057127,0.044239534511219,0.3904195909141769,0.0,0.1251930443848651,-0.1209659423762176,1.685894769452189,1.380929187379584,0.1064060184074508,0.0,0.0,0.0,0.0311594540675448,0.0279538673229681,0.1359761683858575,0.1599407098830225,0.0,0.288878871193036,0.0592131470584395,0.3237801586097882,0.0229195182728269,0.0322075027536367,-0.2864041895498931,0.0079408185652663,0.1831805994376589,0.0,0.2484348429483667,0.523915776758146,0.1692676137160465,0.0,0.0,0.0395835370175517,0.8079167905321221,0.7641844469378241,0.0389984874539311,0.1525958538267509,-0.4375586406951005,-0.6472368389399894,1.0424038739077923,0.8881700279737179,1.513635438745955,0.0750113730210155,0.0,0.0,0.7275919133762786,0.9308003854671362,0.9393544251711956,0.5041911890420231,0.0081490149601706,0.0378519096267149,0.0,-0.5942802824373425,-0.5433806068825802,0.0297539627766348,0.0,-0.3986981928924593,0.0288179778979227,0.0,0.0,0.0,0.0,0.0,0.0,0.3202432545424429,0.0,0.0,0.0135184295161583,0.0351723669513231,0.6452198851241481,0.2132959799950063,0.9196518042434012,0.2172433588550537,0.0477274260952545,-0.4393249724198591,-0.4219519210602857,0.0086785584222551,0.0072334908693109,0.0086785584222551,0.0661987339405397,-0.5148482584464912,0.0183940317412325,-0.099346685066818,0.0,0.1971815834129582,0.0,0.1821942155693906,0.0855862995163985,0.3441615924407379,0.2649059074114238
76,0.2710832042157792,0.0313035999172953,0.3766743495884515,0.0,0.1427428990879523,-0.1324430602655519,1.6956722913158997,1.45336376991294,0.039605144160452,0.0,0.0,0.0,0.0298729699750826,0.019871788011948,0.1265980273228036,0.1194119704196165,0.0,0.3091659023362291,0.0854494846856418,0.3541651038810225,0.0234808394969719,0.0423897226234459,-0.2767030007280083,0.0094502752189587,0.1766688057514502,0.0,0.3076626583830094,0.5037531266174741,0.1901648980328566,0.0,0.0,0.0491175078056775,0.8292507146532242,0.7488515866642589,0.0302246005012285,0.1227341206519069,-0.4600865883390572,-0.6505268759483012,1.0763994882585723,0.89575127257419,1.4953116960202906,0.0817946345853129,0.0,0.0,0.7458019712156628,0.9487537305733946,0.9480107838906237,0.5251575664582688,0.0,0.0287659676469998,0.0,-0.5993202586909533,-0.5579165920852941,0.0334901667265029,0.0,-0.3920034237861904,0.0222891045379662,0.0,0.0,0.0,0.0,0.0,0.0,0.2682651855141038,0.0,0.0,0.0102512367889728,0.048904274160107,0.6081147833961454,0.221277181114446,0.8859458074503339,0.1924254362264173,0.0575361775574484,-0.428263599375166,-0.4425310298102571,0.0062789901259296,0.0092983579703019,0.0062789901259296,0.0558902230896725,-0.5087603342405541,0.0190467489114703,-0.09962017117131,0.0,0.2104202352802566,0.0,0.2144837746029051,0.066578125468756,0.3541656570616069,0.3367822516634354
77,0.2776180332282054,0.0245497825068146,0.3693385456015837,0.0,0.1451882516763171,-0.1314515756412927,1.701670415399284,1.514229734250623,0.0,0.0,0.0,0.0,0.0279783961223948,0.0125878147356206,0.1218717530139509,0.0929225064305118,0.0,0.3303609993647316,0.1200143837273713,0.3904408901745824,0.0233516829048331,0.0506456087177083,-0.2639637468000355,0.0,0.1698612781491345,0.0,0.3617380494494318,0.5018648477021697,0.2075397562852528,0.0,0.0,0.0418221137177086,0.8056868200005377,0.734725535964353,0.0224734172491352,0.0969331732775946,-0.4913835795246843,-0.6510565512815922,1.0365360114456876,0.8572873183589256,1.4714232611848008,0.0850066812438273,0.0,0.0,0.7456423861690289,0.960937034289144,1.017003183441563,0.5192146095171241,0.0,0.0215783643065787,0.0,-0.6115644805982292,-0.5796753851587871,0.0400801571143777,0.0,-0.3762454143850672,0.0165931459147639,0.0,0.0,0.0,0.0,0.0,0.0,0.2205560488171987,0.0,0.0,0.0162570914743179,0.0635586811055599,0.5454178617841352,0.2259205856103073,0.874477663417003,0.1808108935661767,0.0771030320740554,-0.4241632841233691,-0.4717982096653495,0.0,0.0111251292358016,0.0,0.0463852237033226,-0.5014378711101998,0.0235549026635921,-0.1004614087015246,0.0,0.2200128486967743,0.0,0.2492529067144343,0.0494100615418067,0.3680623350016272,0.4165478833301722
78,0.2764900087603171,0.021812549218085,0.3334108906002964,0.00721516453004,0.1480265910225555,-0.1375663719931745,1.765356168865758,1.50882032025738,0.0,0.0,0.0,0.0,0.0232584139811359,0.007951424646981,0.1314537227778624,0.0748119691390259,0.0,0.3600473275470641,0.1555947868269598,0.4175912235721528,0.0223504201235826,0.060993482368043,-0.2526845001057787,0.0,0.1654942761077533,0.0,0.3705546053275576,0.5071111186344612,0.2304921282566303,0.0,0.0,0.0374599159165495,0.7666210687773544,0.7437518862290644,0.0168016040427869,0.0689940424333973,-0.5422284343992105,-0.6443595708326201,1.0504087168658796,0.8304298592081434,1.4665228119517932,0.0837649679460518,0.0,0.0,0.7356396753030612,0.9615461524899888,1.0878238236487616,0.4831948578496359,0.0,0.0174951821326886,0.0,-0.6217314835166787,-0.6104929949673622,0.0,0.0,-0.3591795248632505,0.0090624927008115,0.0,0.0,0.0,0.0,0.0,0.0,0.1979042006739811,0.0,0.0,0.0141067626249901,0.0772057562724911,0.4846121495031879,0.2050001275226591,0.8805789709562429,0.1940566385965543,0.0932593842387587,-0.4218138296693969,-0.4912993899326975,0.0,0.0143865639780653,0.0,0.036741188692586,-0.4983607730901641,0.029501162179957,-0.0965062838028191,0.0,0.2214927404535687,0.0,0.2643230398334111,0.0282136890830222,0.3847162776187428,0.3444492552733746
79,0.2713891526897245,0.0180528820868396,-0.1909370464982802,0.0113167777191746,0.1477488738269307,-0.1284330055347299,1.7691052005715662,1.4750097460824725,0.0,0.0,0.0,0.0,0.0205783018314436,0.0083218027516626,0.1575256376508427,0.0580846832581581,0.0,0.3868687969239943,0.1825671960334683,0.4690688122147626,0.0199173716387562,0.067021105522302,-0.239557330068567,0.0,0.1538303851816587,0.0,0.383095976539129,0.5531447920713838,0.2275719524711755,0.0203444401073724,0.0,0.0338227053182832,0.7313450830411533,0.7476544409810341,0.0092940790436484,0.04913367388698,-0.5735665863869498,-0.6352701074518438,1.1122447350369924,0.8485158817702844,1.4752489328860183,0.0775677709976533,0.0,0.0,0.6766174355946961,0.951097197581822,1.1476427838693908,0.4742499757088111,0.0,0.0134802606188699,0.0,-0.6297772012963492,-0.648069033204591,0.0,0.0,-0.3471734732702178,0.0,0.0,0.0,0.0,0.0,0.0,0.0,0.1662922551892844,0.0,0.0,0.0147096807866093,0.0911632339826524,0.4356756922011724,0.1647015471960528,0.8959692739706945,0.2285993072649034,0.1162627596083871,-0.429095186624958,-0.5086123571335904,0.0,0.0133791481484274,0.0,0.0293895005008414,-0.4950711567537815,0.0369397196263311,-0.0797959957392886,0.0,0.2151083707517389,0.0,0.264627854858966,0.0101572692953879,0.4050381956527574,0.2980910688707339
80,0.2815159428418737,0.0135746112179058,-0.2145977500775401,0.0220521826323427,0.1491046342142166,-0.1169177601240799,1.8047981486029572,1.4793335416881137,0.0,0.0,0.0,0.0,0.0175446925471267,0.0086766124298195,0.1422648254294371,0.0449088436370338,0.0,0.4001254604262783,0.1579323940089908,0.4946867661792952,0.0166496170890338,0.0708965292784733,-0.2290520768278055,0.0065654761190984,0.1175496830542919,0.0,0.3973389689776376,0.6661731471728402,0.1838590561501688,0.0358734931048775,0.0,0.0314060314090853,0.6605948647164815,0.7651089011639636,0.0124859836135875,0.06412209116438,-0.6139931365992862,-0.6235664691408823,1.1798461624822605,0.8881733409609532,1.478687243862841,0.0690218779836483,0.0,0.0,0.6441238036715472,0.925859229046006,1.0798474113512695,0.4439336196192477,0.0,0.0095202398265648,0.0,-0.6411037949406153,-0.686251385587499,0.0054590609307309,0.0,-0.3367666544703193,0.0,0.0,0.0,0.0,0.0,0.0,0.0,0.1234761222443141,0.0,0.0,0.0257959242386093,0.0990563198908538,0.3986111590086375,0.1331468369517247,0.9205332354220792,0.2709521523223299,0.1414532172982292,-0.4455802788905075,-0.5250072680957284,0.0,0.0127516338633787,0.0,0.0190362643466029,-0.4862505440351466,0.0494713263386297,0.1719241617734477,0.0,0.1979231010697234,0.0,0.2172161297035887,0.0094567863955288,0.4223042783566064,0.3344555371876807
81,0.2931778870661953,0.0112913728871197,-0.2283594270103166,0.0310929759300327,0.1479283860625448,-0.099331802783629,1.834738540286165,1.4692417805808131,0.0,0.0,0.0,0.0,0.0135668503294111,0.0066704015593,0.1168151228135973,0.0228249386038691,0.0,0.3922021197380259,0.1283139299967189,0.5058879684169395,0.0130186570556134,0.0754343581539894,-0.2145738409807228,0.0078784127031284,0.0846919402649568,0.0,0.4138506566472777,0.773324800333835,0.1460929459900196,0.0391188387103624,0.0,0.029557330328282,0.6679125213327128,0.7735143777490717,0.0160072031899376,0.0465136104398022,-0.6544977099975797,-0.6101674835098488,1.2137845065978967,0.9056956385422092,1.4770320364010612,0.057921897968786,0.0,0.0,0.6126448821430542,0.8976210955934505,0.9946653591527912,0.4325868756495716,0.0,0.006791407127271,0.0,-0.6520117266383288,-0.7243071101227166,0.0100007302839076,0.0,-0.3296734370319121,0.0,0.0,0.0054105854161471,0.0,0.0,0.0,0.0,0.136385693280108,0.0,0.0,0.0393657436068785,0.1022913080916537,0.3884196953862573,0.119997166374975,0.9381213704936772,0.2483701055978969,0.165197770658449,-0.45626822243535,-0.5310109634007796,0.0,0.0113641470060828,0.0,0.0168585457032882,-0.4799042868079993,0.0616488034810295,0.2163841082678478,0.0,0.1780016004786034,0.0,0.1752590191587413,0.0095303833280064,0.410385846577496,0.3812870557951382
82,0.2948041096826585,0.0147474803499662,-0.2395821064426966,0.0419098012203118,0.1329228521645113,-0.0854480938698266,1.906571476701547,1.4682611500281466,0.0,0.0,0.0,0.0,0.0087873285381218,0.0,0.093167660551812,0.0214985792834761,0.0,0.4037654318453378,0.1000636503515673,0.5051025839032303,0.0111041511864658,0.0929975759012291,-0.2011348952013905,0.0063163247550614,0.0907125118797625,0.0,0.4341752347820147,0.8027431391735678,0.1098765026646523,0.0366704402696603,0.0,0.0250796046405236,0.7287827966123267,0.7748890259614212,0.0191253309185478,0.0219325940959489,-0.6852562806120832,-0.5962758388312042,1.187931035570579,0.9115607890980756,1.4863320308300565,0.0466311774909195,0.0,0.0,0.5850349723060296,0.870450706009239,0.941748755770078,0.4601699497660123,0.0,0.0,0.0,-0.6598723692135484,-0.7677420959152431,0.0262565030769353,0.0,-0.3391122279268972,0.0,0.0,0.0,0.0,0.0,0.0,0.0,0.1495094158676135,0.0,0.0,0.0562219714156566,0.100477256033859,0.3771084272515914,0.104881385975491,0.9489454233221236,0.2047533300355536,0.1818384226027254,-0.4654796661837953,-0.537592198464804,0.0,0.0094042617581537,0.0,0.0151555104808121,-0.4732848610802876,0.0792215479052589,0.2131147698892317,0.0,0.1543104552594227,0.0,0.133433472484528,0.0056039137097266,0.3939149440409263,0.42943550618718
83,0.2923014564918966,0.0273776314515209,-0.2428752825708185,0.050372592216059,0.1204368042263125,-0.0775520706442449,1.8589336324094103,1.5099385244696193,0.0,0.0,0.0,0.0,0.0,0.0,0.079271693795477,0.0201360418505544,0.0,0.4077627240192233,0.1229434213388628,0.4883497810706251,0.0096911465610182,0.0968860446539675,-0.1911278777092705,0.0,0.0831317886006673,0.0,0.4078475061847588,0.7758588962247905,0.0771618671901122,0.0369171575888195,0.0,0.0231967982373294,0.8155596786380742,0.7837702796461379,0.0221530880631091,0.0099544636603546,-0.7253852488321562,-0.586928636705186,1.1764324026428763,0.9468112972652086,1.5035281792577817,0.0354749724365526,0.0,0.0,0.6067426062979615,0.8676669947167065,0.9011761214986658,0.4720298452677895,0.0,0.0,0.0,-0.662643535526993,-0.8066418598036733,0.0157712228986663,0.0,-0.3523432311699315,0.0,0.0,0.0,0.0,0.0,0.0,0.0,0.1575870532566526,0.0,0.0,0.0852506345895642,0.0945506202629014,0.3890883333011101,0.0878710176675993,0.9603444438624568,0.1759350135507074,0.1041794196772382,-0.4720678170210309,-0.5442998832299053,0.0,0.0072334908693109,0.0,0.0,-0.4651793034354952,0.0818452912344939,0.2049499296973226,0.0,0.1278115746834251,0.0,0.1003008600944613,0.0,0.3741479210540011,0.4800259270877275
84,0.2849572077528645,0.0385518524601375,-0.2395515369785476,0.0513375930786817,0.1059317120025631,-0.0850590208175944,1.7950863071591532,1.5195463128938536,0.0,0.0,0.0,0.0,0.0,0.0104364181945364,0.0707275370486473,0.0192415738258063,0.0,0.3847102115094129,0.1321019943248015,0.4753179007659543,0.0067537502462844,0.0956280910149795,-0.1876685638826051,0.0,0.043852515468349,0.0,0.383626202425212,0.7596359150261084,0.0472501804787321,0.0378073804110388,0.0,0.0202198682422518,0.7716166915657213,0.782233734081785,0.0258635739677956,0.0061598599992535,-0.7550433288565079,-0.5804653676447563,1.1407376418773858,0.9943437852200696,1.5169720241841531,0.0277819264580069,0.0,0.0,0.6590982417430243,0.8126118341387498,0.8551412259090394,0.5239968335721494,0.006936672775833,0.0,0.0,-0.6668340219669073,-0.8393123409906526,0.0123163900229069,0.0,-0.3699582192964738,0.0,0.0,0.0,0.0,0.0,0.0,0.0,0.1666410659038585,0.0,0.0,0.1277251488053285,0.0856564428966797,0.4072849550926867,-0.0501508228551861,0.9706976731687328,0.1726132628668865,0.0759542273575428,-0.4786839321696079,-0.5410068527740436,0.0,0.0053862580524624,0.0,0.0,-0.4594484528939149,0.0870534097415705,0.1947031352411576,0.0,0.1033693488754694,0.0,0.0726773569120848,0.0,0.3402570633852915,0.5399091279485214
85,0.2742641263846466,0.0554594906298149,-0.2408182369673998,0.0541903115563674,0.0990765629225057,-0.0951329252894987,1.727057444673731,1.6046688624276155,0.0,0.0,0.0,0.0,0.0,0.0168980173546843,0.0682369416303303,0.0182556927862837,0.0,0.3462548614012746,0.1119049788928394,0.458493098504073,0.0,0.0913933207563064,-0.1769961271068966,0.0070760925659542,0.0608993799911858,0.0,0.3657732774686268,0.7572592361539326,0.0232484004895097,0.0424663742158671,0.0,0.0162432137277342,0.7705255067164688,0.771968873276606,0.0291917723916333,0.0,-0.7665408683666464,-0.5783305946475453,1.1179689021212933,1.058339118005585,1.5184733670785595,0.0179304604321936,0.0,0.0,0.7169172336216691,0.7331421331271094,0.801374385533804,0.5751279338184139,0.0150531709822284,0.0,0.0,-0.6648327789958686,-0.8583890097555638,0.0109241011181334,0.0,-0.4014772392399183,0.0,0.0,0.0,0.0,0.0,0.0,0.0,0.184422429781909,0.0,0.0,0.1147398030513576,0.0756100379515678,0.4252588535707423,-0.0630603154253133,0.9683975442330908,0.1693391293720198,0.0577559352147109,-0.4829019112532391,-0.5312784450892915,0.0,0.0,0.0,0.0,-0.4448657081551139,0.098837844560133,0.2010812223330558,0.0,0.0824635660376819,0.0,0.0502719944345878,0.0,0.3136140421057181,0.5941094507605954
86,0.2916527520778197,0.0697705169812907,-0.2416854460853757,0.0563911783925986,0.0889937799043381,-0.1060507456565183,1.7459165480582777,1.6490069112491308,0.0,0.0,0.0,0.0,0.0,0.0160602488163223,0.0692918969632012,0.0248846196806937,0.0,0.3036614377511631,0.0951452306148417,0.5107360238264701,0.0,0.085028456082503,-0.170254073443999,0.0098750317171606,0.084485424014776,0.0,0.3515481139216756,0.7777253813369603,0.0281172101392415,0.0570678020154356,0.005579310280477,0.0223440707489483,0.7712301447710764,0.7689743902640962,0.033184248556798,0.0,-0.7782613836866028,-0.5826227203606911,1.0721424289823915,1.1270799242801708,1.5106290314055149,0.0163017872895304,0.0,0.0,0.7818554842030848,0.6615986249198254,0.7813610245061857,0.5924979687584752,0.0227769184088814,0.0,0.0,-0.6449761745080236,-0.8680571800053816,0.0102616137354209,0.0,-0.4372322233088654,0.0,0.0,0.0,0.0,0.0,0.0,0.0,0.2007164576885458,0.0,0.0,0.0953437552999002,0.0531343521219259,0.4442685375970316,-0.0757310963105703,0.9465458602535056,0.1768204478277462,0.0492298513021106,-0.4815656385872212,-0.5159945209231382,0.0,0.0,0.0,0.0,-0.4334784110039537,0.1070395687187088,0.1890672806653068,0.0,0.0607734853962837,0.0,0.0362928787162754,0.0,0.2837205068176998,0.6178677968375424
87,0.3146643882333874,0.0591425172109715,-0.23276486099765,0.06604832307341,0.0859439093271199,-0.1178866751882648,1.705338653167324,1.7298847388663106,0.0,0.0,0.0,0.0,0.0,0.0128387446310709,0.0743137674237377,0.0364206475421746,0.0,0.2571449248994904,0.0814360844948238,0.509784474283705,0.0,0.0759553719525464,-0.1656879516732487,0.0139090394023302,0.1141998244621104,0.0069821487614965,0.3287416624661574,0.7981796384833351,0.0403679658529594,0.0504555441512935,0.007705456263082,0.0521223572694551,0.7685161222786433,0.7525740442980843,0.0364179701271127,0.0,-0.7886422993393077,-0.5885894764493274,1.0460432601433538,1.1595663812090589,1.496666991413376,0.0217017789377405,0.0,0.0,0.8349915150857468,0.5886695582960297,0.7559336582397117,0.6215775303546581,0.0256764652995014,0.0,0.0,-0.6132172899971858,-0.8753532426436395,0.0092752964192366,0.0,-0.4727084449958585,0.0,0.0,0.0,0.0,0.0,0.0,0.0,0.2210962514961428,0.0,0.0,0.0621717564615581,0.0308708062329696,0.4516651988430191,-0.087761698914291,0.9226635343719324,0.1825841746085617,0.036239722822935,-0.4828509524906078,-0.5058460949569142,0.0,0.0,0.0,0.0,-0.424609561815721,0.1011124799321559,0.1784495227087522,0.0,0.0446794065082609,0.0,0.0260685726722562,0.0,0.231105346883593,0.5823034246184591
88,0.362284018828726,0.0496473050415417,-0.2266233995088725,0.0754741995199657,0.0861626270057703,-0.1388902183983643,1.6616565541087305,1.7904085632853963,0.0,0.0,0.0,0.0,0.0,0.0102707835604892,0.0788578499384391,0.0496754361390165,0.0,0.2378287052897683,0.0902299157582374,0.4555409828801105,0.0,0.0694908231044182,-0.1675396177566792,0.0189034942692325,0.1484763246270913,0.0124511585433958,0.3236601059023168,0.8252309597359444,0.0555452567780962,0.052289855801139,0.009905050265926,0.0626465447447511,0.8120600155314491,0.742174330605941,0.0419467695511143,0.0,-0.787722536256226,-0.5980596688570916,1.0766584398372931,1.1590365018911637,1.4822720402254088,0.0163470785358402,0.0,0.0,0.8780377225846797,0.5229418908668203,0.7459381278785561,0.66453147281817,0.0251602653267598,0.0,0.0,-0.5601646412187039,-0.8808083925055992,0.0078396164491244,0.0,-0.4940623606163425,0.0,0.0,0.0,0.0,0.0,0.0,0.0,0.2635610248672382,0.0,0.0,0.0281872084263773,0.013725783817968,0.4143404955138237,-0.0923133844250503,0.9278414975779282,0.2126671681598061,0.0241963566621812,-0.4749381851364304,-0.4903399837552917,0.0,0.0,0.0,0.0,-0.4193236304314405,0.0940484794598534,0.1708658895725602,0.0,0.0350349476916959,0.0,0.0169403363501811,0.0,0.1775357642542378,0.5904932769936274
89,0.3522508810420331,0.0414841002451467,-0.2234415414217135,0.080439177538611,0.0902879070453108,-0.1506654104904103,1.6156782475608855,1.8206735055159424,0.0,0.0,0.0,0.0,0.0,0.0,0.0988184761705786,0.0634319516303092,0.0,0.221239016754888,0.1245752009583256,0.4026573541566939,0.0,0.0641669336918877,-0.1577267607884896,0.0199303648480619,0.1870778441360653,0.0087983397308537,0.3265826242701847,0.856391735445981,0.0705764181143011,0.0403056366300351,0.0,0.0636796026101997,0.7326304597608538,0.7583105731370832,0.0461527504828016,0.0,-0.7714934250872679,-0.6072097796932681,1.0704839022401444,1.1807819771490542,1.4738786135922708,0.0154630191046994,0.0,0.0,0.9134643396174594,0.5271233720100446,0.7489809820991026,0.7364155569602838,0.0222024449097249,0.0,0.0,-0.5008599692294976,-0.8841213804064996,0.0061286314606969,0.0,-0.5184191053134435,0.0,0.0,0.0,0.0,0.0,0.0,0.0,0.2730390365696977,0.0,0.0,0.0113052788115671,0.0,0.377812614614399,-0.1045811016110365,0.9152263995807268,0.2021170597382771,0.0116169950249767,-0.4798205504192639,-0.4738480510326555,0.0,0.0,0.0,0.0,-0.414288874694869,0.0954731984904262,0.1676486526916835,0.0,0.0366488265832127,0.0,0.0117428576740267,0.0,0.1334034964866417,0.5863330452879587
90,0.3312840285984451,0.0325206441347513,-0.2184214283147313,0.0862171066608899,0.0919745861348884,-0.1572723440515063,1.6412710346040371,1.850176836266613,0.0,0.0,0.0,0.0,0.0,0.0,0.1514831546452107,0.0762110865385272,0.0,0.2385381614868768,0.1654424383408988,0.3946841193782273,0.0,0.0600249244855798,-0.150225507532289,0.0172454644801496,0.1736835525990064,0.0058222169369743,0.3067979492404334,0.891375206942684,0.0839948336914914,0.0305952864273491,0.0,0.0638837293617091,0.6386500017452721,0.7655721475852464,0.0498727142617196,0.0,-0.7578474829684999,-0.6180782774996767,1.0621102286996555,1.1848841322054653,1.4327900543844507,0.0151324365189252,0.0081608978399657,0.0,0.9331075168813308,0.5378665033712693,0.7072910512533269,0.7227491935127857,0.0141941555902803,0.0,0.0,-0.4399129128119836,-0.8859777483927953,0.0,0.0,-0.5386007628714957,0.0,0.0,0.0,0.0,0.0,0.0,0.0,0.2578126219377606,0.0,0.0,0.0073896352047075,0.0,0.3256505281132203,-0.1129023789080972,0.9075129739485724,0.2287487178395612,0.0,-0.4826508374271733,-0.4569817355202987,0.0,0.0,0.0,0.0,-0.410657280550822,0.0980831440510661,0.164714178129028,0.0,0.0463359401008526,0.0,0.0087895000282795,0.0,0.0979502901817049,0.5826907300080395
91,0.33080161912125,0.0418759431289984,-0.2153636031501006,0.0852051929107318,0.0905259367933867,-0.1694450948892666,1.7167137179706198,1.852218142239904,0.0,0.0,0.0,0.0,0.0,0.0,0.1293944455479672,0.0877375414013549,0.0,0.2295538554692413,0.1484926260639204,0.4013392980280637,0.0,0.0561998580743593,-0.1532414174421937,0.0139503073107906,0.1339912831576647,0.0,0.2482014025459005,0.8826896200005394,0.0847441131365228,0.0256900449558455,0.0,0.0707983931063688,0.6273708326214443,0.7768594075146552,0.0308902915617701,0.0,-0.7444981155686778,-0.6271008097611926,0.8835404771056816,1.1274015162490858,1.3829005098996916,0.0146511144660299,0.0121091959729918,0.0,0.9481153123033382,0.5501675542809449,0.5253239353881337,0.7393359094517149,0.0057680101331107,0.0,0.0,-0.3773749768933775,-0.8875981701704174,0.0,0.0,-0.551734626885266,0.0,0.0,0.0,0.0,0.0,0.0,0.0,0.1980371240133631,0.0,0.0,0.0,0.0,0.2868600023620593,-0.1263549831036649,0.8959724595185414,0.1737788280924936,0.0,-0.4903458920976229,-0.4423235532467723,0.0,0.0,0.0,0.0,-0.413731652781956,0.0997815236624008,0.1617254904245296,0.0,0.0563691565854168,0.0,0.0061959023883349,0.0,0.075183267852464,0.6031563979493445
92,0.3435715936613078,0.0569252712605054,-0.2150440977800393,0.0782242925229279,0.0976336297590049,-0.1820289338007386,1.8040280205118773,1.8367620802046063,0.0,0.0,0.0,0.0,0.0,0.0,0.1032172222126832,0.1015614472313331,0.0,0.1847418208791104,0.1312903460105161,0.4021103362250639,0.0,0.0221733458795833,-0.156806859228047,0.0102254515811213,0.1635691559398516,0.0,0.2182548128864708,0.8548340309423468,0.0744826910002161,0.0280693205876008,0.0,0.0747825943935264,0.73475600914265,0.7757386410227302,0.0153637667443457,0.0,-0.729732360583864,-0.6324709461294137,0.867464467995341,1.1009339028574685,1.3615786377138448,0.01878213015111,0.0167237302211841,0.0,0.9497642647745246,0.577703852716623,0.3749803908024342,0.7645795211178181,0.0,0.0,0.0,-0.3207356975488187,-0.8890907555195229,0.0,0.0,-0.5607689757683064,0.0,0.0,0.0,0.0,0.0,0.0,0.0,0.2317266875250361,0.0,0.0,0.0,0.0,0.242660194519976,-0.1393896564664116,0.8854281096939927,0.1285207011234205,0.0,-0.4977272451751906,-0.4281889812787582,0.0,0.0,0.0,0.0,-0.4222263037305862,0.0900909509127309,0.1588641328980084,0.0,0.0638728770027287,0.0,0.0064222074164315,0.0,0.0562423511100675,0.6182906249641217
93,0.2854642154718041,0.0773263901929125,-0.2158326453611622,0.0721008205589956,0.0967462922029658,-0.1882357731712008,1.9044921485408328,1.7745298209204488,0.0,0.0,0.0,0.0,0.0,0.0146931580940966,0.0775358354576813,0.1777851455803252,0.0,0.1430520542345426,0.1300307528031009,0.3267805824477177,0.0,0.0174166939526806,-0.1564964946131595,0.0072658137884641,0.1870512247772177,0.0,0.2042685429420607,0.8280291386683296,0.0603619674022025,0.0123471034536032,0.0,0.0815384560814445,0.7336594997749787,0.7742576532937351,0.0,0.0,-0.7164123061215971,-0.6379185117026805,0.9384931631516203,1.0730649362333418,1.358314934519875,0.0206004559806981,0.0214976742218713,0.0,0.9302382932461032,0.6504891145020091,0.2768131488682524,0.8106848628464774,0.0,0.0074232864603799,0.0,-0.2715123832843552,-0.8900987189620237,0.0,0.0,-0.5693934727917054,0.0,0.0,0.0,0.0,0.0,0.0,0.0,0.2511393948147652,0.0,0.0,0.0,0.0,0.2072550351714887,-0.1531465908972814,0.8830092668740357,0.0910634614869457,0.0,-0.504142112305435,-0.4206521479276178,0.0,0.0,0.0,0.0,-0.4304924700092963,0.0680552148714239,0.152819324761173,0.0,0.0693896320143737,0.0,0.0061959023883349,0.0,0.0347083701654128,0.6140645311728846
94,0.2615413853562043,0.0969462448897003,-0.2200939163334166,0.0705552123714119,0.0932231493172691,-0.202518861091809,2.0503838286228957,1.707917638943913,0.0,0.0,0.0,0.0,0.0,0.0130611245799405,0.0606051034057073,0.3069495476570887,0.0,0.1226295444202935,0.1629166620897035,0.2474276431367984,0.0,0.0187651803533605,-0.1606835567749391,0.0,0.1709774130618657,0.0073774953333929,0.2174321752584438,0.8370471347682847,0.0540802306647497,0.0250678098642244,0.0,0.087158881442541,0.5660689281556002,0.7726444392235786,0.0,0.0,-0.7041925159833967,-0.6412443973456725,0.9190247164593366,1.0060591133996188,1.361399915540613,0.0231284431885354,0.0257211439644879,0.0,0.9119411845907052,0.7566727893250373,0.2923979231796246,0.8174119178311167,0.0,0.0,0.0,-0.2551551604560688,-0.8909002944068809,0.0,0.0,-0.5714806134640577,0.0,0.0,0.0,0.0,0.0,0.0,0.0,0.2767821532750202,0.0,0.0,0.0,0.0,0.2058349605056693,-0.167171075127478,0.8834077747969734,0.060676320900472,0.0,-0.5052780330300195,-0.4156013386495946,0.0,0.0,0.0,0.0,-0.4421375152631285,0.0590696592058947,-0.0905863423133465,0.0,0.0769322161593023,0.0,0.0055637202542268,0.0,0.0228702263149651,0.6399092966977517
95,0.253062396471178,0.1054069310555427,-0.2269047376317534,0.0726735960987806,0.0888294235149521,-0.2270299897553364,2.171300284772808,1.633472036370757,0.0,0.0,0.0,0.0,0.0,0.012098421535591,0.0493064624915317,0.4037920858173061,0.0,0.1383910769526734,0.2021215163047728,0.1776030429124109,0.0,0.0226622197991867,-0.1664965006946519,0.0,0.1559720403681027,0.0115259552724238,0.2226056442868101,0.8559108961398112,0.0479449372912984,0.0388131478464802,0.0,0.0923340033880261,0.5416272091293465,0.7507996954404743,0.0105561610513288,0.0,-0.6999807325435219,-0.6468788562170936,0.9084478983285212,0.9465847547936852,1.3743867826561746,0.027779891052867,0.0286437293821891,0.0,0.8826638726758096,0.8395029443200492,0.3033910608609369,0.8003949489094364,0.0,0.0,0.0,-0.2637312992862748,-0.8913917062954138,0.0,0.0,-0.5779551601377978,0.0,0.0,0.0,0.0,0.0,0.0,0.0,0.2848724080682879,0.0,0.0,0.0,0.0,0.2024547939052574,-0.1792994311200922,0.8869889303222249,0.0394692708643354,0.0,-0.4989417989572585,-0.4195662333976425,0.0,0.0,0.0,0.0,-0.4557140061090052,0.062981082344048,-0.0910117282629886,0.0,0.1003021850229964,0.0,0.0,0.0,0.0142464907308649,0.624402221895424
96,0.2502655303318594,0.1067446555341536,-0.2408222416438905,0.0777365052008943,0.0825136881482661,-0.2558676966702801,2.2182430168303866,1.593274812999569,0.0,0.0,0.0,0.0,0.0,0.0105268179051335,0.082325668733499,0.5019138122478973,0.0,0.1697893940607405,0.2399337339505432,0.1070481126961975,0.0,0.0305531798933283,-0.1696331369967063,0.0,0.1429518984516559,0.0074090572574422,0.1933348056540941,0.8851009153594772,0.0417560543012212,0.0563384777383686,0.0,0.1002324038141644,0.5608367720955844,0.7256476208249396,0.0184084122443503,0.0,-0.699645244964037,-0.6511466426992503,0.9865126044245484,0.8997973593146668,1.424845793606829,0.0352264306514955,0.033966863463696,0.0,0.9136578048775564,0.8239883263483115,0.3195235443056647,0.659638531032009,0.0,0.0,0.0,-0.2900866963950492,-0.8917713578414204,0.0,0.0061341656757492,-0.5847305573260679,0.0,0.0,0.0,0.0,0.0,0.0,0.0,0.2250827264983763,0.0,0.0,0.0,0.0,0.1861662006119221,-0.1889372375484501,0.9239787184843647,0.0322971739039574,0.0,-0.4859996684871852,-0.4258645884156715,0.0,0.0,0.0,0.0,-0.4662258891367975,0.0690228910563121,-0.0917880807191924,0.0,0.1214581309521654,0.0,0.0,0.0,0.0,0.5679088449214522
97,0.2439266414410145,0.1101466328084071,-0.2550218498559664,0.0858978609233576,0.073966038350739,-0.2895613516706542,2.00809254751591,1.5392600563180574,0.0,0.0,0.0,0.0,0.0,0.0077573949180281,0.1487652768015346,0.6255624366615308,-0.0079395730562169,0.2071790748416965,0.2719219657293798,0.0697124313073412,0.0,0.0372129275958705,-0.1746888255782543,0.0,0.1372350498956433,0.0,0.1495129952344576,0.9093168051506398,0.0333778132960017,0.0728758637339549,0.0075766849180839,0.1351553680998198,0.5932220686286914,0.6964236722822672,0.0277052230191164,0.0,-0.7012107268379685,-0.6529436359265404,0.9595568895033558,0.8927512045955526,1.4638638483316888,0.0442014048812968,0.0306241045999881,0.0,1.029096630088853,0.7421094840534994,0.3787719526323248,0.5343804921650367,0.0,0.0,0.0,-0.3349222636916096,-0.8918991696131218,0.0,0.0059180106303597,-0.5869323095403762,0.0,0.0,0.0,0.0,0.0,0.0,0.0,0.1761705027484412,0.0,0.0,0.0,0.0,0.1704982260729975,-0.1946028199549434,0.9155070048195938,0.0572643521929646,0.0,-0.4720109092789977,-0.4372002247774708,0.0,0.0,0.0,0.0,-0.4721192378609662,0.0883321777485405,-0.0890074731271539,0.0,0.1412989941850805,0.0,0.0,0.0,0.0,0.5376903480426637
98,0.2409301234560654,0.1088851278250188,-0.2721243593387038,0.09661721390185,0.0623651265752219,-0.3114726593223818,1.870536410334377,1.4705921359974254,0.0,0.0,0.0,0.0,0.0,0.0071045694986569,0.2128426406784852,0.6719654201305715,-0.0392574472635629,0.2444056700762653,0.2925368092382682,0.0653703547617912,0.0,0.0443594477471907,-0.1759392788019423,0.0,0.1388816903221206,0.0,0.1135010142018667,0.9449843693336702,0.0265562910913181,0.0489016332649529,0.0106753607222906,0.1746721705213224,0.6304080524052905,0.6529878696395048,0.0379365024523057,0.0,-0.7058780796469755,-0.6522720136533117,0.9283038851570256,0.8450440838278217,1.5040625454195669,0.0514588637285458,0.0159319694567096,0.0,1.0301511040212905,0.6548973278843202,0.421524468747771,0.4182470436179517,0.0,0.0,0.0,-0.3893322592115527,-0.8918991696131218,0.0,0.0053141824298027,-0.5912722378571912,0.0,0.0,0.0,0.0,0.0,0.0,0.0,0.1328708548693202,0.0101328585755813,0.0101328585755813,0.0,0.0,0.1627690118644972,-0.1954635832350834,1.0067656532943636,0.1192223708108474,0.0,-0.4479378968432606,-0.4466836600682921,0.0,0.0,0.0,0.0,-0.478433726091437,0.0951553470189096,-0.0910515284670669,0.0,0.1576182873048668,0.0,0.0055083659091442,0.0,0.0,0.4851451643095086
99,0.2558365232047774,0.0765651029697766,-0.2832950116904278,0.1076117410315519,0.055878884367863,-0.336165477617993,1.8068425899699208,1.4523109407879478,0.0,0.0,0.0,0.0,0.0,0.0199657061613828,0.2260502253185647,0.676731384168872,-0.0614122077417898,0.2815830821007991,0.2966980299879899,0.0698917287165975,0.0,0.0514692308826714,-0.1741488927481724,0.0,0.1491354094261497,0.0,0.0850602795139411,0.9873696930248076,0.0212080976896661,0.0404101753832476,0.0153861339873265,0.2342128401448557,0.6435204270987595,0.6095666248627017,0.0502562635189735,0.0,-0.7164009468710897,-0.6539512700103711,0.9077630788866752,0.7202036855835794,1.5339471060632897,0.0591813603540678,0.0086957910964371,0.0,1.0297241402292832,0.5830135274401942,0.4696259066781789,0.3525900615491359,0.0,0.0,0.0,-0.4506017894630312,-0.8918991696131218,0.0,0.0,-0.5928994864393249,0.0,0.0,0.0,0.0,0.0,0.0,0.0,0.1076955700040898,0.0174388201944743,0.0174388201944743,0.0,0.0,0.1715121515369695,-0.1858130977866031,1.08922238631753,0.1026330760606067,0.0,-0.4303624464489243,-0.4573902428332349,0.0,0.0,0.0,0.0,-0.4770131616604611,0.0668088509344591,-0.0892843873120409,0.0,0.1680820758445973,0.0,0.0147374374759174,0.0,0.0,0.4232238811638485
100,0.2669843254723869,0.0454259888683707,-0.289082083584696,0.1115999784828503,0.0455109460738079,-0.3601991918485039,1.686696783108666,1.4014512296661648,0.0,0.0,0.0,0.0,0.0,0.0273291707652089,0.2305770692552792,0.7175165148890142,-0.0868262242679626,0.3109147827182632,0.3046554521174106,0.0967873689789146,0.0,0.0581607144964516,-0.1747481273702344,0.0,0.1756629375917181,0.0,0.0765467402936233,0.9050912510276126,0.0152123623962766,0.0304238150855275,0.0201237574224121,0.3026905232745442,0.5929988334863865,0.583918034628775,0.0638281991193693,0.0,-0.7311057984533628,-0.6527267429827943,0.8851580000004965,0.6372980197644396,1.495525360296173,0.0646822435929387,0.0,0.0,1.0465786275824005,0.5298477784386405,0.5181190070324128,0.3157829073367587,0.0,0.0072190423033821,0.0,-0.51161857661169,-0.8918991696131218,0.0,0.0079054742471149,-0.5894629043569652,0.0,0.0,0.0,0.0,0.0,0.0,0.0,0.0825857694855968,0.0253610940083669,0.0253610940083669,0.0,0.0,0.1933834934517403,-0.1699907720514729,1.098719350719606,0.0956367725534648,0.0,-0.4078005039421584,-0.4720713778913995,0.0,0.0,0.0,0.0,-0.4760427716730908,0.0524112836850524,-0.0807894727188962,0.0,0.1707350790955428,0.0,0.0335597528256472,0.0,0.0,0.3507395773928585
101,0.278841915302515,0.0124701519788516,-0.293977078176551,0.1129261890759692,0.0415731571216427,-0.3811892723173556,1.5684280750317,1.3698297100113823,0.0,0.0,0.0,0.0,0.0,0.0197691135473301,0.2403122980835465,0.7482820199594745,-0.1059871052413381,0.3242885512523983,0.3141738169405119,0.121342424020857,0.0,0.0626014373958877,-0.1646836622654237,0.0,0.2045640917191021,0.0,0.1045426813205313,0.8581640745662731,0.0106831242878036,0.0284435039889493,0.0290554696041639,0.2975267888260795,0.4282970238936969,0.5780915797473576,0.0670953562939562,0.0,-0.7445843422876365,-0.651418211635682,0.8519704711732139,0.5834207163333275,1.4589369226462672,0.0728839780137616,0.0,0.0,1.083046208991322,0.4819789403436151,0.5559293447303884,0.2941217223826342,0.0,0.0119036951471423,0.0,-0.5728426164550605,-0.8918991696131218,0.0,0.0109067605927167,-0.5841306313416708,0.0,0.0,0.0,0.0,0.0,0.0,0.0,0.0518113283577255,0.0351119645909965,0.0351119645909965,0.0178047632751355,0.0,0.22243479352652,-0.1590902794010226,1.076593682738856,0.0866117177969865,0.0,-0.3988003324077653,-0.4846013151939402,0.0,0.0,0.0,0.0,-0.469579222641906,0.0414912463263424,-0.0677087790905952,0.0,0.1641839119764541,0.0,0.0509341681856681,0.0,0.0,0.2728103299804052
102,0.2890778643241635,0.0087371411486627,-0.2959987356404944,0.1128863814106041,0.0374328266504334,-0.3961440007878742,1.5662657560841042,1.3582136675283618,0.0,0.0,0.0,0.0,0.0,0.0140774089703641,0.2385118444789551,0.7612238436989973,-0.1219300008170925,0.2581491978136218,0.2906191890226496,0.1465932353904007,0.0,0.0659831157609321,-0.1558191571872046,0.0,0.2010205613753485,0.0,0.0761707644781006,0.8634863192537277,0.006932649061283,-0.0679282333179635,0.0411609025243237,0.3062766051111993,0.2838469635277046,0.5722657611474128,0.0702698161735354,0.0,-0.7563617266783549,-0.6508107733757127,0.8025789220027226,0.4701740808308128,1.4126045020767015,0.0789147797401067,0.0060029693000416,0.0,1.1202380787910575,0.4496903399535227,0.5747388687764337,0.3301699668697636,0.0,0.0107699622868319,0.0,-0.6226941803010385,-0.8918991696131218,0.0,0.0161271615403291,-0.5757797011908633,0.0,0.0,0.0,0.0,0.0,0.0,0.0,0.0301939594873619,0.0489032165597562,0.0489032165597562,0.0227025387450628,0.0,0.2525768651687183,-0.1350327121449099,1.0533328267135318,0.078385257706147,0.0,-0.3983806147234535,-0.4940821883434853,0.0,0.0,0.0,0.0,-0.4644807005117794,0.0320495354525594,-0.0404736052667032,0.0,0.1506559260315632,0.0,0.1081948173012117,0.0,0.0,0.2033057254701213
103,0.2910654062155411,0.0081609587192667,-0.2986675795077015,0.1138614227983286,0.038419739502851,-0.4057810053536465,1.5996095429388373,1.3935545563252885,0.0,0.0,0.0,0.0,0.0,0.0093332759130638,0.227597020976596,0.6553118629622714,-0.1339733744272038,0.1954181407441878,0.3248717323130061,0.1418030760855768,0.0,0.0690723619766363,-0.1489799873270503,0.0,0.1798940716150581,0.0,0.0437924557217819,0.898541637031386,0.0,-0.1310752600980365,0.0287317764733505,0.3156300793475811,0.1948943224853951,0.5550421351061819,0.0727361402123287,0.0,-0.7670427835131217,-0.6474682240767521,0.7432323027204136,0.3715685499360701,1.3771683207220595,0.0821772739510184,0.0,0.0,1.1733734893066934,0.4284324674521493,0.590948676871931,0.379975902759292,0.0,0.0089112928428321,0.0,-0.6675858938602762,-0.8918991696131218,0.0,0.0252954525701076,-0.5724296883556479,0.0,0.0,0.0,0.0,0.0,0.0,0.0,0.0216177649266392,0.0669143655490832,0.0669143655490832,0.0188026054824674,0.0,0.2638690534767964,-0.1082060658069416,1.0259462161151511,0.0566288286539431,0.0,-0.4065199379350308,-0.5020574957779038,0.0,0.0,0.0,0.0,-0.4596883793679596,0.0374262589334618,0.0681086276377791,0.0,0.130217002549252,0.0,0.1560930748365685,0.0,0.0,0.133024808685718
104,0.255422036396147,0.0205634721547707,-0.3029502705244629,0.1119475410006123,0.0362609489100275,-0.4133279230806068,1.5759845250540403,1.4406023611090053,0.0,0.0,0.0,0.0,0.0,0.0055796875242381,0.2120665664575367,0.5359631626386332,-0.1420228900139128,0.1295678565538791,0.3272446540434188,0.1430862144583491,0.0,0.0720503681164121,-0.143229145385782,0.0,0.1595680318777794,0.0,0.0205430349177251,0.868399391475596,0.0,-0.1846624366703235,0.0253527383631906,0.2554897785788615,0.1525185952072378,0.5310329064387782,0.072727204791136,0.0,-0.7814280418985953,-0.6480505409762731,0.7193367902401903,0.3785744559607543,1.3588392197247363,0.0840517820904699,0.0,0.0,1.156061512743905,0.4210030885658813,0.580909090110736,0.4447881843946705,0.0,0.0115923851924371,0.0,-0.6993930866461643,-0.8918991696131218,0.0,0.0331693868014672,-0.5631367332967327,0.0,0.0,0.0,0.0,0.0,0.0,0.0,0.0172725303712974,0.0798190943864498,0.0798190943864498,0.0129658389991445,0.0,0.2531244734646294,-0.0877175347291779,1.0006556037048095,0.0386973998307176,0.0,-0.4212685893115489,-0.5081968751531635,0.0,0.0,0.0,0.0,-0.4623515117251068,0.0440619063123262,0.0492808716310557,0.0,0.1026122127499093,0.0,0.1666831596666027,0.0,0.0,0.082831486926468
105,0.2817109683714019,0.0299088186207728,-0.3012168945999688,0.107221701765178,0.0465779348522802,-0.4169584084450829,1.4977391740938593,1.5102528000749766,0.0,0.0,0.0,0.0,0.0,0.0,0.2265628321041987,0.414360252139928,-0.1507147175819399,0.0956750174902496,0.3271823993134731,0.1488946890470668,0.0,0.0804847400669132,-0.1428063560734898,0.0110957464930594,0.1385401376230929,0.0099859125103524,0.0113376671547726,0.8127108402803657,0.0,-0.2320415399328438,0.0192142300694994,0.1844090725781822,0.1272124342740412,0.499085791097655,0.071029150635567,0.0,-0.78395379139071,-0.650111272465793,0.6873943387770451,0.4466880246066733,1.3568681951330863,0.0869750418185633,0.0158870749177959,0.0,1.0722377237070106,0.4246329491507737,0.5615181896933206,0.4907885390675895,0.0,0.014611629116761,0.0,-0.7293672314941881,-0.8918991696131218,0.0063023200726438,0.0425542746588517,-0.5589821310094986,0.0,0.0,0.0,0.0,0.0,0.0,0.0,0.0160674309096241,0.0645470707775585,0.0645470707775585,0.0080915921290343,0.0,0.2350515816894869,-0.0714200421360648,0.9955806915820944,0.0297911783022696,0.0,-0.4410396238351941,-0.5165371106162449,0.0,0.0,0.0,0.0,-0.4663652823712416,0.0568556600327962,0.032505828490764,0.0,0.0824447177391884,0.0,0.1719519046870059,0.0,0.0,0.0525415391046057
106,0.3046566041905805,0.0458252357328694,-0.3016709817874381,0.1014903731282337,0.0601545733120869,-0.417920311341749,1.5273471044345666,1.4948331158375334,0.0,0.0,0.0,0.0,0.0,0.0,0.2047741719888609,0.2904595729586243,-0.1653743822374183,0.0902740976365234,0.3224618372948337,0.1562537589569409,0.0,0.0870662298330876,-0.1339688130918578,0.0077052119025724,0.1193125985213907,0.0159193248273874,0.0072562548306657,0.7710679780548354,0.0,-0.2511964484025084,0.0169255635294458,0.1155129169773697,0.1047965071530449,0.4709772694759627,0.0450948509940912,0.0,-0.7868969855807822,-0.6562821599029434,0.675524245018659,0.5186712593736468,1.3370951302026863,0.0902744962854419,0.0725307957706066,0.0,0.9996329934336072,0.429321180792924,0.5323167086256584,0.5231192538186393,0.0,0.0173822380998845,0.0,-0.7548201804719247,-0.8918991696131218,0.0103566557654697,0.0512044311463935,-0.5494748466415006,0.0,0.0,0.0,0.0,0.0,0.0,0.0,0.0225575882596652,0.0463188913344807,0.0463188913344807,0.0,0.0,0.2136182968131748,-0.0588272333582101,0.8814062254500857,0.0272741101723388,0.0,-0.4630127697395454,-0.524573767467272,0.0,0.0,0.0,0.0,-0.4729615831081531,0.0691031216086202,0.0305757093348091,0.0,0.099626902525329,0.0,0.1796954129481361,0.0,0.0,0.0251421119136196
107,0.326048237525905,0.0654741331911391,-0.3079183253745224,0.0951430010327476,0.0552650181352872,-0.420991241020565,1.5630379325256396,1.4754034034854877,0.0,0.0,0.0,0.0,0.0,0.0052968373992662,0.1792082797661694,0.2083768318832247,-0.1845853329333915,0.0910451485012136,0.3136639021526135,0.1691855423466389,0.0,0.0707391119443028,-0.131384939010466,0.0093268656322836,0.1011571620922792,0.0487028675747134,0.0054890473127731,0.7603328192122687,0.0,-0.2493954864146384,0.0252006346849084,0.0631448423879765,0.0886710090190987,0.4030983301403744,0.0287045648763976,0.0,-0.7871047309724196,-0.6652865672106865,0.727083533754658,0.6259863956322879,1.340031145221844,0.0695997169425554,0.1235735135450392,0.0,0.9139119530943528,0.438877087185128,0.4959514528284413,0.5667362831270296,0.0,0.0200869511312665,0.0,-0.7774195329337994,-0.8917673958779457,0.0145422112614064,0.0578090442385198,-0.5450485244811509,0.0,0.0,0.0,0.0,0.0,0.0,0.0,0.0316615774227965,0.0402557399991568,0.0402557399991568,0.0,0.0,0.1903815325279943,-0.0595091617529838,0.7951236001288915,0.024609483901348,0.0,-0.4825368115252244,-0.5312550207769159,0.0,0.0,0.0,0.0,-0.4834240921107599,0.0807177813682704,0.0359578736245094,0.0,0.1150971622748798,0.0,0.1919007337186333,0.0,0.0,0.0147576710989671
108,0.3232262369558008,0.0423178308366298,-0.3138593918035697,0.0882599566287634,0.0700413325347046,-0.4127413760380959,1.622620771266918,1.4446844146232565,0.0,0.0,0.0,0.0,0.0,0.0062577157483567,0.1513709670115062,0.1948493820025905,-0.2126765117516074,0.1049534051937782,0.2999750540378089,0.1804580439383636,0.0,0.0560609754021115,-0.1327422830860477,0.0256891176130818,0.0910836608329365,0.0684296812539341,0.0105316331915735,0.7537687367845114,0.0,-0.2309837097890632,0.0349289865779324,0.0416475945916797,0.0609239900487649,0.3077323506269032,0.0163495017484158,0.0,-0.785822392991027,-0.6743646547710003,0.7948055023635416,0.652767791136002,1.2659761800457612,0.0508059623716664,0.1754611401174297,0.0,0.8336485852990524,0.4463798798338767,0.4672400616928682,0.5818645820214049,0.0,0.0216734659322522,0.0,-0.8042465473018015,-0.8916890908918256,0.019361718546966,0.0612537344626711,-0.5439560395628031,0.0116292350703351,0.0,0.0,0.0,0.0,0.0,0.0,0.0426875849520266,0.0283995277070541,0.0283995277070541,0.0,0.0,0.1674299230102209,-0.0657837489528499,0.7125695958890425,0.0166143007350205,0.0,-0.4999894228027087,-0.5399150623293589,0.0,0.0053108999521612,0.0,0.0,-0.4931079374209232,0.0886439965162586,0.0461193591912864,0.0,0.1251118654641067,0.0,0.2233551528709407,0.0,0.0,0.0255761504500483
109,0.3185346711033262,0.0379845713162239,-0.3147489849552189,0.0790268269750236,0.0632870496536386,-0.405981785464687,1.7510668319362042,1.3991078192803834,0.0,0.0,0.0,0.0,0.0,0.0125331319285599,0.1167366669441934,0.2351584920980131,-0.2487766026909763,0.122538808397259,0.2862857976778731,0.1839718661828938,0.0,0.0484391887684998,-0.1297809290529169,0.0383778466707414,0.0942034207525506,0.0544310879684439,0.0144535972304583,0.7311352610517734,0.0,-0.198227736362696,0.0469258162900056,0.0399411685384557,0.0442497377288007,0.2331655868126081,0.0054451025728107,0.0,-0.7812228574093486,-0.6842425266028545,0.8325540896244622,0.8056245898273914,1.2533981088857735,0.0396007471661168,0.2116797143541648,0.0,0.7784542923713659,0.4735568377619936,0.4173509936398445,0.5952343270948631,0.0,0.0217923585732837,0.0,-0.8193600917839031,-0.8915874381625843,0.0240326554348932,0.0609249175965683,-0.5388837380692579,0.0172658507495863,0.0,0.0,0.0,0.0,0.0,0.0,0.0468788642668095,0.017991741459973,0.017991741459973,0.0,0.0,0.1473540664020418,-0.0769160723468134,0.6926551965507453,0.0111080696336857,0.0,-0.5142499752749906,-0.5454181781259818,0.0295468771335202,0.0,0.0295468771335202,0.0,-0.4989387348415563,0.0905205129510699,0.0682448771123277,0.0,0.13222036004959,0.0,0.2166344561735754,0.0,0.0,0.0374356777622319
110,0.3190541896425405,0.0358006971362267,-0.3123218274319915,0.0713284222354297,0.0603383191061115,-0.3982942415600037,1.8418911508357736,1.35734113768036,0.0,0.0,0.0,0.0,0.0,0.0330795435719073,0.0922210987125173,0.2687061071361015,-0.2835566073043845,0.1066623941432169,0.2709455303227061,0.178895211367611,0.0,0.0562333473176968,-0.1359542300524151,0.0549543140272106,0.0806246064376265,0.0400232393998509,0.0200805494344323,0.7037223726260198,0.0,-0.1479516405876919,0.0585590737329106,0.0406672419464256,0.0518746878096453,0.2431396136227282,0.0,0.0,-0.7715154519656845,-0.6945741861127611,0.8519951334362807,0.9509972286112358,1.263086495186608,0.0309174235160465,0.2543735543723404,0.0,0.7412185180536476,0.4937242761304727,0.4096046025137218,0.5357360860335572,0.0,0.0204882824430968,0.0,-0.8286287859989074,-0.8914686199699888,0.0319786904343458,0.0551003363716745,-0.5383516542024764,0.0187775661496208,0.0,0.0,0.0,0.0,0.0,0.0056936113507248,0.0209076314916019,0.0136771232858337,0.0136771232858337,0.0,0.0,0.1743487881536406,-0.0965942501931655,0.705382505494566,0.0065450078751273,0.0106755304859225,-0.5195035270355296,-0.5444186391086661,0.030832219186417,0.005279629926316,0.030832219186417,0.0,-0.4997972189871346,0.0922062790492721,0.0901943141634821,0.0,0.1348488029548806,0.0,0.191373576650619,0.0,0.0089105172146197,0.0515875455226675
111,0.3148606978231594,0.0338431338294458,-0.3102685562325321,0.0665403193578386,0.0559869947525016,-0.3857569000317918,1.908503718807151,1.313048551629939,0.0,0.0,0.0,0.0,0.0,0.0375722443712795,0.1007156371308582,0.1758380980446883,-0.3185521282530602,0.1004508800132823,0.2693566524957146,0.1662368052285996,0.0,0.0491057251093044,-0.1342672564382896,0.0662041154429699,0.067810288644864,0.0272397271129053,0.0296775307545397,0.6739731454002269,0.0,-0.086863368636646,0.0681224149794374,0.041476432166545,0.0427535116020718,0.2794261945039755,0.0,0.0,-0.7646267548012766,-0.7045021620669834,0.8751519307139548,1.014991343913537,1.259097986615468,0.0518485151112696,0.2861615677378887,0.0,0.7259540886248517,0.5081564489107324,0.4338165598129721,0.4927267735684971,0.0,0.0179665886626828,0.0,-0.8371627146099051,-0.8913456829179349,0.040561351649271,0.0384929055035932,-0.5401373848155542,0.005716616375386,0.0,0.0,0.0,-0.0034889339915134,0.0,0.0095182171752507,0.0258967255437498,0.0109405059210653,0.0109405059210653,0.0,0.0112236165855551,0.1539633534651711,-0.1148969447102677,0.7118142657414024,0.0,0.024500115908798,-0.5234490498663108,-0.5415363469333156,0.0257634288208329,0.0066092646483717,0.0257634288208329,0.0,-0.4978145606046365,0.0889081359325143,0.0870145282020625,0.0,0.1314026555355826,0.0,0.1693291811572287,0.0065969281682533,0.0130364969657761,0.0688187045340528
112,0.3128610174584229,0.0340138757371841,-0.3113897592685422,0.0617619666686879,0.0498887611722194,-0.3810333522291871,1.917165278053419,1.2855435092405003,0.0,0.0,0.0,0.0,0.0,0.0291503242669431,0.1164642277450223,0.1099601275596979,-0.3575677766379388,0.092991178628981,0.2584515101584476,0.1480721750659826,0.0,0.0417681367390506,-0.1342817316616097,0.0699142679032376,0.0686753847738515,0.0152728792817393,0.0381882244258492,0.6537501827236493,0.0,-0.0314555654297259,0.0742040190213885,0.0433792864809391,0.0328189031641679,0.324687075685162,0.0,0.0,-0.7655697378166382,-0.7156449601225638,0.8875688436414556,1.0694888796140092,1.2651489504868092,0.0724280504599848,0.2647957998050828,0.0,0.710950941179747,0.511258770756356,0.4598710412866426,0.4593103055130021,0.0,0.0121461927851214,0.0,-0.8425700401309074,-0.8912369093988808,0.0599648327829394,0.0247796918801543,-0.5506401402074024,0.0,0.0,0.0,0.0,-0.0249503484701279,0.0,0.0140720434557486,0.0407857719461633,0.0094834777129591,0.0094834777129591,0.0,0.0199829851173866,0.1379139373965189,-0.1425673410762515,0.7883620491840123,0.0,0.0226789659685531,-0.5200901493859738,-0.535600057583169,0.0281792298582283,0.0082290124078359,0.0281792298582283,0.0,-0.4894756903733708,0.0737140855721026,0.0718533778240188,0.0,0.1238536100665687,0.0,0.1526011082552615,0.0241652701998127,0.0180741060273168,0.0859437492167027
113,0.3077319445744246,0.0326718559005048,-0.3116000572441045,0.0598116231115849,0.0440288946058259,-0.3821305594725152,1.964348597652624,1.2662616311831212,0.0,0.0,0.0,0.0,0.0,0.0198357813297215,0.1627097490026589,0.0828792499774229,-0.390362791386854,0.0852273042925225,0.2517065775245015,0.1288567342986141,0.0,0.0378165920061322,-0.1256501867658402,0.0693164215706433,0.0723806596172475,0.0075903664735883,0.0461793071666839,0.6371080214455327,0.0,0.0,0.0762303289959968,0.0464339542551409,0.0220364422615137,0.3772722237624937,0.0,0.0,-0.7636615558317643,-0.7241683991482284,0.9113775176683948,1.125432767611845,1.267111701557069,0.0868373323769045,0.2178573919748429,0.0,0.7101740151340808,0.5117462382993047,0.5005287400751368,0.4346503214746486,0.0,0.0112170103117936,0.0,-0.8443887986708081,-0.8911616329041614,0.0866473958756669,0.0166598228443453,-0.5628276047875109,0.0,0.0,0.0,0.0,-0.0246868691513507,0.0,0.0189402606352779,0.0586828110372087,0.010092399975684,0.010092399975684,0.0,0.0214903789733573,0.1379308447211506,-0.1619300625700853,0.8925015831386419,0.0,0.0261131524831937,-0.5211535899408835,-0.5336608047704378,0.0147406711098525,0.0097280968517817,0.0147406711098525,0.0,-0.4734294355911917,0.06066114430861,0.071272865116598,0.0,0.1133560994877066,0.0,0.1412377445408979,0.0444956729940762,0.0231030645847914,0.100201602461207
114,0.2975607918255476,0.0409497871000949,-0.3140993022336258,0.0549733223764219,0.0363291236429057,-0.3781887048660512,1.950231865721821,1.2560354355159142,0.0,0.0,0.0,0.0,0.0,0.0191753758571289,0.1460478196064203,0.0639599277083274,-0.4032796799051317,0.0755570859286097,0.2500942113264068,0.1074046820893282,0.0,0.0344319133891437,-0.1201278584061248,0.0645627813797458,0.077751645089952,0.0,0.0524758347664137,0.6125826919634982,0.0,0.0,0.0761648167884889,0.0496430942836232,0.0162856308857954,0.3978629405421188,0.0,0.0,-0.7663927797781762,-0.7280138137795414,0.923667309527495,1.1060993208200598,1.2876936148946396,0.0717107383324748,0.1427093227597721,0.0,0.6969410139943026,0.5058496655558782,0.5242816601306134,0.4047220040678824,0.0,0.0079882777993316,0.0,-0.8434627316712977,-0.8910651769755282,0.0942095670734691,0.0104389569768912,-0.5760982981434152,0.0,0.0,0.0,0.0,0.0,0.0,0.023673681917717,0.0591187269520455,0.0057698197778808,0.0057698197778808,0.0,0.0215390184562345,0.1398541026720678,-0.1661746338122561,0.8419054479725668,0.0057412367785395,0.0170852693282773,-0.5185670637950913,-0.5309191933621192,0.0,0.010600602120757,0.0,0.0,-0.4569015162201945,0.0545085459431012,-0.0652265637246162,0.0,0.1009992103817968,0.0,0.1476830319719338,0.0553077001437902,0.0276861800048648,0.1124242952941832
115,0.2956714080391384,0.0520039652227372,-0.3228105547024227,0.055638928177688,0.0271045765874521,-0.3782917378352098,1.9359119479127649,1.232562083203027,0.0,0.0,0.0,0.0,0.0,0.0106156870351555,0.1473808755213159,0.0489081160625265,-0.406111436002343,0.0669176977369181,0.2476352022701731,0.0899954295961215,0.0,0.031895748051821,-0.115783628125454,0.0565273545965401,0.0625550813213564,0.0,0.0614543861451144,0.6089286681466576,0.0,0.0,0.0650794092739575,0.0549725492310836,0.0112240844799927,0.4042270667460974,0.0,0.0,-0.7730460806206669,-0.7321573476647455,0.9256601908720112,1.107329532106665,1.317570979555206,0.0471654168883662,0.0914442230084005,0.0,0.6763793153527257,0.4943494559540823,0.5437496976412474,0.3983048082906537,0.0,0.0053093150199848,0.0,-0.8458220541533816,-0.8910508261532324,0.0816466977712342,0.0,-0.5946507392837322,0.0,0.0,0.0,0.0,0.0,0.0,0.0205335389113175,0.0515986014891828,0.0,0.0,0.0,0.0201188593060683,0.1515394006550579,-0.1727413436018656,0.854928202612044,0.0085188863580939,0.0092701571193576,-0.520905258405218,-0.5203538189948237,0.0,0.0109153269958467,0.0,0.0,-0.4438360250077677,0.0410528691410929,-0.1040034911640397,0.0,0.0924794164776682,0.0,0.102468793826985,0.0548308982723864,0.0328594265903521,0.1251593828503819
116,0.2914674018896569,0.0619253637141556,-0.3328595257152918,0.0551965496000547,0.0219085258168603,-0.3759094559816764,1.810413151624365,1.156282969063405,0.0,0.0,0.0,0.0,0.0,0.0066244800288131,0.1343504831760408,0.0339186062392048,-0.403092010017018,0.0629291537680575,0.2291629367745002,0.079598475796509,0.0,0.0293300280592362,-0.1139680170194631,0.0465450240968164,0.0554178261963733,0.0,0.0921840160327371,0.6080083750502321,0.0,0.0,0.0538415693903406,0.0681871958638304,0.0072157951560355,0.4528640467140889,0.0,0.0,-0.784559185787854,-0.7359174019510986,0.9140725780866956,1.099292120375,1.3389781959150735,0.0256950485402067,0.1076229229673697,0.0,0.6997683636146966,0.4854445231712542,0.5595102337841439,0.3820927094624975,0.0,0.0,0.0,-0.8504242061376588,-0.8910725012399241,0.0643658422481626,0.0,-0.6144460737003621,0.0054474810043506,0.0,0.0,0.0,0.0,0.0,0.0161144857540815,0.0478570544727039,0.0,0.0,0.0,0.0175134818567013,0.1655667968710848,-0.1726321278418761,0.870870029741005,0.0096025024219236,0.0063623292651797,-0.5183817858524514,-0.5083328911217434,0.0,0.0106678684484109,0.0,0.0,-0.4251075477101208,0.0346739011393654,-0.1405138091997473,0.0,0.0909025385499895,0.0,0.0718394500727626,0.0618636380298831,0.0338825539340894,0.1476287575935843
117,0.2866912809166516,0.073085342117473,-0.3420995794239719,0.0544173757195378,0.016637593364446,-0.386943328897173,1.707455906254069,1.12321253637503,0.0,0.0,0.0,0.0,0.0,0.0,0.1166046754153118,0.0242868890029578,-0.3939296227997418,0.0637835844480552,0.2377246467357096,0.081441394728789,0.0,0.0277219896416974,-0.1054632160445275,0.0360556653381162,0.0676991306350633,0.0,0.0714307448735018,0.6101722368768523,0.0,0.0,0.0416543556976796,0.0815555273543585,0.0,0.5351633777463005,0.0,0.0,-0.8012880009113389,-0.7398570426905587,0.9087644945922926,1.0810795879018007,1.3654943689043275,0.0115061076817071,0.1198408254137155,0.0,0.7367798785437492,0.45812794382543,0.5580600343516791,0.3771765624785309,0.0,0.0,0.0,-0.8539371564599412,-0.8911186395064923,0.0504972265303421,0.0,-0.6382461125070769,0.0130020800129054,0.0,0.0,0.0,0.0,0.0,0.0101932815017387,0.0611217514832699,0.0104857229892281,0.0104857229892281,0.0,0.0142078402718842,0.1881220271129504,-0.1664965088897957,0.8789241431095395,0.0096176723657345,0.0,-0.5133117275672008,-0.4986931266318523,0.0,0.0148461539193359,0.0,0.0,-0.4107900704718283,0.0172603445938534,-0.169530486729019,0.0,0.074703694707791,0.0,0.0623072901864706,0.0528480915019801,0.0289878344474505,0.1818885994394628
118,0.2761500277910401,0.0839073120372434,-0.3447924377862876,0.0512719453882854,0.0119606687597079,-0.3942155451934369,1.6263213586904253,1.1025961266701618,0.0,0.0,0.0,0.0,0.0,0.0,0.1251429540887187,0.019816218673575,-0.3800685402143001,0.0711922151476525,0.2321992385551476,0.0935068608095341,0.0,0.0258000900766228,-0.0970647743171545,0.0262806471286614,0.0987385998161154,0.0,0.05203675539836,0.6200653415469812,0.0,0.0171152958026434,0.0307617461130382,0.0941711002872388,0.0,0.5498205914767141,0.0,0.0,-0.8195290645793349,-0.7427341971630494,0.8997309206473054,1.0667045298249982,1.379444608351366,0.007344930939904,0.127182569133161,0.0,0.7468953827370926,0.4380611881259187,0.5098826452750351,0.3588042196561722,0.0,0.0,0.0,-0.8579651331867644,-0.8910733607303083,0.0408354682238943,0.0,-0.660227208917514,0.0210685802713957,0.0,0.0,0.0,0.0,0.0,0.0,0.0737636776290618,0.0140949197830589,0.0140949197830589,0.0057461457311332,0.0107414641337303,0.210476877865855,-0.164406067165101,0.8862082713649467,0.0107952285347672,0.0,-0.507894301550656,-0.491379645210527,0.0,-0.0113892270964988,0.0,0.0,-0.3998337905767935,0.0158293336193719,-0.184820869630176,0.0,0.0694011087451559,0.0,0.085763173052841,0.0431292888474276,0.0233015044546628,0.1985903606040004
119,0.2335123990854495,0.0822289666574335,-0.3437612810994548,0.0518380610128645,0.0076656403097646,-0.4047032567568209,1.5165492800286258,1.1427262666245035,0.0,0.0,0.0,0.0,0.0,0.0,0.1269894858349753,0.0186580130039794,-0.3661095685188992,0.0769280178719383,0.2229257908590233,0.1199339116011741,0.0,0.0214579227516566,-0.0982192614939169,0.015873943621817,0.1410316914243927,0.0,0.0420247206323447,0.6239967162001965,0.0,0.0216095572064763,0.024692150169253,0.1083567356040677,0.0,0.5484888971871535,0.0,0.0,-0.8401359891023558,-0.7453931141163698,0.8931548074804261,1.0463454710284548,1.387181594057901,0.0097686637292841,0.1269233585490987,0.0,0.7311005634572,0.4254101619328881,0.5010710323330886,0.3307742256254792,0.0,0.0,0.0,-0.8630714023095338,-0.8910734250767143,0.0308017516519392,0.0,-0.6781438036073596,0.020629636881699,0.0,0.0,0.0,0.0,0.0,0.0,0.0717625224281983,0.0168816844501018,0.0168816844501018,0.0095390240108003,0.0075678223062482,0.2302243852165769,-0.1557351856899593,0.9090758062734532,0.011531976327717,0.0,-0.5066469415664819,-0.4873493545458879,0.0084362117091151,0.007941622863838,0.0084362117091151,0.0,-0.3944321612732251,0.0195770894511707,-0.1958547511961349,0.0,0.0621487591717539,0.0,0.1108554626370795,0.0350907767663127,0.0175928569850962,0.2004206616617117
120,0.1747139829206482,0.0789409332715183,-0.3468674752627953,0.0515103446767173,0.0,-0.4098866158598917,1.4703264369411353,1.1522657384930155,0.0,0.0,0.0,0.0,0.0,0.0065169118248358,0.0993999469054918,0.021727574085371,-0.3375047203206635,0.0793994287555086,0.215162864972286,0.1654612837651386,0.0,0.0236563913828154,-0.1007408126158291,0.0074110461326403,0.1329152119683426,0.0,0.0252474086552695,0.6330556571909,0.0,0.0203875306764918,0.0181169660246367,0.1274255274912935,0.0157475656506318,0.5301965643988169,0.0,0.0,-0.8524230055272857,-0.7486714029101047,0.8972656392100118,1.0236079046307671,1.3889026421507855,0.0145670920229478,0.1188167739389563,0.0,0.7146275691513284,0.3740223491383808,0.5132206422282749,0.3029850632559666,0.0,0.0,0.0,-0.8677304669081103,-0.8908074028665252,0.0236894985974448,0.0,-0.6902605779770211,0.0143751597653379,0.0,0.0,0.0,0.0,0.0,0.0,0.0702491124551265,0.0217272814497782,0.0217272814497782,0.0130630302428491,0.0,0.2450017897626914,-0.1466781861262951,0.9119237301566654,0.0107077182687917,0.0,-0.5013920375743335,-0.4821251355860645,0.0139171237878056,0.0065204706542733,0.0139171237878056,0.0,-0.3889678071981141,0.0218858813127824,-0.2002254718997333,0.0,0.0677437817996123,0.0,0.1567145400745309,0.0299110555574695,0.0129251733624401,0.1987299704137379
121,0.1748487055233675,0.0747434381804865,-0.3450168970560202,0.0486283712947005,0.0,-0.4105733062515772,1.4066902253162497,1.1932727249916872,0.0,0.0,0.0,0.0,0.0,0.0,0.0767388743102415,0.0240283764532691,-0.3216849810407246,0.0797952393810451,0.213866311387446,0.2100924625742006,0.0,0.0255591997651651,-0.1035879464169303,0.0,0.1426533248595665,0.0,0.0097895706602793,0.6370169540712326,0.0,0.0191938464117762,0.0116024569128067,0.1605684316033374,0.0759735972620459,0.4993252933373194,0.0,0.0,-0.8567049608713333,-0.7516959078937637,0.9137285640758164,1.0007176173717227,1.3384128383789309,0.0257030959187379,0.1124088804640194,0.0,0.6988564624038013,0.3660516546758958,0.4837195959469444,0.2734749777227087,0.0,0.0,0.0,-0.8726814045558173,-0.8899934605193924,0.0178674319082897,0.0,-0.703752896650928,0.008414389029443,0.0,0.0,0.0,0.0,0.0,0.0,0.0708615961799872,0.0373494759107305,0.0373494759107305,0.010162150165543,0.0,0.2592440738067325,-0.1487662641780738,0.9351133399360744,0.0122652902802215,0.0,-0.4977759868504988,-0.4697579960456529,0.0298385468757949,0.0,0.0298385468757949,0.0,-0.3873969953119024,0.0217707604128695,-0.204860661858953,0.0,0.0806525580783356,0.0,0.1743333745703142,0.0267191988718781,0.0078072534851682,0.1986713307362335
122,0.1832099915087025,0.0836674132609413,-0.3347382350699058,0.0473657773484291,0.0,-0.4053807560781926,1.385643541754052,1.2074355164907395,0.0,0.0,0.0,0.0,0.0,0.0,0.0575919013203691,0.0283395454314476,-0.3067588034089414,0.0770233788078435,0.2204544670026658,0.2683965593742109,0.0,0.0205088115233119,-0.1076738941252672,0.0,0.1382418071775966,0.0092711638806207,0.0193573888020524,0.6464153956082722,0.0,0.0181729767009191,0.0099625735363499,0.1993282602774747,0.1353647241028121,0.4579000463406713,0.0,0.0,-0.8595451645352363,-0.7545393669133269,0.9021296142318388,0.9610085447275026,1.2789200862203278,0.0346688423592615,0.121628831907406,0.0,0.6935748228466688,0.3939828834774508,0.4444191551513944,0.2482294151793671,0.0,0.0,0.0,-0.877300267283899,-0.8890359090097237,0.0151068420604877,0.0,-0.7069034517774297,0.0,0.0,0.0,0.0,0.0,0.0,0.0,0.0856017580410295,0.042484200552277,0.042484200552277,0.0073581351907755,-0.0175119367708401,0.2500563264063256,-0.1494286443933093,0.969624819163616,0.0107322648294589,0.0079034520682092,-0.4832165460340688,-0.4585210780399893,0.0546451102589759,0.0,0.0546451102589759,0.0,-0.3872733595209914,0.0227035005878134,-0.2184139389267975,0.0,0.0976241581083186,0.0,0.1631801103437091,0.0257812584436863,0.0053883167643405,0.1938439361574674
123,0.1918860869805303,0.0962047149497891,-0.3206152999332948,0.0464652313340193,0.0,-0.4082581191430076,1.3995863187339437,1.2520224341268913,0.0,0.0,0.0,0.0,0.0,0.0,0.045198859196778,0.0338416241778292,-0.2897069677124954,0.0785413394489942,0.2257563594534054,0.3060517080867519,0.0,0.0175994062080234,-0.1110994402661099,0.0,0.1389899393894159,0.0189133264819107,0.0304729560278433,0.6501205782518737,0.0,0.0174546189257084,0.0,0.247942471864428,0.2021890725548772,0.4614773003320608,0.0,0.0,-0.860742800040522,-0.7580292695133141,0.8902042180765769,0.9027088310799888,1.2152576863922122,0.0333839587076323,0.1282477793349463,0.0,0.6977983851770445,0.4467100603314775,0.3977509962838299,0.2336034713573357,0.0,0.0,0.0,-0.8807872335810281,-0.8809319510640949,0.0137298665512786,0.0,-0.6994833208876069,0.0,0.0,0.0,0.0,0.0,0.0,0.0,0.1194196956293587,0.0420568484342588,0.0420568484342588,0.0102926623660632,-0.0368130789395011,0.2267388202931502,-0.1574323465046375,0.9845265007313312,0.0088083868474087,0.020676722191879,-0.473089856390332,-0.4501264884951438,0.0793738890635128,0.0,0.0793738890635128,0.0055014887675507,-0.3828679678334492,0.0231252032839526,-0.2234287069022019,0.0,0.151590221448808,0.0,0.1457983986441212,0.0269571089770422,0.0,0.1803803273595811
124,0.1796252117557006,0.1138984014731164,-0.3093362713181157,0.0493542581633209,0.0,-0.4043966247004165,1.4522780377543976,1.2956488117110527,0.0,0.0,0.0,0.0,0.0,0.0,0.027117498013326,0.0404683147967859,-0.2686428671240829,0.0873371418240148,0.2235249596206188,0.3177354053262262,0.0,0.0170654119769544,-0.1176621116552979,0.0,0.1353534445105464,0.0346232847496898,0.0421500897490959,0.6312038692881586,0.0,0.0269111654999488,0.0,0.2811337207598375,0.2806924877200631,0.473277703674362,0.0,0.0,-0.8610328791712241,-0.7607359531672198,0.901822592169291,0.8442507049147082,1.16482681121631,0.032515076876856,0.1411790696270606,0.0,0.7055181840347802,0.4946712769723663,0.3695188979831596,0.2540206895604047,0.0,0.0,0.0,-0.8825367888616613,-0.8687085548813522,0.0118347939514734,0.0,-0.6984238470253099,0.0,0.0,0.0,0.0,0.0,0.0,0.0,0.1088941705959514,0.0415024949941785,0.0415024949941785,0.0198292432385234,-0.05569176617431,0.2050259200729082,-0.1627428993333297,0.885924813371223,0.0067482344335468,0.0190095777864791,-0.4615839597895943,-0.4429256205479679,0.1082617380037995,0.0,0.1082617380037995,0.0057024303725149,-0.3764455873267304,0.0250555489238295,-0.2265587222127544,0.0,0.1455279845549389,0.0,0.0992120555477714,0.0295667274439562,0.0,0.1779532985954754
125,0.1891417594697516,0.1262347753017234,-0.2956097565150565,0.0548403403716846,0.0,-0.38779444466225,1.4955662626570752,1.3238256214928104,0.0,0.0,0.0,0.0,0.0,0.0,0.0339463514472813,0.0458366034492563,-0.2402513591740547,0.0933343663078394,0.2199480526984104,0.3179971504981592,0.0,0.0130674188057906,-0.1131944077709422,0.0,0.1273672035960182,0.0512808443797317,0.0552174191992906,0.6295334897962622,0.0,0.0303669762040071,0.0,0.3087081584944909,0.3637338926114007,0.4763210935679161,0.0,0.0,-0.8551941974049608,-0.7630374913845802,0.904932606517208,0.7719320201583372,1.136170177309889,0.0329409412965246,0.1660994123529866,0.0,0.6967667429593954,0.5381500546182467,0.3479395831362702,0.2762914696903222,0.0,0.0,0.0,-0.8851142108125547,-0.8520277541875512,0.0105445201378056,0.0,-0.6874439693135606,0.0,0.0,0.0,0.0,0.0,0.0,0.0,0.0834201016819591,0.0364646422615408,0.0364646422615408,0.0233944818902075,-0.0681324141857808,0.2183377831632988,-0.1654070520267042,0.7704957859869175,0.0,0.0292526123611817,-0.4543686502242016,-0.438117483620884,0.1196006886201496,0.0,0.1196006886201496,0.0055014887675507,-0.3762330641681093,0.0213187921190656,-0.2318379574493727,0.0,0.1090323930277375,0.0,0.0659847282539958,0.0357525800892985,0.0,0.206206395107746
126,0.2094213097145928,0.1324267974763113,-0.2852763532100748,0.059507920550364,0.0,-0.368025863212973,1.495512909926774,1.3109747535214298,0.0,0.0,0.0,0.0,0.0,0.0,0.0269784955144696,0.0483846336372153,-0.2109427811198105,0.101698175125665,0.202143601265481,0.3053123457098207,0.0,0.0079462018316986,-0.1122901511613078,0.0,0.1163704165009322,0.073471006862444,0.0761579718088061,0.6249142691232598,0.0,0.0327685570941161,0.0,0.3160859604349658,0.4283550423520605,0.4797893983595772,0.0,0.0,-0.8396615314688085,-0.7650327443625488,0.9044460335100728,0.6934202367292461,1.111499668769089,0.043898189027896,0.2176046672695626,0.0,0.688432578397415,0.5881333888882366,0.3298275440080868,0.35190332430564,0.0,0.0,0.0,-0.8854939862373534,-0.8177363951237968,0.0094686385589715,0.0,-0.6756091204819423,0.0,0.0,0.0,0.0,0.0,0.0,0.0,0.0683646022322726,0.0284046332062661,0.0284046332062661,0.0156216607466505,-0.0815199076218275,0.246883457874862,-0.1767433033084387,0.7513037095021297,0.0142137304611368,0.0390180069948635,-0.4449574806030832,-0.4386841667141058,0.1204655264981816,0.0,0.1204655264981816,0.0,-0.376365822498426,0.0177147990159405,-0.237504877481352,0.0,0.0805234684713969,0.0,0.0381999056191876,0.0416367210183881,0.0,0.219254621456384
127,0.2419990532614578,0.1280164234414816,-0.2756333303014814,0.0661531134241058,0.0,-0.3465720751997732,1.4518695822395806,1.2838538144429648,0.0,0.0,0.0,0.0,0.0,0.0,0.016547938981529,0.0487338208629485,-0.168699457079553,0.1154284387630529,0.1761996038086207,0.274276027067981,0.0,0.0,-0.1039871346719103,0.0,0.10356385799778,0.0985214402132518,0.1093035468867112,0.6239863744331992,0.0,0.0354639111675067,0.0,0.3324360253577707,0.4023631284878621,0.4579431078673374,0.0057337848332945,0.0,-0.8202512324913979,-0.7667724298677543,0.9138006141851024,0.6489948469129347,1.1006409139272382,0.0661080179560202,0.2669823673602749,0.0,0.6781534947630405,0.6293957246293927,0.319603496773299,0.4228766298676475,0.0,0.0,0.0,-0.8857999801809786,-0.7760643803893609,0.0079138667917125,0.0,-0.6624347038324718,0.0,0.0,0.0,0.0,0.0,0.0,0.0,0.0535750753385992,0.0219003553599318,0.0219003553599318,0.0072860882319317,-0.08723567298449,0.2696455849662536,-0.1796723813795307,0.76196869703829,0.0150025017317616,0.053466974937679,-0.4386311148558984,-0.442005225366604,0.1222487452160374,0.0,0.1222487452160374,0.0,-0.3779805339427783,0.0142994487356188,-0.2423946369378301,0.0,0.0549796325793241,0.0,0.0250924467115801,0.0469377888370531,0.0,0.2515509118202985
128,0.2764299204154349,0.121594884228258,-0.2664312774489851,0.0739207464819914,0.0,-0.3295090989844624,1.36571549533336,1.270396392648001,-0.0361750443026426,0.0,0.0,0.0,0.0,0.0,0.0056048031007277,0.0459177716415093,-0.1316531916991311,0.126427343636087,0.1476034024971612,0.2386255790076406,0.0,0.0,-0.099764299707372,0.0,0.1147186222629921,0.1222025117191637,0.1504428249980295,0.6424968967916436,0.0,0.0383311158018833,0.0,0.3667752918558305,0.3609388875818395,0.4369564629821617,0.0,0.0,-0.802791385634418,-0.7681344971606476,0.915457254625276,0.6105056645541828,1.117467436328003,0.1051574822449049,0.3120816012549605,0.0,0.664073922659962,0.6686418372677411,0.3033370056703083,0.5197963774068937,0.0,0.0,0.0,-0.8862933791045156,-0.7319396565753524,0.0064288178617933,0.0,-0.6514754003505124,0.0,0.0,0.0,0.0,0.0,0.0,0.0,0.0420758863391478,0.0169444840238474,0.0169444840238474,0.0083725562242152,-0.0905225608531084,0.2761166370359328,-0.1838618588649672,0.7582130878997414,0.0086927529698113,0.0430346111200313,-0.4290021697221122,-0.4484280001172769,0.1209886801923343,0.0,0.1209886801923343,0.0,-0.3829794984990392,0.0110834656313437,-0.2468258921126627,0.0,0.0387188381628846,0.0,0.0169671454242412,0.0512035926203046,0.0055425457495323,0.2999404843282883
129,0.2017029901563992,0.1162894786078674,-0.2628310542821704,0.0730727746287219,0.0,-0.3077212809183348,1.3867415964225278,1.2336509927741872,-0.0578155047945715,0.0,0.0,0.0,0.0,0.0,0.0,0.0414203795133805,-0.1042460280170198,0.1516194444297104,0.123928117803824,0.2050162108088772,0.0,0.0,-0.0830165932661688,0.0,0.1441247842483054,0.1175530109738945,0.1344921175456415,0.6591314526840094,0.0,0.0430107845996258,0.0,0.3975926780139958,0.3220228942821634,0.4532122462844188,0.0,0.0,-0.7858262090409707,-0.7691023493953484,0.8770533851374528,0.5657865971598321,1.1518304056285766,0.106312890728585,0.3417480342876992,0.0,0.6348775656079638,0.6977577015448003,0.3164174574834874,0.494972870111224,0.0,0.0,0.0,-0.886521184011388,-0.6916776392693222,0.0054008967113909,0.0,-0.6477488829877786,0.0,0.0,0.0,0.0,0.0,0.0,0.0,0.042754084043655,0.0124718857806755,0.0124718857806755,0.0107855447553655,-0.0867409153031481,0.2887127101267914,-0.1897649025379124,0.7696017863872987,0.0107388810025599,0.0368051738695766,-0.4256369965899212,-0.4570471526015189,0.1354105063522592,0.0,0.1354105063522592,0.0,-0.391350948473693,0.0082445672785709,-0.2493660831761848,0.0,0.0294712532719566,0.0,0.011539154662889,0.0547141597472711,0.0095421864878901,0.3545367342677613
130,0.1548991110156569,0.0861148278226108,-0.2532738909057503,0.070227302616971,0.0,-0.2799340495914961,1.5522343383303243,1.1754105292773915,-0.060104852669139,0.0,0.0,0.0,0.0,0.0,0.0,0.0377032905872186,-0.0616322922865826,0.1610969926645193,0.1221673967188871,0.1693146159837437,0.0,0.0,-0.0664539739469421,0.0,0.1764268240152478,0.0856952487841665,0.174828543477184,0.6838163524996497,0.0,0.0505194219990644,0.0,0.4308125174383487,0.2936104573398017,0.4209586903933106,0.0,0.0,-0.7721562884820788,-0.7691348232454206,0.8561392071923758,0.572632116669987,1.174651455144739,0.0914610430165072,0.3544269508440374,0.0,0.6112567075775551,0.7054383687197446,0.3021543257101747,0.4697481868607831,0.0,0.0,0.0,-0.8834594146894026,-0.6580093409584086,0.0070653481507338,0.0,-0.6458766338554235,0.0,0.0,0.0,0.0,0.0,0.0,0.0,0.0337815877080934,0.0109099329249948,0.0109099329249948,0.0129783986530168,-0.0780943610680398,0.3124302402998921,-0.1909528898598045,0.820243108339808,0.0128478095608499,0.0545252971012673,-0.4253642979711087,-0.4737217758108787,0.1572279019122774,0.0,0.1572279019122774,0.0,-0.3974928470291302,0.0,-0.2507543481088097,0.0,0.0378875225055476,0.0,0.007622269848521,0.0372997181743985,0.0151351598315951,0.4339461136961467
131,0.1243033355141164,0.0699115260617359,-0.2407459064861879,0.0652703409171535,0.0,-0.2648224967781551,1.7649401574595551,1.1645491537536536,-0.0528309948606376,0.0,0.0,0.0,0.0,0.0,0.0,0.0321551880281053,-0.0264599482478041,0.1622335524522008,0.1450293632462485,0.1770600517180989,0.0,0.0,-0.0581034576166076,0.0,0.2014351407223481,0.055412577517778,0.2436738964135804,0.676983557812364,0.0,0.0538190491824664,0.0,0.4694333678914592,0.2812650103004389,0.4022199252652692,0.0,0.0,-0.7645185535724294,-0.7690438552741736,0.8604158108148037,0.6095430444109309,1.195720598034166,0.0951711666860341,0.3492086397880638,0.0,0.6030635904838239,0.6911512158302904,0.2072448511504196,0.4969263737906814,0.0,0.0,0.0,-0.879385156617448,-0.635183374663366,0.0096179337891258,0.0,-0.6430964300224753,0.0,0.0,0.0,0.0,0.0,0.0,0.0,0.0331429783305278,0.0053980700091955,0.0053980700091955,0.0197730139392171,-0.0695047792388261,0.336334222815865,-0.1897736563825677,0.8224636247267891,0.0158261723232902,0.079834444069054,-0.4289421877466572,-0.4950466111225465,0.1837573716350059,0.0,0.1837573716350059,0.0,-0.4116946524521017,0.0,-0.2442447311626229,0.0,0.057215741092479,0.0,0.0057023411594918,0.0272224559721752,0.0119969153324824,0.4411321670418773
132,0.1032763877388715,0.0541437778704835,-0.2317946359397071,0.0607576880389178,0.0,-0.2382716499085639,1.773681508140084,1.1472655744183289,-0.0311760615410105,0.0,0.0,0.0,0.0,0.0,-0.0303420855851722,0.0256690909909592,0.0,0.1651504849680521,0.1934677397978132,0.2283339877307285,0.0,0.0,-0.0512796683544495,0.0,0.2203401835463826,0.0354475126806237,0.3085345099997261,0.6144338725043218,0.0,0.0627628633436527,0.0126353517212,0.5016791358165904,0.2901994422208037,0.4037306706937278,0.0083333595214888,0.0,-0.7634331801534279,-0.7696838667270123,0.850084020301335,0.5019824794395309,1.2114277107973397,0.0956338844682443,0.3282717014441584,0.0,0.5844869008918754,0.6809699610072059,0.1301555966280388,0.5321866928176504,0.0,0.0,0.0,-0.8741482960639493,-0.6259584583025739,0.0112284811316297,0.0,-0.6459376437859388,0.0,0.0,0.0,0.0,0.0,0.0,0.0,0.0416078769679209,0.0,0.0,0.0272349820536503,-0.061837800392547,0.3517266166491209,-0.1996015156643808,0.8068792614194998,0.0274570587503034,0.1160269600949914,-0.438628579318209,-0.5103741961480904,0.2164877070228138,0.0,0.2164877070228138,0.0,-0.4236188202998749,0.0,-0.2423389535309567,0.0,0.0774655848428514,0.0,0.0071859075407236,0.0188374021683675,0.009473732123635,0.3466116261269726
133,0.0803957702339081,0.0447256968156949,-0.2289158021592278,0.0535073580555604,0.0,-0.2286188208743746,1.786793235556394,1.1598749653301572,0.0,0.0,0.0,0.0,0.0,0.0,-0.0582081008495642,0.0191638663029724,0.0,0.1691048516213593,0.2207501214679841,0.2780658867736651,0.0,0.0,-0.0436876262301299,0.0,0.2181566858408365,0.0167032168767663,0.3729233325156038,0.5242379463610171,0.00669451070727,0.075754771266449,0.0125955565039275,0.4114721151985212,0.2928807541939041,0.3961710233553377,0.009282903014209,0.0,-0.7699319428316725,-0.7711564996930544,0.8433373481606518,0.3970428895181874,1.213880931092584,0.0957975870714826,0.2977760136981108,0.0,0.5669428941526714,0.6510606975793235,0.0969018790764512,0.5613611417431368,0.0,0.0,0.0,-0.8684561810526858,-0.6303137095572972,0.0172767333851227,0.0,-0.650003360886628,0.0,0.0,0.0,0.0,0.0,0.0,0.0,0.0535883145300042,0.0,0.0,0.0226487236116536,-0.0531538021721331,0.3634615638690804,-0.1947094036352472,0.8033415308841776,0.0395173152366396,0.1485572704147706,-0.4528542916041894,-0.5291924680131725,0.2467597379628304,0.0,0.2467597379628304,0.0,-0.4313392909948922,0.0,-0.2424469449694634,0.0,0.0694636178887649,0.0,0.0097522369819334,0.0192906858948251,0.008072808308385,0.2472635068250894
134,0.0907678709222882,0.0417798693571823,-0.2312430993995319,0.0471724088013538,0.0,-0.2261000334366438,1.784644978213769,1.164200833232611,0.0,0.0,0.0,0.0,0.0,0.0,-0.0790916250649891,0.0131862951573891,0.0,0.1676027568252852,0.2097603720740937,0.3267890215166947,0.0,0.0053161990616031,-0.0403118247551418,0.0,0.2037930507604881,0.0151225776640407,0.4403304673611753,0.5209822954126699,0.006603923124532,0.0841507017706299,0.0093215768624664,0.3390312608554727,0.3093016489089769,0.3776524318056105,0.0076618103781918,-0.0095943933661133,-0.7850561534336599,-0.7720448759975462,0.8339355548319405,0.3350194971643702,1.1268140453037416,0.0952894943239474,0.2600839435623288,0.0,0.5797974195101695,0.605354164908844,0.1090630352285621,0.5860277055308106,0.0,0.0,0.0,-0.8622198591665868,-0.6412573151340705,0.0212937864583984,0.0,-0.655495941325574,0.0,0.0,0.0,0.0,0.0,0.0,0.0,0.0713744490706157,0.0,0.0,0.0195924498754348,-0.0471102850279853,0.3577961312372922,-0.1888899550558793,0.7923661405961733,0.0518068285475868,0.1313064374405849,-0.4648152020365043,-0.5423604650889399,0.1664138639793073,0.0,0.1664138639793073,0.0,-0.4317237174428533,0.0,-0.2470133701521519,0.0,0.0669672099612326,0.0,0.018560578801927,0.044055016063283,0.0060142337585171,0.2093534898139402
135,0.135236400167037,0.0384956973361462,-0.2336854292198975,0.0420757140715649,0.0,-0.2361795920934775,1.6388844920678391,1.1780379888205563,0.0,0.0,0.0,0.0,0.0,0.0,-0.0906306171549822,0.0084241899430566,0.0,0.18332031816694,0.2034048117352803,0.3385843320704738,0.0,0.0069300214792035,-0.0403491048757042,0.0,0.1790080649537746,0.0147466606228234,0.4108355381393067,0.5279694476529289,0.0,0.0958443982348282,0.006255323214636,0.2722905759612649,0.3521003425299668,0.3545938427874145,0.0057337848332945,-0.0283203436001481,-0.8065720183833365,-0.7735847985569753,0.8120655264536012,0.3011824651778579,1.0744400960775364,0.0933991069616984,0.2380996653562117,0.0,0.6111690772479279,0.4568760612658255,0.1278081294626304,0.6123583814348411,0.0,0.0,0.0,-0.8559548026201806,-0.6579235796907483,0.0194364249270545,0.0,-0.6554550963834477,0.0,0.0,0.0,0.0,0.0,0.0,0.0,0.0874623589146991,-0.0366015520563582,-0.0366015520563582,0.0163675792112405,-0.0356620890487395,0.3382102783662208,-0.1871263319894474,0.7986232487135785,0.0649231742817881,0.1283677002039907,-0.4877718487574883,-0.555720088726861,0.0978258679944306,0.0,0.0978258679944306,0.0,-0.4387737168460393,0.0,-0.2498630993549805,0.0,0.0655645505437359,0.0,0.0356774720501076,0.047185667661206,0.0,0.18002450811791
136,0.1768292158841387,0.0386051911331255,-0.2464133899007692,0.0370924563030184,0.0,-0.2541994921392804,1.5027848638224763,1.106315257764483,0.0,0.0,0.0,0.0,0.0,0.0,-0.0801346749567745,0.0058394833975276,0.0,0.1924956453089072,0.2052226112148083,0.3110358803686751,0.0,0.0100904676686205,-0.0514440474725841,0.0,0.1488427808786997,0.0233154632419337,0.334367973148861,0.5202580694302039,0.0,0.0501136785257029,0.0082088824383083,0.2495198753889101,0.3389075294797201,0.3309036084674189,0.0,-0.0420442259128007,-0.8285517500765763,-0.7753848630809878,0.788767821554566,0.2885395259462909,1.041975713633086,0.0895390467710862,0.2218728901222099,0.0,0.6628708263253597,0.3663246026236635,0.1937260580113135,0.6386669747063474,0.0,0.0,0.0,-0.8500623760317856,-0.6759412825356863,0.01170338897635,0.0,-0.6565880170897339,0.0,0.0,0.0,0.0,0.0,0.0,0.0,0.1069735177566875,-0.0619107167632341,-0.0619107167632341,0.0149207785237298,-0.0253610876768728,0.3093066845028327,-0.1688620608643698,0.8022744144358361,0.0759143046625053,0.1308803706022988,-0.5088441303629895,-0.5738222347588333,0.0564171929010753,0.0,0.0564171929010753,0.0,-0.4332332878713249,0.0,-0.2472485930714683,0.0,0.0635694122837315,0.0,0.0636935941141681,0.0410029115146836,0.0,0.1480836557055716
137,0.1839907432099989,0.0385361319561259,-0.2641107104526785,0.0326449767692457,0.0,-0.2797059842600546,1.3448063135835109,1.0177131194346554,0.0,0.0,0.0,0.0,0.0,0.0,-0.0605886714838347,0.0,0.0,0.2076399059375806,0.2088170366556554,0.2797732506699023,0.0,0.012576811928411,-0.0557678696870473,0.0,0.1165070631888736,0.0342478940655534,0.2991487902062878,0.5009922341594661,0.0,0.0242932873286185,0.0180645236545879,0.2163129229684106,0.3227379843286176,0.3042270777684978,0.0,-0.0527630617439888,-0.8473514690329234,-0.7769175568814985,0.726252597417658,0.2969356735267617,1.0407690349434668,0.0810558400464945,0.1965298670216946,0.0,0.6944598602336159,0.322599081758994,0.2589792384110232,0.6437475407118665,0.0,0.0,0.0,-0.8406309403254472,-0.6916529729915672,0.0056531688617958,0.0,-0.6553617823339133,0.0,0.0,0.0,0.0,0.0,0.0,0.0,0.1230800110593375,-0.0696101436253829,-0.0696101436253829,0.0141897560227407,-0.0119796410482503,0.2515317680699502,-0.159128311181882,0.8072384437184744,0.0836717026764554,0.1337960186779441,-0.5398503176094943,-0.5876276616185865,0.0183563736032385,0.0,0.0183563736032385,0.0,-0.424844537469135,0.0,-0.2419436744216267,0.0,0.0653533587559642,0.0,0.1051345668942104,0.0343059334947756,0.0,0.1342241142376073
138,0.1220542809074991,0.0621717569507874,-0.2983350618302816,0.0289641322288381,0.0,-0.3053322346682988,1.1764649511644067,0.9627408118946452,0.0,0.0,0.0,0.0,0.0,0.0,-0.0316904710068065,0.0,0.0,0.2087196255819206,0.2513495846639386,0.2555220746823084,0.0,0.0135257267451674,-0.0579416185271938,0.0,0.0860196741952344,0.0524429622148649,0.3467522219198886,0.4612177418452542,0.0,0.0257166341537562,0.0168748167121898,0.154613572049336,0.3302921478172425,0.3781528003350205,0.0,-0.0625885334773399,-0.8553743925896637,-0.7781945814428716,0.7312096436434535,0.3231968992729235,1.1095735850132031,0.0698448505460283,0.1820505423233022,0.0,0.7272965994175187,0.2883271964492001,0.3527529850847,0.6351272984561451,0.0,0.0,0.0,-0.8354436387796772,-0.7099710594949507,0.0,0.0086635981870527,-0.6543042935326284,0.0,0.0,0.0063586675876909,0.0,0.0,0.0,0.0,0.1368047391704293,-0.0559701167612651,-0.0559701167612651,0.0119949172405922,0.0,0.19806435083178,-0.1451570838538667,0.83453656207652,0.0872707948800362,0.1200945673792663,-0.5630988873155195,-0.5942450884859211,0.0126313753119491,0.0,0.0126313753119491,0.0,-0.4203953845645345,0.0,-0.2381667494272396,0.0,0.0709330246136593,0.0,0.1468916027021618,0.0331223063095912,0.0093866497072642,0.1368105088190645
139,0.0733590553048866,0.0880745473954202,-0.334458522156811,0.0258566234651085,0.0,-0.3402673294096741,1.0065147990100802,0.911619271575011,0.0,0.0,0.0,0.0,0.0,0.0,0.0182054109087296,0.0144024034561036,0.0,0.1804851628275944,0.30169914685005,0.2376440295109604,0.0,0.0138701244463851,-0.0617562794537261,0.0,0.0581550312052037,0.0745504874968936,0.3172714065237053,0.4195970151503959,0.0,0.0262751932312913,0.0157643634141139,0.1029642691992242,0.3305730312336934,0.4554531120403945,0.0,-0.0618744303132831,-0.8606209365739748,-0.7795149088353514,0.7112505760222566,0.3511938780463454,1.1951095306537185,0.0614777059755403,0.1635965713094205,0.0,0.7434663475251946,0.2719524410819827,0.447370292421984,0.6226975240282864,0.0,0.0,0.0,-0.836036092182692,-0.7205850729777138,0.0063882042016336,0.0,-0.6448021763201461,0.0,0.0,0.0,0.0,0.0,0.0,0.0,0.1422770699959219,-0.0400365546016367,-0.0400365546016367,0.011439167024077,0.0,0.1629082222913487,-0.1305187994601801,0.7746896051329647,0.0859031897687565,0.0978037677906003,-0.5864684261526407,-0.6007041254791948,-0.0209022548812161,0.0,-0.0209022548812161,0.0,-0.4150762488570148,0.0,-0.2327587735888968,0.0,0.0761984632171437,0.0,0.1837384004928431,0.0406102081317885,0.0114947138929219,0.169913662404232
140,0.0509342174736023,0.084606286042197,-0.3753904437185114,0.015177743131266,0.0,-0.3765971448426239,0.9405213679474196,0.8897259169682588,0.0,0.0,0.0,0.0,0.0,0.0,0.0155817791478867,0.0345441881908578,0.0,0.1579994543247694,0.3808026464397394,0.2335859214526385,0.0,0.014075809266402,-0.0609069462231379,0.0,0.0497263364801965,0.0948828783058397,0.3024738441480568,0.383177050330371,0.0,0.0250411142189019,0.0148566640417416,0.0718928988034159,0.337608565129475,0.526297677176335,0.0,-0.0644471822229097,-0.8657498395328536,-0.7800393696040707,0.7019710260821777,0.3882894887450543,1.2474614406452191,0.071639347459733,0.1415022913912023,0.0,0.7291498749157472,0.2400879237137415,0.5428038374171201,0.5242606435913505,0.0,0.0,0.0,-0.8407857998877876,-0.7246152340624168,0.0,0.0,-0.6413512657653675,0.0,0.0,0.0,0.0,0.0,0.0,0.0,0.1404162605905638,-0.0139439015611295,-0.0139439015611295,0.0101823179445447,0.0,0.1304087104876647,-0.1196177981992372,0.6688859477278479,0.0802820324178368,0.0863762443752009,-0.6057912764498904,-0.6069877281149668,-0.0314269562491821,0.0,-0.0314269562491821,0.0,-0.4088438883735572,0.0,-0.2211152160787149,0.0,0.092293350696394,0.0,0.2165127596142996,0.0664196718159303,0.0148135938234663,0.138659161624247
141,0.0475574129879778,0.080274761828431,-0.4115040616305476,0.0099412225823813,0.0,-0.4062909348713399,0.922339130183517,0.8922528317095938,0.0053758826770856,0.0,0.0,0.0,0.0,0.0,0.0126232544861602,0.0360629975555037,0.0,0.1355189857593199,0.4474495427382872,0.2360763818758537,0.0,0.0149195274924651,-0.0483231621314257,0.0,0.0506887035871293,0.1139238183124989,0.3020650637969684,0.3510579427780231,-0.0189454302131764,0.0224861118907254,0.0141983686575428,0.0436388393602375,0.3295270547734034,0.5606901497662476,0.0,-0.0626266259691026,-0.8670106261339208,-0.7802848682522903,0.7023316335567946,0.4152605864243252,1.2689874843642803,0.0733988239271185,0.1161813566590568,0.0,0.6939722054713581,0.2090491725836764,0.5223412235941068,0.3978538772666895,0.0,0.0,0.0,-0.8490720495244337,-0.722167133366841,0.0,0.0,-0.6414897211888907,0.0,0.0,0.0,0.0,0.0,0.0,0.0,0.1195887211694722,0.017789097706653,0.017789097706653,0.0084541008264624,0.0,0.1205852431035383,-0.1118398434733504,0.620928153686566,0.0713309929321809,0.0778145863037748,-0.6215659805724677,-0.6103806491421502,-0.0280189697228748,0.0,-0.0280189697228748,0.0,-0.4035966050108395,0.0066929818663966,-0.2015773877492457,0.0,0.1113779587866857,0.0,0.2492455244466339,0.1181516415170257,0.0185460593985063,0.1258637121960629
142,0.0431793335271736,0.0740163426462668,-0.4450336424726731,0.0080870079941368,0.0,-0.4212577611598788,0.8856238800511259,0.9270892625413796,0.0059867216172593,0.0,0.0,0.0,0.0,0.0,0.0096898031712123,0.0318318042693023,-0.0056175272212278,0.113369237094104,0.4683308725452234,0.251869938783948,0.0,0.0146646229371724,-0.0425510957529399,0.0,0.0607701042435679,0.1295892153695915,0.2873076333083643,0.365853991154728,-0.0612818078045544,0.018793841697351,0.0136485700897072,0.0257485038424177,0.2870464683841889,0.5151317443397968,0.0,-0.0597777551407196,-0.864114127204116,-0.7796433947952994,0.6926837192200686,0.445861083249379,1.3098498821640014,0.0790854844832536,0.0905341197656691,0.0,0.6451763091370255,0.1877412936246207,0.4877017676229631,0.2830289349034615,0.0,0.0,0.0,-0.8539918909605588,-0.7199466928524324,0.0,0.0,-0.6424673602738876,0.0,0.0,0.0,0.0,0.0,0.0,0.0,0.1045948485396364,0.0157003973884905,0.0157003973884905,0.0064450579636349,0.0,0.1239000821244882,-0.1055901221733802,0.6880905261331737,0.0604506899336956,0.0615088692446947,-0.6272295360206411,-0.6083723049859152,-0.0220324867427925,0.0,-0.0220324867427925,0.0,-0.402316405052569,0.0094114439151032,-0.18747705462613,0.0,0.1272405089467847,0.0,0.286037763934792,0.1233602379900717,0.0259017979544956,0.0612526386955162
143,0.0471307513599534,0.0645064821149328,-0.4687670081449549,0.0089583277545574,0.0,-0.4277139489226085,0.9422239001631588,0.9468124840089984,0.0062053863280448,0.0,0.0,0.0,0.0,0.0,0.0072909122620621,0.0260436108881947,-0.0147050549813994,0.1005905375903434,0.4505050656172307,0.2508804034612609,0.0,0.0096409095472697,-0.0238404091973519,0.0,0.0726393282504759,0.1391368471674892,0.2589327827028971,0.3731218366575389,-0.0986230716379271,0.0146203321867429,0.0112173400678981,0.0153795284006875,0.2468880412857331,0.3545071537029872,0.0,-0.0549579318353674,-0.8605332963105985,-0.7793149214031998,0.7097741723995895,0.4637362595782098,1.3401242895621313,0.0904551488805955,0.0597213075311225,0.0,0.585226280866356,0.1654370494217572,0.4650378212856446,0.2635278423915558,0.0,0.0,0.0,-0.8584849190445394,-0.7189360695124094,0.0,0.0,-0.642668287413283,0.0,0.0,0.0,0.0,0.0,0.0,0.0,0.0891250162677057,0.0138672354078433,0.0138672354078433,0.0,0.0,0.1352731451773335,-0.1165553362600225,0.7430115863127803,0.0489503913674927,0.0498316797355355,-0.6296724305561875,-0.6068831329453742,-0.0211383117409295,0.0,-0.0211383117409295,0.0,-0.4049541185077612,0.0123431351147758,-0.1693120685349776,0.0,0.1376414579546665,0.0,0.3172793876182981,0.1266525693506964,0.0276441256258871,0.025972297701394
144,0.0465694909392504,0.0534372803234757,-0.4877910819288543,0.0118749848041291,0.0,-0.4352570351178711,0.9524918890340988,0.9754358107665532,0.0059867216172593,0.0,0.0,0.0,0.0,0.0,0.0099557781233476,0.0204212560646388,-0.0321152094640863,0.085340707000021,0.4331175332096885,0.2177510986099517,0.0,0.0,-0.0187343961434503,0.0,0.0760612610916138,0.1262422223734352,0.2551355216249965,0.3632225371536068,-0.1282947851801367,0.0155369372490205,0.0110179458212268,0.0090482528556626,0.1971802122208753,0.2952016949249481,0.0,-0.0498658764074878,-0.8568888171892501,-0.7788739845977887,0.7317057276882795,0.4577090489194553,1.386579222205624,0.1043023492946212,0.045888107343499,0.0,0.5175899430584007,0.1475999337749819,0.4478838565774199,0.251869886671052,0.0,0.007360791542672,0.0,-0.8629396363243824,-0.7190052252606522,0.0,0.0,-0.6442022358015016,0.0,0.0,0.0,0.0,0.0,0.0,0.0,0.0793526765648778,0.0112383018036257,0.0112383018036257,0.0,0.0,0.1542407725582113,-0.1279295268057226,0.7830202378588522,0.0353887426503384,0.0368852977830167,-0.6256389445357697,-0.6093179909409225,-0.0175590491723664,0.0,-0.0175590491723664,0.0,-0.4080618760321373,0.0151013864817396,-0.1618539727647062,0.0,0.1408532306082021,0.0,0.3220383423515423,0.1359800902447188,0.0298619432843588,0.020021933078392
145,0.052974305936854,0.041942456892331,-0.5021689007913744,0.0170041294073034,0.0,-0.4373271967148417,1.006069702611056,1.0239873306846998,0.0053758826770856,0.0,0.0,0.0,0.0,0.0,0.0223572923347023,0.0151604097565074,-0.0548702554088207,0.072033671279963,0.3740647827465763,0.1924764198254949,0.0,0.0,-0.0089261586015174,0.0,0.0828630837622534,0.1124420467985062,0.2132206288973378,0.3346878458142956,-0.1211982329340794,0.0336857262201846,0.0100827382270253,0.0,0.1674439328880202,0.2916108934406601,0.0,-0.0430253717866196,-0.8533795512582083,-0.7791938243929453,0.7499946946816323,0.4316407751890572,1.410951707086234,0.1146967631341847,0.0486658052865354,0.0,0.4256412121041922,0.1341533657213252,0.4110141034085783,0.2321802265149916,0.0,0.0108033704665332,0.0,-0.8689074864914703,-0.7100197471543319,0.0,0.0,-0.6434080714335707,0.0,0.0,0.0,0.0,0.0,0.0,0.0,0.0628814281264509,0.0105654262772383,0.0105654262772383,0.0,0.0,0.1656593343883657,-0.1378395211106113,0.9181392088975936,0.0266056524237873,0.025730881010069,-0.6220714896029377,-0.6093907144399077,-0.0246613196375331,0.0,-0.0246613196375331,0.0,-0.4103863894917955,0.0200723869814863,-0.1582517090880982,0.0,0.1366485191079642,0.0,0.3145733444543968,0.1406758782206484,0.0350803629690864,0.0152196937497312
146,0.0655858638868108,0.0340548727235771,-0.5073108081824794,0.0244567861617013,0.0,-0.4251073007481639,1.0681394646438882,1.08195725308818,0.0,0.0,0.0,0.0,0.0,0.0,0.0181864662504957,0.0105016632374865,-0.0635500775917207,0.0692634290763532,0.312650779551284,0.1670319905360087,0.0,0.0,0.0,0.0,0.0879524487207793,0.1029272269424391,0.1938535096917885,0.312889878437663,-0.1028336516147772,0.0559488140689313,0.0087550520282607,0.0,0.1405260038395776,0.3408654731641045,0.0,-0.0346805242942563,-0.8511209782029585,-0.7803000305200771,0.6993980789937327,0.3836278679909395,1.4364650974006898,0.1264999197066676,0.0803500657914845,0.0,0.3470075814736666,0.118490060075673,0.3980771401924785,0.2086533551158048,0.0,0.014829734553775,0.0,-0.8731574458847438,-0.698342880405941,0.0,0.007103536584717,-0.6406460113712104,0.0,0.0,0.0,0.0,0.0,0.0,0.0,0.0488019032172216,0.0104016785066653,0.0104016785066653,0.0,0.0,0.17626648378955,-0.150325551635036,0.9572645683110286,0.0198725568845396,0.0169910707899646,-0.6087383707435629,-0.6129705936071805,-0.0361017036666455,0.0,-0.0361017036666455,0.0,-0.4164445342731778,0.0314669214794292,-0.1586459346866851,0.0,0.1255703481400354,0.0,0.2980898960260082,0.1452506896347964,0.0370690451305771,0.0106848540901772
147,0.080359707285283,0.0337982469868511,-0.5048799585499365,0.0337387336121214,0.0,-0.421180088448998,1.125989775879633,1.0782768386416104,0.0,0.0,0.0,0.0,0.0,0.0,0.0143040100473689,0.0138539357432663,-0.0691499750020316,0.0640867389703198,0.2640055566691088,0.1514687737087858,0.0,0.0,0.0,0.0,0.0896828899279566,0.1015147797478657,0.172758735481784,0.3636118384259877,-0.0733323603617983,0.0601890465223474,0.0070818187702786,0.0,0.1166016513138897,0.413320626028177,0.0,-0.0242861127946715,-0.8505418636058946,-0.7820509357549342,0.655267951295528,0.3273795514641895,1.436463430992178,0.0941345030294385,0.1385557180280781,0.0,0.2916564153342603,0.0976532852125218,0.3894080884623611,0.1801556669267647,0.0,0.0190331360370724,0.0,-0.8758784355694558,-0.6853186844464977,0.0,0.0181270100527635,-0.6345947796523491,0.0,0.0,0.0,0.0,0.0,0.0,0.0,0.0368798046061202,0.0102906404074931,0.0102906404074931,0.0,0.0,0.1894591812482718,-0.1650643302748072,0.9846797446103398,0.0232547573858217,0.0101250723221639,-0.592132846308448,-0.6198726644828503,-0.0499165629550087,0.0,-0.0499165629550087,0.0,-0.4182954496283144,0.0280658804742973,-0.1625385219889279,0.0,0.1095935995707098,0.0,0.2819402173649644,0.1481280754986191,0.0218727003759846,0.0074416681306754
148,0.0992196100153838,0.0433362524521908,-0.4982929476333614,0.0444639508775133,0.0,-0.4077609619303938,1.204405673967469,1.0546744012809977,0.0,0.0,0.0,0.0,0.0,0.0,0.0103963085198511,0.0118078859618176,-0.067454121880713,0.0610601839137236,0.273996886541507,0.1441972951226015,0.0,0.0,0.0,0.0,0.0890066328568063,0.0996391944890725,0.145080923748577,0.4046219116121932,-0.0217323798738594,0.0449071677100089,0.0059515988272894,0.0,0.1048979149431206,0.4244898062681654,0.0,-0.0175097889098176,-0.8514745159350143,-0.7843192627538643,0.6357595445777676,0.273732372609232,1.4179484583829591,0.0703432252643541,0.1818479103615811,0.0,0.2398947374141334,0.0832707143410063,0.3768043022927628,0.1387227964200092,0.0,0.0228326531232791,0.0,-0.8778084392627141,-0.6731812577378694,0.0,0.0285921349358746,-0.6252876510732441,0.0,0.0,0.0,0.0,0.0,0.0,0.0,0.0316026952554422,0.0099081895058204,0.0099081895058204,0.0,0.0,0.2258476710946924,-0.1875867426488544,0.9520336620626147,0.043134941315902,0.005392086904272,-0.5778571130123898,-0.6303734066337492,-0.0617303502694755,0.0,-0.0617303502694755,0.0,-0.4198002138467057,0.0262819942939804,-0.1694975424902008,0.0,0.0906267902084162,0.0,0.2707316539415661,0.1536714517728768,0.0139034524082733,0.0
149,0.1173735582265539,0.0612169246062266,-0.4862124644759366,0.0616554044537573,0.0,-0.3991435906744301,1.2511560155471066,1.0269379095230051,0.0,0.0,0.0,0.0,0.0,0.0,0.0117147103662339,0.0066824304146602,-0.068378667834803,0.0582733337179291,0.2104877631028018,0.1153634444053538,0.0,0.0,0.0,0.0,0.0860640074210755,0.1063086786292917,0.1107709526890244,0.3349030887877374,0.0,0.0379428324867936,0.0083702712806994,0.0071673511759672,0.0950335349302713,0.438061230516845,0.0,-0.0108465378276738,-0.8530246115460991,-0.7868273274334586,0.6502162446509934,0.2320058503500528,1.3913934041371436,0.0508366673788944,0.2138396668666025,0.0,0.1894324913566566,0.0686061492970256,0.3579234404533874,0.1144904690383287,0.0,0.025709833060734,0.0,-0.8791899108669932,-0.6635264981061452,0.0,0.032954225872658,-0.6167612428870534,0.0,0.0,0.0,0.0,0.0,0.0,0.0,0.0267214908732505,0.0093229188756879,0.0093229188756879,0.0,0.0,0.2298592384669228,-0.2111217289683658,0.8842411190302142,0.0723752063050549,0.0,-0.5667711920263239,-0.6432146266292144,-0.076054874504911,0.0,-0.076054874504911,0.0,-0.4187158378631234,0.0253646581516443,-0.1823388193660752,0.0,0.0710689939259563,0.0,0.2594389205413419,0.1549546185210722,0.0,0.0
150,0.136501524671605,0.071369356116461,-0.4769784815253505,0.0757490544759147,0.0,-0.3897814373459546,1.309946543049239,0.99527620155334,0.0,0.0,0.0,0.0,0.0053901741366026,0.0,0.012773277809788,0.0,-0.0693458740398377,0.0563535660160873,0.1670829547334198,0.0921683028426226,0.0,0.0,0.0,0.0,0.0794270359523926,0.1341145635431169,0.0940620488458553,0.2050975924566102,0.0,0.030344560727098,0.0107286777845192,0.0098986627794866,0.0810779305796094,0.4766669139699536,0.0,0.0,-0.8551324469130432,-0.7895132323042524,0.6791663463502556,0.2889925319394342,1.3906095861752898,0.0369651339452611,0.1946961011475501,0.0,0.1448091491720358,0.0556064890916227,0.3414207776852769,0.0913786151094195,0.0,0.0269850327059737,0.0,-0.8794818254626935,-0.6551915800222156,0.0,0.0362706576564881,-0.6073622591842756,0.0,0.0,0.0,0.0,0.0,0.0,0.0,0.0148941043281891,0.0085571004243978,0.0085571004243978,0.0,0.0,0.2360577855416526,-0.2299929035633193,0.8291454117968823,0.1140820100398064,0.0055331236722861,-0.5556018775454669,-0.6559635943712587,-0.0826942026182528,0.0,-0.0826942026182528,0.0,-0.4106673575030242,0.023937319844209,-0.198244850842344,0.0,0.0619422350382024,0.0,0.263072284891509,0.1550286096331641,0.0,0.0
151,0.1534061341234132,0.079690884317874,-0.4642766013180835,0.0884917465683265,0.0,-0.3858646395288636,1.3270387846151377,0.9632778916850908,0.0,0.0,0.0,0.0,0.0066047979087201,0.0,0.0131440224601635,0.0,-0.0665586800718226,0.056936282508099,0.1397011907663145,0.0804658266726159,0.0,0.0,-0.0079792623157979,0.0,0.0730717089205369,0.1652437708970136,0.078685586302679,0.100452639394109,0.0,0.0244743393096515,0.0128659578592958,0.0127243279370778,0.0748664604154307,0.5191123741634694,0.0,0.0,-0.8577747399608326,-0.7920371752321324,0.7476787586314506,0.280038431813305,1.3599033174269892,0.0259822064606139,0.1502286066526723,0.0,0.1053447459,0.0410514186091728,0.3215085352556087,0.0724568971061329,0.0,0.010428523707257,0.0,-0.879800271253385,-0.6528780854379574,0.0,0.037346883380947,-0.60305834674271,0.0,0.0,0.0,0.0,0.0,0.0,0.0,0.0101008377600471,0.006225686681635,0.006225686681635,0.0,0.0,0.2484341262028123,-0.2497959895192275,0.7784242915902233,0.0903254953459607,0.0,-0.5449191324769376,-0.6717563662881654,-0.0779251042884846,0.0,-0.0779251042884846,0.0,-0.4057140944167781,0.0221511897685337,-0.2103217328547684,0.0,0.0688581934723188,0.0,0.2681058122356228,0.1524797530447781,0.0,0.0
152,0.1737864046642423,0.0881093773533338,-0.4510777823516839,0.0911327384623434,0.0099468157861381,-0.3818576035332436,1.3474508778909788,0.9459029963316908,0.0,0.0,0.0,0.0,0.0075755689600186,0.0,0.0125391899988291,0.0,-0.0610480362627455,0.0538651404966977,0.1162816685184392,0.0691757589405241,0.0,0.0,-0.013616877074595,0.0,0.0633789180945536,0.1926745042553334,0.0636403243599039,0.0560016437801816,0.0,0.0197443688840215,0.0145343528357657,0.0152241711053543,0.0695536901241715,0.5550406396368526,0.0068704899041968,0.0,-0.8610981623652152,-0.794378032174264,0.8115559742793073,0.2492581634583906,1.2331291621731215,0.0281812057390477,0.1151712286161624,0.0,0.0784210096312278,0.0310985759666468,0.3036018900165859,0.0605238884524029,0.0,0.0072561670305681,0.0,-0.8800746630025933,-0.6592838023141396,0.0,0.0282458333336899,-0.6065763684718587,0.0,0.0,0.0,0.0,0.0,0.0,0.0,0.0139250145241185,0.0,0.0,0.0,0.0,0.2636106017046648,-0.262218531493065,0.7699598724669418,0.0568830325818199,0.0,-0.5391780243846129,-0.6844513830336785,-0.0764518290058167,0.0,-0.0764518290058167,0.0,-0.4054126959066179,0.0198728275363824,-0.2179626350147523,0.0,0.0716799593125227,0.0,0.3101621099894141,0.1152979767892964,0.0,0.0
153,0.1862711513306974,0.1038309837072214,-0.4246652948197286,0.0860801956038021,0.0266419985408726,-0.3734894367063324,1.3801883857069697,0.9102443798230858,0.0,0.0,0.0,0.0,0.008144623311251,0.0,0.0112597876782937,0.0,-0.0495994025887828,0.072490328544023,0.1211359695602618,0.057597208272056,0.0,0.0,-0.0177963585568012,0.0,0.0524180718561769,0.2153284430011527,0.0597593732870662,0.0229211302487668,0.0,0.0329351935876136,0.0177614777338276,0.0175581916266565,0.0734384270223708,0.6178364385603906,0.007497242936506,0.0,-0.864470847303652,-0.7955053864436278,0.8835356135061122,0.2552460753439412,1.1623240240912605,0.0314535705566054,0.1002028534996852,0.0,0.0530540351818011,0.0400302263782184,0.2847401139235589,0.0493666379868808,0.0,0.0,0.0,-0.8787614417892042,-0.6776879640307734,0.0,0.023001388149607,-0.6175199250248649,0.0,0.0,0.0,0.0,0.0,0.0,0.0,0.0323476595970125,0.0,0.0,0.0,0.0,0.2755273909473945,-0.2740373158886938,0.767748215931258,0.0334420399262525,0.0,-0.5282133923284756,-0.6920367440274859,-0.0659045169290796,0.0,-0.0659045169290796,0.0,-0.3973312337890106,0.0159506394692241,-0.2048874695314072,0.0,0.0457012234760307,0.0,0.3659535547337997,0.0959143841146035,0.0,0.0
154,0.1920961898195205,0.1248418660503069,-0.4036374992237238,0.083231415188294,0.0287962257163844,-0.361933104484334,1.3758642864831052,0.8789449345599473,0.0,0.0,0.0,0.0,0.0,0.0,0.0174981395226084,0.0,-0.0454874817423157,0.1089474767931599,0.1328070730285892,0.0464687523244196,0.0,0.0,-0.0147382098916099,0.0,0.0424729042031936,0.2272603943052979,0.0660154100015645,0.0059159781134947,0.0,0.0130869385345758,0.0190095798624222,0.0185871867565659,0.084913750074198,0.6087171257937033,0.0,0.0,-0.8673684007920688,-0.7959043347653763,0.8673058542822684,0.2938088106767463,1.1123483499477482,0.032863934976632,0.0932068234537463,0.0,0.0380579677221074,0.1050293590992021,0.2597802687014906,0.0565384919910297,0.0,0.0,0.0,-0.8757848543332711,-0.7050839909694975,0.0,0.0183592295924514,-0.6393486052283771,0.0,0.0,0.0,0.0,0.0,0.0,0.0,0.0448058112356993,0.0,0.0,0.0,0.0,0.2821433654085654,-0.2880934537109675,0.7731063806501842,0.0126203859044954,0.0,-0.5217180258492027,-0.6990786001515717,-0.0224383324692893,0.0,-0.0224383324692893,0.0,-0.3867149906008771,0.0130765506239485,-0.1930517758673277,0.0,0.0374529040609339,0.0,0.3964472954190934,0.0768295231783496,0.0,0.0
155,0.1957754138222113,0.1393757089522221,-0.3801991589309335,0.0828865837256573,0.0226475368135825,-0.3508285973141301,1.3612681310720178,0.8230542611700152,0.0,0.0,0.0,0.0,0.0,0.0,0.0108315541064457,0.0,-0.0449883102891011,0.14323267735271,0.1490800875382316,0.0382583277911867,0.0,0.0,-0.0088414631281114,0.0,0.033224158003374,0.2297422314604028,0.0579262591971876,0.0,0.0,0.0122807977804698,0.0197124307263827,0.0185132440730012,0.1156862348054367,0.5802137460062556,0.0,0.0,-0.8696911438725334,-0.7960283262793463,0.8450989526921806,0.3317948149638623,1.0909624149239088,0.0272379760186104,0.0909641417823215,0.0,0.0283428787266488,0.2005684687121952,0.2406669535065308,0.0696207119195787,0.0,0.0,0.0,-0.8728783771764452,-0.7392960566071396,0.0,0.013524708490317,-0.6640883628818206,0.0,0.0,0.0,0.0,0.0,0.0,0.0,0.0442085304767703,0.0,0.0,0.0,0.0,0.2948058990281242,-0.295179155101377,0.7866483329316406,0.0,0.0055274853764942,-0.5175329784030718,-0.7022258735002449,0.0,0.0,0.0,0.0,-0.3677609055081435,0.01073963609862,-0.1790694771761246,0.0,0.0491902200476883,0.0,0.4216648821889628,0.064883040979113,0.0,0.0
156,0.171066663914344,0.1586269282749151,-0.3573091328706012,0.0835404147886106,0.0191620171907058,-0.3411607884393995,1.3757673697468151,0.7836931871032755,0.0,0.0,0.0,0.0,0.0,0.0,0.0074745413093775,0.0,-0.0487900174464887,0.1512674586739415,0.1647578570235206,0.0310671176680585,0.0,0.0,0.0,0.0,0.0244319171620336,0.2223155695923848,0.0475120533313157,0.0082530964604879,0.0,0.0125315548822672,0.0212594417790175,0.0173963570127677,0.1500893039372689,0.5376708063933132,0.007655734135105,0.0,-0.8720455636878182,-0.795723864934572,0.8111256048190161,0.360226274670789,1.066867156331221,0.0295671322601157,0.0860712439030924,0.0,0.0198003687370537,0.3364502618530324,0.2219921517729812,0.0836322519117874,0.0,0.0,0.0,-0.8701023307820934,-0.7764192016584418,0.0,0.009117467383849,-0.6927395801306961,0.0,0.0,0.0,0.0,0.0,0.0,0.0,0.0412722366000484,0.0,0.0,0.0,0.0,0.2973781158239217,-0.2946291686459116,0.8631422797736581,0.0,0.0056857998241619,-0.5154517295623917,-0.7007691914251525,0.0,0.0,0.0,0.0,-0.3469445287021679,0.0082897943764008,-0.1475483072499681,0.0,0.0661608611904899,0.0,0.4628239088401674,0.0536678195408322,-0.0070665168564246,0.0
157,0.1338449202195094,0.1871037725182235,-0.3346377618157696,0.0831964351974525,0.0155622331346955,-0.332534502350241,1.4136367285248312,0.7529025639923337,0.0,0.0,0.0,0.0,0.0120309204468077,0.0,0.0,0.0,-0.0605839029816052,0.1393333606570473,0.1785888673198787,0.0239780865377426,-0.0627763728069119,0.0,0.0,0.0,0.0151294556443192,0.2072217228855061,0.0424080242199218,0.0127817245936737,0.0,0.0155418562896441,0.0219501577973292,0.0155436124573258,0.207331234730079,0.524231372127996,0.0131371728480521,0.0,-0.8727060728441476,-0.7938641347723752,0.772566128603968,0.3801771866163601,1.0723790876084285,0.0255640039278712,0.0787008550346917,0.0,0.0117443392898912,0.5177137155374529,0.2094221261952567,0.0982915472295111,0.0,0.0,0.0,-0.8676930014427704,-0.8133585959698525,0.0,0.0054495855513651,-0.7245211711379589,0.0,0.0,0.0,0.0,0.0,0.0,0.0,0.0368533986772701,0.0,0.0,0.0,0.0,0.2941201651840311,-0.2940858487347041,0.9343684673273048,0.0,0.0055933109283534,-0.5111387830966783,-0.7016810021323446,0.0,0.0,0.0,0.0,-0.3337828825397783,0.0071587929506564,-0.1082903120467373,0.0,0.0899313817824931,0.0,0.4979978716537822,0.0440952678622424,-0.0134967622735041,0.0
158,0.0911430312523272,0.1954788377637197,-0.3210613156242287,0.0823861889944336,0.0121953811426087,-0.3159881045990858,1.370190131086695,0.748548081650622,0.0,0.0,0.0,0.0,0.0233009912486824,0.0,0.0,0.0,-0.0806105472656419,0.127951147018991,0.1871081914343164,0.0179021267181073,-0.1055593833621217,0.0,0.0,0.0,0.0097235282514675,0.1884951296700462,0.0325349933536678,0.0,0.0,0.0192627099365608,0.0235191153898369,0.0167262238145242,0.2593288944417062,0.5370164270865437,0.0100974705309849,0.0,-0.8726485132587993,-0.7923194774032662,0.7196245787773464,0.3906000808071297,1.061379189233382,0.0209618056511225,0.0709658814076626,0.0,0.0075257381604552,0.7344526107920336,0.1689820394630089,0.110968859955149,0.0,0.0,0.0,-0.8660806629226676,-0.8399816576014992,0.0,0.0,-0.7518571813617807,0.0,0.0,0.0,0.0,0.0,0.0,0.0,0.0337138019366555,0.0092424461441758,0.0092424461441758,0.0,0.0,0.2818864960343898,-0.2793238136993322,0.9069119808501548,0.0,0.0053017261487765,-0.5093393750762525,-0.7019727632369543,0.0,-0.0091795052488587,0.0,0.0,-0.3100245807790363,0.007848361718263,-0.0717490953100344,0.0,0.1521251444164118,0.0,0.537440036032998,0.0342797315051151,-0.0171192946681073,0.0
159,0.0661556631263088,0.1971579633900494,-0.3091047223390329,0.0786515670043297,0.0165858472668997,-0.3070412219542183,1.271760371605504,0.7428701115745892,0.0,0.0,0.0,0.0,0.0248724518270152,0.0,0.0,0.0,-0.0980591552370852,0.1328046642846571,0.191583510159027,0.0121748226539705,-0.1373860595052533,0.0057582856963749,0.0,0.0,0.0059977385384508,0.1569810486404895,0.0251187130852043,0.0,0.0,0.0245139816365373,0.0269050708798781,0.017903336581035,0.3138875824141436,0.5627664887665224,0.0080906251266734,0.0,-0.8719272387527908,-0.7906319718736446,0.6792851338232795,0.3888961876769978,1.0478242159103164,0.0212282415790136,0.0696420081786461,0.0,0.0,0.8056811962763464,0.1446263503069261,0.1206210071185565,0.0,0.0,0.0,-0.8652705491563597,-0.8536384337797642,0.0,0.0,-0.7726436795776744,0.0,0.0,0.0,0.0,0.0,0.0,0.0,0.0344178228938175,0.0071775567226256,0.0071775567226256,0.0,0.0,0.2537598444782729,-0.2754129912069185,0.9270876629102072,0.0,0.0,-0.5059821907270025,-0.7024241758811566,0.0,-0.0237097270092773,0.0,0.0,-0.2982295474859068,0.0,-0.034794523655344,0.0,0.1525656856595396,0.0,0.588604643683045,0.0242117285197344,0.0,0.0
160,0.0477033596593232,0.2067323919953522,-0.3064982093762026,0.0751645803922438,0.0243131070693085,-0.304166185691879,1.1573962946200902,0.7859068029407922,0.0,0.0,0.0,0.0,0.0174443579075596,0.0,0.0077861828977461,0.0,-0.1211566030583071,0.1507688481042389,0.2027234967875215,0.0081539232364354,-0.1511242197052234,0.0072750493569046,0.0,0.0,0.0,0.1161599817053959,0.0227026909668302,0.0,0.0,0.0280468298029899,0.0284190846922333,0.0181632802610574,0.3663722111219669,0.5762576160279873,0.0063180649382408,0.0,-0.8711717718162304,-0.7887720206661218,0.7113119849243462,0.3703577820209036,1.045312635778704,0.0219250088027544,0.0735841078378454,0.0,0.0,0.8488880152087496,0.1364001556486845,0.13046740545787,0.0,0.0,0.0,-0.8653765697502136,-0.8612918642052785,0.0,0.0,-0.7888194561674742,0.0,0.0,0.0,0.0,0.0,0.0,0.0,0.0426689962883448,0.0164795846214527,0.0164795846214527,0.0,0.0,0.2278681922476163,-0.2657016269928127,0.8664495192825905,0.009528363433513,0.0,-0.5013655536345314,-0.7037669885357919,0.0,-0.0432620826248974,0.0,0.0,-0.2910671801322907,0.0,0.0162382730736342,0.0,0.1476473077133138,0.0,0.5904185073172127,0.0178728672199901,0.0,0.0
161,0.035681757641073,0.217677740525719,-0.3165085361045485,0.0748063090177052,0.0320809387423856,-0.3053652033292483,1.1247466444691228,0.8378270583280386,0.0,0.0,0.0,0.0,0.0114298228958946,0.0,0.0,0.0,-0.1591432856982055,0.1843766040973447,0.2460483888919162,0.0,-0.1257085011165952,0.0083739418969695,0.0,0.0,0.007987244693719,0.0844637608526501,0.0235272286695383,0.0,0.0,0.0304593469292531,0.0242885213949371,0.0298890543713619,0.3527959242171693,0.6045668193810352,0.0,0.0,-0.8699745150996367,-0.7871859997692513,0.7200084675239797,0.3410971084987992,1.0601556965277428,0.0209429395402707,0.08020108635947,0.0,0.0,0.9076813918126124,0.1270531113640655,0.1425825493176834,0.0,0.0,0.0,-0.8662414564395471,-0.8617816636462976,0.0,0.0,-0.7996388021884777,0.0,0.0,0.0,0.0,0.0,0.0,0.0,0.0367401308442929,0.0260872819652125,0.0260872819652125,0.0,0.0,0.2067309581882143,-0.2589517554508512,0.7584477758526716,0.0,0.0,-0.5064303742132366,-0.702912810768543,0.0,-0.0496620478515146,0.0,0.0,-0.289451892946352,0.0,0.0172299691944611,0.0,0.1396735755099674,0.0,0.5565477680906713,0.0159963850697268,0.0,0.0
162,0.0277818507446183,0.2423311077284393,-0.3340334886972512,0.0740232039714728,0.0374482929483078,-0.3098295394804181,1.0857730024864571,0.8821065826216293,0.0,0.0,0.0,0.0,0.0,0.0,0.0069794333042263,0.0,-0.2011030798218874,0.2215300492682567,0.3015104845504133,0.0,-0.0958126512880382,0.0090299465634823,0.0,0.0,0.0116209951387978,0.0907914076022277,0.0192239853889947,0.0,0.0,0.0330052078545453,0.0213338217624627,0.0499171775398166,0.3324065836867185,0.6401060894251464,0.0,0.0,-0.8686306550350027,-0.7859175343090373,0.7114532303053672,0.295695960072237,1.062718015828206,0.021343850405056,0.0951814407639398,0.0,0.0,0.9158221574222732,0.1359453346637979,0.1799721051711389,0.0,0.0,0.0,-0.8676068967341033,-0.8553212298256856,0.0,0.0,-0.7921313619143082,0.0,0.0,0.0,0.0,0.0,0.0,0.0,0.0534103928556178,0.0136402034549813,0.0136402034549813,0.0,0.0,0.1882817041247279,-0.2533489255327337,0.6819576295512737,0.0166408112144105,0.0,-0.5132159202189767,-0.7056210406391603,0.0,-0.0350496832278558,0.0,0.0,-0.2938412954226696,0.0,0.015932912256556,0.0,0.1244205003091817,0.0,0.4963624404668886,0.019196728843035,0.0,0.0
163,0.0203313122521056,0.2517305517910508,-0.3584419005898491,0.0746097630259758,0.0299056404744927,-0.3174844466537671,1.0508397508252003,0.9671548492201154,0.0,0.0,0.0,0.0,0.0,0.0,0.0117958113416832,0.0,-0.2413513250759975,0.2958625453224339,0.3081939101151256,0.0,-0.0426235321853675,0.0091395304453724,0.0,0.0,0.021806270820174,0.0502706573376026,0.0180753540693938,0.0,0.0,0.0360624963292057,0.0332447423826459,0.068681149162674,0.3136778801669199,0.6687973782856161,0.0059248829720531,-0.006615989659593,-0.8675321610725923,-0.7852650661456977,0.7012750538107506,0.2485898350235518,1.0740189293598867,0.0207993942327689,0.1116798674551834,0.0,0.0,0.7782097496234652,0.1564381761503472,0.2464435745253934,0.0,0.0,0.0,-0.8695836735800282,-0.8379927496314886,0.0,0.0,-0.7791272453551407,0.0,0.0,0.0,0.0,0.0,0.0,0.0,0.0490028497415843,0.0110367722976409,0.0110367722976409,0.0,0.0,0.165669031569728,-0.2525857074745756,0.6472701664368598,0.0421037063422067,0.0219957046521887,-0.5154358317487755,-0.7065483744540245,0.0,-0.0135265233850996,0.0,0.0,-0.3125766640928113,0.0,0.0153499140843012,0.0,0.1117071385986712,0.0,0.427780736697598,0.023152680633911,0.0,0.0
164,0.0170412944752827,0.250596209553414,-0.3893855446808673,0.0751755531844781,0.0216686659018023,-0.3332399670093401,1.0471466678863923,1.0559529250235773,0.0,0.0,0.0,0.0,0.0,0.0,0.0178105513193462,0.0,-0.2706405729990744,0.3315540457762594,0.3204205785178735,0.0,0.0,0.0087030638050833,-0.0043072161966176,0.0,0.0354682134037193,0.0203820522180566,0.0260886059688224,0.0,0.0,0.0297935532834119,0.0274244573314164,0.1087745741142665,0.3034463445704139,0.6840184173354275,0.0070760077063097,-0.0282228968524854,-0.8671945220143313,-0.7850980115503474,0.6774116342449937,0.2003101703532219,1.072870716807274,0.0195418070701375,0.1317543990841136,0.0,0.0,0.6462508856114738,0.1786211747098398,0.283670821594637,0.0,0.0,0.0,-0.8713680984740368,-0.8072561702780661,0.0,0.0,-0.7674217000264963,0.0,0.0,0.0,0.0,0.0,0.0,0.0,0.0338062611053437,0.0088192517233925,0.0088192517233925,0.0,0.0,-0.0885991039328297,-0.2456396172679214,0.633107264216897,0.0602149776419745,0.0220215333696689,-0.5170944287568603,-0.7070741791826568,0.0,0.0,0.0,0.0,-0.3351647436578895,0.0,-0.0157694547825475,0.0,0.100218424618531,0.0,0.3665000463279923,0.0189353264265991,0.0,0.0
165,0.020358447296221,0.2488524451385685,-0.419215159414149,0.0921306462219385,0.0164730825377289,-0.3404477455974193,1.094537895416786,1.1231978745969993,0.0,0.0,0.0,0.0,0.0,0.0,0.0251083776833485,0.0,-0.2968273104396124,0.3540321770483308,0.3270088899303901,0.0,0.0,0.0078191780830051,-0.0272612345526282,0.0,0.0277096212502423,0.0346984222177471,0.0350442442126137,0.0,0.0,0.0283702291035375,0.0190290991443406,0.15654412339278,0.3122229097752398,0.7012885415345005,0.0080560532385082,-0.0588259543242483,-0.868163424373547,-0.7855356815463087,0.646648919624661,0.153647153794068,1.0733814433153732,0.0255028215149142,0.1178553292363823,0.0,0.0,0.5011253136283976,0.2220160805422403,0.2526996854520176,0.0,0.0,0.0,-0.8734129961584163,-0.7771870964320002,0.0,0.0,-0.7579585417183147,0.0,0.0,0.0,0.0,0.0,0.0,0.0,0.0356863337738065,0.0071619696436942,0.0071619696436942,0.0,0.0,-0.0962526505482249,-0.2467645173921166,0.6248174093513886,0.0840950335716391,0.0240055784101325,-0.5195477178925578,-0.7071639021725467,0.0,0.0,0.0,-0.0160175143070112,-0.3580834608704977,0.0,-0.0430389375408117,0.0,0.0907401624952865,0.0,0.317984113944886,0.0135441016928285,0.0,0.0
166,0.0303478993252881,0.2471470309626718,-0.4508408641359459,0.1010966549226046,0.0122701467757095,-0.3517042197602165,1.1419985393605725,1.1877651964325031,0.0,0.0,0.0,0.0,0.0,0.0,0.028434656557902,0.0,-0.3087158437271443,0.3754955237675664,0.3412442874483374,0.0,0.0,0.0066495095555445,-0.0375511287767891,0.0,0.0198703386667461,0.0474829968159677,0.0320103531257084,0.0,0.0,0.0415963823413305,0.010059174728311,0.1700556240011559,0.3450719688266262,0.7078464839261875,0.0077722656786539,-0.0974313212894422,-0.8704907638376818,-0.7863931419113382,0.6191268134482361,0.1088870573944981,1.0974079508604864,0.0406857443542447,0.090892244188455,0.0,0.0,0.3729785596715659,0.2243163072359766,0.2368085088385805,0.0,0.0,0.0,-0.8739461024508666,-0.7473331185981259,0.0,0.0,-0.7471238262597597,0.0,0.0,0.0,0.0,0.0,0.0,0.0,0.0374854749193753,0.0070804675842031,0.0070804675842031,0.0,0.0,-0.1083380891991112,-0.2582836780933732,0.6112219618607386,0.1036887860336367,0.0284781898742019,-0.5226970956383538,-0.7027814829769806,0.0,0.0,0.0,-0.0410513355417657,-0.3810270321109262,0.0,-0.0713486134076946,0.0,0.0835132141193037,0.0,0.3058625116440833,0.0107204558304079,0.0,0.0
167,0.0373576811974044,0.2556114070541766,-0.4818450819880888,0.0902639851411404,0.0115441317410571,-0.3634727021212947,1.2418266658040569,1.2069189961676017,0.0,0.0,0.0,0.0,0.0,0.0,0.0274831154741143,0.0,-0.3073872605466652,0.3756938027228179,0.3537560325833047,0.0,0.0,0.0053707169622558,-0.0588015287311489,0.0,0.0133939734377688,0.0953922490238957,0.0273471834785772,0.0,0.0,0.0615862388294432,0.0069336427374382,0.1276090926979028,0.3718460840668506,0.6989894181048336,0.0,-0.1329856320674309,-0.8734755697042513,-0.7875797704488561,0.5924607874654513,0.0741360495411002,1.1363841518306388,0.0439743327582029,0.0864429605567055,0.0,0.0,0.2766451217286703,0.228527793393098,0.2489637370520681,0.0,0.0,0.0,-0.8729442412540966,-0.7222059903950513,0.0,0.0,-0.7413394126691405,0.0,0.0,0.0,0.0,0.0,0.0,0.0,0.0261599846232847,0.0079939378689647,0.0079939378689647,0.0,0.0,-0.1129713978427366,-0.2690884033752117,0.6095251157617981,0.1247055329661443,0.0336674906003162,-0.5180468764063012,-0.6860746943067358,0.0,0.0,0.0,-0.0634570888878937,-0.3997051229582258,0.0,-0.1001303669611069,0.0,0.080050473472154,0.0,0.3131271291556625,0.0089965011457628,0.0,0.0
168,0.0471410818934515,0.2731859748346862,-0.5074043486483792,0.08295244194285,0.0111337751967493,-0.3780666845384899,1.3268476594129746,1.2088240982216047,0.0,0.0,0.0,0.0,0.0,0.0,0.0250031956752254,0.0,-0.2862434126483982,0.3478418103333436,0.3250730475619492,0.0,0.0,0.0,-0.0668067689404427,0.0,0.0097655450469618,0.1378828063994252,0.0233724739471049,0.0,0.0,0.0799342408036819,0.0,0.1030283916593604,0.4054659700674473,0.6696337967207928,0.0,-0.1650164352059855,-0.8765175739279316,-0.7889954775710841,0.5737675052378166,0.0462088392837766,1.2138459951102487,0.034552304078492,0.0802418986845934,0.0,0.0,0.1999965935422907,0.229789992383259,0.2752797750245462,0.0,0.0,0.0,-0.8720471911904246,-0.6998647874011376,0.0,0.0,-0.7400648632827295,0.0,0.0,0.0,0.0,0.0,0.0,0.0,0.0127127239372175,0.007967412298016,0.007967412298016,0.0,0.0,0.2251112041627877,-0.2813149806116846,0.6144276473120586,0.127511196643787,0.0380932546122617,-0.5180782594524584,-0.6653386828744637,0.0,0.0,0.0,-0.0715771283834919,-0.4158552829187436,0.0,-0.1270381189488679,0.0,0.0743361331414677,0.0,0.3605318027754501,0.0103654674358566,0.0,0.0
169,0.0568431166470524,0.2448235290605414,-0.5209202872310195,0.076116980644004,0.0101603117528969,-0.3914649758450134,1.3713944973484309,1.1976168649115757,0.0,0.0,0.0,0.0,0.0,0.0,0.02116016884853,0.0,-0.2344791047122063,0.3176937463047236,0.2864628990928177,0.0,0.0,0.0,-0.081369298476229,0.0,0.0073631491207265,0.1879343800498387,0.0175424830298503,0.0118271497793093,0.0,0.0774849493078273,0.0,0.0782590438574288,0.446224345575363,0.6438609009268808,0.0,-0.1905131445290349,-0.8798127383940271,-0.7899138277164466,0.5588803256494826,0.0269218409523718,1.196138009083404,0.0308109921023266,0.0729812535361963,0.0,0.0057059088960728,0.1582837169155871,0.2294326790275729,0.3221019720431223,0.0,0.0,0.0,-0.8703764755314105,-0.6860147190342882,0.0,0.0,-0.7441485737095039,0.0,0.0,0.0,0.0,0.0,0.0,0.0,0.0121279815984576,0.0,0.0,0.0,0.0,-0.1210303219418315,-0.2960360454922722,0.4728713013972445,0.1160724977846715,0.0277859123578229,-0.5040999939705788,-0.6379257197796083,0.0,0.0,0.0,-0.0759775145784848,-0.4176563758105616,0.0,-0.1387167775385625,0.0,0.0736547871414254,0.0,0.4149286354202163,0.0117742868082315,0.0,0.0
170,0.0646672850971737,0.2234633933457184,-0.5316499216628078,0.0728239841566668,0.0087899787480178,-0.4000748637060209,1.3928974786850483,1.1450391745813755,0.0,0.0,0.0,0.0,0.0,0.0,0.0207506399083644,0.0,-0.1740926403688979,0.2891605138444528,0.2428144251809325,0.0,0.0,0.0,-0.0928783167425918,0.0,0.0075536971906511,0.2601968269015764,0.016379235784836,0.0366137836048847,0.0,0.0838195309193962,0.0,0.0562534441354971,0.4919570323725054,0.6311129298606675,0.0055292483831864,-0.2011888974187477,-0.8834961734665021,-0.7907765000949217,0.6039975937383396,0.0151526408261191,1.1849537051724788,0.0270088210830469,0.0665495449645075,0.0,0.0070812042985738,0.1241522473800295,0.226739516758452,0.3771574022486116,0.0,0.0,0.0,-0.8681161413124192,-0.6791228206791274,0.0,0.0,-0.7511697497677853,0.0,0.0,0.0,0.0,0.0,0.0,0.0,0.0110917273344654,0.0,0.0,0.0,0.0,-0.1201263144841448,-0.3084409584340387,0.319356603208761,0.0899174704654225,0.0172753578771443,-0.4969016953570463,-0.6042399625687028,0.0,0.0,0.0,-0.0759511413689586,-0.421796483598176,0.0,-0.1417175107638575,0.0,0.0784140953723689,0.0,0.3784406029381538,0.0137936200384206,0.0,0.0
171,0.0690477391597199,0.2074103719699798,-0.5385916002547004,0.0747760762282423,0.007219310878381,-0.4129008987052801,1.3998896042074045,1.0672243943592914,0.0,0.0,0.0,0.0,0.0,0.0,0.0220587741374551,0.0,-0.112558342967584,0.2556107490173822,0.2123462238718856,0.0,0.0,0.0,-0.0927384274150139,0.0,0.0077880452273961,0.2751698594297,0.0155817126717474,0.0060607070316257,0.0,0.0973463257263304,0.0,0.0407494220058699,0.519983450408137,0.6304971579641202,0.0,-0.201545535811552,-0.885171584330716,-0.791421341757753,0.644008750337342,0.012891427038426,1.162851322677647,0.0248643883883623,0.0612971422780035,0.0,0.0099263540250217,0.1533396473311905,0.2516681222964183,0.4313529331386013,0.0,0.0,0.0,-0.8655894093651577,-0.6819294686619031,0.0,0.0,-0.7612621920258217,0.0,0.0,0.0,0.0,0.0,0.0,0.0,0.0109757172131931,0.0,0.0,0.0,0.0,-0.1343859564323327,-0.3135463150094266,0.195541695738985,0.0661451393418936,0.0,-0.4821533920930477,-0.5642689429701278,0.0,-0.0056479534452097,0.0,-0.0713358016558461,-0.417752693917844,0.0,-0.1502915896828058,0.0,0.0818576115120722,0.0,0.357017904717367,0.0153609310739351,0.0,0.0
172,0.0688482369461184,0.2074968319419033,-0.5427602571631375,0.0794814020916113,0.0056329157560729,-0.421229225215084,1.4005648682417804,0.9679879036883552,0.0,0.0,0.0,0.0,0.0,0.0,0.023558856113691,0.0,-0.0459349046698963,0.2265330065825819,0.2094544049378401,0.0,0.0,0.0,-0.0845413044961524,0.0,0.0080172172243483,0.2761524962737566,0.0145464743533051,0.0,0.0,0.115929976915171,0.0,0.0278718400480909,0.5330498379620542,0.6361473552475052,0.0,-0.1904407037617018,-0.8866797612274397,-0.7929168141495757,0.6097036489279057,0.0110548659349322,1.1497747805274874,0.0224306926981567,0.0864653732062486,0.0,0.013129830491987,0.2155239206678314,0.2696723604047128,0.4471397343965793,0.0,0.0,0.0,-0.8634543886176522,-0.6939899469230165,0.0,0.0,-0.7625916898412,0.0,0.0,0.0,0.0,0.0,0.0,0.0,0.0223251216591512,0.0,0.0,0.0,0.0,-0.1426043497747778,-0.3159672306151033,0.1204297692997934,0.0590624002351507,0.0,-0.4752924329842701,-0.5174600100881045,0.0,-0.021632898419191,0.0,-0.064400846794613,-0.4058095754314531,0.0,-0.1399119680988994,0.0,0.0858882787939757,0.0,0.3394840945983225,0.0159219883211928,0.0,0.0
173,0.0588065863519208,0.2007641987070715,-0.5444354591376553,0.084376238788893,0.0,-0.4380028712446141,1.3988315826618942,0.8526456109858159,0.0,0.0,0.0,0.0,0.0,0.0,0.0249027018837587,0.0,0.0,0.1964388575010713,0.2133654304319266,0.0,0.0,0.0,-0.0736320891605783,0.0,0.0058886816140485,0.2611466493242302,0.013117146285611,0.0,0.0,0.1432604518678388,0.0,0.0166268992632987,0.5266781024401714,0.6463962002176281,0.0,-0.1587101932293283,-0.8864401669825352,-0.7933156581865503,0.4716511452847332,0.0156702178198144,1.1958102568803273,0.0201514826107647,0.0691055984962325,0.0,0.0178782435103688,0.2949932162507939,0.2857004911070195,0.4050141379606325,0.0,0.0,0.0,-0.8615809316179419,-0.7180348155248506,0.0,0.0,-0.7703983112340604,0.0,0.0,0.0,0.0,0.0,0.0,0.0,0.0428503361696589,0.0,0.0,0.0,0.0,-0.1529872284224937,-0.3196691165798412,-0.0680774094675674,0.0563007080046401,0.0,-0.4622597696866645,-0.4711436590900125,0.0,-0.0360222928824225,0.0,-0.0557139096586473,-0.405391322199335,0.0067402658158354,-0.132133433649718,0.0,0.0877249162204215,0.0,0.3178630953290008,0.0148080605085683,0.0,0.0
174,0.0444552277136744,0.183199623443542,-0.536035365460448,0.0937840073612772,0.0,-0.4419203879246707,1.3766243179324058,0.7560873450116959,0.0,0.0,0.0,0.0,0.0,0.0,0.0239462484763005,0.0,0.0,0.1826824497753466,0.2194264500593619,0.0094903240859049,0.0,0.0,-0.0667642989309917,0.0,0.0,0.2138617798894276,0.0543883386445919,0.0,0.0,0.1731815582344634,0.0,0.0102488916602069,0.503454995348379,0.6612705804638143,0.0,-0.1188115371735412,-0.8839395284371117,-0.7938187995794646,0.447242450328443,0.0327779200059972,1.2287833300328,0.0171745149069836,0.0786365338452678,0.0,0.0237593816223269,0.4023417663553956,0.3028469684595807,0.3631349435993316,0.0,0.0,0.0,-0.8593759256813107,-0.7456827520054876,0.0,0.0,-0.7676744132301793,0.0,0.0,0.0,0.0,0.0,0.0,0.0,0.0522345664544456,0.0,0.0,0.0,0.0,-0.1676765370359517,-0.3023046740417215,-0.0757443643787872,0.0501828998120002,0.0,-0.4562370636288962,-0.4274939819323152,0.0,-0.0463980387206732,0.0,-0.0559788481591677,-0.4017115188596541,0.0,-0.1269216530369172,0.0,0.0857975650536815,0.0,0.3037510243530933,0.012636604828618,0.0,0.0
175,0.045642287451668,0.1691485806240323,-0.5270471914520046,0.1036240039482479,0.0062803224834986,-0.447989567783447,1.3327448141040714,0.7275509529768711,0.0,0.0,0.0,0.0,0.0,0.0,0.0168096373928209,0.0,0.0,0.1716639249585493,0.2263740431747184,0.0167448616432269,0.0,0.0,-0.0612656647166661,0.0,0.0,0.1766577880301073,0.0348513992742311,0.0,0.0,0.204212223475004,0.0,0.0086016114923187,0.4745797292511706,0.6704156631808291,0.0,-0.0902072975771292,-0.8799172115703513,-0.7944705090625019,0.45138300212102,0.0756338580539016,1.1704604345739589,0.0135410479381758,0.1109435648138374,0.0,0.0330409433096341,0.4972657188081618,0.322347659169229,0.3232694242443746,0.0,0.0,0.0,-0.8551195519138428,-0.773797927253073,0.0,0.0,-0.760950342538694,0.0,0.0,0.0,0.0,0.0,0.0,0.0,0.0673739395524601,0.0,0.0,0.0,0.0,-0.1814673469398535,-0.2921676566899007,-0.0773377970964452,0.047266186057963,0.0,-0.4599976330254735,-0.3876343687247596,0.0,-0.0447363970354825,0.0,-0.0566638938737401,-0.3998348815875172,0.0,-0.1304714335243366,0.0,0.0832977354635646,0.0,0.3013051063951047,0.0115286765758027,0.0,0.0
176,0.034676173665725,0.161365460674777,-0.5197712540111975,0.1098129743111586,0.0095208807648313,-0.4537998683675907,1.2708393754931904,0.7421125759791812,0.0,0.0,0.0,0.0,0.0,0.0,0.0109967740632903,0.0,0.0,0.1716307022837992,0.2393579248987683,0.0125738554260249,0.0,0.0,-0.0451801760384548,0.0,0.0,0.1493816628572498,0.0224834318059482,0.0,0.0,0.2343510109268902,0.0,0.0102914987564299,0.432331327495857,0.6674613813731671,0.0,-0.0712139152800131,-0.8755175845165191,-0.7952393283015408,0.4645117298120556,0.153585361831866,1.0481612393148894,0.0104332374557169,0.147028238344749,0.0,0.0415673261808326,0.4835219053539314,0.3343076709680833,0.2769326592165984,0.0,0.0,0.0,-0.85275141337929,-0.800432902532466,0.0,0.0,-0.7485615328599478,0.0,0.0,0.0,0.0,0.0,0.0,0.0,0.0580239129457571,0.0,0.0,0.0,0.0,-0.2039398237654408,-0.2762883335404343,0.1864310375652858,0.0474708866173197,0.0,-0.4689687139658404,-0.3622249353531914,0.0,-0.044021804717315,0.0,-0.0615238818235568,-0.407497514895163,0.0,-0.1348719510509275,0.0,0.0777598911652642,0.0,0.3038325244964465,0.0089685272402564,0.0,0.0
177,0.0245951161636145,0.1560465339511025,-0.5141736679959101,0.1134143003241613,0.0222684239357482,-0.4461673876213535,1.2968077599120125,0.7635857836026805,0.0,0.0,0.0,0.0,0.0,0.0,0.0,0.0,0.0,0.1798148779995167,0.2585493098929983,0.0091145661561165,0.0,0.0,-0.032071582997052,0.0,0.0,0.1210924797283566,0.0154409150603245,0.0,0.0,0.2587638959545508,0.0,0.0114608784789398,0.3888669526673227,0.665304413691754,0.0,-0.0580894135719237,-0.8706291039715981,-0.7961444055954205,0.470908417029232,0.2292169645217574,1.0374253599063898,0.0079567232587615,0.1864191569763022,0.0,0.0503324834554136,0.4701453870214466,0.350736534483562,0.2287916847195635,0.0,0.0,0.0,-0.850523790015628,-0.8249876030518839,0.0,0.0,-0.7367015263996153,0.0,0.0,0.0,0.0,0.0,0.0,0.0,0.0470635284596007,0.0,0.0,0.0,0.0,-0.2178757934896523,-0.2459994613727966,0.2932831743812508,0.0471296450789694,0.0,-0.478948414522241,-0.3432324600727032,0.0,-0.0413470976135051,0.0,-0.0570475474437329,-0.4214069249484394,0.0,-0.1385942445488414,0.0,0.0708895713969891,0.0,0.3234090591396298,0.0064938654537618,0.0,0.0
178,0.0195128724348604,0.1690215709444483,-0.5015769177166222,0.1152401680579843,0.0197785507384157,-0.4375027824437876,1.3113986940964342,0.775784968804848,0.0,0.0,0.0,0.0,0.0,0.0,0.0,0.0,0.0,0.1881636507044071,0.272886924021925,0.006341508134622,0.0,0.0,-0.0254387005427615,0.0,0.0,0.1007081267976786,0.008208070492641,0.0,0.0,0.2542211600345332,0.0,0.0118794864981803,0.3501459702100281,0.665489559723634,0.0,-0.0567445800189709,-0.8667089613643761,-0.7942276868131234,0.4792241544839898,0.3116861019151984,1.0236955363436109,0.0057898315838184,0.1848603768718879,0.0,0.0578780320804995,0.4468498953899834,0.3529493609249405,0.1878605042843303,0.0,0.0,0.0,-0.8440249044103292,-0.8399739616664595,0.0,0.0,-0.7233758520903028,0.0,0.0,0.0,0.0,0.0,0.0,0.0,0.0389293700372457,0.0,0.0,0.0,0.0,-0.22399734447626,-0.2157226073782384,0.3975344340922877,0.045005172967054,0.0,-0.4870587694316107,-0.3410462156140985,0.0,-0.0335845802913681,0.0,-0.0579575823574989,-0.432366138262954,0.0085193672326764,-0.1463066156898903,0.0,0.0631115148359433,0.0,0.3528897258745999,0.0,0.0,0.0
179,0.013208871888508,-0.1336821402068144,-0.4888073213980978,0.1129200612260417,0.0129060084495666,-0.4241384735662187,1.3242207448504952,0.8448106318067014,0.0055460055317034,0.0,0.0,0.0,0.0,0.0,0.0,0.0,0.0,0.1898881370445466,0.2775135364364547,0.0,0.0,0.0,-0.0161532439956246,0.0,0.0,0.0743930454761944,0.0,0.0,0.0,0.1791981820744949,0.0,0.0114608784789398,0.3267510693738486,0.6678221257933312,0.0,-0.0685732287660448,-0.864190003037256,-0.7890033257464488,0.562777289738569,0.3993666409541508,1.0134429074235385,0.0,0.2242084169903752,0.0,0.0639275890704784,0.4506780330196867,0.3481197374877183,0.1614125739029692,0.0,0.0,0.0,-0.8375202879056672,-0.840902379174805,0.0,0.0,-0.7113637063818126,0.0,0.0,0.0,0.0,0.0,0.0,0.0,0.0340165973581484,0.0,0.0,0.0,0.0,-0.2271043745325397,-0.2007819650277284,0.5371102888011481,0.0442468608922846,0.0,-0.501902126261122,-0.3456059989760373,0.0,-0.0237655196816149,0.0,-0.0616855387645246,-0.444760929502187,0.009274631123623,-0.1537450814305929,0.0,0.0706405922029629,0.0,0.3466802896202813,0.0,-0.0130111622451954,0.0
180,0.0126435229668445,-0.1691156780341924,-0.4802939542457613,0.1003778290841176,0.0169846063606427,-0.4220930015485452,1.356798932527636,0.913768154084729,0.0071291642819155,0.0,0.0,0.0,0.0,0.0,0.0,0.0,0.0,0.1945086526445841,0.2772740880641479,0.0,0.0,0.0,-0.0116470898437186,0.0,0.0,0.0546032707434928,0.0,0.0,0.0,0.1360381364882262,0.0,0.0102914987564299,0.2993538278141717,0.6633271000343572,0.0,-0.0927347000389688,-0.8626895691732903,-0.7845143199528765,0.4961163630927933,0.4811903795218606,0.9973784608571842,0.0,0.2844012310159085,0.0,0.0676989613963862,0.4625593861553851,0.3362266552956575,0.1375390314601289,0.0,0.0,0.0,-0.83255647473901,-0.8337026303730011,0.0,0.0,-0.7025249281467462,0.005638801227609,0.0,0.0,0.0,0.0,0.0,0.0,0.0225126363556122,0.0,0.0,0.0,0.0,-0.2323815144584023,0.3522013601711529,0.6101917779526129,0.0415844364829548,0.0,-0.5198369681983935,-0.3630835119601253,0.0,-0.0109525345626873,0.0,-0.0556036291322879,-0.4561686223309255,0.0106591371488647,-0.1597372631282491,0.0,0.0617859899536272,0.0,0.2558100697771822,0.0,-0.0263798669573548,0.0
181,0.0171656569447951,-0.1852223980393417,-0.4662828257163332,0.0887906512189846,0.0255467493291544,-0.4180716102100038,1.4092778059962845,0.9684154734392424,0.0085297720557639,0.0,0.0,0.0,0.0,0.0,0.0,0.0,0.0,0.1943020659401187,0.2587032177610334,0.0,0.0,0.0,-0.0230315458670817,0.0,0.0,0.0244122727123136,0.0,0.0,0.0,0.1091924094810997,0.0063853894624903,0.0092329397361665,0.2831701996579642,0.652986373711017,0.0,-0.1072729118492167,-0.8627054937379617,-0.7788096132294492,0.4987261088631758,0.5443036708691702,0.9854767131509,0.0130390634679766,0.2682354861510747,0.0,0.0678375264465234,0.4704289184026592,0.3284986787537321,0.1170940331963933,0.0,0.0,0.0,-0.8299194877023646,-0.8119440837636297,0.0,0.0,-0.7004728032696561,0.0095769107619003,0.0,0.0,0.0,0.0,0.0,0.0,0.0259923513570586,0.0,0.0,0.0,0.0,-0.2286468011463072,0.31797375663946,0.6009846153961323,0.0454096718887359,0.0,-0.5356046858447379,-0.3903064781984864,0.0,0.0,0.0,-0.0503718516381409,-0.4658730253556815,0.015305801237547,-0.1612293393524379,0.0,0.0408700863461624,0.0,0.1965779651509052,0.0,-0.0181397297255024,0.0
182,0.0233271473172719,-0.1726515672709791,-0.453455936571413,0.077657983297699,0.0348879823043194,-0.4120045922806883,1.4126564053596578,1.0064216478238015,0.0,0.0,0.0,0.0,0.0,0.0,0.0,0.0,-0.0063987301448278,0.1805789458910313,0.1949168052991087,0.0,0.0,0.0,-0.0234691791818939,0.0,0.0,0.0211818514523073,0.0,0.0,0.0,0.0992644639589944,0.0058420994411141,0.0108079204139481,0.2915512570832607,0.6380401282893898,0.0,-0.1254051332200133,-0.8650725265433366,-0.7722714957584679,0.4678592223272833,0.5575322359564852,1.0463970372092142,0.0194557920282805,0.2606915285049301,0.0,0.0618201734047712,0.4810172478979276,0.3319174482157626,0.1025756049505166,0.0,0.0,0.0,-0.8296368084555801,-0.7764161361014851,0.0,0.0,-0.7057691027479256,0.0097079836182284,0.0,0.0,0.0,0.0,0.0,0.0,0.0279681482734151,0.0,0.0,0.0,0.0,-0.2331493479169726,0.2790700257745695,0.5956437921115033,0.0585690886518835,0.0,-0.5439040418426152,-0.4305050499667746,0.0,0.0,0.0,-0.0471474545276976,-0.4728958755151699,0.0196573745767569,-0.1551872222468445,0.0,0.0288153560066377,0.0,0.1602547684874677,0.0,0.0,0.0
183,0.0354879116997661,-0.1584199023869595,-0.4437551153265326,0.0694523494415742,0.0432530719820207,-0.4023732134914982,1.4292163749731486,1.04180365001008,0.0,0.0,0.0,0.0,0.0,0.0,0.0,0.0,-0.037123526104929,0.165293492055595,0.1825683157136123,0.0,0.0,0.0,-0.0305381031966651,0.0,0.0,0.019134066677921,0.0,0.0,0.0,0.1138343093919906,0.0071179146763329,0.0179911476322669,0.3064250651405187,0.6280175903648472,0.0,-0.1423834142371074,-0.8686325560576287,-0.7655830128939188,0.4328396917105048,0.5763074750814575,1.079607214937121,0.0378849072926181,0.2654835407901729,0.0,0.0425601235602185,0.5090597669739005,0.3283306871383276,0.0890324175621147,0.0,0.0,0.0,-0.8251780974436939,-0.7325137486038683,0.0,0.0,-0.7161900150489663,0.0099167017545309,0.0,0.0,0.0,0.0,0.0,0.0,0.0280465275719322,0.0,0.0,0.0,0.0,-0.2245611426334776,0.2357334567034797,0.5786612589361279,0.0832512023822786,0.0,-0.550068860111263,-0.4694055382460456,0.0,0.0,0.0,-0.0454494805418851,-0.4800586518436427,0.0237135359380211,-0.1502345761951969,0.0,0.0220294454296878,0.0,0.1398126527286703,0.0,0.0,0.0
184,0.0377321819736093,-0.1312245980729331,-0.4395979754984512,0.0670133960855846,0.0510246641366688,-0.3986279284156323,1.4423840970288524,1.0434852421035266,0.0,0.0,0.0,0.0,0.0,0.0,0.0,0.0,-0.0664339878118814,0.1635418975797717,0.171765778536788,0.0094698167019647,0.0,0.0,-0.0339493021189227,0.0,0.0,0.0162102062310872,0.0066743653756075,0.0,0.0,0.1432845194179583,0.0089718314598724,0.0269467392094901,0.3141214617635536,0.666150829723341,0.0,-0.1544035921387196,-0.872613842479347,-0.7587591197719575,0.4006805453571226,0.5475036648606385,1.072063077542815,0.042981376164144,0.250609626034326,0.0,0.0282920832199954,0.5433156045233358,0.346988262634492,0.0818309466791309,0.0,0.0,0.0,-0.8211481191998665,-0.6819301634623333,0.0,0.0,-0.7307448473474909,0.0099670288973129,0.0,0.0,0.0,0.0,0.0,0.0,0.0262113035943253,0.0,0.0,0.0,0.0,-0.2308377455001702,-0.1044748913261354,0.5778043126363305,0.1238682239982679,0.0,-0.5571346849046954,-0.5046682720848601,0.0,0.0,0.0,-0.0391771858931934,-0.4894460638577698,0.0268940550300164,-0.1436564133953851,0.0,0.0146925468479872,0.0,0.1204953861557445,0.0,0.0,0.0
185,0.0178310382629177,-0.099712006876441,-0.4412365377685696,0.0665619376458412,0.0572854104595273,-0.4085340292100344,1.464391079720749,1.017443934090926,0.0,0.0,0.0,0.0,0.0,0.0,0.0,0.0,-0.0864117492170482,0.1588329262559213,0.1906284622833661,0.017651819272614,0.0,0.0,-0.0428180328043812,0.0,0.0,0.0128702137520995,0.0085796249153072,0.0,0.0,0.1845203047126501,0.008742503247069,0.0392730138972082,0.3132544574856679,0.5804111266934061,0.0,-0.1629734503252839,-0.8778402543832007,-0.7540364520084694,0.366787139751907,0.5032054798442442,1.0609367965683472,0.0406127014640612,0.218099946452803,0.0,0.0234314922530627,0.5949630103650789,0.3619287960596287,0.0733770141304955,0.0,0.0,0.0,-0.8183487270388511,-0.6294007589965681,0.0,0.0,-0.7477631014783532,0.0102064186441373,0.0,0.0,0.0,0.0,0.0,0.0071775299176907,0.0228290473469122,0.0,0.0,0.0,0.0,-0.2312216443003611,-0.094343106174564,0.5820069094672753,0.1879346679216984,0.0062029906420004,-0.5566722933093903,-0.5406597867573075,0.0,0.0,0.0,-0.0296709337205484,-0.4902716361927844,0.0286985538603317,-0.1375026548828658,0.0,0.0093917354524942,0.0,0.0975931531785949,0.0,0.0,0.0157221980006002
186,0.0116070281832053,-0.0727554245922025,-0.445456810109007,0.0575243071519463,0.0533914569203087,-0.4123844356576084,1.452445759165682,0.9671251218602288,0.0,0.0,0.0,0.0,0.0,0.0,0.0,0.0,-0.1042849850932004,0.1541198242485547,0.1816783266823289,0.0289887393567437,0.0,0.0,-0.0495467377647281,0.0,0.0,-0.0173886344925026,0.0102651926589999,0.0,0.0,0.2232184729325183,0.0079703909298713,0.0681038913105811,0.282019811896968,0.540018162962806,0.0,-0.167934495618394,-0.8839535543902417,-0.7513347117660885,0.3581957027627739,0.4450967413161031,1.068007589223071,0.0382274370781077,0.1809343161344903,0.0,0.0176759988570305,0.6339281508998096,0.3672277746704876,0.0649767985085121,0.0,0.0,0.0,-0.8152572840175639,-0.5776095655895854,0.0,0.0,-0.7652161622793571,0.0099940028785458,0.0,0.0,0.0,0.0,0.0,0.0184334403916707,0.0186581782611455,0.0,0.0,0.0,0.0,-0.2304697539775527,-0.0899770600794632,0.5837064865100633,0.2863593321310071,0.0145726659878553,-0.5581017030711267,-0.5798347676555216,0.0,0.0,0.0,-0.0261294403652459,-0.4935472176665115,0.0290424809416375,-0.1245483942940656,0.0,0.0090607905269201,0.0,0.0812289968044824,0.0,0.0,0.0366341821774462
187,0.0099452130984957,0.1260354278058587,-0.4551679458864003,0.0365037526936726,0.0473701385592612,-0.4225186093538234,1.3596331552081342,0.9033762981987742,0.0,0.0,0.0,0.0,0.0,0.0,0.0,0.0,-0.1243315414790186,0.1546702124020475,0.1537674964329697,0.0554022744803561,0.0,0.0,-0.0521926886421659,0.0,0.0,-0.027391485387673,0.0114315833302899,0.0,0.0,0.2587304929403437,0.0070349171626207,0.1049742144513315,0.2543616889019739,0.5046182078809409,0.0,-0.1601796234228888,-0.8880491883302049,-0.7514968776664983,0.2990036421761153,0.3899905131224633,1.075891934690936,0.0351169249146612,0.1383143382364803,0.0,0.0121587729689635,0.6780049243762809,0.398702309174997,0.0556546694665876,0.0,0.0,0.0,-0.8036984301695663,-0.5218954040109721,0.0,0.0,-0.7877501432843727,0.009732216721228,0.0,0.0,0.0,0.0,0.0,0.0187696860153898,0.0142208608710478,0.0,0.0,0.0,0.0,-0.2329948221781287,-0.087319077582127,0.6021728570605496,0.3904004541459754,0.0251068699726908,-0.5551024279342899,-0.6146251143469782,0.0,0.0,0.0,-0.0126174162322518,-0.5005960124233103,0.0276230512491959,-0.1225031746764719,0.0,0.0081362972839667,0.0,0.0670334528267629,0.0,0.0,0.0327182023839241
188,0.0080320386628213,0.126210041423094,-0.4739488915803787,0.0144116993673453,0.0434247001540978,-0.4312265372751798,1.2731329687136292,0.8267675923489988,0.0,0.0,0.0,0.0,0.0,0.0,0.0,0.0,-0.140951596832774,0.1369883481219017,0.1485685611953484,0.0877978154381221,0.0,0.0,-0.0625690075173783,0.0,0.0,-0.0361325680091472,0.0118491213456757,0.0,0.0,0.2829517712861431,0.008239145083295,0.1437141543502279,0.2433510891154929,0.4793783550266622,0.0,-0.1592815681049196,-0.8915640717663944,-0.7538973649991824,0.3565818537041095,0.3423883922844256,1.0872688255905885,0.030482737593699,0.1018747575472544,0.0,0.0059963902383363,0.7171311642958101,0.4179650708607097,0.0444858707617729,0.0,0.0,0.0,-0.7886171762398594,-0.4727688307749416,0.0,0.0,-0.8001783098429404,0.0092689123138164,0.0,0.0,0.0,0.0,0.0,0.0175046417142618,0.0101837049938859,0.0,0.0,0.0,0.0,-0.2370167662546388,-0.0784089441003247,0.6393147064232627,0.3818805920103201,0.0345851814806236,-0.5594241462518759,-0.6433003860277631,0.0,0.0,0.0,0.0,-0.4956003431102541,0.0248328665872143,-0.1181261653182917,0.0,0.006800298953441,0.0,0.0573975674768404,0.0,0.0,0.0276589456207723
189,0.0094969063431134,0.1149177178082033,-0.501170354647912,0.0140191802508675,0.0430493176213031,-0.4357763456705582,1.166320852488444,0.7620720626213878,0.0,0.0,0.0,0.0,0.0,0.0,0.0,0.0,-0.1525709046951526,0.1225794758784023,0.1623460203175529,0.0995167920758534,0.0,0.0,-0.054124133775338,0.0,0.0,-0.0307144635635783,0.0114315833302899,0.0,0.0,0.2893298563283175,0.0090465380979622,0.1284081673932581,0.2240054241767511,0.4802123330723535,0.0,-0.1600330758431961,-0.8955769941736818,-0.7575061005624983,0.4352879213744955,0.3040157296789514,1.1379775892194153,0.0289602971624337,0.104953449461479,0.0,0.0,0.7619875857389713,0.4462110993917199,0.0340762545893627,0.0,0.0,0.0,-0.7715347801763135,-0.4321178448710807,0.0,0.0,-0.8108535396932771,0.0086672449844507,0.0,0.0,0.0,0.0,0.0,0.0165601608755004,0.0069094024598683,0.0,0.0,0.0,0.0,-0.2474554672216251,-0.0865487440863967,0.6743102269808928,0.3716371456332453,0.0287308310467349,-0.5631679813764522,-0.6652409167324286,0.0,0.0,0.0,0.0,-0.4928854687387983,0.0192935200075521,-0.1188788005018898,0.0,0.0052901706457643,0.0,0.0469384473037484,0.0,0.0,0.0221690997918952
190,0.0116113347691069,0.1080649125849532,-0.5207291692866217,0.0227896939564431,0.0456544423313686,-0.444981129897001,1.0883289655039563,0.7050529227565667,0.0,0.0,0.0,0.0,0.0,0.0,0.0,0.0,-0.1561801795412759,0.1121961885294596,0.13669739032009,0.1118087248737948,0.0,0.0,-0.0423188563661063,0.0,0.0,-0.0279226806331704,0.0102651926589999,0.0,0.0,0.2790724668361077,0.0092901678740176,0.100885083350843,0.2386886182759868,0.483688892446418,0.0,-0.1546445062155938,-0.8979686026420182,-0.7622039166443265,0.5201647508206642,0.2714136108448235,1.1784577874776232,0.036596843196593,0.1203652865492584,0.0,0.0,0.7772011834493304,0.4553816750999297,0.0254664834028176,0.0,0.0,0.0,-0.7512520564572929,-0.3922732060571035,0.0,0.0,-0.8172357768760778,0.007726289336112,0.0,0.0,0.0,0.0,0.0,0.0157739295919022,0.008263931763507,0.0,0.0,0.0,0.0,-0.2468663689997544,-0.0839733265084824,0.710302023342836,0.3697292904189973,0.0607046135382816,-0.5686028728399904,-0.6891708944616112,0.0,0.0,0.0,0.0,-0.4987923054939229,0.0,-0.1189349062907652,0.0,0.0,0.0,0.0372130351685349,0.0,0.0,0.0225468564391407
191,0.0140690156723123,0.0794886292099693,-0.5325912799926802,0.03560177672426,0.0429374983675893,-0.4508861016780265,0.9912407054655014,0.6457480245397672,0.0,0.0,0.0,0.0,0.0,0.0,0.0,0.0,-0.1548310124702316,0.1065817724474525,0.1094507094156758,0.1249613649203024,0.0,0.0,-0.0402192208350831,0.0,0.0,-0.0213418144846206,0.0085796249153072,0.0,0.0,0.254013385328424,0.0089083572615932,0.0855622649138565,0.2033036818108009,0.4982043494251665,0.0,-0.1462884019531048,-0.8988083843660322,-0.7670121479144535,0.6035075312385717,0.2437082981239596,1.2094324585384912,0.0266164824028777,0.1255280199823291,0.0,0.0,0.7553911021984309,0.4567289964397814,0.0167453790655204,0.0,0.0078307357000079,0.0,-0.7280545262182616,-0.3671629350661027,0.0,0.0,-0.8215804928186049,0.0070079878132019,0.0,0.0,0.0,0.0,0.0,0.0151125929114611,0.009676153108707,-0.0040777740333135,-0.0040777740333135,0.0,0.0,-0.2415622062104098,-0.0905360114982894,0.7503495109894996,0.3626636806960486,0.1180912059129599,-0.5769145103488571,-0.7038092130008883,0.0,0.0,0.0,0.0,-0.4894305220559888,0.0067262866029193,-0.1245154339209644,0.0,0.0,0.0,0.0302146008254229,0.0,0.0,0.0233422564508591
192,0.0164223274843292,0.0685197884124755,-0.5387788774875688,0.0339583605978331,0.0314291034307633,-0.4619964738993712,0.9370388789431752,0.6166336413815644,0.0,0.0,0.0,0.0,0.0,0.0,0.0080026153664571,0.0,-0.152970131677953,0.1029153508384548,0.0986088210196223,0.1348226805251176,0.0,0.0,-0.0217817897487841,0.0,0.0075362788765796,-0.0073773855212926,0.0066743653756075,0.0,0.0,0.2272728775379604,0.0079085447551331,0.0739897986482828,0.163547048891667,0.5255483672838962,0.0,-0.1427849459909451,-0.8992225794101412,-0.7717022044769793,0.6561256086992309,0.2436316118027094,1.2184926465457029,0.0165787431408217,0.1423958758631688,0.0,0.0,0.7280396624359244,0.4428326230750618,0.0111713463347182,0.0,0.0201402393172324,0.0,-0.7062038988371393,-0.3377065172287187,0.0,0.0,-0.8223374199348988,0.005848901182405,0.0,0.0,0.0,0.0,0.0,0.0143397466821848,0.0107756136931193,-0.0335071439426488,-0.0335071439426488,0.0,0.0,-0.2391095338795,-0.1047991069282494,0.7442653300636891,0.3194559915592891,0.1473033758273472,-0.594484035552409,-0.7131144043979761,0.0,0.0,0.0,0.0,-0.4738477948438517,0.008535186505792,-0.1322754805424693,0.0,0.0,0.0,0.0233769783056561,0.0,0.0,0.025472993558834
193,0.011795409989502,0.0623211928719383,-0.5496573496424606,0.0346406492493947,0.0238043621873447,-0.4686521802419683,0.8856161949504489,0.6042449766365418,0.0127624327004274,0.0,0.0,0.0,0.0,0.0,0.0140370188400903,0.0,-0.1470906739687528,0.1034326054888381,0.1056672377209919,0.1424776443456208,0.0,0.0,-0.0120405662160929,0.0,0.0114618865252378,0.0,0.0,0.0,0.0,0.2024006000355899,0.0066099439025602,0.056719534032365,0.1265601905668637,0.5599805662959806,0.0053455426744652,-0.1324182870359593,-0.8993376412635761,-0.7776301186059477,0.6495877527703299,0.2437892518687443,1.22399627548236,0.0174721611583483,0.1229672490066475,0.0,0.0,0.6975513923048131,0.4308945538006338,0.0069444294807502,0.0,0.0167308335420968,0.0,-0.691043520523351,-0.3068368121481361,0.0,0.0,-0.8109105829827877,0.0,0.0,0.0,0.0164590886764388,0.0,0.0,0.0124640392881986,0.0111691924499717,-0.038862095894125,-0.038862095894125,0.0,0.0,-0.2326018064611112,-0.1148426638961502,0.7224383177470898,0.3077833009699431,0.1601567055867117,-0.6189299362682333,-0.715200969100549,0.0,0.0,0.0,0.0,-0.4636550771023636,0.0054295527950214,-0.1346675181664054,0.0,0.0,0.0,0.0170202512637608,0.0,0.0,0.0304617096244018
194,0.0184288412233235,0.0575305052370903,-0.5477365870618799,0.0395947833763546,0.0150431269836989,-0.468589107568847,0.9068532789688374,0.6006423587552482,0.0147590286817278,0.0,0.0,0.0,0.0,0.0,0.0194763207883826,0.0,-0.1456072252758141,0.1116526414022503,0.1255457614845213,0.1918687619057875,0.0,0.0,-0.0047047221373694,0.0,0.016297284926263,0.0,0.0,0.0,0.0,0.1920705671532646,0.0,0.0511078432661623,0.0890935911686665,0.608288504588787,0.0,-0.1240120080430407,-0.8978494572136722,-0.7834565615918363,0.655347004121959,0.2394900755442486,1.2235953619828113,0.0182638327621279,0.1039603896401401,0.0,0.0,0.6534257507595403,0.4340984279344025,0.0061784407797689,0.0,0.0117121888825322,0.0,-0.6724263925469554,-0.2958188253399709,0.0,0.0,-0.7990760191789099,0.0,0.0,0.0,0.0419270876255565,0.0,0.0,0.009210712929945,0.0107756136931193,-0.029021346487256,-0.029021346487256,0.0,0.0,-0.2210140099459049,-0.1134757314482313,0.6528555440527001,0.238698799653891,0.1317605910249489,-0.6376375207185008,-0.7132217414754718,0.0105721109101308,-0.0146370742233412,0.0105721109101308,0.0,-0.457369748600741,0.0,-0.1359557079453452,0.0,0.0,0.0,0.0177061487327312,0.0,0.0,0.0381425080177116
195,0.0189362276227142,0.0519579970094113,-0.528647585190545,0.0440823700038794,0.0096787299158599,-0.4678167558456124,0.9427164892038438,0.6166851372309708,0.0127912826367424,0.0,0.0,0.0,0.0,0.0,0.0252974409417984,0.0,-0.1435086803470552,0.1223343500688516,0.1536741716451395,0.2633951650847126,0.0,0.0,0.0,0.0,0.021658386162328,0.0066966646311651,0.0,0.0,0.0,0.1937539922787825,0.0,0.049814248883323,0.0645014076431911,0.6422209011544012,0.0,-0.1134514567000693,-0.8952519248548447,-0.7856872196547023,0.641439539481456,0.2364104584774159,1.2235613423924538,0.0183747296782433,0.0940785621466002,0.0,0.0,0.619720019793333,0.4247790489080291,0.0054972329416268,0.0,0.007641076138284,0.0,-0.6584857507389107,-0.2761916471963335,0.0055269897865483,0.0,-0.7833176678916833,0.0,0.0,0.0,0.0643881849733738,0.0,0.0,0.0064448390231914,0.009676153108707,-0.0075980362994807,-0.0075980362994807,0.0,0.0,-0.2092699372966105,-0.1232031468171891,0.5789047019911293,0.2224110464735421,0.1130915146074208,-0.6536952943736544,-0.7061941949448559,0.0171910024816273,-0.0378152113123776,0.0171910024816273,0.0,-0.4499402853965101,0.0,-0.1345047072927951,0.0,0.0133123339664481,0.0,0.0357272205938816,0.0,0.0,0.0454889420289286
196,0.0174990476610791,0.0525938043448146,-0.5084607066208622,0.0530411634371399,0.006183169067014,-0.4591640438931403,0.9753469464362564,0.6244972689351936,0.0103316384787838,0.0,0.0,0.0,0.0,0.0,0.0307706803572515,0.0,-0.1280733081603036,0.1307488680706347,0.1494299124246068,0.2315325962678449,0.0,0.0,0.0,0.0,0.025088911749435,0.0150586052922429,0.0,0.0,0.0,0.2058231830921454,0.0,0.0476997142782798,0.0564714414114454,0.6777253062094305,0.0,-0.1119215672287617,-0.8918659281106325,-0.7875398464311236,0.5809540294068547,0.2272088293252111,1.1885098141103507,0.0177053308948819,0.0843095586381601,0.0,0.0,0.5796706847877963,0.414360827616049,0.0057671231383993,0.0,0.0,0.0,-0.6474899374393002,-0.2706140706675297,0.0,0.0,-0.767132148513276,0.0,0.0,0.0,0.0910888485923625,0.0,0.0,0.0,0.0053122296483235,0.0,0.0,0.0,0.0,-0.1976226484616721,-0.1294491893942985,0.5570058821625883,0.2615337600564082,0.0949170795735456,-0.6700733349259606,-0.6932711775566517,0.016849434891189,-0.0526788295825284,0.016849434891189,0.0,-0.4399400509209344,0.0,-0.1314137466236258,0.0,0.013911743024921,0.0,0.0562706325809166,0.0,0.0,0.0500831105039808
197,0.0150700929086465,0.0512593558661459,-0.4867948135538794,0.0607381955427681,0.0,-0.4540701188448617,1.047218389576154,0.635530927421758,0.0077771631965997,0.0,0.0,0.0,0.0,0.0,0.0350613542037265,0.0,-0.1289782648485186,0.1370932830596238,0.1669756998098796,0.2191259091925915,0.0,0.0,0.0,0.0,0.0268091677851948,0.0320454780324207,0.0,0.0,0.0,0.2359152850426441,0.0,0.0434819848755517,0.0446094998194273,0.7105126339655535,0.0052671323416214,-0.1062457837640384,-0.8879499752902031,-0.7889945117032832,0.5124885612585368,0.2201698645476349,1.126918155045667,0.0154594595955684,0.0850509027705104,0.0,0.0072502434733456,0.5467376701086719,0.3968574593635101,0.0062852886050629,0.0,0.0,0.0,-0.6421051204996306,-0.2746054905109202,0.0,0.0,-0.7499584889748127,0.0,0.0,0.0,0.07159928585933,0.0,0.0,0.0,0.0,0.0,0.0,0.0,0.0,-0.1849538834082553,-0.1340662620561484,0.5338384566312562,0.2400099616533215,0.0755039387776273,-0.687233181312063,-0.6797734980587009,0.0155670927105209,-0.058920259104887,0.0155670927105209,0.0,-0.4298876953979498,0.0,-0.1267332271805067,0.0,0.0151564015165498,0.0,0.0990150734859522,0.0,0.0,0.0517879392678447
198,0.0120949607265221,0.0513139468586031,-0.4690216494176903,0.0691494986866298,0.0,-0.4519031708667922,1.106872120486741,0.645331043372682,0.0054559054449552,0.0,0.0,0.0,0.0,0.0,0.0374345697680263,0.0,-0.1215298216004197,0.1418322208536171,0.1856254772251078,0.2295767120737385,0.0,0.0,0.0,0.0,0.0266977159506273,0.0582437181599785,0.0,0.0,0.0,0.2882406326887697,0.0059307268513552,0.037686500752815,0.0413636929186947,0.6906751869875731,0.0,-0.0986698861654565,-0.8838709969382386,-0.7901182023635508,0.4236882927335406,0.2219424714153791,1.083284720468948,0.0135611317897691,0.0934333315150141,0.0,0.0148767787460141,0.5376511256436339,0.4038679489862748,0.0062465226005118,0.0,0.0,0.0,-0.6332078542594577,-0.2890184725194109,0.0,0.0,-0.7381093456442648,0.0,0.0,0.0,0.0664648012867429,0.0,0.0,0.0,0.0,0.0,0.0,0.0,0.0,-0.1666704828636448,-0.1392647387576388,0.5078936847211725,0.2197474419553897,0.0556273750127047,-0.6942265330972438,-0.6665431983241261,0.0140759081277302,-0.0681135841688632,0.0140759081277302,0.0,-0.4193353365006536,0.0,-0.1167920052929824,0.0,0.0381080754969766,0.0,0.1594085698172723,0.0,0.0,0.0601281327945591
199,0.0090465950285648,0.0604442737817106,-0.4454778346450996,0.0770519936310882,0.0,-0.4446404463954505,1.0973711436926368,0.6576946781611641,0.0,0.0,0.0,0.0,0.0,0.0,0.0374599079969599,0.0,-0.1104950870873541,0.14544674149948,0.2058189366146411,0.250172165802674,0.0,0.0,0.0,0.0,0.0247775715232819,0.0494432281917155,0.008187241115079,0.0,0.0,0.3291633945460707,0.0094546359295011,0.0304543195780119,0.0477948835772884,0.5774774578762232,0.0,-0.0973352890721337,-0.8774592004249198,-0.7910158168431294,0.3453427832181333,0.2260584452116885,1.0381226137785946,0.0110846754814034,0.0966620814172792,0.0,0.0188921181405728,0.5347779503293483,0.3741509024535351,0.0,0.0,0.0062950842446333,0.0,-0.6264602142880131,-0.3114570537814173,0.0,0.0,-0.7277659668369504,0.0,0.0,0.0,0.0651462432656453,0.0,0.0,0.006891507384698,0.0,0.0,0.0,0.0,0.0,-0.1522443954432011,-0.1495136882195356,0.475477402720543,0.2059411787622747,0.045200763557723,-0.6916437927351655,-0.6569970209123694,-0.0273984677765384,-0.0728441079687153,-0.0273984677765384,0.0,-0.4159793655678785,0.0,-0.0883148696895283,0.0,0.0542263574062678,0.0,0.2283439480845816,0.0,0.0,0.0907677288533729
200,0.0146502647597583,0.0702566675872039,-0.424274736795544,0.0843407436579519,0.0,-0.4300477054919623,1.0704694118637852,0.6720993233584981,0.0,0.0,0.0,0.0,0.0,0.0,0.0351380822052975,0.0,-0.0977551171790297,0.1479402120760654,0.2243930158890321,0.2161571022522913,0.0,0.0,-0.0148595581834273,0.0,0.0214309010676729,0.0123855363975727,0.0161490473390129,0.0,0.0,0.3208996517014846,0.0142130437678831,0.0233608845691861,0.0634637637367489,0.5329125345239183,0.0,-0.1021070187500362,-0.8714990628474886,-0.790106125563904,0.27540189140762,0.2310612002325119,1.028547379514442,0.0084423323367745,0.0939866976728934,0.0,0.0199833582666658,0.5332877411902098,0.2998570228865347,0.0,0.0,0.0,0.0,-0.6131895966920741,-0.3419643505493345,0.0,0.0,-0.7189776837061831,0.0,0.0,0.0,0.062797871923324,0.0,0.0,0.0,0.0,0.0,0.0,0.0,0.0,-0.1430676511877899,-0.1641015396297836,0.4343566839238891,0.2081390320075536,0.033126979288483,-0.6845929820235958,-0.6537188574306523,-0.0563495132285411,-0.0718618899937854,-0.0563495132285411,0.0,-0.4097644543252756,0.0,-0.061896719517086,0.0,0.0760539058530981,0.0,0.222061075043372,0.0,0.0,0.0926697799870011
201,0.015248672144329,0.0887123881679858,-0.4056567877374502,0.0906340311629968,0.0,-0.4267353412699324,1.0964410560103794,0.6778946271225745,0.0,0.0,0.0,0.0,0.0,0.0,0.030898789957008,0.0,-0.0844218285223738,0.1346117226074506,0.2351549223991942,0.1987586127103991,0.0,0.0,-0.0403040260476119,0.0,0.0193911887033864,0.0,0.0234744053485839,0.0,0.0,0.3311315111081965,0.0196685569381455,0.0167544127560585,0.0794125149563446,0.5307636030700412,0.0,-0.105368645806438,-0.8667936844199935,-0.7891482445567181,0.2219892516870564,0.2440723376485525,1.0248079072571197,0.0108659044843494,0.0863423156637559,0.0,0.0229093957831491,0.5497696168259523,0.2330690421415766,0.0,0.0,0.0,0.0,-0.5970606811803416,-0.3724770911427698,0.0,0.0,-0.7152907692358732,0.0,0.0,0.0,0.0570650788053069,0.0,0.0,0.0,0.0,0.0,0.0,0.0,0.0,-0.1310363485154738,-0.1753208061458082,0.4002704719323245,0.2696636135382466,0.0250110199307782,-0.6736423094609159,-0.6547152510983848,-0.063072676468199,-0.0632258479181701,-0.063072676468199,0.0,-0.3934705026824466,0.0058275309915283,-0.0394410582946495,0.0,0.1005624577277501,0.0,0.1611004032853958,0.0,0.0,0.0892311002782985
202,0.0203082797082395,0.0878633053612732,-0.3911130299278756,0.0934338110456949,0.0,-0.4253819897207778,1.11994559907446,0.6779445219814534,0.0,0.0,0.0,0.0,0.0,0.0,0.0254715849082551,0.0,-0.0723120867964016,0.123968806372645,0.2265319842282384,0.2138909293515195,0.0,0.0,-0.0662579807051328,0.0,0.0264333731075386,0.0,0.0313293081368127,0.0,0.0,0.3426207100537154,0.0327343989683494,0.0094414570769581,0.025074823633666,0.5328432254029853,0.0,-0.1192943948824998,-0.8639135206963733,-0.7872493072707808,0.193562071416305,0.2526281755465574,1.0568288030474962,0.0117326069920904,0.080706356664744,0.0,0.0279334487623504,0.5167473457193905,0.1711075189627012,0.0,0.0,0.0,0.0,-0.589253828634643,-0.4152747586798723,0.0,0.0,-0.7164220590209049,0.0,0.0,0.0,0.0500590149761284,0.0,0.0,0.0,0.0,0.0,0.0,0.0,0.0,-0.1341787433756482,-0.1925555117222873,0.3667353513953885,0.2710460633977368,0.0184999974872212,-0.6629225468229604,-0.6648898419903779,-0.0646398430540631,-0.0429876799375111,-0.0646398430540631,0.0,-0.3746286316571093,0.0190267121499155,-0.0102747077565131,0.0,0.1279780461282555,0.0,0.0986435397391196,0.0,0.0,0.0815877937556368
203,0.0273809781770757,0.0909051115094192,-0.3750863620988023,0.0931965434325289,0.0,-0.42612047465849,1.1571186739037334,0.6757199571626025,0.0,0.0,0.0,0.0,0.0,0.0,0.019682686374154,0.0,-0.0641868809587794,0.1153847163032169,0.1843914896496379,0.209027916256545,0.0,0.0,-0.0778262095528949,0.0,0.0200544528688973,0.0,0.0397802339301269,0.0,0.0,0.241563740500236,0.0244572119227088,0.0,0.0083852230915685,0.5419230776471885,0.0,-0.1259921126223234,-0.8620765870409217,-0.7854170817229099,0.2019558778090223,0.2542267715513039,1.0802219154404142,0.0134975881041985,0.0811317216513003,0.0,0.0338937347701668,0.4884355809418914,0.1586947438598441,0.0,0.0,0.0059223875700557,0.0,-0.58038986247932,-0.4424225909570622,0.0,0.0,-0.7209933180099461,0.0,0.0,0.0,0.0425829761260748,0.0,0.0,0.0,0.0,0.0,0.0,0.0,0.0,-0.1337136507710979,-0.2146768176937327,0.3290564536842764,0.2750982094683217,0.0187309918006791,-0.6497529843819841,-0.6769625435257799,-0.047422207239588,-0.0228679849528253,-0.047422207239588,0.0,-0.3629156494435607,0.0296218048948464,0.0,0.0,0.1562375254222515,0.0,0.0691960104092085,0.0,0.0,0.070949624049804
204,0.036555525822596,0.0817672476742121,-0.3549892715357064,0.0915942603297486,0.0,-0.4354614664933515,1.2104035363397465,0.670686967894037,0.0,0.0,0.0,0.0,0.0,0.0,0.0143512755119746,0.0,-0.0678483584754522,0.1094471595512201,0.1761798543993127,0.1950312255035706,0.0,0.0,-0.0957755467961677,0.0,0.0141976078020109,0.0,0.0479388371661273,0.0,0.0,0.1398975068376018,0.0229678708385605,0.0053885738065333,0.005760459148126,0.4998895119975954,0.0,-0.1322516111710346,-0.8606995322434385,-0.7841478266351759,0.2312025064562385,0.2458094359448396,1.0281393353774608,0.0161265630657507,0.0839744463196289,0.0,0.0417186074556875,0.4787042086068624,0.1458106590477666,0.0,0.0,0.0093160691210603,0.0,-0.5756832690878851,-0.4542540921835533,0.0,0.0,-0.7298242984871101,0.0,0.0,0.0,0.0341745267177217,0.0,0.0,0.0,0.0,0.0,0.0,0.0,0.0,-0.1342061468417001,-0.2349363001989366,0.3187616723711635,0.2825027245658918,0.0513400745861487,-0.6390473179076211,-0.6942687509836774,-0.0115362690862831,0.0,-0.0115362690862831,0.0,-0.3391706762973877,0.0418707184391121,0.0,0.0,0.1808740493542792,0.0,0.0479550128498503,0.0,0.0,0.0612098882250005
205,0.0552504109829459,0.0653847072929383,-0.3390922927336188,0.0990330110795507,0.0,-0.4445770922764525,1.1333245441293784,0.655068280556723,0.0,-0.0474782427313261,0.0,0.0,0.0,0.0,0.008710454097047,0.0,-0.0644061926544766,0.1064868910790546,0.1708145449602681,0.2185681784231082,0.0,0.0,-0.1111341233096324,0.0,0.0104739039322803,0.0,0.0566666466968545,0.0,0.0,0.0869148424195738,0.0245200072317553,0.0,0.0,0.495360719202812,0.0,-0.1416912302370752,-0.8619139251991239,-0.7832397287495176,0.2997702654239567,0.2300148846501829,0.9812429999380848,0.0135012821400417,0.0989459984842024,0.0,0.0491871187003316,0.4886480289157126,0.132365020141076,0.0064549176168529,0.0,0.0096818572162622,0.0,-0.5791388359314872,-0.4534244794140187,0.0,0.0,-0.7391573565838528,0.0,0.0,0.0,0.0258502043676417,0.0,0.0,0.0,0.0,0.0,0.0,0.0,0.0,-0.1407295606135914,-0.2636945686875945,0.3073373555478278,0.2849539450391242,0.0341775166624759,-0.6295325181525034,-0.710680317173166,0.0,0.0,0.0,0.0,-0.3160648387745536,0.0553226343847636,0.0,0.0,0.1979667033458573,0.0,0.0391976140462632,0.0,0.0,0.0507932021352315
206,0.049013805699501,0.047979951867299,-0.3285499372681544,0.1069782623722779,0.0058755135810286,-0.4515612015910705,1.0666292742975665,0.6465398548492426,0.0,-0.07669269770662,0.0,0.0,0.0,0.0058939255838109,0.0,0.0,-0.07713455002158,0.1048511300320089,0.1658588472093632,0.1998070414265368,0.0,0.0,-0.1108381775047697,0.0,0.0128519990025443,0.0059973893016831,0.0633141598941568,0.0,0.0,0.0564000740215023,0.0326695028474325,0.006150912141991,0.0,0.5330448119481067,0.0,-0.1517245458616705,-0.8645977816117383,-0.7832737202388846,0.3052167097500373,0.2095558461471803,0.929631462159106,0.0140789938120604,0.1148403637868956,0.0,0.0569245025428367,0.5307031605624214,0.1297439932977442,0.0085966873709973,0.0,0.0080920744654766,0.0,-0.5854689862960315,-0.4273286532022601,0.0,0.0,-0.7462783148867655,0.0,0.0,0.0,0.0209213792505722,0.0,0.0,0.0,0.0,0.0,0.0,0.0,0.0,-0.15380385686446,-0.2865323480429976,0.3405472465799077,0.2924116758042041,0.0151748503451455,-0.6297198654330975,-0.7295966606399951,0.0,0.0,0.0,0.0,-0.3015342738953823,0.0687539998299598,0.0,0.0,0.2132433658313038,0.0,0.0370494606257696,0.0,0.0,0.0409245401978674
207,0.0411847974173165,0.0339475198376077,-0.3162578641293874,0.1201885247840993,0.0177190763077733,-0.4550512543830993,1.0187547864798878,0.6362947488874238,0.0,-0.0947456477538733,0.0,0.0,0.0,0.0105867726767404,0.0,0.0,-0.0959356797279756,0.1096174055606245,0.1546022782242073,0.1796960890685152,0.0,0.0,-0.1141237666195317,0.0,0.0122363973330989,0.0077093997382237,0.0569613095559637,0.0,0.0,0.050112590298751,0.0474070194170019,0.0125035253026488,0.0,0.5181973764377087,0.0,-0.1621128182952942,-0.8675502388481049,-0.7840873302962386,0.3052518869056362,0.1891804902519348,0.8713851667429576,0.015380163326044,0.1299825588373288,0.0,0.0644561996984752,0.5775920168328653,0.1396738942903442,0.016843024066049,0.0,0.0062950842446333,0.0,-0.6010285374409742,-0.4013941769871082,0.0,0.0,-0.7549576376677298,0.0068266880442616,0.0,0.0,0.0178775703606119,0.0,0.0,0.0,0.0,0.0,0.0,0.0,0.0,-0.1678157141728563,-0.3030393421433352,0.3828862932402473,0.3385008871484717,0.0101351039629901,-0.6276151335292026,-0.7445063616307279,0.0,0.0,0.0,0.0,-0.2955999472236897,0.0803700899883141,0.0,0.0,0.2150972335149088,0.0,0.0468689875945317,0.0,0.0,0.0337989066453125
208,0.0552094922922174,0.0220559380714927,-0.3064916188301866,0.1336534306885954,0.0183148929349869,-0.4579898348483812,0.9988343408065248,0.6123824435527424,0.0,-0.0952878460375487,0.0,0.0,0.0,0.0167742918487329,0.0,0.0,-0.0984815526941612,0.1160102029581404,0.1445055343962598,0.1578611003223354,0.0,0.0,-0.1035040306837864,0.0,0.0176463220191233,0.0092240015594289,0.0478806836100092,0.0,0.0,0.0677527144998778,0.0557060682586191,0.0227720786177906,0.0,0.5176849728608947,0.0,-0.1818301588749093,-0.8703169865095495,-0.7856422080467952,0.3157310259367847,0.1630684286559102,0.8246801854287845,0.0157411485273517,0.1271767537666383,0.0,0.069270081508404,0.6222093813341726,0.1491132776933897,0.0278670503779786,0.0,0.0,0.0,-0.6229603245398317,-0.3656838003782579,0.0,0.0,-0.7691694425264171,0.0106031913936941,0.0,0.0,0.0154678124114296,0.0,0.0,0.0,0.0065791231109152,0.0,0.0,0.0,0.0,-0.1677301668481601,-0.3216788349027223,0.4326939546859711,0.3104069748519679,0.0063074960841387,-0.6338195374627611,-0.7541312040568428,0.0,0.0,0.0,0.005593336451986,-0.2891981572510986,0.0883885818776352,0.0,0.0,0.2079560659354721,0.0,0.0598341170495983,0.0,0.0,0.027824028972965
209,0.0642417404868626,0.0205169976923357,-0.3061753993949613,0.1435572977357671,0.0112188577623647,-0.453666688564927,0.9488548408861932,0.6184011085628583,0.0,-0.0869416652199094,0.0,0.0,0.0,0.0112571048680572,0.0,0.0,-0.1063700582065816,0.1204535617942311,0.1311891300178556,-0.0839629589936305,0.0,0.0,-0.0994265344541092,0.0,0.0237151781109734,0.0109356691914771,0.03768964875358,0.0063935884982699,0.0,0.092095746485095,0.0660736001088802,-0.0227884761013755,0.0074003276803171,0.5209597462121254,0.0,-0.1999614898421312,-0.8740765526219838,-0.787692730617421,0.3208645071281633,0.1347307872566318,0.7992777158318349,0.0151340745889874,0.1225946539794912,0.0,0.0751112428382148,0.6597015492914388,0.162616504731221,0.0413215385962688,0.0,0.0,0.0,-0.6540076726501952,-0.3107460129074009,0.0,0.0,-0.7771900808063386,0.0151174169570579,0.0,0.0,0.0132834761948099,0.0,0.0,0.0,0.0111503803097347,0.0,0.0,0.0,0.0,-0.1669858380536435,-0.3382566249090419,0.4944699104874657,0.2638318023593255,0.0,-0.6369268369652802,-0.7605709197085617,0.0,0.0,0.0,0.0,-0.2830233343236667,0.0909308305991397,0.0,0.0,0.1941066889688606,0.0,0.0815871184000642,0.0,0.0,0.0223066774885467
210,0.0559198669741217,0.020949087552701,-0.3126182630371453,0.1110869360910778,0.0,-0.451140836086383,0.8274689964479864,0.6039410172971023,0.0,-0.084611412300017,0.0,0.0,0.0,0.0073568281348555,0.0,0.0,-0.1158669422547234,0.1245586482137465,0.1241361867117627,-0.1029055963207395,0.0,0.0,-0.1055100197526746,0.0,0.0300758417097232,0.0118872054576013,0.0278251018937183,0.017514490520833,0.0,0.0986703648275651,0.0804329305688776,-0.0335506361683607,0.0110971688351127,0.5389050353874945,0.0,-0.223040191931014,-0.8769202402030305,-0.7899589776847911,0.3220969213020493,0.1075158785597737,0.7763472135024174,0.0,0.1136566133482701,0.0,0.0809527530655598,0.6970126691139418,0.1662885122868984,0.091025689532912,0.0,0.0,0.0,-0.684511757522692,-0.2603585790608508,0.0,0.0,-0.7887195446834594,0.018271556003855,0.0,0.0,0.011505697476049,0.0,0.0,0.0,0.0182372856382748,0.0,0.0,0.0,0.0,-0.1745913225413723,-0.3399184388301448,0.550649184920276,0.1823276138798226,0.0,-0.6386404874277589,-0.7601894342605602,0.0,0.0,0.0,0.0,-0.2853793963083519,0.0879612544079288,0.0,0.0,0.177104357189286,0.0,0.1087791985047623,0.0,0.0,0.0176010971003661
211,0.0470478090428587,-0.0341807103548989,-0.3167205610828827,0.0774853647547753,0.0,-0.4483423890125948,0.7277873859552987,0.6097804603365734,0.0,-0.0807805990999367,0.0,0.0,0.0,0.0,0.0,0.0,-0.1246762219846571,0.1249015133933251,0.1205752737449869,-0.1166292507325759,0.0,0.0,-0.1109445394858869,0.0,0.0364322518395785,0.0115729029876845,0.0192323290008232,0.0278185565032005,0.0,0.1010792029088499,0.0905580742557087,-0.0237058333064236,0.0236413102232319,0.5703596536401639,0.0,-0.2419577998921865,-0.878328261708702,-0.7924528670466757,0.3316077543154938,0.0914987774445062,0.7597039857423971,0.0,0.1000596084100127,0.0,0.0855691422858555,0.7013099452434306,0.2162004607077252,0.1599421237349954,0.0,0.0086045118032188,0.0,-0.7147159517600348,-0.2163688805921901,0.0,0.0,-0.7903920406658571,0.013776540308099,0.0,0.0,0.0092180044649187,0.0,0.0,0.0,0.0335828390050356,0.0,0.0,0.0,0.0,-0.1815959765548465,-0.3336939166568402,0.5907116816514806,0.1116774790690782,0.0,-0.6373673896737727,-0.7625806349289067,0.0065560826854731,0.0,0.0065560826854731,0.0,-0.2958701622255404,0.0804455393316615,0.0,0.0,0.1609748884090661,0.0,0.1456096400500686,0.0,0.0,0.0139769346009998
212,0.0375711407640148,-0.0575136317045166,-0.3185584034113077,0.0594181018761501,0.0,-0.4439422646769158,0.6614602448246722,0.6126336233228414,0.0,-0.0588129520935465,0.0,0.0,0.0,0.0,0.0,0.0,-0.1143252971488047,0.1216986886654263,0.1279347469103667,-0.1236808556628429,0.0,0.0,-0.1215228647088901,0.0,0.0423618978537647,0.0112865011308439,0.017533865485542,0.0430966130027498,0.0,0.1174707948395321,0.1039973814504944,-0.0104026301724923,0.0787532679179547,0.5605694408919879,0.0,-0.262662565267901,-0.8781593688040403,-0.7946992759516294,0.3461766707133877,0.07648682115157,0.7460705767942626,0.0,0.0872189581577786,0.0,0.0887951507756725,0.6959633834988121,0.2922522459200322,0.2428542138041711,0.0,0.0167564501346353,0.0,-0.742217882701853,-0.183133162932644,0.0,0.0,-0.7942910074515146,0.0104711133569934,0.0,0.0,0.0077231805061032,0.0,0.0,0.0,0.044065475075578,0.0,0.0,0.0,0.0,-0.180135692527213,-0.3306803965649573,0.6243185316953566,0.0968609916132207,0.0,-0.6341409705573733,-0.7656603027587372,0.0080931152466764,0.0,0.0080931152466764,0.0,-0.3066337547724976,0.069875234758358,-0.0064022260574146,0.0,0.1445730516641964,0.0,0.1825329501346485,0.0,0.0,0.0079753532725871
213,0.0276004522631008,-0.0804913043452073,-0.3261664781408973,0.0396123220290137,0.0,-0.440922427642795,0.6726670828920656,0.6463306394488952,0.0,-0.0483681396169923,0.0,0.0,0.0,0.0,0.0,0.0,-0.106393222359117,0.1172458578547401,0.1571124054873428,-0.1436653657341749,0.0,0.0,-0.1335038178344003,0.0,0.0464605744017358,0.010598193607549,0.0181604983663631,0.0603515431335897,0.0,0.1411152601658856,0.1185009486719727,0.0,0.1321863425336521,0.5289829181660021,0.0,-0.2790677197011047,-0.8784025001732023,-0.7963775210444336,0.3502691394592798,0.0615440443284546,0.7424543572836463,0.0,0.0749111270445916,0.0,0.0843582104235383,0.6885413136777709,0.3158251742900661,0.3284698040301127,0.0,0.0111074597457347,0.0,-0.7727951214406138,-0.157079725857593,0.011945421792305,0.0,-0.7928732251435675,0.0091290696418494,0.0,0.0,0.0071595029292644,0.0,0.0,0.0,0.0576864659061224,0.0,0.0,0.0,0.0,-0.1949646764269849,-0.3148322876681737,0.6418629647279636,0.1226864858398887,0.0,-0.6307630187829196,-0.7689911393100691,0.0095426132280064,0.0,0.0095426132280064,0.0,-0.3219812424308141,0.0579681238247664,-0.0109279284413232,0.0,0.1201881170245469,0.0,0.2417304365616429,0.0,0.0,0.0
214,0.0230833615885718,-0.098506135224518,-0.333496042225495,0.0344529296159306,0.0,-0.4328433382106064,0.7774730940087013,0.7049920837249918,0.0,-0.0364016782669226,0.0,0.0,0.0,0.0,0.0,0.0,-0.0954033219409701,0.1121627636028603,0.1925408386557724,-0.1406722297944383,0.0,0.0,-0.1501516686819816,0.0,0.0566746435150116,0.0113922631559086,0.0236560588121636,0.0792171782013061,0.0,0.1875069754283359,0.1266416244489615,0.0,0.1944879499979473,0.4962146593122926,0.0,-0.2848183739607499,-0.8804550049508446,-0.7972258647400232,0.3156263344823301,0.0474264752380727,0.7329741349242478,0.0,0.0634749531828289,0.0,0.0683665881978575,0.6844706244822337,0.3791078280821343,0.3070034317752378,0.0,0.0089191866142377,0.0,-0.7932053970139825,-0.1435119497234815,0.034170705327525,0.0,-0.7936018933479131,0.0074792408449707,0.0,0.0,0.0066037773585684,0.0,0.0,0.0,0.0699193447890474,0.0,0.0,0.0,0.0,-0.2073558780016999,-0.2971610057564695,0.6388366213749268,0.1834212746815438,0.0,-0.6285696321215846,-0.7746701824268861,0.0105232048826334,0.0,0.0105232048826334,0.0,-0.331142914397468,0.0462173254767005,-0.0152405531468136,0.0,0.1131163477429213,0.0,0.2919921188671928,0.0,0.0,0.0
215,0.0240565430525033,-0.1150120453786303,-0.3386805813520557,0.0298491114481464,0.0,-0.4386664231502942,0.8652382776898982,0.7464544063898074,0.0,-0.0252159900066092,0.0,0.0,0.0,0.0,0.0,0.0,-0.0860038021634718,0.1088056650363342,0.2331676970734681,-0.1398720039074553,0.0,0.0,-0.1632705989912482,0.0,0.0522825175956904,0.0124441949177323,0.0311208137265648,0.0962477899779457,0.0,0.1869849271993977,0.1314264499031999,0.0,0.2655436416974842,0.476064427952468,0.0,-0.2844846603508351,-0.8817037431516708,-0.7976914001717194,0.2815377415164496,0.0332674521115984,0.7339347931350142,0.0,0.0525761578172828,0.0094706013182626,0.055432506369572,0.691261972799926,0.4407624923623066,0.3113190626826946,0.0,0.0067473800589093,0.0,-0.8133791469181905,-0.1267603115393342,0.0308653648041426,0.0,-0.7948861716629275,0.0077567818677201,0.0,0.0,0.0055432721454375,0.0,0.0,0.0,0.0806685392466665,0.0,0.0,0.0,0.0,-0.2244287255246603,-0.2768270683431305,0.6181066163888306,0.2590502395753227,0.0,-0.6204046199864136,-0.7821740595064917,0.010960704424165,0.0,0.010960704424165,0.0,-0.3405738806672514,0.0339978234114771,-0.0075823111784978,0.0,0.1091270988754063,0.0,0.3473179151580863,0.0,0.0,0.0
216,0.0307286355424272,-0.125208033400594,-0.3407214109245842,0.0315015143288335,0.0,-0.4329403582281352,0.9546483097649916,0.7809223465110327,0.0,-0.0245012511767973,0.0,0.0,0.0,0.0,0.0,0.0,-0.0677881643413775,0.1094192884564293,0.2680597479035547,-0.1460781361965459,0.0,0.0,-0.1677368171529239,0.0,0.056013064637465,0.0128979385640764,0.0389714041045961,0.1154853280700657,0.0,0.1811505222146511,0.1318349301771433,0.0,0.3244743114399981,0.4948713302262176,0.0,-0.2797741151231067,-0.883449158404471,-0.7971293625312127,0.2683684441502434,0.0239987636841405,0.7512854109717848,0.0,0.0421630343039564,0.0275644402182261,0.0497482642549633,0.690235743165906,0.4892625433038552,0.3010677046835944,0.0,0.0,0.0,-0.8298587294828287,-0.1132936404924219,0.0272496824026862,0.0,-0.7915942269098407,0.0088273533453794,0.0,0.0,0.0,0.0,0.0,0.0,0.0793366522819083,0.0,0.0,0.0,0.0,-0.2528277558652131,-0.2594608531036105,0.5801893238174926,0.3456080544009617,0.0,-0.6220972784276151,-0.7949910741145442,0.0107881644454758,0.005799036898832,0.0107881644454758,0.0,-0.3598643065859558,0.0249750963120923,0.0,0.0,0.1181631895503494,0.0,0.4006231492129057,0.0,0.0,0.0
217,0.0494318511219295,-0.1238274266038571,-0.3387054265885092,0.030699751448608,0.0,-0.4341185447311635,0.9225899918362184,0.8322440742347632,0.0,-0.0148629663005438,0.0,0.0,0.0,0.0,0.0,0.0,-0.0432877317137357,0.1067973275661944,0.2925963935376778,-0.1435780703336564,0.0,0.0,-0.1606817760065653,0.0,0.0450269867474068,0.0126285004673016,0.0314805195257988,0.1390853101106665,0.0,0.1679082110518321,0.1299065132781037,0.0,0.3432162708935301,0.5243041870196146,0.0,-0.2654611984363025,-0.8868737083797402,-0.7952018891799975,0.2661947056952626,0.0175442923052701,0.7551929293692234,0.0,0.0470230157412127,0.0126000343502745,0.0468569717345042,0.724689446893246,0.5063964262081203,0.2996048746739844,0.0,0.0,0.0,-0.8369307430922452,-0.0950451722485944,0.0060514377154751,0.0,-0.7884753300483617,0.0107719584578254,0.0,0.0,0.0,0.0,0.0,0.0,0.0730243149069731,0.0,0.0,0.0,0.0,-0.2799063223376677,-0.238753490715314,0.5301342871030844,0.3077834300701929,0.0,-0.6234395655373483,-0.8096442612500836,0.0100388273966554,0.0115963494119544,0.0100388273966554,0.0,-0.3663421145247017,0.0124175773263241,0.0,0.0,0.125167577072321,0.0,0.4251293931911789,0.0,0.0,0.0
218,0.0672333061443375,-0.1115951090285662,-0.3408481834977227,0.0268370553517833,0.0,-0.4358170747133414,0.8529604628386342,0.856019392545291,0.0,-0.0089367370217256,0.0,0.0,0.0,0.0,0.0,0.0,-0.0247099333338308,0.1101681904918409,0.2858907769692209,-0.14267895422056,0.0,0.0,-0.1532276471039695,0.0,0.0418897627028606,0.0113931662438092,0.0239303667929769,0.1417766255249022,0.0,0.1559249992793288,0.1238482224863148,0.0,0.2572887489336238,0.4366909088414223,0.0,-0.2464660282592804,-0.8917972581786029,-0.793389359353847,0.2917357849180608,0.0140458869155667,0.7664559088637528,0.0,0.0328993027076885,0.0,0.0471953067967938,0.7440432113508727,0.4984365588337859,0.2720808060039317,0.0,0.0,0.0,-0.8434026889284555,-0.071620527337674,0.0079154651794732,0.0,-0.7853842543972889,0.0124017549229851,0.0,0.0,0.0,0.0,0.0,0.0,0.0629772641146557,0.0,0.0,0.0,0.0,-0.3182673197851383,-0.2210435245910379,0.4760452774426315,0.2814069651792502,0.0,-0.6288510603535215,-0.8283695403212649,0.0088363849488854,0.0163007937394949,0.0088363849488854,0.0,-0.3659901097597077,0.0096618038858949,0.0,0.0,0.1390991270616826,0.0,0.3917137961426426,0.0,0.0,0.0
219,0.0582436588090989,-0.0938561249523583,-0.3492629173808213,0.0246737589398702,0.0,-0.4278774970978254,0.8036281442572576,0.8793253703319094,0.0,-0.0055525167565984,0.0,0.0,0.0,0.0,0.0,0.0,-0.0039127253898496,0.1146229170992497,0.2642861854261516,-0.1460866974881849,0.0,0.0,-0.1289562662271074,0.0,0.02159370472122,0.0099652076988618,0.0171527977690045,0.1384208738528962,0.0,0.1705045126598265,0.1136852266978379,0.0,0.1965011285320271,0.3712964763107034,0.0,-0.2097220472143814,-0.8976162958441516,-0.7913863012899139,0.35929740381296,0.0150625723064365,0.7847049852416791,0.0,0.0546107567056313,0.0,0.0522096539198209,0.7254928503143044,0.4837043199240523,0.2423368219780358,0.0,0.0,0.0,-0.8468505247564845,-0.0487555573708167,0.0076951366479598,0.0,-0.7858258236453882,0.0094006833444728,0.0,0.0,0.0,0.0,0.0,0.0,0.050956490256158,0.0,0.0,0.0,0.0,-0.3582494724868116,-0.2047119823524777,0.5313361808125651,0.2473759627008099,0.0,-0.635461002937554,-0.8473243384277744,0.0073619557341811,0.0225729105078921,0.0073619557341811,0.0,-0.3674658234105779,0.0073469723954446,0.0,0.0,0.1591976253108039,0.0,0.3635966023224277,0.0,0.0,0.0
220,0.0470144405882375,-0.0716457781458637,-0.3601912395276757,0.0434830551980319,0.0,-0.4223339357741201,0.8726509901278829,0.8849350234522807,0.0,0.0,0.0,0.0,0.0,0.0,0.0,0.0,0.0,0.1208766108238161,0.2371428144942095,-0.1509217368288052,0.0,0.0,-0.0922366921716743,0.0,0.0140866030211477,-0.0125007890640499,0.0105130118813689,0.1281935764607057,0.0,0.1893316883001283,0.0958403715910772,0.0,0.1376707747969045,0.3843892948248499,0.0,-0.1726703935572855,-0.903587088810828,-0.7891911373452688,0.3626912376777465,0.015570430337655,0.8119092279074023,0.0,0.0810401626848094,0.0,0.0605684383909992,0.7006931633639857,0.4339878279892381,0.215606996202906,0.0,0.0,0.0,-0.8470586882603719,-0.0238998516797601,0.0061493282894684,0.0,-0.7896583374839827,0.0,0.0,0.0,0.0,0.0,0.0,0.0,0.0387403469162229,0.0,0.0,0.0,0.0,-0.391511319118041,-0.1892240923128003,0.5992318430481242,0.2247813723507652,0.0,-0.6443593381183621,-0.8557685695433013,0.0058097596122356,0.0288393220668262,0.0058097596122356,0.0,-0.3647198505976569,0.0,0.0,0.0,0.18196589490782,0.0,0.3411574591121192,0.0,0.0,0.0
221,0.0376490487907896,-0.0527655122796583,-0.3698564885784907,0.0567301780916911,0.0,-0.4216580897895767,0.943933798603155,0.8981960378502656,0.0,0.0,0.0,0.0,0.0,0.0099208682633168,0.0,0.0,0.0,0.1256120057844798,0.2035126250969678,-0.1506832043011462,0.0,0.0,-0.0659482547399501,0.0,0.0084345519388003,-0.0298940759183742,0.0,0.1196788123634885,0.0,0.2049060084785919,0.0806926894435665,0.0,0.1256455546193761,0.4069395270380308,0.0,-0.1297668953998524,-0.9092465958083542,-0.7868772830074527,0.3469767955087003,0.0180745930576106,0.8345080079447781,0.0,0.0347628739589173,0.0149322989993199,0.0687295639696122,0.6756149138191442,0.3956023355719239,0.1882498061360055,0.0,0.0,0.0,-0.8445554208395764,-0.0077684059619803,0.0,0.0,-0.7969356811442023,0.0,0.0,0.0,0.0,0.0,0.0,0.0,0.0277192021279617,0.0,0.0,-0.0122321028194872,0.0,-0.4064053860488031,-0.1801532624289768,0.6210091050411094,0.1989386957006544,0.0,-0.6373678328682321,-0.8607088637142009,0.0073671700274894,0.0383836183137889,0.0073671700274894,0.0,-0.3607409125462611,0.0,0.0,0.0,0.1533472952263969,0.0,0.3378380921486944,0.0,0.0,0.0
222,0.0293103068260393,-0.0392411658733748,-0.384666443578135,0.0811783088050875,0.0,-0.4131156669605544,0.9417541288090724,0.8902161351496609,0.0,-0.0053823362857499,0.0,0.0,0.0,0.0083488805916391,0.0,0.0,0.0,0.1269365851942062,0.174846062045497,-0.1388178122747586,0.0,0.0,-0.0327604264462195,0.0,0.0062626062295229,-0.0535848303919056,0.0,0.109417395952511,0.0,0.2175548650147833,0.0649220735125311,0.0,0.1108299294038249,0.4284191932846452,0.0,-0.0837964276802227,-0.9144169699786672,-0.7845172862793183,0.3275298908070169,0.0205868287199952,0.8563208540943249,0.0,0.0203001850309972,0.0459459949145348,0.0805662634712521,0.6650093024494318,0.36993194171795,0.1628543629930273,0.0,0.0,0.0,-0.839731974543472,0.0,0.0,0.0,-0.8053952075360317,0.0,0.0,0.0,0.0,0.0,0.0,0.0,0.0185288584311437,0.0,0.0,-0.0482686161261257,0.0,-0.4241593167963947,-0.1621197015670973,0.5856393046187366,0.1643016183103924,0.0,-0.6259517801532856,-0.8651181935611096,0.0145324190346393,0.0539779101316764,0.0145324190346393,0.0,-0.3493242250726,0.0,0.0,0.0,0.1170000768681516,0.0,0.3525391757402976,0.0,0.0,0.0
223,0.035898431200541,-0.0264620495880393,-0.4051817036711317,0.0819350482231036,0.0,-0.3972741797942681,0.8161754044381121,0.873922686505177,0.0,-0.0079691545376867,0.0,0.0,0.0,0.0,0.0059857370653683,0.0,0.0,0.1241226759497012,0.1389363703425178,-0.1220919586616149,0.0,0.0,-0.0074903059714865,0.0,0.0,-0.0781932460093533,0.0,0.0976223767153409,0.0,0.2354289579680077,0.0496352975020316,0.0,0.0927246764478097,0.4539318183098028,0.0,-0.0391861356206914,-0.9179888426003028,-0.7829709531905003,0.3156793738955969,0.0251413586732815,0.878749919211459,0.0,0.0349636233724516,0.0930951926741574,0.0897320393251465,0.6353814517229653,0.3441360513133788,0.1437188272210325,-0.0250540523485224,0.0,0.0,-0.8331835780234341,0.0,0.0,0.0,-0.8120480294871314,0.0,0.0,0.0,0.0,0.0,0.0,0.0,0.0082155479565144,0.0,0.0,-0.0938670223211851,0.0,-0.4414529186145034,-0.1461086898645893,0.5617693907127592,0.1567880725744025,0.0079248768773117,-0.608729647824298,-0.8676319321503683,0.0207467346825031,0.0419190685634951,0.0207467346825031,0.0,-0.3416691527262398,0.0,0.0,0.0,0.1042455059464612,0.0,0.3629337259731637,0.0,0.0,0.0
224,0.0458507906605553,-0.0099602883275677,-0.4286707257535044,0.0806454090149725,0.0,-0.3896196337909837,0.8491966645278817,0.8569216302581889,0.0,-0.0233598045935518,0.0,0.0,0.0,0.0,0.0083796097901182,0.0,0.0,0.1198119284006474,0.1057696105681286,-0.1011677523728598,0.0,0.0,0.0,0.0,0.0090170731397726,-0.1013406069930385,0.0,0.0801263006877286,0.0,0.2523536082647908,0.0350566660671493,0.0,-0.055073825611525,0.4702472729335703,0.0,0.0,-0.9204848209970526,-0.7819785519015088,0.3064130093615044,0.031141249484079,0.8902648969872449,0.0,0.0513023785017125,0.1348511530768444,0.0964779270831868,0.6129805860395772,0.3183966341434353,0.1292069345350175,-0.0678772001458658,0.0052971784985555,0.0,-0.8298889861873314,0.0,0.0,0.0,-0.8117003275119485,0.0,0.0,0.0,0.0060797409602338,0.0,0.0,0.0,0.0121258084208602,0.0,0.0,-0.135722881324362,0.0,-0.4357101926243095,-0.1279151439206463,0.5472555724624728,0.1397658759581949,0.0076752845111076,-0.5854827871020869,-0.8686136254900685,0.0141293904561671,0.0380149843848229,0.0141293904561671,0.0,-0.3450647102946411,0.0065079650132011,0.0,0.0,0.1143096577882857,0.0,0.39232030006626,0.0,0.0,0.0
225,0.0378765032583971,-0.0040709881409094,-0.4547444487691531,0.0729386950172739,0.0,-0.3753132823379806,0.8827582392264185,0.8302651748211927,0.0,-0.0431670067709067,0.0,0.0,0.0,0.0,0.0081784747479053,0.0,0.0,0.110234082414044,0.0928592993254984,-0.0750565879706681,0.0,0.0,0.0,0.0,0.0218692021500627,-0.1076519822933799,0.0,0.0675273207754839,0.0,0.2286260388984364,0.0211129969321239,0.0,-0.084717292749102,0.4795743048894995,0.0,0.0,-0.9222662898413524,-0.7814602116213339,0.2948274819223457,0.0359099892838912,0.8980690617745924,0.0,0.0501053735623141,0.1400661521112083,0.0999883364057644,0.5803582036196883,0.2955908340106827,0.1152350417275543,-0.1033941319992824,0.0,0.0,-0.8261822669680615,-0.0257650009075344,0.0,0.0,-0.810211898949207,0.0,0.0,0.0,0.0203065939201603,0.0,0.0,0.0,0.0141123237805941,0.0,0.0,-0.1721929726782313,0.0,-0.4190158008328941,-0.1168321297873444,0.5515830999081167,0.1176074899076737,0.0,-0.5594962208138958,-0.8650807952927169,0.0082911296923742,0.0350137027554703,0.0082911296923742,0.0,-0.3500346153437742,0.0116611184746337,0.0,0.0,0.1234029749216789,0.0,0.4043946205264794,0.0,0.0,0.0
226,0.0228880601699714,0.0,-0.4812767744643804,0.0628615741535678,0.0,-0.3643055770934883,0.9074833765745288,0.8044024340458045,0.0,-0.0713980835444008,0.0,0.0,0.0,0.0,0.0081066185674909,0.0,0.0,0.0990302541187285,0.0692830778133047,0.0842851995882969,0.0,0.0,0.0,0.0,0.0355955997012606,-0.1158191057894023,0.0077737512278132,0.0731545160403349,0.0,0.1789622562294838,0.0130273572338766,0.0,-0.1090352185917743,0.4800242707786508,0.0,0.0,-0.9227349279667628,-0.7813529810547155,0.2816254420702961,0.0394411547686702,0.8972112200177927,0.0,0.0460525570268582,0.1415108086822333,0.1038390285118982,0.5727185745239415,0.2641070403773379,0.1067206579687156,-0.1200543403927857,0.0,0.0,-0.8272136792474769,-0.0480889743307867,0.0,0.0,-0.8127069887729458,0.0,0.0,0.0,0.0303105171778794,0.0,0.0,0.0,0.0068290563460643,0.0,0.0,-0.1925078652108033,0.0,-0.4060167544365599,-0.1106560662994046,0.5503134799545535,0.1069538752174333,0.0,-0.5257586410048294,-0.8609383160151309,0.0,0.0305992407643372,0.0,0.0,-0.3602459558216487,0.0170317110596136,0.0,0.0,0.1324264366016463,0.0,0.3731715510209929,0.0,0.0,0.0
227,0.007286906809836,-0.0055624554033996,-0.5014270488103595,0.0541662326062271,0.0,-0.3529713990141199,0.9077480858593038,0.7890808458709996,0.0,-0.1109826416125776,0.0,0.0,0.0,0.0,0.0071894943476753,0.0,-0.0256969097095361,0.0877327724494092,0.0476530501754908,0.0850598147287469,0.0,0.0,0.0,0.0,0.0384214948050272,-0.1178160097318264,0.0106561907372383,0.0369152744152984,0.0,0.1118013571705733,0.0,0.0,-0.1208808723500616,0.4675916107984953,0.0,0.0,-0.9223784174799214,-0.7816427781664983,0.2604769121760162,0.0354050248862872,0.8935959938819859,0.0,0.0411278765136788,0.1443015207343842,0.1060330517409851,0.5663563711545526,0.2282249616076116,0.0976046514341988,-0.1210261023662723,0.0,0.0,-0.830840071541275,-0.0790109507223814,0.0,0.0,-0.8058422662409688,0.0,0.0,0.0,0.0314138956099483,0.0,0.0,0.0,0.0061417545782033,0.0,0.0,-0.2059707959649562,0.0,-0.3933649061309794,-0.1001120554884011,0.5121937127127976,0.1076015015846311,0.0,-0.4955949402607082,-0.8563406501940993,0.0,0.0251954665921763,0.0,0.0,-0.3794867409723994,0.0232088430206995,0.0,0.0,0.1457816324934075,0.0,0.3058035260728521,0.0,0.0,0.0
228,0.0,-0.0104343041326811,-0.5170122509707082,0.050750672201902,0.0,-0.3410065864638759,0.8783150487051876,0.8026873522770029,0.0,-0.1276315221868127,0.0,0.0,0.0,0.0,0.0071249977423783,0.0,-0.0377538921808141,0.0756524297000748,0.046189834994835,0.0945520921000911,0.0,0.0,0.0,0.0,0.029789365604669,-0.1163656696251804,0.0139169471876678,0.0352020837423388,0.0,0.1115832802064965,0.0,0.0,-0.1230815429189966,0.4433939728863253,0.0,0.0,-0.921596132107842,-0.7819980840098429,0.2487611888682228,0.0302248530490526,0.8799947442964657,0.0,0.0341972957304467,0.1587841589944725,0.1044319331158463,0.5629104315749752,0.2047412603558893,0.0979608002617197,-0.103474111387664,0.0094329214185918,0.0102503632182056,-0.8376450620781473,-0.1059849508591117,0.0,0.0,-0.7950653096516357,0.0,0.0,0.0,0.0316828994310036,0.0,0.0,0.0,0.0067491539807853,0.0,0.0,-0.1957828342808253,0.0,-0.3740258789494641,-0.0963079053155946,0.4813795114934829,0.1120755642155024,0.0,-0.471397492594419,-0.8514296154053373,0.0,0.0195983909675941,0.0,0.0,-0.4054300588454143,0.0295079389546097,0.0,0.0,0.1497498970141927,0.0,0.2609304505526702,0.0,0.0,0.0
229,0.014633252441117,-0.015517903470969,-0.5313232624856794,0.0460992479264575,0.0,-0.3363677190517459,0.8227986563633229,0.8095654683169434,0.0,-0.1327928786425651,0.0,0.0,0.0,0.0,0.0068381764591021,0.0,-0.053069250627878,0.0666251291620295,0.0455466944276349,0.1331366923150178,0.0,0.0,0.0,0.0,0.0215792337264366,-0.1132360905747796,0.016851862113392,0.0426923329050967,0.0,0.1243465392752203,0.0,0.0,-0.1215665082915307,0.4139703519737512,0.0,0.0,-0.9209057772285344,-0.7828622759488799,0.2389108992579706,0.0261919494131331,0.876998504092664,0.0,0.0267258749211258,0.1758099587665492,0.1012134659132314,0.5329267702408386,0.1787091008487513,0.1006186577729156,-0.0621385399937996,0.0291133360441813,0.0145536612410615,-0.8470702088454877,-0.1259175893631836,0.0,0.0,-0.7748278669560523,0.0,0.0,0.0,0.0314447640231333,0.0,0.0,0.0,0.0101775514888588,0.0,0.0,-0.1898388236596165,0.0,-0.3645297926693111,-0.0927523964963456,0.475975830095956,0.101366185409324,0.0,-0.45746676591549,-0.8466000971674134,0.0,0.0129167412549099,0.0,0.0,-0.4362379831106024,0.0350046093786938,0.0,0.0,0.2029761463532717,0.0,0.2273267795298804,0.0,0.0,0.0
230,0.0407241775671595,-0.0200834825963656,-0.5436777431011319,0.0479264160889305,0.0,-0.3216835316400776,0.7770694823545156,0.8498334292438123,0.0,-0.1388412004586749,0.0,0.0,0.0,0.0,0.0061241333283025,0.0,-0.0535722772867762,0.0611684779181869,0.0460751932375543,0.1786026812450349,0.0,0.0,0.0,0.0,0.0151539893105396,-0.1183068355600097,0.0191629642228773,0.0564581287375035,0.0,0.1439591674660991,0.0,0.0,-0.1097089813849472,0.3913401797601669,0.0,0.0,-0.9209125553280452,-0.7832785035901815,0.237784705040441,0.0243929278578633,0.8754566457602992,0.0,0.0195129069604104,0.1900379842954255,0.0958255688483446,0.5274895078962618,0.1480074984102865,0.103973951190224,0.0,0.062510705782961,0.0174128983502266,-0.8539063676223022,-0.1450751684084718,0.0,0.0,-0.7599991812843239,0.0,0.0,0.0,0.0305432725934524,0.0,0.0,0.0,0.0142980055137392,0.0,0.0,-0.1756764600601755,0.0,-0.3675403325280783,-0.1036617671506053,0.4805671548112411,0.0842678661663099,0.0,-0.451630168660576,-0.8429800384613582,0.0,0.0090984604015653,0.0,0.0,-0.4710861708112047,0.0387454794127331,0.0,0.0,0.1992949906345174,0.0,0.1908522119408778,0.0,0.0,0.0
231,0.0555054895195333,-0.010784046368808,-0.5421074417454526,0.0525795225189521,0.0,-0.322701445976845,0.7049447086005141,0.8830223537090895,0.0201242579361004,-0.1368034383879102,0.0,0.0,0.0,0.0,0.0,0.0,-0.0611157818388594,0.0571117940393418,0.0402041338155692,0.2274060029426508,0.0,0.0,0.0,0.0,0.0115614194541315,-0.1120527092161843,0.0204727231952256,0.0758957760820882,0.0,0.2001882602188666,0.0,0.0,-0.0890657545212093,0.477874055466046,0.0,0.0,-0.9210706690151302,-0.7838817096156006,0.2417347570435801,-0.0286942189911392,0.8717858821834649,0.0,0.0128264710468313,0.2005628235872079,0.0866579642896412,0.5315899230001384,0.1243330392295794,0.1073507352369716,0.0,0.091299156049394,0.0193914527593364,-0.8594865764854984,-0.1476345285181624,0.0,0.0,-0.7475646707330383,0.0,0.0,0.0,0.0287719344668917,0.0,0.0,0.0,0.0187137586916472,0.0,0.0,-0.1504922868092844,0.0,-0.369895739393743,-0.1164854241373213,0.521765357551242,0.0714957966270398,0.0,-0.451703262954769,-0.843494873278554,0.0,0.0060330378453301,0.0,0.0,-0.4931054804450316,0.0272262828861312,0.0,0.0,0.1874980962642488,0.0,0.1374931307143126,0.0,0.0,0.0
232,0.057565995373691,-0.0095700029354856,-0.5376082971561285,0.0576223251438968,0.0,-0.321437119344544,0.678771707521031,0.8993176761511525,0.0,-0.1291189800822569,0.0,0.0,0.0,0.0,0.0,0.0,-0.0574532909218192,0.0582553310397827,0.0382405373915158,0.277230459771861,0.0,0.0,0.0,0.0,0.0080356852856924,-0.1058915590980612,0.0205565334768288,0.102800522377318,0.0,0.2458809636914578,0.0,0.0,-0.0569530555571898,0.4988125155988926,0.0,0.0,-0.9216141593886608,-0.784466444932608,0.2460218684537447,-0.0377824105099895,0.8834399879766581,0.0,0.0073890302658745,0.1962897790687833,0.0796452564306468,0.5372934039927325,0.1021818013077751,0.0897427317751427,0.0,0.1215199074433654,0.0200997246116814,-0.8653794318864305,-0.1375619146571148,0.0,0.0,-0.7346341292012959,0.0,0.0,0.0,0.024475307676206,0.0,0.0,0.0,0.0163832661957313,0.0,0.0,-0.1290019196207611,0.0,-0.3800342988649729,-0.1331441324888557,0.5687139184130079,0.0626805980234613,0.0,-0.4582672392430373,-0.8476413852247359,0.0,0.0129603987818844,0.0,0.0,-0.513563691756581,0.0170644601027434,0.0078146955383224,0.0,0.1912730950469011,0.0,0.0871252018401118,0.0,0.0,0.0
233,0.0495058895906879,-0.0090734732682666,-0.5277901385153135,0.0661945634312924,0.0,-0.3228796076020105,0.651437554932703,0.940842272394685,0.0,-0.0915144538150169,0.0,0.0,0.0,0.0,0.0,0.0,-0.044106575516538,0.0571639358070392,0.0403385877507339,0.3255604346597323,0.0,0.0,0.0,0.0,0.0063242529999606,-0.1133182314213168,0.0197559220829494,0.1152444008745117,0.0,0.2722124915024485,0.0,0.0,-0.032444113534051,0.4413497583301723,0.0,0.0,-0.9224695571919774,-0.7839146357309108,0.2527147854773865,-0.0426274543313279,0.8914080897281922,0.0,0.0,0.165118817373087,0.0773208939832004,0.5722091790033419,0.0937142861692723,0.0745440894838155,0.0,0.0617994279147098,0.0193914527593364,-0.8683143917381173,-0.120142812525102,0.0060454313910262,0.0,-0.7241421241245475,0.0,0.0,0.0,0.0207652256785423,0.0,0.0,0.0,0.0104564207979299,0.0,0.0,-0.1033822174574831,0.0,-0.3960330308381213,-0.1432503181902769,0.5552246191629252,0.0558052449361531,0.0,-0.4634140064737289,-0.8531768180444765,0.007095489665785,0.0428805612323716,0.007095489665785,0.0,-0.5268934934984157,0.010432692478652,0.0113682548012275,0.0,0.1918584754748664,0.0,0.0527472657945319,0.0,0.0,0.0
234,0.0454211504650958,-0.0068100389287144,-0.513863172222652,0.0715240190208636,0.0,-0.329970183132933,0.5887187809150652,0.9745947864272818,0.0,-0.0653778918424018,0.0,0.0,0.0,0.0,0.0,0.0,-0.0398285915036415,0.0578345312932529,0.0419940741824212,0.3505134642770837,0.0,0.0,0.0,0.0,0.0,-0.1131194194706708,0.0167816787554749,0.1133011522418469,0.0,0.2563302187646322,0.0,0.0,-0.0106305855978889,0.3979666728786528,0.0,0.0,-0.9233371927756782,-0.7836339808811612,0.2615564679150445,-0.0454829996571569,0.8906757492566307,0.0,0.009565661785684,0.1338681588304261,0.0787342607556244,0.6077079362248213,0.080651223234021,0.0602929079034133,0.0,0.0179396544740195,0.0174128983502266,-0.8701571820076421,-0.0897065064217198,0.0,0.0,-0.7072628863607051,0.0,0.0,0.0,0.0173555288752814,0.0,0.0,0.0,0.0,0.0,0.0,-0.1000897873633115,0.0,-0.4143481121892317,-0.1528443664805909,0.5463046161340075,0.0493407197942406,0.0,-0.4696934610072208,-0.8574166186171741,0.0175925881752616,0.0675827778139326,0.0175925881752616,0.0,-0.5300558985910984,0.0103267869676036,0.015263158211095,0.0,0.1906469891761572,0.0,0.0666549327470334,0.0,0.0,0.0059233250401074
235,0.0603245774613887,0.0,-0.492892343614447,0.0739589356324206,0.0,-0.3310949951404419,0.5486642618122812,0.9823950822149116,0.0,-0.0381834594037246,0.0,0.0,0.0,0.0,0.0,0.0,-0.0361666988517492,0.0569090141016441,0.0402356403020643,0.3289002313552203,0.0,0.0,-0.0137506541510305,0.0,0.0,-0.1284201209665929,0.0276920881698017,0.1043137685541535,0.0,0.2424660207829343,0.0,0.0,0.008166857298421,0.3551109859744814,0.0,0.0,-0.9238462557272716,-0.7834597497382987,0.2731357805330607,-0.0457701953160875,0.8911618759601693,0.0,0.0342939472204239,0.1221444909146467,0.0770247503206029,0.6010661304947259,0.080005217862331,0.048709144275649,0.0,0.0113592580053872,0.0145536612410615,-0.8711073071147521,-0.0697256532093369,0.0,0.0,-0.6962370017725101,0.0,0.0,0.0,0.0135014225148543,0.0,0.0,0.0,0.0,0.0,0.0,-0.1071655731392719,0.0,-0.4424817759664372,-0.1568574875714193,0.5327676466994768,0.0387639941990199,0.0,-0.4740553649267414,-0.8614424523956856,0.0282647727801163,0.0371778948436869,0.0282647727801163,0.0,-0.522829512989404,0.0115210023676385,0.01911555062567,0.0,0.1882998320655725,0.0,0.0824902155367548,0.0,0.0,0.0052651627200787
236,0.063602803158214,0.0,-0.4713546842456553,0.0758342086376277,0.0,-0.3400854258585219,0.5073808509637692,0.9717028057493718,0.0,-0.0135767800820053,0.0,0.0,0.0,0.0,0.0,0.0,-0.0342077833378319,0.0542918072952913,0.0400631200777083,0.3451678076499507,0.0,0.0,-0.0190148269616473,0.0,0.0,-0.1340051427591449,0.0291596087820828,0.0986980546622454,0.0,0.2371705230941663,0.0,0.0,0.009094822947296,0.3788352754350313,0.0,0.0,-0.923875698372174,-0.7835966397169968,0.2902065590926567,-0.0337162240644587,0.8948042988813202,0.0,0.0329051085597554,0.1098923222043476,0.0897774675321821,0.5605849054375214,0.0888087035848457,0.0288849178882606,0.0,0.0269693425551038,0.01132175982453,-0.871062253010491,-0.0417489948118648,0.0,0.0,-0.6902181686326682,0.0,0.0,0.0,0.0097760110324812,0.0,0.0,0.0,0.0,0.0,0.0,-0.1258665150319888,0.0,-0.4696830704513321,-0.1614484211683,0.5413172659348393,0.0377691165572976,0.0,-0.4829400179905839,-0.8670741355043936,0.0297796615925713,0.0279944011498511,0.0297796615925713,0.0,-0.5097307914379431,0.0124609371200394,0.0223524709296821,0.0,0.1900642166192105,0.0,0.0678516679676646,0.0,0.0,0.0
237,0.0431574914968469,0.0,-0.4538421153466856,0.0743792650644371,0.0,-0.3531931692316399,0.4682614954477947,0.9423544560002012,0.0,0.0,0.0,0.0,0.0,0.0,0.0,0.0,-0.0354290773239652,0.0497692637740295,0.0374263004808659,0.3547535643966614,0.0,0.0,-0.0353420862855725,0.0,0.0,-0.1316258450587256,0.031665780799584,0.0886219430044312,0.0,0.2304053353598701,0.0107897406296147,0.0,0.00942701090534,0.4341259349186601,0.0,0.0,-0.9230317390344572,-0.7840567856585091,0.2968622395320623,-0.0217248296287319,0.8863496112914145,0.0,0.0274385737015938,0.1002306865185839,0.0972389818318684,0.5107197013862269,0.1061698136634787,0.0163681493369534,0.0,0.0789872789457828,0.0081977768512862,-0.8695690027977334,-0.0131578315412372,0.0,0.0,-0.6854145237044799,0.0,0.0,0.0,0.0065884661125643,0.0,0.0,0.0,0.0,0.0,0.0,-0.1504536485472421,0.0,-0.485138249606947,-0.1726694191609886,0.5382829223001178,0.0401977264719762,0.0,-0.4864590328512637,-0.8705888118875071,0.0298211341713745,0.0478359773800288,0.0298211341713745,0.0,-0.4974247886223782,0.0128435627410581,0.0238067944055338,0.0,0.1907735862275145,0.0,0.0446706618970381,0.0,0.0,0.0
238,0.0300876050423504,0.0,-0.4379689157487347,0.0683747259310738,0.0,-0.3665878348082583,0.4285261643974589,0.8875245979953775,0.0,0.0,0.0,0.0,0.0,0.0,0.0,0.0,-0.0298656001163456,0.0440455495970472,0.0322792727589908,0.3599335664219864,0.0,0.0,-0.0485455452066129,0.0,0.0,-0.1164033250818334,0.0340285056594446,0.074955852784867,0.0,0.219114594043791,0.0129349935805832,0.0,0.009094822947296,0.4917062279903716,0.0,0.0,-0.9217260115510816,-0.7839084203300991,0.2904091192446387,0.0413770780503128,0.8920182561975635,0.0,0.022080538220261,0.0888703683462355,0.0984714349436456,0.4612839714678644,0.1260173768014155,0.0156570328438941,0.0,0.1477280988854609,0.0096593477741042,-0.868034889554754,0.0,0.0,0.0,-0.6811092790957978,0.0,0.0,0.0,0.0,0.0,0.0,0.0,0.0,0.0,0.0,-0.1882172172587192,0.0,-0.5020425308801943,-0.1604110029265274,0.5591231429309204,0.0268919562165716,0.0,-0.4825785094524666,-0.8704646825780542,0.027872249159089,0.0737480876815173,0.027872249159089,0.0,-0.4785609620296515,0.0080333497418056,0.0236206961206292,0.0,0.1867695473654483,0.0,0.0252496206488206,0.0,0.0,0.0
239,0.0215574179702443,0.0,-0.4221456953693828,0.0578308888314996,0.0,-0.370457088025526,0.3960718320728608,0.8084246236440835,0.0,0.0,0.0,0.0,0.0,0.0,0.0,0.0,-0.018989162210398,0.0373039969960448,0.0265414670329741,0.3531822454653023,0.0,0.0,-0.0596444163749223,0.0,0.0,-0.1075064072972155,0.0377223129456186,0.059709526279786,0.0,0.1944292637318118,0.0145827245879612,0.0,0.0,0.4245036199320338,0.0,0.0,-0.9178897215210716,-0.7843573850091363,0.2840782781257613,0.0412781962357472,0.8881873486972512,0.0,0.0198650698461402,0.0847921596043852,0.0829586551544764,0.4179668624562233,0.1494659454983301,0.0147341744871393,0.0,0.168987401385548,0.0141321166853616,-0.8664451337005508,0.0,0.0069543308628798,0.0,-0.682913182275594,0.0,0.0,0.0,0.0,0.0,0.0,0.0,0.0,0.0,0.0,-0.2322830085040811,0.0,-0.5220530576196827,-0.1473548354819376,0.5827207615040215,0.0217982607168797,0.0,-0.4849642454937375,-0.8678208819761166,0.0243140969871249,0.1106948097075897,0.0243140969871249,0.0,-0.4649361679153049,0.0,0.0219777721147716,0.0,0.114951423600172,0.0,0.0117222965709047,0.0,0.0,0.0
240,0.0229152568170364,0.0,-0.4041673065162484,0.0471274063454316,0.0,-0.3747681916076679,0.4177343946714527,0.7322568680215903,0.0,0.0,0.0,0.0,0.0,0.0,0.0,0.0,-0.0120015898994541,0.0320665298353083,0.0241149600603697,0.3476300409665921,0.0,0.0,-0.0725586812835186,0.0,0.0,-0.0978130629727011,0.0395779238634827,0.04441372467813,0.0,0.1729922454481347,0.0152331863880061,0.0,0.0,0.3711770090871776,0.0,-0.0075013356316642,-0.9138086064038342,-0.7853028260381545,0.2325286178962701,0.0361300648370135,0.8766122614919285,0.0,0.0184854095630452,0.0676607792642255,0.0671731966829826,0.3757984219096675,0.1727190501885151,0.0125724224311107,0.0,0.1803661649869786,0.0216475081382759,-0.8659770298806593,0.0,0.0059785626299954,0.0,-0.6865101404577882,0.0,0.0,0.0,0.0,0.0,0.0,0.0,0.0,0.0,0.0,-0.2791763993372841,0.0,-0.543202105549115,-0.1341486277015224,0.568942094798262,0.0168317207987569,0.0,-0.4870476205083109,-0.8670036058940154,0.0197959550753768,0.0930837432296764,0.0197959550753768,0.0,-0.4580973612320251,0.0,0.0191074446837659,0.0,0.1006760028525226,0.0,0.0,0.0,0.0,0.0
241,0.0339851961931052,0.0,-0.3957768261814079,0.0374604071745206,0.0,-0.380620613049347,0.4304121408575643,0.7415556083774971,0.0,0.0,0.0,0.0,0.0,0.0,0.0144076988510416,0.0,0.0,0.0258788038365323,0.0247260077481459,0.3547725574714749,0.0,0.0,-0.0926304205315457,0.0,0.0057972046291967,-0.0773219839520829,0.0399865619993318,0.0294112718589491,0.0,0.1574349206759707,0.0187931513289336,0.0,0.0,0.4121005263355625,0.0,-0.0151594495848267,-0.9096102329850422,-0.7865193416353687,0.1838493507231808,0.0297243534394916,0.8472371867015568,0.0,0.0164576246538275,0.0477123231806947,0.0635813723625158,0.3345544976864389,0.204107708038132,0.0107480006333083,0.0,0.1882674469643436,0.0366491369849122,-0.8659391526752382,0.0,0.0,0.0,-0.6904127415455764,0.0,0.0,0.0,0.0,0.0,0.0,0.0,0.0122344500129818,-0.0062649472852954,-0.0062649472852954,-0.3252913718198154,0.0,-0.5544687927359199,-0.1196124212239558,0.5262491080318547,0.0120187058141874,0.0,-0.4963107517554577,-0.8629098511079056,0.0183087880285399,0.0694716995378142,0.0183087880285399,0.0,-0.4535011527576807,0.0,0.0153902992600643,0.0,0.1389097560328882,0.0,0.0,0.0,0.0,0.0081050864164137
242,0.0511402004622356,0.0,-0.392110501705091,0.0365650233801657,0.0,-0.3823513316045951,0.4359228460474791,0.7413002716649961,0.0,0.0,0.0,0.0,0.0,0.0,0.043231286347112,0.0,0.0,0.0203609265751272,0.0309829096312293,0.369836218264328,0.0,0.0,-0.1016412624283965,0.0,0.0074520704931086,-0.0636298172900926,0.0384310740948409,0.0170394140522535,0.0,0.1502463785349217,0.0241652920118003,0.0,0.0,0.369602528577013,0.0,-0.0343496799239532,-0.9040373371853012,-0.7878040270204592,0.1660383096361385,0.0229655289577591,0.8451195340190234,0.0,0.0173411342107771,0.0332323999418608,0.0827670815073206,0.3108508155107352,0.228199122459001,0.008648363125504,0.0,0.1625996066208878,0.0553655529209358,-0.8665672096680308,0.0,0.0,0.0,-0.7020399598495314,0.0,0.0,0.0,0.0,0.0,0.0,0.0,0.0263142946975293,-0.0620089884334052,-0.0620089884334052,-0.369617571956425,0.0,-0.5633788023316143,0.1973253988017192,0.496256121026271,0.0080637063455749,0.0,-0.5046967779683889,-0.8579180436156855,0.0153216481618202,0.0496214753425919,0.0153216481618202,0.0,-0.4564972898931694,0.0,0.0116968928470913,0.0,0.1608065803003444,0.0,0.0,0.0,0.0,0.0067683281490611
243,0.0690593938169631,0.0,-0.3851329707580472,0.0312402292744282,0.0,-0.386498030186004,0.432480537211434,0.7175228231181928,0.0,0.0,0.0,0.0,0.0,0.0,0.0582243214154626,0.0,0.0,0.0169874256610684,0.0377596769995788,0.4142187715745803,0.0,0.0,-0.1059269536929683,0.0,0.0100948154679027,-0.0485345806547196,0.034307102184543,0.0120834058653269,0.0,0.151596797934479,0.0398572516232817,0.0,0.0,0.316372181786125,0.0,-0.0593856180505274,-0.898474726179503,-0.7892998009128486,0.1511286964951625,0.0154327018371717,0.8350866622162586,0.0,0.0213843641762049,0.0188853435363826,0.1134829618309524,0.2819298824242102,0.2439951189366554,0.0065818196098854,0.0,0.1300150019162367,0.0598517003290333,-0.8682680873177757,0.0,0.0,0.0,-0.7184003478566261,0.0,0.0,0.0,0.0,0.0,0.0,0.0,0.0413801939060727,-0.0991831177715138,-0.0991831177715138,-0.3916997692550527,0.0,-0.5741262676471088,0.2076316035202463,0.489097605461387,0.0071990834088394,0.0,-0.518234427507486,-0.8548020887393264,0.0093085055204115,0.034399428191067,0.0093085055204115,0.0,-0.4570800058401032,0.0,0.0082912916380162,0.0,0.1524824120420554,0.0,0.0,0.0,0.0,0.0
244,0.0880833182554347,0.0,-0.382760651198397,0.0208557906340436,0.0,-0.3823816696553226,0.4255121201382397,0.6871863248516413,0.0,0.0,0.0,0.0,0.0,0.0,0.0625661202650777,0.0,0.0,0.0134871079917103,0.0510782254166455,0.4026562505118817,0.0,0.0,-0.1013779724661514,0.0,0.0183774554208271,-0.0334149981408034,0.0240485745297842,0.0121231546084879,0.0,0.1649979615739149,0.0792165322930015,0.0,0.0,0.2604496111912951,0.0,-0.0829284687187019,-0.8928336719963781,-0.7906135164402539,0.1559883500135695,0.0102205027262589,0.820825110799934,0.0,0.0258055303993283,0.0155561902227524,0.1580554674406952,0.2683702530024361,0.2582244833232608,0.0,0.0,0.1035967041166678,0.0597063500033695,-0.8702392129348038,0.0,0.0,0.0,-0.7381224433551299,0.0,0.0,0.0,0.0,0.0,0.0,0.0,0.0493461778072851,-0.1495156192267472,-0.1495156192267472,-0.4003603085383911,0.0,-0.5765519910889128,0.2168356220850821,0.5010018913468613,0.022594738037355,0.0,-0.5338782825287699,-0.8512278060371208,0.0,0.0351721766007575,0.0,0.0,-0.4630901617901913,0.0,0.0085590837986203,0.0,0.1424167748063312,0.0,0.0,0.0,0.0,0.0
245,0.0725654904309056,0.0,-0.3817683821207538,0.0164317848301366,0.0,-0.3900675587153009,0.4670375895093712,0.64320648471664,0.0,0.0,0.0,0.0,0.0,0.0,0.0632826581021213,0.0,0.0,0.0105038358756287,0.0727108128139621,0.388556767050592,0.0,0.0,-0.102689277091626,0.0,0.0164019299257619,-0.0276024052272505,0.0136768391181286,0.0086356098972872,0.0,0.1800037413227991,0.1424952552812929,0.0,0.0,0.2720536149032789,0.0,-0.1049527999397382,-0.8868515356719513,-0.7917870332571172,0.2627747228872997,0.0060484211399539,0.7998021194471455,0.0,0.0310260590301528,0.0158479504582214,0.2094523846299025,0.2824409474136757,0.263789046051124,0.0,0.0,0.0811284734847369,0.0459482564535757,-0.8712597181216712,0.0,0.0,0.0,-0.7512182103791011,0.0,0.0,0.0,0.0,0.0,0.0,0.0,0.0467144953228805,-0.1781910246742956,-0.1781910246742956,-0.4009025886180324,0.0,-0.5767639461248777,0.2205870223833385,0.4693539935774715,0.0181686244285278,0.0,-0.5502271547629932,-0.8431484768671327,0.0,0.0610489710677799,0.0,0.0,-0.470936263380556,0.0,0.0073100498713294,0.0,0.12995934905648,0.0,0.0146307707110701,0.0,0.0,0.0
246,0.0563979394252636,0.0,-0.3919853821910458,0.013453004362701,0.0,-0.3909910323566424,0.5004782825780529,0.5944841648104106,0.0,0.0,0.0,0.0,0.0,0.0,0.0603345770815414,0.0,0.0,0.009140400907318,0.0923183338759641,0.3836216938635569,0.0,0.0,-0.1104783573257137,0.0,0.0151613223081155,-0.0308467295167356,0.0161513587495041,0.010025444807537,0.0,0.1958253453189626,0.1995503110585108,0.0,0.0,0.294681435018003,0.0,-0.1340711760181531,-0.8826173560186454,-0.7927303083494691,0.2845733155480514,0.0,0.7813206276991977,0.0,0.0361776980462052,0.0180783273594463,0.2622594545261082,0.2933819107493779,0.2681646886049728,0.0,0.0,0.0741042974664285,0.0281496981274211,-0.8717184200688539,0.0,0.0,0.0,-0.7592961715194995,0.0,0.0,0.0,0.0,0.0,0.0,0.0,0.0408733698084915,-0.1979290628431028,-0.1979290628431028,-0.3916588785906297,0.0,-0.5747750095034134,0.2164837509714104,0.4447936132165553,0.0241014127644053,0.0,-0.5646062275175263,-0.838203696486217,0.0,0.0902953051527126,0.0,0.0,-0.4839504691211059,0.0,0.007392143774989,0.0,0.1201805309350533,0.0,0.0322784416248968,0.0,0.0,0.0
247,0.0523421112724311,0.0,-0.3991142621447819,0.0144221983429826,0.0,-0.3905879290338931,0.50391734356003,0.5458564651993975,0.0,0.0,0.0,0.0,0.0,0.0,0.0543025147056499,0.0,0.0,0.008114813147731,0.1105718572862777,0.3862356652266144,0.0,0.0,-0.1117118701250258,0.0,0.014875625242351,-0.0380523910722683,0.0108850818027329,0.018819162615532,0.0,0.227007235677827,0.2476008203181826,0.0,-0.0147448119093474,0.3471030214816982,0.0,-0.1612654158516991,-0.8792145293109086,-0.7939807304011293,0.3146408158779912,0.0,0.763621788084393,0.0,0.0421086007470387,-0.0135490673097322,0.2716369371857195,0.3042299695750965,0.2776049760436149,0.0,0.0,0.0794764496994762,0.0148272292501915,-0.8700717552100738,0.0,0.0,0.0,-0.7630331601941094,0.0,0.0,0.0,0.0063850258791951,0.0,0.0,0.0,0.0356807607497205,-0.2268822961101281,-0.2268822961101281,-0.3664471008622447,0.0,-0.5680546705123108,0.2020656362614197,0.4215299586810705,0.0321281239404375,0.0,-0.5838892661481027,-0.8368513874548977,0.0,0.122300801639876,0.0,0.0,-0.4929167573055849,0.0,0.0100504814348971,0.0,0.1036880247817705,0.0,0.0508476300860984,0.0,0.0,0.0
248,0.0521791875292932,0.0,-0.4080812388961766,0.017438361344214,0.0,-0.3927311770927707,0.4741332115262534,0.4974720948605641,0.0,0.0,0.0,0.0,0.0,0.0,0.0463981717174147,0.0,0.0,0.0076305604440926,0.1250350204176364,0.3935884576214979,0.0,0.0,-0.1066700135476106,0.0,0.0158446010418659,-0.0525500586741064,0.0073272461291132,0.0197240459469243,0.0,0.2452216858665244,0.2437805807303017,0.0,-0.0241940272057988,0.2891135066168956,0.0,-0.1839918015774165,-0.8754281741703389,-0.794893582724952,0.344677937943951,0.0,0.7447057302543056,0.0,0.0495553009086071,-0.0440792394534388,0.2751053826923512,0.3139270980850883,0.2739601219089936,0.0,0.0,0.0590373093016849,0.0148038966270685,-0.8676289788925442,0.0,0.0,0.0,-0.7648232833962466,0.0,0.0,0.0,0.0,0.0,0.0,0.0,0.0293707937853651,-0.2249509723519021,-0.2249509723519021,-0.3340646818691575,0.0,-0.5488957206977072,0.1820009583045421,0.4303828226154615,0.0413376633768335,0.0,-0.6052917705230378,-0.8359042129804536,0.0,0.1559800568139022,0.0,0.0,-0.489517081692345,0.0,0.007060808600963,0.0,0.0918103947206459,0.0,0.0631791231364723,0.0,0.0,0.0
249,0.0531093197258651,0.0,-0.4189057724302503,0.0215027158314993,0.0,-0.3957130403661949,0.4172539785209619,0.4612952862173132,0.0,0.0,0.0,0.0,0.0,0.0,0.037597837674058,0.0,0.0,0.0070271737453866,0.1336749227099672,0.4042612304105195,0.0,0.0,-0.1030860773797891,0.0,0.0113305919958461,-0.0746650832840746,0.0,0.0195059877264084,0.0,0.237276430482816,0.2402060015611818,0.0,-0.0374158620126543,0.2401047970642109,0.0,-0.207654626692434,-0.8735447775521843,-0.7952599311610166,0.3155218134454765,0.0,0.7470231610836576,0.0,0.039845417885245,-0.0586910779298218,0.2409780143321417,0.3244880884759542,0.2759956107259995,0.0,0.0,0.0414880839295111,0.0217630643959147,-0.8634467825580523,0.0,0.0,0.0,-0.7594184750524953,0.0,0.0,0.0,0.0,0.0,0.0,0.0,0.0224198690511958,-0.2241098419571004,-0.2241098419571004,-0.2906447868376421,0.0,-0.5292566175933394,0.1576672978254939,0.4200670657569278,0.04978582462965,0.0,-0.6218255597718488,-0.8377384581074745,0.0,0.1857215286771033,0.0,0.0,-0.4879419357728111,0.0,0.0058381461668915,0.0,0.0793420863536147,0.0,0.0784810154348341,0.0,0.0,0.0
250,0.0509634919411508,0.0,-0.4324566227380821,0.0260969635608817,0.0,-0.3997273702121461,0.3572407596753011,0.4376856215809276,0.0,0.0,0.0,0.0,0.0,0.0,0.0294649279755268,0.0,0.0,0.0060679799055704,0.1350322183535939,0.4063550897964976,0.0,0.0,-0.0979039211263031,0.0,0.0155444168412148,-0.0959424245682847,0.0,0.0182486950718488,0.0,0.2287430471305028,0.2380590768382302,0.0,-0.0456418218052783,0.2199430107942564,0.0,-0.2237061714097356,-0.8718449914936048,-0.7956725730930229,0.255962320452516,0.0,0.7494141221375185,0.0,0.037047982981119,-0.0747678552429888,0.2171884179886513,0.2977494056831138,0.2765534300898125,0.0,0.0,0.0320032272807663,0.033263700328863,-0.8544471350113279,0.0,0.0,0.0,-0.7450107237769036,0.0,0.0,0.0,0.0,0.0,0.0,0.0,0.0170744198810823,-0.2193202638350694,-0.2193202638350694,-0.2478989585292609,0.0,-0.5076914885337857,0.1315486456552851,0.3509032218734991,0.0561399934775904,0.0,-0.6367084223709831,-0.840493436581692,0.0,0.1347559215991581,0.0,0.0,-0.4863015626368228,0.0,0.0,0.0,0.0688347139861618,0.0,0.0980336623963272,0.0,0.0,0.0
251,0.0457394385591001,0.0,-0.4468503978762702,0.0298088034880317,0.0,-0.3948014163897375,0.3409723077753153,0.3977043552711583,0.0,0.0,0.0,0.0,0.0,0.0,0.0293205302866278,0.0,0.0,0.0,0.1289642477445742,0.4130274167808671,0.0,0.0,-0.0941577929664187,0.0,0.0261769792582209,-0.1233647371758519,0.006878378116461,0.0278850224216879,0.0,0.2158072853118831,0.2365205796947785,0.0,-0.0535014064797184,0.2460204035781934,0.0,-0.245845853033663,-0.8704365774236003,-0.7961625842404765,0.1903246378403274,0.0,0.7591442395475874,0.0,0.0642435874094611,-0.0735682350895086,0.1951265813989477,0.2538518016953992,0.2710699757630296,0.0,0.0,0.0320903869977078,0.0456084189656173,-0.8437412575147021,0.0,0.0,0.0,-0.7268072201809798,0.0,0.0,0.0,0.0,0.0,0.0,0.0,0.0153659970282746,-0.209715482081742,-0.209715482081742,-0.2116166197497063,0.0,-0.4863599513114894,0.126907644515349,0.3276222838436459,0.0592840956931861,0.0,-0.6481811722652091,-0.8404277000765825,0.0,0.0816369033727218,0.0,0.0,-0.4875758206295507,0.0,0.0,0.0,0.0569979848846286,0.0,0.1186489797117034,0.0,0.0,0.0
252,0.0381979418688951,0.0,-0.4610669110725368,0.0320529747641832,0.0,-0.3947283595351176,0.3390762211541178,0.4058342695670204,0.0,0.0,0.0,0.0,0.0,0.0,0.0358984611570131,0.0,0.0,0.0,0.1165269385862695,0.4167687549475987,0.0,0.0,-0.0889581483713368,0.0,0.0232694254550702,-0.1606245404014611,0.0088418749864321,0.0429233863298198,0.0,0.2077611272854597,0.2332678935969134,0.0,-0.0482408367017403,0.3136835164335694,-0.0085707542170296,-0.2557156790439524,-0.8699004057710362,-0.7966961041492636,0.1804190551662881,0.0,0.7759248129222406,0.0,0.075550891948194,-0.0605785269001343,0.173781995329189,0.2303612526865792,0.2639573620272542,0.0,0.0,0.0329078646565686,0.0584142400349443,-0.8263228563022297,0.0,0.0,0.0,-0.7096241172927017,0.0054235440132713,0.0,0.0,0.0,0.0,0.0,0.0,0.0165746509619718,-0.2000493731998339,-0.2000493731998339,-0.1743899268374133,0.0,-0.4687688393455038,0.1376999974943496,0.3217736816273758,0.0586377032818051,0.0,-0.6580026929077138,-0.8457029270155311,0.0,0.0381430293787607,0.0,0.0,-0.4855144271251548,0.0,0.0,0.0,0.0471587557006849,0.0,0.1476116071848254,0.0,0.0,0.0
253,0.0297090622243633,-0.0047067573544857,-0.4756289652854082,0.0324516342505707,0.0,-0.3979057825804116,0.3380976774413334,0.4312435735004337,0.0,0.0,0.0,0.0,0.0,0.0,0.0444985854047576,0.0,-0.0043811460688998,0.0,0.0994861661553326,0.4196296203944523,0.0,0.0,-0.0782983657843471,0.0,0.0207119305115669,-0.2006099036839864,0.0105789648263741,0.037470157771246,0.0,0.2037336527052036,0.2362686842950854,0.0,-0.0366063554063005,0.3696877857121721,-0.0411109821922778,-0.256466857629161,-0.8702489211277546,-0.7975244039716877,0.1826810628624379,0.0,0.7817802645924836,0.0,0.0827276544903706,-0.0492433676705711,0.1920655391553999,0.2769377871713697,0.2561886766668058,0.0,0.0,0.0334543438706922,0.0562401915783174,-0.8020640209282418,0.0,0.0076809205496366,0.0,-0.7003850755708276,0.0078946732448967,0.0,0.0,0.0,0.0,0.0,0.0,0.0169309198237026,-0.1779009737078643,-0.1779009737078643,-0.1444007957043405,0.0,-0.4557922169569364,0.1445090252174249,0.3110341878142612,0.0543301547253604,0.0,-0.6589689500960431,-0.8514742189075482,0.0,0.0376996107278983,0.0,0.0,-0.4840897597304036,0.0,0.0,0.0,0.0425489641762492,0.0,0.1869456727905033,0.0,0.0,0.0
254,0.0215075418795403,-0.042784518099398,-0.4911347914195214,0.0309372456572735,0.0,-0.3948096762616984,0.3395116426232001,0.4625171535297194,0.0,0.0,0.0,0.0,0.0,0.0,0.0577002071735104,0.0,-0.0117054475124932,0.0,0.0802952066602932,0.423167672787518,0.0,0.0,-0.0736640297125133,0.0,0.0184739844142389,-0.222904496090452,0.0117810081094653,0.0306467786937472,0.0,0.2023720618592419,0.2310637882193787,0.0,-0.0242098728032455,0.3234107742643851,-0.0715455586543536,-0.2542372983893379,-0.8710117261321542,-0.7970980407458509,0.1796906604466784,0.0,0.8053500138591165,0.0,0.0958147229961771,-0.0288853844211449,0.2345542641446538,0.3397748501290865,0.2418030133704164,0.0072202437510393,0.0,0.027587494027521,0.0596834007214357,-0.77453773750717,0.0,0.0106079415519389,0.0,-0.6959698261344898,0.0084286483722374,0.0,0.0,0.0,0.0,0.0,0.0,0.0207829439030074,-0.1473581262853393,-0.1473581262853393,-0.1222656068306525,0.0,-0.4368582750197896,0.1451326855985598,0.3048985506335296,0.0471583921032512,0.0,-0.6569034469667104,-0.8547268442266791,0.0,0.0367403013680932,0.0,0.0,-0.4836151086650657,0.0,0.0,0.0,0.0401552854586853,0.0,0.2287518919293854,0.0,0.0,0.0
255,0.0144774643329546,-0.1121685406109619,-0.5111544333849303,0.0277707649891436,0.0,-0.394071752983327,0.3354160392165221,0.4877132004871834,0.0,0.0,0.0,0.0,0.0,0.0,0.0638499559107732,0.0,-0.0126492508824982,0.0,0.06122967959346,0.4256535309957206,0.0,0.0,-0.0680616327500276,0.0,0.0193232023232946,-0.2393713173663733,0.0122113088476173,0.0235447208668423,0.0,0.2049354805932789,0.2327232714099387,0.0,-0.0111231496956863,0.2395629072514631,-0.0931137846435485,-0.2653172691922549,-0.870653829086435,-0.7962593089370974,0.1870942239261758,0.0,0.8254550288134477,0.0,0.1108229961627657,0.0244918649165142,0.27901548005546,0.367246826292563,0.2214371262934452,0.0217020838984946,0.0,0.020506939499783,0.0663208500691031,-0.7460940627700673,0.0,0.00838038509152,0.0,-0.6963941729037243,0.0071433400644252,0.0,0.0,0.0,0.0,0.0,0.0,0.0267730111113492,-0.1165978594209128,-0.1165978594209128,-0.1149069573174019,0.0,-0.4220629202281383,0.1392565534103292,0.2964327702541817,0.0478362888203885,0.0,-0.6497614360596904,-0.8560352781400509,0.0,0.0338906231577382,0.0,0.0,-0.4919805697554636,0.0,0.0,0.0,0.0409400627915189,0.0,0.2796367639568508,0.0,0.0,0.0
256,0.0076056754626064,-0.169196592044647,-0.526255434902799,0.0234686500198071,0.0,-0.3901830348527187,0.3366489177130532,0.5141435222590207,0.0,0.0,0.0,0.0,0.0,0.0,0.0743283006470334,0.0,-0.0120885465131202,0.0,0.0481171552010301,0.437046019420336,0.0,0.0,-0.0585059053126425,0.0,0.0191081651062897,-0.2549462032116978,0.0117810081094653,0.0168091194083813,0.0,0.2122022687399137,0.2296257527175405,0.0,0.0080844523130188,0.1451521280697861,-0.0963172035816356,-0.2703889980257659,-0.8679569837906169,-0.7953864198048074,0.1910912621341522,0.0,0.8231435508065634,0.0,0.1341081258291356,0.0290466083556481,0.2965129474085721,0.3736871747620114,0.1888148813091844,0.0329886431709713,0.0,0.0143782374536643,0.0660206956621666,-0.7152944848958748,0.0,0.005599787569725,0.0,-0.7034219126702976,0.0,0.0,0.0,0.0,0.0,0.0,0.0,0.0339118517742272,-0.0843894903325772,-0.0843894903325772,-0.0990665054649019,0.0,-0.4249751116799992,0.1379257148280571,0.3002245802870722,0.0500680712303009,0.0,-0.635552595610001,-0.8584316105008107,0.0,0.0296582416063013,0.0,0.0,-0.5074137762027131,0.0,0.0,0.0,0.0436975912930521,0.0,0.3469981599705301,0.0,0.0,0.0
257,0.0,-0.2429715882469973,-0.5451000455629427,0.0186665283661401,0.0,-0.3961428577532375,0.3393993377001643,0.5384801688625027,0.0,0.0,0.0,0.0,0.0,0.0,0.0627637032767763,0.0,0.0,0.0,0.0390759731345306,0.4462822780946216,0.0,0.0,-0.060761224645758,0.0,0.0178869218104954,-0.2560449715523905,0.0127021322972292,0.0131282910577394,0.0,0.2275754734269753,0.2226861160208289,0.0,0.0107905718809804,0.0886804694951149,-0.1007650058219673,-0.2717437287322797,-0.8665521937146763,-0.7942868894795386,0.1944082949545818,0.0,0.7444044226809414,0.0,0.2284049507047693,0.0334799598532004,0.2767174462029103,0.3795731125386572,0.1688056349890958,0.0470023537452794,0.0,0.0095337395382625,0.0653367721414261,-0.6842319026272855,0.0,0.0,0.0,-0.717914307742018,0.0,0.0,0.0,0.0,0.0,0.0,0.0,0.039921111853785,-0.0330259521392657,-0.0330259521392657,-0.0991175175084377,0.0,-0.4352642409768138,0.1640219446651332,0.3095108819700101,0.0693570400565055,0.0,-0.620670296419002,-0.8612624814854719,0.0,0.0292505399988005,0.0,-0.0049818831923546,-0.5254375973165429,0.0,0.0,0.0,0.0515959595642437,0.0,0.4049151096449231,0.0,0.0,0.0
258,0.0,-0.3088053020171163,-0.5651403836507395,0.0147324870095551,0.0,-0.3978329460861565,0.3432573214811044,0.5629035791598861,0.0,0.0,0.0,0.0,0.0,0.0,0.0437128578945366,0.0,0.0,0.0,0.032099256610825,0.4601403430768534,0.0,0.0,-0.0719299364799372,0.0,0.0150031783363492,-0.2406507806935717,0.0147592443307856,0.0103573394774133,0.0,0.2698914215448696,0.2067403472194423,0.0,0.0136325769963359,0.0582315380665597,-0.0963954638430041,-0.2793536969881808,-0.8646056250351988,-0.7928815793052656,0.1951498016112476,0.0,0.7159956027032667,0.0,0.2045801479521032,0.0367831312133045,0.3084257951598282,0.3805992987970638,0.1522525101466,0.0626108162785061,0.0,0.0063143122991512,0.062683622272072,-0.6507683584270741,0.0,0.0,0.0,-0.7352073179334839,0.0,0.0,0.0,0.0,0.0,0.0,0.0,0.0444970806527939,0.0,0.0,-0.1096945507094391,0.0,-0.4466395910166162,0.1985208404442372,0.3117381477940382,0.0679943347924911,0.0,-0.6002733985877018,-0.8629914781103385,0.0,0.0268343534223307,0.0,-0.0056623028770898,-0.5454129545071993,0.0,0.0,0.0,0.06261420892247,0.0,0.4665152089901326,0.0,0.0,0.0
259,0.0,-0.3749958633265606,-0.5824627501326473,0.0112722167013932,0.0,-0.4054794063867274,0.3427295610236507,0.578054921762163,0.0,0.0,0.0,0.0,0.0,0.0,0.0638490927557453,0.0,0.0,0.0,0.0389010485438031,0.3683192977708207,0.0,0.0,-0.0788344733053607,0.0,0.0133306758986387,-0.2279567742652382,0.0097429646536305,0.0084012354861931,0.0,0.2442603411466234,0.1945140854523189,0.0,0.0161586332352056,0.0369223557859416,-0.0774676247804718,-0.2930105812632216,-0.8632558280179823,-0.7915102916965975,0.1897983140886149,0.0,0.6990888940038161,0.0,0.1936504944922873,0.0379549517908979,0.3486129602124491,0.3877218183117861,0.1458478137483295,0.0778622611241408,0.0,0.0,0.0579470013192081,-0.615334105101656,0.0,0.0,0.0,-0.7550138014489607,0.0059303483996554,0.0,0.0,0.0102951394023185,0.0,0.0,0.0,0.0488901115134357,0.0,0.0,-0.1154086993048386,0.0,-0.4553332582107189,0.2568074614264441,0.3171514282467254,0.0603506251381157,0.0,-0.5831242586332346,-0.8642449272935844,0.0,0.0328990586860254,0.0,0.0,-0.5592589641392218,0.0,0.0,0.0,0.0725238656511149,0.0,0.4309660293024106,0.0,0.0,0.0
260,0.0,-0.4387280061753801,-0.5980412396481112,0.0082002304327902,0.0,-0.4040569805489877,0.3421252291074166,0.5796134670773888,0.0,0.0,0.0,0.0,0.0,0.0,0.0672718561967753,0.0,0.0,0.0,0.0665295238441028,0.4112072051475552,0.0,0.0,-0.0919636186470222,0.0,0.0106119301423391,-0.1928464611473033,0.0091562026085351,0.0116474141288298,0.0,0.2512773067342911,0.1761823386280945,0.0,0.0122643376158892,0.0218175408296124,-0.0566143741578453,-0.3108856383036546,-0.8625815531950307,-0.7904415311952822,0.1823875054016263,0.0,0.6897105500896451,0.0,0.2122832617144411,0.0387378650550326,0.3792241278907264,0.4077184485792347,0.1787010584729734,0.0903240887922296,0.0,0.0,0.0513543806302561,-0.5842562358062778,0.0,0.0,0.0,-0.7741629667196952,0.0062491490221984,0.0,0.0,0.0194896728102378,0.0,0.0,0.0,0.0594401299257679,0.0,0.0,-0.1214985434878172,0.0,-0.4567649731631305,0.3329455552797105,0.3188628467138347,0.0531433084401151,0.0,-0.5691016294286158,-0.8666104514911503,0.0,0.0739506390610148,0.0,0.0,-0.5691739961338852,0.0,0.0,0.0,0.0813787556503157,0.0,0.3321916372818067,0.0,0.0,0.0
261,0.0,-0.4681135309553089,-0.6098846685290807,0.0074292086221993,0.0,-0.4085203808899796,0.3339505330386659,0.5728611483663514,0.0,0.0,0.0,0.0,0.0,0.0,0.0580038357801258,0.0,0.0,0.0,0.0968706670090083,0.4458443351960768,0.0,0.0,-0.0980456346620029,0.0,0.0080877649403406,-0.1569860145255903,0.0082176361083293,0.0161719940849122,0.0,0.3346805615993626,0.1902022620794028,0.0,-0.0123528852234218,0.0181107306544032,-0.0197955878884114,-0.3359606311333574,-0.8617028225400221,-0.7897162687207049,0.1726880970355997,0.0,0.6864875934287188,0.0,0.2268583214940924,0.0385215043832947,0.3548164376974418,0.4253981862739643,0.2082151030937338,0.0976278563502625,0.0,0.0,0.0455751549177141,-0.5541052755498501,0.0,0.0,0.0,-0.7934124440291132,0.0,0.0,0.0,0.0315077719168301,0.0,0.0,0.0,0.0689104744266106,0.0,0.0,-0.1238318999782145,0.0,-0.4608474405105349,0.4159011228501809,0.3114250017529821,0.0474474019107592,0.0,-0.553499516986877,-0.8645610319420616,0.0,0.0715427792185365,0.0,0.0,-0.5768557521191839,0.0,0.0,0.0,0.0921243592491001,0.0,0.2601286226667718,0.0,-0.0061734080784994,0.0
262,0.0,-0.4688941077526726,-0.6190958773293593,0.0089449172791495,0.0,-0.418982800821655,0.3235191482312617,0.5572985403792284,0.0,-0.025556332062226,0.0,0.0,0.0,0.0,0.0493588773234476,0.0,0.0,0.0,0.0913432718939175,0.477918226287247,0.0,0.0,-0.1076200538389529,0.0,0.0069599885633574,-0.1127199680682899,0.0070527787560284,0.0208252154614867,0.0,0.3894253717194054,0.2257470729152414,0.0,-0.0228676582146027,0.0354007738098416,0.0,-0.3636503719391252,-0.8622778595328837,-0.7893990230362065,0.1624458395310029,0.0,0.6996418084676252,0.0,0.2336347289967021,-0.0276630858357811,0.3184029032510485,0.4530595871772597,0.2350558378544595,0.0984670901180663,0.0,0.0,0.0474200768192989,-0.5337118618775891,0.0,0.0,0.0,-0.8098009591249763,0.0,0.0,0.0,0.042261937231056,0.0,0.0,0.0,0.0757315382868824,0.0,0.0,-0.1231959163877364,0.0,-0.4586209988015129,0.5008176598070979,-0.1662662757799191,0.0427183755285122,0.0,-0.5383566996404258,-0.8636624643064414,0.0081394346224959,0.080098981683081,0.0081394346224959,0.0,-0.5760101893611088,0.0,0.0,0.0,0.1025456201343615,0.0,0.2090495200774725,0.0,0.0,0.0
263,0.0,-0.4376776203804903,-0.6203133863789395,0.0121257260543641,0.0,-0.4265925454551449,0.3092313347495454,0.5318695362393422,0.0,-0.0595689688121936,0.0,0.0,0.0,0.0,0.0563624617660969,0.0,0.0,0.0,0.0384048370042423,0.4000191044359644,0.0,0.0,-0.1189053303811773,0.0,0.0060567242828389,-0.0699276748136242,0.0113653385967138,0.0272256987118259,0.0,0.4507684619338166,0.2597901120096127,0.0,-0.0428992772640786,0.0631466482144639,0.0,-0.3931223144954437,-0.8659097242352645,-0.789395692445401,0.1527172851457735,0.0,0.727198750670192,0.0,0.2327539947210061,-0.0515288128619863,0.2827354994597226,0.5208777173113887,0.2558103871289294,0.0925489021101045,0.0,0.0,0.0445529065376243,-0.5168555661460342,0.0,0.0,0.0,-0.8153908286275023,0.0,0.0,0.0,0.0254600520153939,0.0,0.0,0.0,0.0828856652827624,0.0,0.0,-0.1307363347211597,0.0,-0.4543621528435017,0.5784591368662179,-0.1567889508597093,0.0362457710676399,0.0,-0.5295245856298618,-0.8627181282567324,0.0128896944673058,0.1075148590896004,0.0128896944673058,0.0,-0.5751354334335484,0.0,0.0055270266328666,0.0,0.109699285205318,0.0,0.1906672043939615,0.0,0.0,0.0
264,0.0,-0.3853693760134518,-0.6190113807228266,0.0164689030153294,0.0,-0.4288310681724933,0.2974729018379881,0.5082087553922223,0.0,-0.0925848753580577,0.0,0.0,0.0,0.0,0.0607081281672869,0.0,0.0,0.0,0.0382399610501493,0.3246196585992879,0.0,0.0,-0.1205477153851045,0.0,0.0105427614442101,-0.0303686390447042,0.0352824106867958,0.0319463787678683,0.0,0.4984660132374899,0.2751592197554173,0.0,-0.0522226902116407,0.1079609215049907,0.0,-0.4215034522720542,-0.8703820287428221,-0.7900165411200659,0.142366811530839,0.0,0.7666112677941035,0.0,0.1974160948896592,-0.0730989584380681,0.25049441613009,0.587407265797248,0.266381054853049,0.0831903687661999,0.0,0.0,0.0307805868165277,-0.4933562542047537,0.0,0.0,0.0,-0.8162941326329631,0.0,0.0,0.0,0.0055952648514005,0.0,0.0,0.0,0.0716319869452002,0.0,0.0,-0.141531782279541,0.0,-0.4385186307620391,0.6418874209440029,-0.149046123846317,0.0409909191971699,0.0,-0.5211126225214053,-0.8620613511111732,0.0205610790503264,0.1223260524058775,0.0205610790503264,0.0,-0.5621800352366619,0.0,0.0074434127737098,0.0,0.1159715730130654,0.0,0.1871144422287297,0.0,0.0,0.0
265,0.0,-0.3269345575123129,-0.6138265502943744,0.0255835835847418,0.0,-0.430251319885699,0.2919252235902125,0.481164950249298,0.0,-0.1179801333113758,0.0,0.0,0.0,0.0,0.0653200389446178,0.0,0.0,0.0,0.0646962624275475,0.2574469021037701,0.0,0.0,-0.1187926664142569,0.0,0.0164967428498908,-0.0076288990769003,0.0567474394737513,0.0357895789269767,0.0,0.5082514495999927,0.2665526924671773,0.0,-0.0583295573687182,0.0734825216264376,0.0,-0.4536476997055159,-0.8759095779554587,-0.7909069101913361,0.1355244941841049,0.0,0.8098019628356818,0.0,0.1567918565478036,-0.092575671338608,0.2177969119353322,0.5280357531683552,0.2659816121607725,0.0703912685966682,0.0,0.0,0.0218002022124945,-0.4799585011690001,0.0,0.0,0.0,-0.8134592888458175,0.0,0.0,0.0,0.0,0.0,0.0,0.0,0.059375210183816,0.0,0.0,-0.1470442149363627,0.0,-0.4238538726931994,0.68302777071317,-0.1311409485095145,0.0515563757027092,0.0,-0.5158793651520371,-0.8625996005472905,0.0333449380328725,0.1413159043248856,0.0333449380328725,0.0,-0.5427191493072372,0.0,0.0094525515392036,0.0,0.118225309319604,0.0,0.2037765425602817,0.0,0.0,0.0
266,0.0,-0.2566709896284102,-0.600220360764726,0.0346317342044265,0.0,-0.4343172705071749,0.284477225741573,0.4577171586653234,0.0,-0.1227656352805517,0.0,0.0,0.0,0.0,0.0692281815955199,0.0,0.0,0.0,0.0570795417152795,0.2670606898133649,0.0,0.0,-0.1158730816264489,0.0,0.0132746951942875,0.0,0.0518901098907486,0.0320970579205897,0.0,0.5053940925870561,0.2512720220200466,0.0,-0.0441881470217105,0.1037230554098596,0.0,-0.4794472700341393,-0.8822817718872948,-0.7915144510124659,0.1315401066604655,0.0,0.8527932644811287,0.0,0.1102154548144705,-0.1146966815469179,0.1906505954523348,0.4903414965431538,0.2581915888775496,0.0570969138097938,0.0,0.0,0.0186967494968859,-0.4612209188417886,0.0,0.0,0.0,-0.8084766613901441,0.0,0.0,0.0,0.0,0.0,0.0,0.0,0.0504521192797222,0.0,0.0,-0.1479386518205616,0.0,-0.417262029600721,0.6943137720691411,-0.1126014902404463,0.077643143668342,0.0,-0.5126144943935191,-0.8634404068694819,0.049708901159672,0.1722963082643264,0.049708901159672,0.0,-0.5231654822825685,0.0,0.0113158430014663,0.0,0.1206944710247146,0.0,0.2271967281515201,0.0,0.0,0.0
267,0.0,-0.1879393397856545,-0.5864090158217398,0.0455347245765466,0.0,-0.438110449861908,0.2758555018332767,0.4401291405445436,0.0,-0.1127371943438346,0.0,0.0,0.0,0.0,0.0701100323357352,0.0,0.0,0.0,0.0476223189483122,0.2915004836422395,0.0,0.0,-0.1130879593935903,0.0,0.0151134137410817,0.0,0.0437985234065035,0.0238167854245421,0.0,0.4951128817692377,0.2359535546568143,0.0,-0.0322753621218992,0.1427870175561585,0.0,-0.5045296249351491,-0.8877731246446534,-0.7913620849072148,0.127837071506471,0.0,0.8957443145013514,0.0,0.0878813825527124,-0.1265792218597246,0.1818357681550849,0.4989988376779141,0.2675172909858933,0.0494077521081771,0.0,0.0,0.0141916691508478,-0.4493190943963808,0.0,0.0,0.0,-0.8012412893828463,0.0,0.0,0.0,0.0060342885812778,0.0,0.0,0.0,0.0494232005007954,0.0,0.0,-0.1553088253967438,0.0,-0.4109967142592922,0.6240859639296822,-0.0977488535561967,0.1391966583863595,0.0,-0.5133858854334512,-0.8649338550408476,0.0457785214676555,0.17993546651999,0.0457785214676555,0.0,-0.5074578744013145,0.0,0.0115130411914592,0.0,0.122813062232913,0.0,0.2447932806774295,0.0,0.0,0.0
268,0.0,-0.1371839127007507,-0.572100031714886,0.0571998199161044,0.0,-0.4387520725887215,0.2803164810605095,0.4150694439615548,0.0,-0.096319361378433,0.0,0.0,0.0,0.0,0.0682485234018856,0.0,0.0,0.0,0.0379147144918944,0.320362927612322,0.0,0.0,-0.1171246627148631,0.0,0.0230727018975155,0.0,0.0348338610898203,0.0173951365915135,0.0,0.4888134278791554,0.2198189957788786,0.0,-0.0107008326624678,0.1929825517399245,0.0,-0.5264726923276093,-0.8917677897497969,-0.7910810149763557,0.1044921182677216,0.0,0.9332010687173768,0.0,0.0842008885551225,-0.132084895929547,0.1916596923370427,0.5172554617248358,0.279484761918812,0.0624435140412168,0.0,0.0,0.0180750763438343,-0.4375021373000074,0.0,0.0,0.0,-0.7926154652418563,0.0,0.0,0.0,0.0205317367523175,0.0,0.0,0.0,0.0544328284152881,0.0,0.0,-0.1583404879155922,0.0,-0.4157948708375974,0.5298232908739162,-0.0858538284845394,0.1909708259507122,0.0,-0.5204149528852156,-0.8688638967839108,0.0313656139566745,0.1927377707475565,0.0313656139566745,0.0,-0.4981818571155105,0.0,0.0090241441897995,0.0,0.1208098369047663,0.0,0.2678794236382716,0.0,0.0,0.0
269,0.0,-0.1070760006238961,-0.5617696801075098,0.0684625223457358,0.0,-0.4337031726783825,0.2942673426780319,0.4033938483297636,0.0,-0.0582647979576501,0.0,0.0,0.0,0.0,0.0642291552961489,0.0,-0.0039893022224998,0.0,0.0275623113691613,0.3328399142951649,0.0,0.0,-0.1151833147902162,0.0,0.0308826719901399,0.0,0.0265163253926766,0.0125728961789034,0.0,0.4819662745791582,0.2047227543057512,0.0,0.0,0.2756511956917022,0.0,-0.5448361648727172,-0.8951556721252576,-0.7911085961756591,0.0800663638498226,0.0,0.9458286899402822,0.0,0.0873123894371693,-0.1412220387831088,0.221316030968417,0.5351914165828868,0.2871357333832698,0.0757137926828334,0.0,0.0,0.0145784228258448,-0.4220649371000006,0.0,0.0,0.0,-0.7731924093614602,0.0,0.0,0.0,0.0439247285079193,0.0,0.0,0.0,0.0659683962775788,0.0,0.0,-0.1619511441540004,0.0,-0.4350997612534848,0.450006598593241,0.1572524437369907,0.250169729153666,0.0,-0.530178032048349,-0.8739989832518775,0.0247280238891603,0.2076313828825593,0.0247280238891603,0.0,-0.489099792120473,0.0,0.0067906639325735,0.0,0.1166147013878624,0.0,0.3443516166853644,0.0,0.0,0.0
270,0.0,-0.0998346572328322,-0.5505536698993219,0.0652311467819486,0.0,-0.4241761845015214,0.3127856984951014,0.4028958629368229,0.0,-0.0147975277545404,0.0,0.0,0.0,0.0,0.0577626561099136,0.0,-0.0090630829429704,0.0,0.0187353283441682,0.3984357492532662,0.0,0.0,-0.1191896479319125,0.0,0.0407966789195476,0.0,0.0192043035663532,0.0079669619325188,0.0,0.4736795589739567,0.1921951640197526,0.0,0.0,0.3887376398712397,0.0,-0.5574260804394489,-0.8968341942725875,-0.7905611717140504,0.0633284427191921,0.0,0.947994052706138,0.0,0.0989698928702811,-0.1470120736777819,0.2490525890638607,0.4583987748352919,0.2947222738008253,0.0885356190174586,0.0,0.0,0.0081948449922716,-0.4080456880027538,0.0,0.0,0.0,-0.757035505719759,0.0,0.0,0.0,0.0592361303684099,0.0,0.0,0.0,0.0529185423866616,0.0,0.0,-0.1580470035692052,0.0,-0.4571593734382171,0.4062272279057022,0.1648516653122607,0.2663963259122239,0.0,-0.5432952881446313,-0.8798865653373085,0.0280727399115944,0.2144534496690585,0.0280727399115944,0.0,-0.4756969344346191,0.0,0.0,0.0,0.1109867396038695,0.0,0.3732576290850833,0.0,0.0,0.0
271,0.0,-0.1226921435482229,-0.5450561812141597,0.0647158709795709,0.0,-0.409628409606675,0.3292828589452066,0.4005269970620566,0.0,0.0,0.0,0.0,0.0,0.0,0.0494020920344515,0.0,-0.0106140628362319,0.0,0.0140835611344812,0.4633057938480673,0.0,0.0,-0.1218152995832338,0.0,0.0524657537574266,0.0,0.0147723377474378,0.0060043296985892,0.0,0.4542072507004777,0.180901769640931,0.0,0.0,0.5061351321015755,-0.0204611418061275,-0.5690919395290344,-0.8982325268854212,-0.7895648925913368,0.0575994425242636,0.0,0.9528031375186858,0.0,0.1069607815219083,-0.152875932049739,0.2825573316784573,0.3857831086946239,0.295968877032962,0.0863691503081817,0.0,0.0,0.0,-0.3957824349989357,0.0,0.0,0.0,-0.7428228952240165,0.0,0.0,0.0,0.0780141129625926,0.0,0.0,0.0,0.0415175632287701,0.0,0.0,-0.1662994869255408,0.0,-0.4846578292440004,0.3684932240583887,0.1753803384935437,0.256840752303227,0.0,-0.5618894999942351,-0.884072615908635,0.0309896560448718,0.2425656906039281,0.0309896560448718,0.0,-0.4651396776193851,0.0,0.0,0.0,0.1025567842974782,0.0,0.4220466526644315,0.0,0.0,0.0
272,0.0,-0.1673302154672239,-0.5442537845866088,0.0653530188145184,0.0,-0.3886460492341096,0.3561189331984464,0.3956743773912275,0.0,0.0,0.0,0.0,0.0,0.0,0.0414614306044666,0.0,-0.0232558880639552,0.0,0.0126642261378496,0.525868844848471,0.0,0.0055166008643419,-0.1303403041092014,0.0,0.0453350514544997,0.0,0.011737759907472,0.0,0.0,0.412438578417462,0.1596652964022934,0.0,0.0,0.6292911575856973,-0.0257981972964335,-0.5796691466917415,-0.8976073712525205,-0.78879228556763,0.0523929218624204,0.0,0.9485991692201272,0.0,0.1300356428791943,-0.1565652252543274,0.316666227941814,0.3222186589802465,0.2861706845382694,0.0775567077710416,0.0,0.0,0.0,-0.3788493275624036,0.0,0.0,0.0,-0.7279363842017668,0.0,0.0,0.0,0.0882305625122891,0.0,0.0,0.0,0.0287777344376889,0.0,0.0,-0.1560451711186546,0.0,-0.5210731422629266,-0.1736938095934908,0.1941951627920532,0.2463908932634175,0.0,-0.5777603852429052,-0.8886831834571831,0.0333554074232139,0.2162514923933049,0.0333554074232139,0.0,-0.4500486989844106,0.0,0.0,0.0,0.0937848460120534,0.0,0.4355742485986366,0.0,0.0,0.0
273,0.0,-0.2203347468647097,-0.550562693286095,0.065885640262577,0.0,-0.371312057463845,0.379345218380361,0.3929162122119327,0.0,0.0,0.0,0.0,0.0,0.0,0.0521452920728393,0.0,-0.0292058244579617,0.0,0.0089910075353357,0.5316836145292436,0.0,0.0,-0.136168192317789,0.0,0.034910105832523,0.0,0.0,0.0102932845253227,0.0,0.3757355425234762,0.1399906564071959,0.0,0.0,0.6624079528069571,-0.0326820434601493,-0.5879197021134671,-0.8959951586617305,-0.7880338063898825,0.048874890877903,0.0,0.9274802792391494,0.0,0.1265265835920273,-0.1549744424151187,0.3007033817839147,0.3082994963935753,0.2734816669799589,0.0648217217587477,0.0,0.0,0.0,-0.3655531286055042,0.0,0.0,0.0,-0.7175163620242517,0.0058257062979837,0.0,0.0,0.0937746527911417,0.0,0.0,0.0,0.0180368171827825,0.0,0.0,-0.1436038787163067,0.0,-0.5596369671997151,-0.1747777939651441,0.2169227412637122,0.232859441618854,0.0,-0.5967682424313816,-0.8927659386064741,0.034938638598573,0.1602606089450752,0.034938638598573,0.0,-0.4362060090461987,0.0,0.0,0.0,0.0896754910714896,0.0,0.4114209999747096,0.0,0.0,0.0
274,0.0,-0.2832871906418981,-0.5612336144803867,0.0703422875738179,0.0,-0.3449703149156401,0.4056882669515078,0.3906926979728241,0.0,0.0,0.0,0.0,0.0,0.0,0.0513179337287958,0.0,-0.0270449892584154,-0.0125736593725388,0.0056798583528509,0.5319728494078984,0.0,0.0,-0.1428966081795088,0.0,0.0264614912845887,0.0,0.0,0.0102093224091535,0.0,0.3490250464426719,0.106609701548193,0.0,0.0,0.6821550154434474,-0.0391930044130986,-0.5957561109762737,-0.8946471864146273,-0.7877224627200814,0.052451823629123,0.0,0.921237218060554,0.0,0.1112152011663852,-0.1551509871736336,0.2360697551221237,0.3006642932623452,0.2536740600064004,0.0504268962296886,0.0,0.0,0.0,-0.3590566049374741,0.0,0.0,0.0,-0.7043163029276407,0.0054298548048022,0.0,0.0,0.0956545917010178,0.0,0.0,0.0,0.0126225243192993,-0.0141702522564865,-0.0141702522564865,-0.130160776325481,0.0,-0.6035427987315191,-0.1717258079480924,0.2381529253577076,0.2144915336407863,0.0,-0.6086716677557723,-0.8963894765538329,0.0352934473462766,0.1659125871753381,0.0352934473462766,0.0,-0.4220339820807514,0.0,0.0,0.0,0.0863974286777482,0.0,0.3920926311479093,0.0,0.0,0.0
275,0.0,-0.335073620450092,-0.5695127547053924,0.0715851042152714,0.0,-0.325672115238178,0.4345996478116167,0.3924621976065396,0.0,0.0,0.0,0.0,0.0,0.0,0.0390585905067831,0.0,-0.0338383033060511,-0.0126537341062578,0.0,0.5315313060817963,0.0,0.0,-0.1486659561591763,0.0,0.0268680115597554,0.0,0.0,0.005691429032101,0.0,0.3217830700433121,0.1064125428032001,0.0,0.0,0.6848812844896883,-0.0418718793845336,-0.6021923708484211,-0.8950028034328463,-0.7875434584312392,0.0653180385205202,0.0,0.955279267594076,0.0,0.0942909856084799,-0.1593706489675134,0.18530076289,0.2969700331085992,0.230408060897668,0.039981380273766,0.0,0.0,0.0,-0.351393545530704,0.0,0.0,0.0,-0.6966376212450186,0.0054572183227909,0.0,0.0,0.0999243978682617,0.0,0.0,0.0,0.0082324517654732,-0.0565879743587638,-0.0565879743587638,-0.1209633533444011,0.0,-0.6491635676128618,-0.1689166016389337,0.2528656871085,0.1914196451816935,0.0,-0.6169716944625957,-0.8987631494277251,0.0343442316618689,0.1655848214931746,0.0343442316618689,0.0,-0.4095008263261347,0.0,0.0,0.0,0.0956956440815655,0.0,0.39164275748451,0.0,0.0,0.0
276,0.0,-0.3889214644965469,-0.5814320849305527,0.0752302398880883,0.0,-0.3071755880025971,0.4567198535570834,0.3971045238679379,0.0,0.0,0.0,0.0,0.0,0.0,0.0281584183632236,0.0,-0.0371210830700705,-0.0134954236123901,0.0,0.5338760997202684,0.0,0.0,-0.1592797014862117,0.0,0.0240393268570917,-0.0346855656034143,0.0,0.0,0.0,0.2935425999235899,0.1151623312847802,0.0,0.0,0.6719449506708544,-0.0363259278376677,-0.6039956378988803,-0.8964278125782825,-0.7878134760115139,0.0841587143619976,0.0,1.0083417840941489,0.0,0.0764632268325139,-0.158557081774575,0.1483684174689362,0.3046417503717115,0.2023735616458121,0.0828140575273803,0.0,0.0,0.0,-0.343219412619224,0.0,0.0,0.0,-0.6953315883683175,0.0059061311031411,0.0,0.0,0.1017922719497154,0.0,0.0,0.0,0.0,-0.0864988721811878,-0.0864988721811878,-0.117793576052681,0.0,-0.6888282691916398,-0.1709872864419572,0.2612875323442769,0.1669259516622822,0.0,-0.6246493839888065,-0.9011814966055668,0.0321154899867694,0.1479677013301609,0.0321154899867694,0.0,-0.3934620361502101,0.0,0.0,0.0,0.103519825422284,0.0,0.3769725394113415,0.0,0.0,0.0
277,0.0,-0.4186960232146765,-0.5836913563328646,0.0763977899669384,0.0,-0.2921007355226704,0.4382275328327085,0.4042153585612863,0.0,-0.0123615675123164,0.0,0.0,0.0,0.0,0.0214149772957233,0.0,-0.0398236767817813,0.0,0.0,0.5449323859837052,0.0,0.0,-0.172296472886763,0.0,0.0238484772085368,-0.0653083015647554,0.0054250598949068,0.0,0.0,0.2842857498403656,0.1344035314222574,0.0,0.0,0.66160814119596,-0.0251293055333251,-0.5948512585739013,-0.8988656197436162,-0.7883308052921109,0.1146282440081909,-0.0121780990874833,1.0371735906731117,0.0,0.0625309418365525,-0.1469088478709617,0.1312548382655087,0.3066061233329298,0.1762631477246556,0.1186771843404689,0.0,0.0,0.0,-0.3254426043185384,0.0,0.0,0.0,-0.6970778991611634,0.0058476978304048,0.0,0.0,0.0720840813492004,0.0,0.0,0.0,0.0,-0.1190055533390074,-0.1190055533390074,-0.1151259834330121,0.0,-0.7247552949404186,-0.1759773326247069,0.2653714863584708,0.1427943835279302,0.0,-0.61888536920297,-0.9006554557126725,0.0310426572195443,0.1390102927356337,0.0310426572195443,0.0,-0.3823154338235185,0.0,0.0,0.0,0.1252220099660185,0.0,0.3793570991115066,0.0,0.0,0.0
278,0.0,-0.4363515993685179,-0.5824757461139758,0.0756982227489454,0.0,-0.2864243135542292,0.3893971952717366,0.4158302456633708,0.0,-0.0744521143801875,0.0,0.0,0.0,0.0,0.0151327531557442,0.0,-0.0471515869784414,0.0,0.0058835415417303,0.5712301343894374,0.0,0.0,-0.1818988814489845,0.0,0.025781450595528,-0.0936253230470149,0.0079374990785935,0.0,0.0,0.2819086444250058,0.1359795275315683,0.0,0.0,0.6414209686131602,-0.0214596333692932,-0.5807066234637506,-0.8996726441593546,-0.7888732851378828,0.0709010811909736,-0.0292266488774602,1.032538238967164,0.0,0.0546266417669495,-0.1283281349439375,0.1248752040563708,0.3011311794307404,0.1603038297943105,0.1188910689108546,0.0,0.0,0.0,-0.3174982023163552,0.0,0.0,0.0,-0.7060420851046381,0.0069965465196064,0.0,0.0,0.0512141378955483,0.0,0.0,0.0,0.0,-0.1436527736062004,-0.1436527736062004,-0.0973837228627032,0.0,-0.7648457036903481,-0.1832278947593798,0.2672733125834383,0.1168302384674067,0.0,-0.6124946181892915,-0.9009991821853688,0.0280345722808451,0.161935262930681,0.0280345722808451,0.0,-0.3755250528926987,0.0,0.0,0.0,0.1707052731781267,0.0,0.3874287952231971,0.0,0.0,0.0
279,0.0,-0.4321659244693051,-0.574140225461535,0.0648267537912227,0.0,-0.2904915252206017,0.3662296328556709,0.4302438066182659,0.0,-0.1346530695611903,0.0,0.0,0.0,0.0,0.0109302654718736,0.0,-0.054106278149798,0.0,0.0064447326873231,0.5564362642808474,0.0,0.0,-0.2007910757053367,0.0,0.0268859680970302,-0.1135641235756293,0.0146317455352134,0.0,0.0,0.2816327554360331,0.1380274908942515,0.0,0.0,0.6194093864659033,-0.0261092277122368,-0.5541509886773838,-0.90055472641727,-0.7890875147276988,0.0514563722879659,-0.0402857625719999,1.0033070864470277,0.0,0.0536455429657943,-0.1178346247817428,0.144487179960672,0.2867879351703884,0.1484069802558219,0.1145078006180914,0.0,0.0,0.0,-0.3196626420007237,0.0,0.0,0.0,-0.7185096890725267,0.007791534676459,0.0,0.0,0.0384001027602537,0.0,0.0,0.0,0.0,-0.1635131978530314,-0.1635131978530314,-0.0920389835355767,0.0,-0.7952054770545842,-0.1918100010389473,0.2554220849027693,0.0965808483421333,0.0,-0.6050125904891294,-0.9016909809062534,0.0265409510083855,0.1878309449091404,0.0265409510083855,0.0,-0.3752291769548442,0.0,0.0,0.0,0.2177388143665818,0.0,0.3976437897490288,0.0,0.0,0.0
280,0.0,-0.4141912129353305,-0.5583646622512846,0.0528577362394813,0.0,-0.2981152663094301,0.3427341057969841,0.4473528193513035,0.0,-0.1688451258954862,0.0,0.0,0.0,0.0,0.0167597142472657,0.0,-0.0668007836237338,0.0,0.0084340284255463,0.5553691405570177,0.0,0.0,-0.2177166049170074,0.0,0.0269773282414505,-0.1246464204044038,0.0155101904450063,0.0,0.0,0.272604395044358,0.1138757024540251,0.0,-0.0044702485243635,0.6054992703150323,-0.0287933428493598,-0.5139989854124157,-0.9017429141525022,-0.7894571159289644,0.0443448762911644,-0.0507020119958591,1.0214276703482816,0.0,0.0640187634164241,-0.0922039150125237,0.1831645869414815,0.2622705513176084,0.1367548896986158,0.1179088959176754,0.0,0.0,0.0,-0.3185597364361345,0.0,0.0,0.0,-0.729360578934196,0.0080761200949109,0.0,0.0,0.0287383962416322,0.0,0.0,0.0,0.0106263464969643,-0.1817826613050072,-0.1817826613050072,-0.090074512978454,0.0,-0.8206851906337678,-0.1966233526862321,-0.1415975282323346,0.0739138687578103,0.0,-0.5818379612718635,-0.9022841258430558,0.025481048644182,0.2191982661673746,0.025481048644182,0.0,-0.3864268085464833,0.0,0.0,0.0,0.2968343807893593,0.0,0.3959141348994656,0.0,0.0,0.0
281,0.008160432146965,-0.3967467852652532,-0.5457473772698899,0.0423720595728027,0.0,-0.3068858930485846,0.3381518546754647,0.465140677744678,0.0,-0.2007319761869294,0.0,0.0,0.0,0.0,0.0373728509644736,0.0,-0.0726135934220548,0.0,0.0127016517021217,0.5390533750758697,0.0,0.0,-0.2311903919791498,0.0,0.0265408776159431,-0.146361174978906,0.0126343817907632,0.0065202766382158,0.0,0.2939890462418449,0.1239797252655264,0.0,-0.0094424676321082,0.5838369974465277,-0.0286503747646728,-0.4646123794949426,-0.901525186266852,-0.790162524949738,0.0614774163672401,-0.0502384394025333,0.9882871950005284,0.0,0.0742622046354587,-0.0642177513221955,0.2364532496782067,0.2360531856712636,0.1194115190686996,0.125267379658634,0.0,0.0,0.0,-0.3172787371327594,0.0,0.0,0.0,-0.7436402877417025,0.007791534676459,0.0,0.0,0.0202126611747079,0.0,0.0,0.0,0.0233651769100192,-0.2047814991809305,-0.2047814991809305,-0.0947231522746131,0.0,-0.8340526538075301,-0.2012925909012492,-0.148122571165641,0.0636612464406989,0.0161176897271916,-0.5600973803506285,-0.9031899290460847,0.0251107875968634,0.2699809347674142,0.0251107875968634,0.0,-0.4041507900352233,0.0,0.0,0.0,0.267820722451996,0.0,0.3810145808719929,0.0,0.0,0.0
282,0.0188123966875324,-0.3844323190516668,-0.5248936639443043,0.0411873651790373,0.0,-0.3165904885130789,0.3343721162427461,0.4886805883178769,0.0,-0.2085114311592539,0.0,0.0,0.0,0.0,0.0532379309314468,0.0,-0.0755757135426962,0.0,0.019504170782601,0.5026514276224349,0.0,0.0,-0.2340495688743175,0.0,0.0253460310033123,-0.1536080572404392,0.011742086730698,0.0122402859781399,0.0,0.3594715989808658,0.1439051329008429,0.0058084680501752,0.0,0.558576308269147,-0.0340668343209701,-0.4048300705881603,-0.8998861415637083,-0.7912415708122539,0.1072917585167883,-0.0340788000749511,0.928713697231754,0.0,0.0824229498378152,-0.0366760811935149,0.2796067584410017,0.2044349699143282,0.1205011486718824,0.1326122731600779,0.0,0.0,0.0,-0.3232319833480845,0.0,0.0,0.0,-0.7548854670338109,0.0069965465196064,0.0,0.0,0.0191309483214386,0.0,0.0,0.0,0.0426484473903959,-0.2342670294527667,-0.2342670294527667,-0.0966980565146004,-0.0034638207908818,-0.8491416545317967,-0.1998276159119527,-0.1527820986123512,0.0453823038212773,0.0170368444756619,-0.5370204836183172,-0.9044888327734126,0.0252824810586587,0.3293019529942325,0.0252824810586587,0.0,-0.4266063968154052,0.0,0.0,0.0,0.2441402005571974,0.0,0.3641488974549464,0.0,0.0,0.0
283,0.0319949436754692,-0.3724218652362956,-0.5105984812337043,0.049892506063496,0.0,-0.3362696260533787,0.3777044384939618,0.5153262229481929,0.0,-0.1865090136858576,0.0,0.0,0.0,0.0,0.071891437063183,0.0,-0.0899691773611712,0.0,0.0233907035001653,0.4672317362109452,0.0,0.0,-0.2325219828630524,0.0,0.0233614885131214,-0.154541565019816,0.0101141909766767,0.0328723565056963,0.0,0.3427511009948607,0.1367502203211107,0.0227774237243626,0.0,0.5325828524778546,-0.0463550232988906,-0.3331183599737728,-0.8977476439687493,-0.7920200349918173,0.1668921785808643,-0.0076744598071101,0.8875552568296603,0.0,0.0783924925296613,-0.008449200875387,0.3078131815558167,0.1723367860111121,0.1213418965303189,0.1352342693509608,0.0,0.0,0.0,-0.3399808784637516,0.0,0.0,0.0,-0.7667486286293143,0.0088746196618361,0.0,0.0,0.048478190493822,0.0,0.0,0.0,0.0514667845266287,-0.2588334655779601,-0.2588334655779601,-0.1006608819143503,-0.0247151966114826,-0.8511712273638063,-0.2042231440840989,-0.1547963400630644,0.0323427358744068,0.0125963951408345,-0.5164626344302933,-0.9050282416707748,0.0238461726924239,0.3535047297667223,0.0238461726924239,0.0,-0.451039551839718,0.0,0.0,0.0,0.2133146605433081,0.0,0.3695943496668623,0.0,0.0,0.0
284,0.0316903259610858,-0.3676203288926788,-0.5045328258246129,0.0466493517293365,0.0,-0.3626284542996621,0.4072649330601304,0.534318288320709,0.0,-0.1564266596898947,0.0,0.0,0.0,0.0,0.0731109520255882,0.0,-0.103537750309407,0.0,0.015235984855313,0.4308369895613276,0.0,0.0,-0.21440676125657,0.0,0.0207693305595173,-0.1468404466335353,0.0085099364816347,0.0562135502171899,0.0,0.3404035990245335,0.1340641541246293,0.04486026620622,0.0,0.502182484780393,-0.0587084705012249,-0.2542497681906149,-0.8946233990001704,-0.7928742459940211,0.195952889867441,0.0,0.8553164276301515,0.0,0.0776113433660863,0.0147882953716978,0.3072363394469772,0.1560922733547546,0.1197282576458751,0.1349183549523055,0.0,0.0,0.0,-0.3628454175475865,0.0,0.0,0.0,-0.783563619948145,0.0101765116121956,0.0,0.0,0.0871300754648549,0.0,-0.0110439143068069,0.0,0.0281168286030905,-0.2623563873524248,-0.2623563873524248,-0.1078632693161888,-0.0363362282398672,-0.85134394096873,-0.1945840108052146,-0.1544180657690996,0.0211563911891302,0.009266097810551,-0.4954313721681131,-0.9055520912864448,0.0233012457293417,0.3577182529150676,0.0233012457293417,0.0,-0.4762758408402787,0.0,0.0,0.0,0.1837207034153896,0.0,0.302555669810437,0.0,0.0,0.0
285,0.0428254149034984,-0.3696728248018832,-0.5052274044292397,0.0434069960043364,0.0,-0.380777049265059,0.4385449962664381,0.5065895721033898,0.0,-0.0995150883126488,0.0,0.0,0.0,0.0,0.0669243741243504,0.0,-0.1032924694459317,0.0,0.00955034632015,0.3921677906443008,0.0,0.0,-0.1790500554140714,0.0,0.0173084865999136,-0.1544944769555045,0.0071234342163144,0.0402122012695981,0.0,0.3482792820525089,0.1278509213776505,0.0408227302313307,0.0,0.4740444604309606,-0.065284669110812,-0.1795674884896768,-0.8916642745297723,-0.7939105157133598,0.1897998101454114,0.0,0.8220122654568227,0.0,0.0660702516854249,0.0317757582083036,0.2577490069706765,0.1475568253033528,0.1176607234502008,0.1228992858329927,0.0,0.0,0.0,-0.3847826374592513,0.0,0.0,0.0,-0.792741591091167,0.0153620587429424,0.0,0.0,0.1144646377785133,0.0,-0.0350886366653829,0.0,0.0308572553584118,-0.26456394046768,-0.26456394046768,-0.1132886827560956,-0.0597041672416508,-0.8439730886623759,-0.1861781497537007,-0.1488247090780801,0.0094113470856452,0.0123643175626197,-0.4818383064521274,-0.9069162869722174,0.0228904128712183,0.3408065949634496,0.0228904128712183,0.0,-0.5046631968493773,0.0,0.0,0.0,0.1555943587807237,0.0,0.2363659382017169,0.0,0.0,0.0
286,0.059002724712966,-0.3805843175714523,-0.5159946606852096,0.0397206245159862,0.0,-0.4019385363569673,0.4666961414300344,0.476759107680553,0.0,-0.0570887754849627,0.0,0.0,0.0,0.0,0.0627719694309233,0.0,-0.1046262790613001,0.0,0.0068667719893861,0.3627273496335349,0.0,0.0,-0.1467525859019883,0.0,0.0120913458669272,-0.1538130834816794,0.0057886918902126,0.0226830467717641,0.0,0.3589504047031188,0.1189969081726764,0.0312437993143431,0.0,0.4524428336240086,-0.0727326252065574,-0.1184209364202444,-0.8894711662578536,-0.7950194710168118,0.2050243387055723,0.0,0.7905995667815569,0.0,0.0570821323667656,0.0650790812291042,0.2080597071960387,0.1403442279017493,0.1286773816028799,0.1208665814802388,0.0,0.0,0.0,-0.4115191953052627,-0.0034266788977692,0.0,0.0,-0.8019331401490842,0.0127254922076921,0.0,0.0055296609324116,0.0749100215873239,0.0,-0.0534159354636331,0.0,0.0344919335163984,-0.2514859846782836,-0.2514859846782836,-0.1052143066558059,-0.0707314764196167,-0.8350068813064446,-0.174333720406534,-0.1386272855360714,0.0,0.0156845022485633,-0.4705181253447263,-0.9100117406940558,0.0211742407509125,0.3043210243249237,0.0211742407509125,0.0,-0.5285103612195252,0.0,0.0,0.0,0.1288435225334963,0.0,0.1722169725773649,0.0,0.0,0.0
287,0.0754715144697243,-0.3910018710550663,-0.5337946978417686,0.0385678891007884,0.0,-0.4218540666449251,0.4900921097274335,0.4547357052963076,0.0,-0.0135660502041315,0.0,0.0,0.0,0.0,0.0597089248003713,0.0,-0.0965976832101159,0.0,0.006037065037925,0.3245913016924089,0.0,0.0,-0.1034326090531782,0.0,0.0088800714913396,-0.160582074785549,0.0065121639946879,0.0135134357476353,0.0,0.3710026226027678,0.1075125979088458,0.0249398673705916,0.0,0.4491219693290905,-0.0740419325205701,-0.0673585709722104,-0.8870746943468188,-0.7960571539576241,0.2852748402234414,0.0,0.7982267807659921,0.0,0.0475444282782559,0.1009286816535012,0.1789056520142965,0.1418339944480742,0.1439814449782803,0.1268378173035831,0.0,0.0,0.0,-0.4403727006747492,-0.0271207629884918,0.0,0.0,-0.8103574847882935,0.0078839310460153,0.0,0.0073636800008394,0.0383266408779563,0.0,-0.0612927490927668,0.0,0.0364625088671252,-0.2082268732438748,-0.2082268732438748,-0.1183652940093931,-0.0792901730952108,-0.8229320879248262,-0.1559444543181542,-0.1281823744869407,0.0,0.0186791254361539,-0.4684929755608824,-0.9113339876630452,0.0182535742650848,0.2638569080854542,0.0182535742650848,0.0,-0.5538878903029103,0.0,0.0,0.0,0.1044369691308413,0.0,0.1406559970586268,0.0,0.0,0.0
288,0.0765549203311914,-0.409540982093054,-0.5565650640307781,0.0392182893615037,0.0,-0.4381235733724914,0.5145039624049953,0.4350949688046296,0.0,0.0,0.0,0.0,0.0,0.0,0.0571067502634068,0.0,-0.0737690700077738,0.0,0.0057666983183422,0.3452821236476793,0.0,0.0,-0.0627761947843512,0.0,0.0061013883205498,-0.1568543802619746,0.0078659706637315,0.0,0.0,0.3847971427885842,0.1097939477545631,0.0153583522425398,0.0,0.397621127494403,-0.074811158018017,-0.0222790046567422,-0.8848348627545097,-0.7972671978195226,0.3048216549099722,0.0,0.8012156113963369,0.0,0.0381934084766498,0.1407109572715738,0.165283903104997,0.1206762532202492,0.1610202079190213,0.1209908693398048,0.0,0.0,0.0,-0.4675762490100503,-0.049819828540832,0.0,0.0,-0.8199314410136782,0.0058687651224625,0.0,0.0053318394301538,0.0152480196257798,0.0,-0.0663865552692271,0.0,0.0369771761746728,-0.1393560424974631,-0.1393560424974631,-0.1267087408664848,-0.0906323412596901,-0.8165596433806576,-0.1408303172284835,-0.1169466331184109,0.0,0.02073404627842,-0.4707895554011814,-0.91390906387657,0.0146649044390068,0.3786090909360944,0.0146649044390068,0.0,-0.5717398411470049,0.0,0.0,0.0,0.0737810170006483,0.0,0.1324997630167582,0.0,0.0,0.0
289,0.0767296203934862,-0.4030914779415953,-0.5787395922414411,0.0386340385541142,0.0,-0.460306517620323,0.5248698998049627,0.4316261165970733,0.0,0.0,0.0,0.0,0.0,0.0,0.0517433166738606,0.0,-0.0593135153050295,0.0,0.0099461128856422,0.3541329651238523,0.0,0.0,-0.0306138713117694,0.0,0.0,-0.1574435050738951,0.0177094127999502,0.0,0.0,0.4142801280277822,0.1262140229332949,0.0054886618342295,0.0,0.3704749515859074,-0.0639631586112973,0.0,-0.8842829940553245,-0.7977468354906215,0.2477397027410837,0.0,0.8164550755851073,0.0,0.0297182838981195,0.1826810822244047,0.1629692323945685,0.116787758371356,0.1756771869095551,0.1072896882779201,0.0,0.0,0.0,-0.477011645746475,-0.0737846874691356,0.0,0.0,-0.8350104585953232,0.0,0.0,0.0,0.0185108927132133,0.0,-0.0684529552563662,0.0,0.0360972345203697,-0.0684340478077314,-0.0684340478077314,-0.12488836915394,-0.1079474953915175,-0.8115805034319901,-0.1217904260786401,-0.1027190344990701,0.0,0.0214424744179266,-0.4816229499413851,-0.9166525037318504,0.0109800888085859,0.4965106173560866,0.0109800888085859,0.0,-0.5807258794239509,0.0,0.0,0.0,0.0581084659534321,0.0,0.1355236408957305,0.0,0.0,0.0
290,0.0624146697933014,-0.404470397469387,-0.5998731579308814,0.0277147991948086,0.0,-0.4710912630038815,0.5158729100057992,0.4302338767896953,0.0,0.0,0.0,0.0,0.0,0.0,0.0455738339475539,0.0,-0.0202946668199457,0.0,0.0155544333556937,0.3491756940244874,0.0,0.0,-0.0064029654948237,0.0,0.0,-0.1569915196677659,0.016257459131609,0.0,0.0,0.4510955692114327,0.1429091892033056,0.0,0.0,0.3555846153105195,-0.0476393324434014,0.0,-0.8834948056133567,-0.7978614062582909,0.2301466537695829,0.0,0.8233828320323537,0.0,0.035955387095238,0.2239023484400202,0.1871438269546391,0.1630045522241532,0.1864758144604603,0.0926327404108677,0.0,0.0,0.0,-0.4876674346761995,-0.0921502243048811,0.0,0.0,-0.8464383359899754,0.0,0.0,0.0,0.0214036127171355,0.0,-0.0644312140063842,0.0,0.0342266843597434,0.0,0.0,-0.125463496599251,-0.0987679566702589,-0.8094019424933239,-0.101883470134985,-0.0944297961620025,0.0,0.0195422265646376,-0.4938477941016873,-0.919905124194154,0.0076617929795928,0.4537045281461923,0.0076617929795928,-0.0055829997930462,-0.5794367420972932,0.0,0.0,0.0,0.0477037662056073,0.0,0.1389905060314318,0.0,0.0,0.0
291,0.0507554664807243,-0.3930907093534057,-0.6100587685733752,0.0191103426318858,0.0,-0.4834512219397034,0.4923229642660901,0.4359103582053746,0.0,0.0,0.0,0.0,0.0,0.0,0.0416691301146939,0.0,0.0,0.0,0.0221161753848267,0.3336049332674514,0.0,0.0,0.0,0.0,0.0,-0.150312115959076,0.010040174804464,0.0,0.0,0.4570783904885973,0.1627432019494741,0.0,0.0,0.258043999442905,-0.0259119574652446,0.0,-0.8810588738640974,-0.7975874108460203,0.2702789117045668,0.0,0.8196692252814076,0.0,0.0530792293644438,0.2556828779301339,0.1964756021877097,0.1687138188721537,0.1987395020076025,0.0959790008793927,0.0,0.0,0.0,-0.4919195286234849,-0.1002575976042333,0.0,0.0,-0.8539290156456194,0.0,0.0,0.0,0.0243877248015201,0.0,-0.0302647417342125,0.0,0.0314991466947093,0.0,0.0,-0.1285938770122304,-0.0827064110150283,-0.8094575944968712,0.1932493056255179,-0.0853205675880661,0.0,0.0185259092078131,-0.5105182747063175,-0.9221360505509786,0.0,0.3974831254605563,0.0,-0.0267388549582659,-0.5757849358262465,0.0,0.0,0.0,0.0425592089189998,0.0,0.1817341531693538,0.0,0.0,0.0
292,0.036217895711737,-0.3774243978119512,-0.6169942483512691,0.0209003651392046,0.0,-0.4919183310265071,0.4526324298371438,0.454761293601464,0.0,0.0,0.0,0.0,0.0,0.0,0.0368717741115093,0.0,0.0,0.0,0.0292634941321485,0.3087201757201575,0.0,0.0,0.0,0.0,0.0,-0.1350666930527272,0.0,0.0,0.0,0.4840712030810237,0.1750902744311039,0.0,0.0,0.1754622230825241,-0.0135483508562148,0.0,-0.8793411071295556,-0.7971633432284543,0.3227681488574029,0.0,0.8281859776944019,0.0,0.0401814558219976,0.2744872492263986,0.2137296568043554,0.1918288883739394,0.2003917570118298,0.1143350420041244,0.0,0.0,0.0,-0.5008576312311228,-0.1174449237549366,0.0,0.0,-0.8591477412165425,0.0064113127378792,0.0,0.0,0.0194071536187491,0.0,-0.0262362545533023,0.0,0.0281199271054643,0.0,0.0,-0.1378814237364297,-0.0591431448528914,-0.811069815866374,0.2199557848664712,-0.0778471672766701,0.0,0.0154438880342161,-0.5298681271887008,-0.9250529158971535,0.0,0.3541207043344704,0.0,-0.050393850975032,-0.5632148133814364,0.0,0.0,0.0,0.0449515612951267,0.0,0.2192154178424107,0.0,0.0,0.0
293,0.0301283453347187,-0.3560946911443556,-0.619468036207884,0.0295377837836441,0.0,-0.4980448173201534,0.405614089201559,0.4832467164052361,0.0,0.0,0.0,0.0,0.0,0.0,0.0190923338147886,0.0,0.0,0.0,0.0362976873724611,0.2827008820869878,0.0,0.0,0.0,0.0,0.0,-0.1118252525013502,0.0,0.0,0.0,0.5080176850700044,0.1795601345438403,0.0,0.0,0.1172076657562028,0.0,0.0,-0.8790947928002679,-0.796663973245999,0.2716996105608449,-0.0330411114228604,0.8334949088842866,0.0,0.0267677576997423,0.2783668474210429,0.2439581007417465,0.2063161299978364,0.1978606369309164,0.1365067651774273,0.0,0.0,0.0,-0.5001974798291776,-0.136988969485142,0.0,0.0,-0.8649649245610225,0.0092042014211065,0.0,0.0,0.0123010463275693,0.0,-0.0105423611634482,0.0,0.0242678175162744,0.0,0.0,-0.1561575646395362,-0.0349209193892793,-0.8112435739702119,0.2449318531853691,-0.0766417264653369,0.0,0.0120142957970604,-0.5423555829045502,-0.9260737704779296,0.0,0.34767338002287,0.0,-0.0587335097578105,-0.5451326875371874,0.0,0.0,0.0,0.0491668396190101,0.0,0.2555589279132556,0.0,0.0,0.0
294,0.0316329454869428,-0.3385154480142233,-0.6106814306365326,0.0306241330265034,0.0,-0.5052272636173906,0.3677463080363945,0.5120609131093511,0.0,0.0,0.0,0.0,0.0,0.0,0.0115756272674723,0.0,0.0,0.0,0.0422336964117755,0.2637530287549556,0.0,0.0,-0.0082225847662239,0.0,0.0,-0.0872766762817346,0.0,0.0,0.0,0.5387778446646924,0.1775718666046288,0.0,0.0,0.1464738698342916,0.0,0.0,-0.8759746631356755,-0.7960610605279166,0.2030572625393023,-0.0641717041430235,0.8309128508062894,0.0,0.0193746636654509,-0.167760846807614,0.2868093632388325,0.2203377629062825,0.2157846919404425,0.1523300184118943,0.0,0.0,0.0,-0.497396560173474,-0.1470853490196913,0.0,0.0,-0.8686432933139487,0.0112798034613666,0.0,0.0,0.0091252168179592,0.0,0.0,0.0,0.0176525178147211,0.0,0.0,-0.1579652112553951,-0.0110875018349007,-0.8153509478856916,0.269046930057973,-0.0676476466755818,0.0,0.0086992232211335,-0.552465643193686,-0.9258535921851544,0.0,0.31424485165099,0.0,-0.0620840870066281,-0.5205201571421604,0.0,0.0059387085728466,0.0,0.0534570143268627,0.0,0.2899597766208955,0.0,0.0,0.0
295,0.032909811182613,-0.3168385434242883,-0.5957871016401978,0.0290304135235338,0.0,-0.5112379215251126,0.3858991626739015,0.5779486836905253,0.0,0.0,0.0,0.0,0.0,0.0,0.0101782573912072,0.0,0.0,0.0,0.0460765057928628,0.2320410647528554,0.0,0.0,-0.0166095047240529,0.0,0.0,-0.0507869760922368,0.0,0.0,0.0,0.5378406334774961,0.1703060814332413,0.0,0.0,0.1932148039341479,0.0,0.0,-0.8734647956589416,-0.794292779604235,0.1290631996993586,-0.0824060353789247,0.8362061629445998,0.0,0.0161887321562925,-0.2100089431968307,0.3362183429401091,0.2353885132721255,0.235647946037602,0.1620992754740464,0.0,0.0,0.0,-0.4945800045151503,-0.1509314329558263,0.0,0.0,-0.8660108166815776,0.0116533509107367,0.0,0.0,0.0,0.0,0.0,0.0,0.0146234941184092,0.0,0.0,-0.168513295416207,0.0,-0.8120236631498258,0.2863732306947113,-0.0648555155295765,0.0,0.0058627733957788,-0.5661963730928645,-0.9241425126167826,0.0,0.3083795076628786,0.0,-0.0642953379356337,-0.4876060544633893,0.0,0.0082018129243293,0.0,0.0604841852909995,0.0,0.3205270966252794,0.0,0.0,0.0
296,0.0257189752482071,-0.2949340592369354,-0.5763843203388798,0.0275320997088528,0.0,-0.5220128108930436,0.3987251049709748,0.6299166137351401,0.0,0.0,0.0,0.0,0.0,0.0,0.010982726533144,0.0,0.0,0.0,0.0472253026370034,0.2298724539336276,0.0,0.0,-0.024031392477508,0.0,0.0,-0.013968265831187,0.0,0.0,0.0,0.5227828224927532,0.1380326638711502,0.0,0.0251820300465889,0.2706961637130933,0.0,0.0,-0.8707183044448978,-0.7924196139109178,0.1061998088122154,-0.0983329143156915,0.8335676018233014,0.0,0.0133926551306756,-0.2359050059872429,0.3823080366054293,0.2463259048106945,0.2566703440061582,0.16363222518563,0.0,0.0,0.0,-0.4923705499678777,-0.1515659485999395,0.0,0.0,-0.8635573172731377,0.0113191255522261,0.0,0.0,0.0,0.0,0.0,0.0,0.0110047510996248,0.0,0.0,-0.178685861815918,0.0,-0.8100466319171155,0.2971822946303648,-0.0620197126615769,0.0,0.0,-0.570506537868011,-0.9207324340602674,0.0,0.3345051025989125,0.0,-0.0519521232116771,-0.4543149031598006,0.0,0.010543096542697,0.0,0.0792832493528018,0.0,0.3394719973751206,0.0,0.0,0.0
297,0.0171043284247025,-0.2790029146059938,-0.5628314156792303,0.0264020105211579,0.0,-0.5314781591288182,0.408896927803511,0.6627798853815173,0.0,0.0,0.0,0.0,0.0,0.0,0.0111403429952093,0.0,0.0,0.0,0.0453428474747675,0.2340085040446019,0.0,0.0,-0.0264706083214337,0.0,0.0,0.0,0.0,0.0,0.0,0.5050308267113117,0.0909124899461578,0.0,0.0315268526051687,0.3777789648406524,0.0,0.0,-0.8690787119725414,-0.7906806201272488,0.1774218021421984,-0.103514727803614,0.7254802486681505,0.0,0.0094708652700277,-0.2443117304158491,0.4233299755105297,0.2529440362230692,0.2667785101640822,0.1575481901772396,0.0,0.0078461301983964,0.0,-0.4880733154589742,-0.1493611551573026,0.0,0.0,-0.8606043382087822,0.0116517300341212,0.0,0.0,0.0,0.0,0.0,0.0,0.0077715555415801,0.0,0.0,-0.18623659651175,0.0,-0.8011784797537795,0.2462827150453437,-0.0599911742352291,0.0,0.0,-0.5719226033898661,-0.9164473298003344,0.0084754210705671,0.2678591899689228,0.0084754210705671,-0.0443069501536514,-0.4274109255129488,0.0,0.0126144112710719,0.0,0.0907811918675633,0.0,0.3291135778817409,0.0,0.0,0.0
298,0.0101487461631101,-0.2785994925080331,-0.5425416715986143,0.025604698653434,0.0,-0.5400710919152115,0.4076983746200323,0.6686859092838686,0.0,-0.0227209683820304,0.0,0.0,0.0,0.0,0.0107583168722737,0.0,0.0,0.0,0.040836705411163,0.2522926836967588,0.0,0.0,-0.0176770219791101,0.0,0.0,0.0,0.0,0.0,0.0,0.4814202311102959,0.0610556300550026,0.0,0.0272715787449112,0.4161615985486528,0.0,0.0,-0.8676673770069647,-0.7881486841454086,0.1966264977067334,-0.0945169705040806,0.5996435275305525,0.0,0.0099857496101275,-0.2391161141969867,0.4522805178843729,0.2496438688013444,0.2720216099824069,0.1448378369037847,0.0,0.0214806921925128,0.0,-0.4821700913588798,-0.1455079780630347,0.0,0.0,-0.8546079425257394,0.0146842118471231,0.0,0.0,0.0,0.0,0.0,0.0,0.0,0.0,0.0,-0.1906133956319631,0.0,-0.8006763702914461,0.2080665786617997,-0.0676953613682598,0.0,0.0,-0.568988093303281,-0.9125644680731826,0.0125853395422188,0.1877087073800551,0.0125853395422188,-0.02719545828765,-0.4036990450640816,0.0,0.0140477337735477,0.0,0.1027428434982088,0.0,0.3122008165856378,0.0,0.0,0.0
299,0.0063948618349382,-0.2787704403118233,-0.529120064406031,0.0226869473715483,0.0,-0.5547896983332821,0.397332847719325,0.6697529095384409,0.0,-0.0488326429302819,0.0,0.0,0.0,0.0,0.0098607761540114,0.0,-0.0199628166548454,0.0,0.0379439627082707,0.2790983347859447,0.0,0.0,-0.0219949223651949,0.0,0.0,0.0,0.0,0.0,0.0,0.500389962458819,0.0508740531373674,0.0,0.0214214480468241,0.4259246211385434,0.0,0.0,-0.8668136511906264,-0.7848497670502863,0.174424469732552,-0.0746190157776288,0.4809669844465862,0.0,0.0122048640567291,-0.2249088393390838,0.4692315678819826,0.2378358367883892,0.2685017325889656,0.1265657409328834,0.0,0.0328635124769706,0.0,-0.4747540470449241,-0.1507537606736109,0.0059929714390555,0.0,-0.8466888712276345,0.0207292766729124,0.0,0.0,0.0,0.0,0.0,0.0,0.0,0.0,0.0,-0.1915800534369842,0.0,-0.792551129968436,0.2225856202464932,-0.0717216386490051,0.0,0.0,-0.5580703631594837,-0.909138773654222,0.020084952281178,0.1336040450977945,0.020084952281178,-0.012040396501575,-0.3842400202956434,0.0,0.0145608265543993,0.0,0.1190958522166331,0.0,0.3010954268572754,0.0,0.0,0.0
300,0.0,-0.2826576552970873,-0.5203147942233536,0.0233158780864726,0.0,-0.557406149368348,0.3715811628713288,0.6605860282664565,0.0,-0.0836814992392352,0.0,0.0,0.0,0.0,0.008509391448506,0.0,-0.0645556462012906,0.0,0.036265908284051,0.3049846992130798,0.0,0.0,-0.0270231375557322,0.0,0.0,0.0,0.0,0.0,0.0,0.4909530987880502,0.0549159131617809,0.0,0.017138328415363,0.4296643948479003,0.0,0.0,-0.8666950690006123,-0.781848169690623,0.1267360113819615,-0.0524566388929425,0.3785877747290211,0.0,0.0143513830984762,-0.204244777175166,0.472774845901811,0.2164823253392084,0.2577561349223478,0.1112374004217985,0.0,0.0468564718930201,0.0,-0.4591829473553822,-0.1468942753280663,0.0078937597168368,0.0,-0.8374475593612588,0.0233882620103566,0.0,0.0,0.0,0.0,0.0,0.0,0.0,0.0,0.0,-0.1901503271357217,-0.0149917245721826,-0.786972221301722,0.2288276809755603,-0.080623751648553,0.0,0.0,-0.5474243630476071,-0.906024311313987,0.0304824508620574,0.0879220979418397,0.0304824508620574,0.0,-0.3743711447157823,0.0,0.0140477337735477,0.0,0.1311678375748977,0.0,0.2886417773778046,0.0,0.0,0.0
301,0.0,-0.2919353651851112,-0.512664731413463,0.024243029853237,0.0,-0.5577717383047455,0.3324000969331592,0.6522299475845892,0.0,-0.0998800427244543,0.0,0.0,0.0,0.0,0.0069142536395471,0.0,-0.09874069222128,0.0,0.0340646568338532,0.3032159831906603,0.0,0.0,-0.0138838246453286,0.0,0.0,0.0,0.0,0.0,0.0,0.4973837528589507,0.0661034851394419,0.0,0.0132790195441026,0.4732311619844291,0.0,0.0,-0.8673274455213207,-0.7788690774478984,0.0958094622508682,-0.0269116311871195,0.2965050061572935,0.0,0.0157216234370026,-0.1774913693117813,0.4635119332634962,0.1884685237946318,0.2438602396634735,0.0927104405483618,0.0,0.0622614901840131,0.0,-0.4422047310649093,-0.1408750687699206,0.0064370558024069,0.0,-0.8307920930765605,0.0245387352030055,0.0,0.0,0.0,0.0,0.0,0.0,0.0,0.0,0.0,-0.1914383895708786,-0.0459180287006416,-0.7765251556506502,0.2346953256868605,-0.096433240125988,0.016273548732084,0.0,-0.5385651566542332,-0.903567161920026,0.0253969418921537,0.0703882012616377,0.0253969418921537,0.0,-0.3680718956226134,0.0,0.0126144112710719,0.0,0.1439193863519373,0.0,0.2491177287455158,0.0,0.0,0.0
302,0.0,-0.29863714042204,-0.5070936463929941,0.0250669769877677,0.0,-0.5533668051626562,0.2855866824271347,0.6434615652987603,0.0,-0.0969272459317449,0.0,0.0,0.0,0.0,0.0052890256385208,0.0,-0.120756022539333,0.0,0.0368114134702857,0.2725124960195331,0.0,0.0,-0.0117100555489432,0.0,0.0,0.0,0.0,0.0,0.0,0.5096488075792192,0.0981478879508898,0.0,0.0103468952750772,0.4425753846835258,0.0,0.0,-0.8691367652745736,-0.7757673304166891,0.0716516515723373,0.0,0.2300268219189402,0.0,0.0151214019314828,-0.1462887170447318,0.4364724185717137,0.1573356458122651,0.2264129241636727,0.0684575733519263,0.0,0.0512386174653388,0.0,-0.4218885968045942,-0.1410769500225814,0.0,0.0,-0.8288549459310525,0.0246467628351421,0.0,0.0,0.0,0.0,0.0,0.0,0.0,0.0,0.0,-0.1811743364776362,-0.0818163293494265,-0.7751192740239302,-0.1409104620467559,-0.1125740157292189,0.0083537972279571,0.0,-0.5275165676282461,-0.9032420989432604,0.0282982843204743,0.0863660409258149,0.0282982843204743,0.0,-0.3655453291242487,0.0,0.010543096542697,0.0,0.1392849561110385,0.0,0.2074203951569359,0.0,0.0,0.0
303,0.0,-0.304163207565304,-0.5094953627575596,0.0212366854258385,0.0,-0.5427127517719259,0.2325628119288794,0.6038717889440136,0.0,-0.0983800434738292,0.0,0.0,0.0,0.0,0.0,0.0,-0.1376563692634947,0.0,0.0231478837720124,0.2823827693520463,0.0,0.0,-0.0121184073903875,0.0,0.0,0.0,0.0,0.0,0.0,0.5250693388939396,0.1283531938286472,0.0,0.0075357393732502,0.4575845078303338,0.0,0.0,-0.8720950787976895,-0.7734641239437575,0.0677929711299138,0.0065108754345871,0.2067147911513417,0.0,0.0119353240416994,-0.1217202535530084,0.3992984680678313,0.1273565084014619,0.2034883079020724,0.0594731056334009,0.0,0.02673674296973,0.0,-0.3968817850427639,-0.1390653476707405,0.0,0.0,-0.8312591559447768,0.0212616419972374,0.0,0.0,0.0,0.0,0.0,0.0,0.0,0.0,0.0,-0.1810325523108319,-0.1212959102933002,-0.7740338796566838,-0.1580430618719576,-0.1277659732802711,0.0057381522335066,0.0,-0.5185433429191268,-0.9035129274110844,0.0185268868981622,0.1025129986931639,0.0185268868981622,0.0,-0.3706511211405315,0.0,0.0082018129243293,0.0,0.1367326748397027,0.0,0.1703304220168315,0.0,0.0,0.0
304,0.0,-0.3228514484145209,-0.5161557439650419,0.0188183217268805,0.0,-0.5326761593921107,0.1774965377165238,0.5937889460918185,0.0,-0.1026634170344894,0.0,0.0,0.0,0.0,0.0,0.0,-0.1299369178393508,-0.0042985883820734,0.0158661417597708,0.2627957820594797,0.0,0.0,-0.0199239346544711,0.0,0.0110046583287344,0.0,0.0,0.0,0.0,0.5112783081795791,0.1603775452917406,0.0,0.0,0.4662479344260735,-0.0204305428206776,0.0,-0.8745181732920626,-0.7721531388102475,0.0925202236798407,0.0134732124736193,0.1870620198238291,0.0,0.017152029811452,0.2658760470171213,0.3536735081592758,0.1013371531429116,0.1791882510361948,0.0831370877819163,0.0,0.0172875344451123,0.0,-0.379939269670055,-0.1435546623290819,0.0,0.0,-0.8364486362046663,0.0177972408279324,0.0,0.0,0.0,0.0,0.0,0.0,0.0,0.0,0.0,-0.1857706074938831,-0.1548704583133999,-0.77758084569511,-0.1801256068895837,-0.1388076776626069,0.0,0.0,-0.508150131325984,-0.9056778590494609,0.015893009660914,0.0451937943032517,0.015893009660914,0.0,-0.3757822809347389,0.0,0.0059387085728466,0.0,0.1363363613735586,0.0,0.1396968785186356,0.0,0.0,0.0
305,0.0,-0.3275086580421821,-0.5272057877632752,0.0187150189997475,0.0,-0.5206818972552568,0.1360596070180919,0.5820517465827393,0.0,-0.0819747653656065,0.0,0.0,0.0,0.0,0.0,0.0,-0.129488612057187,-0.0382769545109977,0.0103160624269536,0.2350663686136609,0.0,0.0,-0.0285409286185814,0.0,0.0136952036513389,0.0,0.0098826001120013,0.0,0.0,0.4581020053518148,0.1460822502465531,0.0,0.0,0.4798730214615335,-0.042245803067969,0.0,-0.8784327238265872,-0.7718692438142885,0.0836520125860191,0.0215656375646736,0.1761184542703395,0.0,0.0158110039283122,0.3205986781473229,0.3017934984452288,0.0820828740231159,0.1487231563306024,0.0938252837800329,0.0,0.0218016760286269,0.0,-0.3587400323213807,-0.1440068738485811,0.0,0.0,-0.8446550964456015,0.0153346312235536,0.0,0.0,0.0,0.0,0.0,0.0,0.0,0.0,0.0,-0.1808489979807531,-0.1926826628200715,-0.783286841603954,-0.20022569221488,-0.1499657144305993,0.0,0.0,-0.4982400468662995,-0.907634794438239,0.015023736449717,0.0274126253970758,0.015023736449717,0.0,-0.3824981246525816,0.0,0.0,0.0,0.10947995956549,0.0,0.114027362787054,0.0,0.0,0.0
306,0.0,-0.3330936549034952,-0.5461821361971513,0.0191373470437698,0.0,-0.5107085702760218,0.1157531570566661,0.5719297469236246,0.0,-0.0702843465572502,0.0,0.0,0.0,0.0,0.0,0.0,-0.1058188550124615,-0.0704389914660321,0.0087138363115672,0.2077325566988077,0.0,0.0,-0.0351062972055125,0.0,0.0093117345942137,-0.0083060235530575,0.0165765777799579,0.0,0.0,0.4021414434687225,0.1807291248457222,0.0,0.0,0.4994287438055784,-0.070988607845907,-0.066085318578241,-0.8838890792091956,-0.772394811310003,0.0732805994853621,0.035452479214134,0.1819100569615479,0.0,0.0150565597779556,0.2417465145035895,0.3731276762527946,0.0719128344957854,0.1043597726659413,0.1234579022916158,0.0,0.0279402473714337,0.0,-0.3483017821406318,-0.1517419359272994,0.0,0.0,-0.8519489932065496,0.0138587300978001,0.0,0.0,0.0171143773953995,0.0,0.0,0.0,0.0,0.0,0.0,-0.1840018910865078,-0.2293013354790177,-0.79171970886143,-0.2153379447106862,-0.1480480098862081,0.0,0.0,-0.4892147796282224,-0.9098846291882552,0.0139244835834571,0.0239011473431131,0.0139244835834571,0.0,-0.385528132056759,0.0,0.0,0.0,0.0915104379308193,0.0,0.0768287336389113,0.0,0.0,0.0
307,0.0,-0.3406951396354763,-0.566230205445816,0.0233406415426734,0.0,-0.5078834037329948,0.129692440795247,0.5805527678094413,0.0,-0.0707950280292845,0.0,0.0,0.0,0.0,0.0,0.0,-0.0895715068764844,-0.1013570008139257,0.0068554108307593,0.1887982877078712,0.0,0.0,-0.0492460044976784,0.0,0.0054371559222929,-0.051115895046918,0.0196029875566045,0.0,0.0,0.3421552613983556,0.2367266458638761,0.0,0.0,0.5127976247031626,-0.0916421395540687,-0.1294462520029357,-0.8882074631621912,-0.773680319140184,0.0634158670593459,0.0514534098576835,0.1879459336569988,0.0,0.0153282209649717,0.1926470910955301,0.4116415761392956,0.0586713794406151,0.096796849048703,0.1429528403564098,0.0,0.033438120222471,0.0,-0.3363559634229076,-0.1523365472470102,0.0,0.0,-0.85630791047745,0.0136309356177357,0.0,0.0,0.0158599451535557,0.0,0.0,0.0,0.0,0.0,0.0,-0.1789906532214787,-0.2653346948749752,-0.7979490107548695,-0.2300952236465901,-0.1338326385424828,0.0,0.0,-0.4791300607948775,-0.91140692734915,0.0130684296880668,0.0452421128252509,0.0130684296880668,0.0,-0.3891410686752728,0.0,0.0,0.0,0.0968645035867435,0.0,0.0630699046852465,0.0,0.0,0.0
308,0.0,-0.3496141352255212,-0.5779513894081227,0.0296767712557141,0.0,-0.515451315215373,0.1526149972607944,0.5974612347184813,0.0,-0.0573431173674818,0.0,0.0,0.0,0.0,0.0,0.0,-0.0704870334641289,-0.1081652494231209,0.0,0.1726311730506707,0.0,0.0,-0.0569307978379745,0.0,0.0092870438282931,-0.0831721215335116,0.0136160163518026,0.0,0.0,0.3005786889322144,0.2858860404306282,0.0,0.0,0.5141585597057133,-0.1157609237201945,-0.1887176879419965,-0.8924982186005903,-0.7754728831427161,0.0655113376897876,0.0697457245057971,0.2253396840479411,0.0,0.0124922523197497,-0.0782687679433387,0.432593905622394,0.0686845724931473,0.0841126916470637,0.1288706473526517,0.0,0.0378829028397005,0.0,-0.3301459772298422,-0.1538710390927342,0.0,0.0,-0.8557007486799164,0.0138225828754635,0.0,0.0,0.0129513085718427,0.0,0.0,0.0,0.0,0.0,0.0,-0.1820902013008384,-0.2965802909415314,-0.8095687702741037,-0.2437038719721918,-0.119671025551332,0.0061811654435407,0.0,-0.4719272453092472,-0.9124519775448214,0.0122325457923778,0.083164091874698,0.0122325457923778,0.0,-0.3864197097377885,0.0,0.009280679959304,0.0,0.1091057527564107,0.0,0.0519108278845098,0.0,0.0,0.0
309,0.0,-0.3536589239260461,-0.5951719744377462,0.0387160089120602,0.0,-0.525156565389657,0.1761635668579595,0.5932364671734915,0.0,-0.0544148141040859,0.0,0.0,0.0,0.0,0.0,0.0,-0.0641363187441552,-0.1294491983535182,0.0,0.1659833834929198,0.0,0.0,-0.0550431338735749,0.0,0.0057120781830522,-0.1068131139083131,0.0127726767276023,0.0,0.0,0.270668582986958,0.2263022290794545,0.0,0.0,0.5137312559813666,-0.1302055014683367,-0.2387971612111799,-0.8970872328299642,-0.7776427900889813,0.067745256860571,0.0916996845261876,0.2530235501620023,0.0,0.0081374947631361,-0.0776792021522922,0.4269797077566188,0.077924385921896,0.0739813934397126,0.1220744486498301,0.0,0.0400239058608303,0.0,-0.3270387864008612,-0.1657484582606819,0.0,0.0,-0.8548060255026537,0.0184687408960073,0.0,0.0,0.0201084584417311,0.0,0.0,0.0,0.0,0.0,0.0,-0.1801267302210258,-0.3186621223500712,-0.8166535639055763,-0.2543142409257886,-0.101729248553593,0.0085366644953836,0.0,-0.4671556372058625,-0.9128104023501488,0.0114490270484147,0.1650111550172144,0.0114490270484147,0.0,-0.3777122198958892,0.0,0.0125881214178176,0.0,0.1136598987768652,0.0,0.0411561438021354,0.0,0.0,0.0
310,0.0,-0.3558272474232599,-0.6131477980216271,0.0469133253675295,0.0,-0.5488587411308881,0.2026618698165474,0.6165328251283015,0.0,-0.0415264222859252,0.0,0.0,0.0,0.0,0.0,0.0,-0.0645937232857189,-0.1259187518785704,0.0,0.1691192572308514,0.0,0.0,-0.0638161758155681,0.0,0.0,-0.1307531966098075,0.0108263057055326,0.0,0.0,0.2549490604316627,0.2644740287226156,0.0104108276238912,0.0,0.518759159368385,-0.1344900363601477,-0.2817542089934829,-0.8988834778535071,-0.7806447939757047,0.0691333224616037,0.1147832294684149,0.2882435077075092,0.0,0.0,-0.0672937332250772,0.4151337595229092,0.086595878772394,0.0752702341668248,0.1149353029581637,0.0,0.0394766066669814,0.0,-0.3330154847999265,-0.1788441803615673,0.0,0.0,-0.8530988626492335,0.0288015711166125,0.0,0.0,0.0309211960508619,0.0,0.0,0.0,0.0138813273254347,0.0,0.0,-0.1799442032209083,-0.3372662564145081,-0.8237815708479178,-0.261374300839812,-0.0777557889096943,0.0113359524991999,0.0,-0.4629710486391865,-0.9132693453400882,0.0133209968491647,0.1792082168425971,0.0133209968491647,0.0,-0.3716273549183911,0.0,0.0145609757587132,0.0,0.1056977604500174,0.0,0.0307688977121022,0.0,0.0,0.0
311,0.0,-0.3580923651958621,-0.625328729787465,0.0519405545113905,0.0,-0.5675249460405144,0.2278268530367801,0.6346471366314891,0.0,-0.0280395513780286,0.0,0.0,0.0,0.0,0.0,0.0,-0.0776057917086332,-0.1208604677828445,0.0,0.1786195124973075,0.0,0.0,-0.0630220486221786,0.0,0.0,-0.1414364868355771,0.0086905238512918,0.0,0.0,0.2454595396414032,0.3139702222973455,0.0171233535831879,0.0126589188384512,0.5235142380047118,-0.1277705567671136,-0.3212483278524849,-0.9001646241522363,-0.7829919478800079,0.0688622084638348,0.1361109018849436,0.3522065948537259,0.0,0.0,0.1419854204322593,0.4068659854698208,0.1032533793137894,0.0746114155922607,0.1059446999500609,0.0,0.0353431560924724,0.0,-0.3394477595711276,-0.1827138930236504,0.0,0.0,-0.845438393720417,0.0414241303978816,0.0,0.0,0.0267522045888582,0.0,0.0,0.0,0.0211418716007143,0.0,0.0,-0.1741179686285675,-0.3497484277062103,-0.8237440984935899,-0.2607830070068724,-0.0621507188690505,0.0147303512172751,0.0,-0.4576447370836045,-0.9134293036364348,0.0150066031616269,0.1525485602885684,0.0150066031616269,0.0,-0.3594769859513496,0.0,0.0164072989322367,0.0,0.0987344930111335,0.0,0.0272835679595993,0.0,0.0,0.0
312,0.0,-0.3480732755493315,-0.6342954009230913,0.0508046455598264,0.0,-0.5880653179071502,0.2629068100226544,0.6431322226602652,0.0,-0.0070224564081842,0.0,0.0,0.0,0.0,0.0,0.0,-0.0937927143938591,-0.1052811496986794,0.0,0.1920504708473635,0.0,0.0,-0.0642696096358524,0.0,0.0,-0.148733100351132,0.0,0.0,0.0,0.2591868457734265,0.3507968226889066,0.0387532006718656,0.0078134019255078,0.5445067556369472,-0.109281697475262,-0.3530699357289477,-0.9000294074292525,-0.7847240906149674,0.0669433456604796,0.1557199041676499,0.2957544004051051,0.0,0.0,0.1792978439831884,0.4054225917250297,0.1163485472017783,0.0764204785097387,0.0967770945155539,0.0,0.0270007097837893,0.0,-0.3384679412231723,-0.1766949665585502,0.0,0.0,-0.833132331476987,0.0557642345005309,0.0,0.0,0.0231431734316087,0.0,0.0,0.0,0.0134692416966107,0.0,0.0,-0.1806842275846432,-0.3481546664550082,-0.8279705753377528,-0.2578875793104463,-0.0519418441935714,0.0177692436920727,0.0,-0.4563981947896824,-0.913098341749658,0.0207561657881274,0.1359034938078845,0.0207561657881274,0.0,-0.3459945180009632,0.0,0.017608089449286,0.0,0.0904716002254109,0.0,0.0232508675027414,0.0,0.0,0.0
313,0.0,-0.3334257219440594,-0.6407028988808248,0.0478561926527414,0.0,-0.5962032813847918,0.321593526698478,0.6435553074887125,0.0,0.0,0.0,0.0,0.0,0.0,0.0,0.0,-0.1167285282536098,-0.0983120675730304,0.0,0.1974623508605091,0.0,0.0,-0.0651306759161161,0.0,0.0060018363301807,-0.1500241462177583,0.0,0.0,0.0,0.272287954167854,0.3330634439765725,0.0382629739283024,0.0060681438233093,0.545678317953749,-0.0803132836456021,-0.3802370019562118,-0.8982853673664706,-0.786723886072544,0.063100040070869,0.1735285379161915,0.2541053761569051,0.0,0.0,0.2225019929173187,0.3967665972179793,0.1326676059592047,0.0780932147856865,0.087348073222819,0.0,0.0207023680966469,0.0,-0.3339487027414776,-0.1717709066709698,0.0,0.0,-0.8231498849861659,0.0499497594561018,0.0,0.0,0.017956352553537,0.0,0.0,0.0,0.0171682315470366,0.0,0.0,-0.1809228880210144,-0.3306160192741905,-0.8285123644062524,-0.2448657423781567,-0.0425210318523408,0.0385566018340513,0.0,-0.4595995531773305,-0.9125123192414928,0.0232514098759589,0.1224136078482319,0.0232514098759589,0.0,-0.3359851072054681,0.0,0.0188075470319395,0.0,0.0855665183113677,0.0,0.0203807063432914,0.0,0.0,0.0
314,0.0,-0.3170863794886617,-0.6379316144993278,0.0434816560509266,0.0,-0.5941804138789493,0.4060520231212599,0.6362000601554968,0.0,0.0,0.0,0.0,0.0,0.0,0.0,0.0,-0.1388441924064688,-0.097578305998895,0.0,0.2015511506469807,0.0,0.0,-0.0571213037424216,0.0,0.0073994663084908,-0.1477588936048415,0.0,0.0,0.0,0.2854252513837269,0.325919960240637,0.0261766931955492,0.0058433614707097,0.550570896531987,-0.0457057489583314,-0.4046492850587115,-0.8946707928368949,-0.7886657651812821,0.0553798123644009,0.1968063738948373,0.2314231526681906,0.0,0.0,0.2701059682112714,0.3947007701345234,0.1590764207740353,0.0782763091568543,0.0761788669762563,0.0,0.0144839590885809,0.0,-0.3232410833122471,-0.1574116781979641,0.0,0.0,-0.8135546627160604,0.0415827482721987,0.0,0.0,0.0140056920011026,0.0,0.0,0.0,0.0157434080270855,0.0,0.0,-0.1847015165164401,-0.3147040851476856,-0.8371164867355837,-0.2310051977318219,-0.0495098503363811,0.071250711921482,0.0,-0.4691855792879857,-0.9123192491253724,0.0171891694377274,0.1023839673853607,0.0171891694377274,0.0,-0.3271499505586791,0.0,0.0193039661683401,0.0,0.0865788374319054,0.0,0.020646987237432,0.0,0.0,0.0
315,0.0,-0.3030095259368035,-0.6330779989429782,0.0409864903256854,0.0,-0.5936491628534145,0.4704838085783855,0.6160058713885878,0.0,0.0,0.0,0.0,0.0,0.0,0.0,0.0,-0.1622331909620571,-0.1062026572071679,0.0,0.2058742201652626,0.0,0.0,-0.0544082587885502,0.0,0.0091665920317878,-0.1601443722832792,0.0,0.0,0.0,0.2918955925315871,0.3996810078459497,0.0169997800788479,0.0059230651551189,0.5987567787048365,-0.0124223251307357,-0.4294187297922112,-0.8900724039116836,-0.7898847077231191,0.048042866901222,0.2196824512392821,0.2340183210168425,0.0,0.0,0.2784034298695362,0.4008892571583495,0.1977358897790495,0.0858351294003429,0.0636468323232992,0.0,0.0103804097430788,0.0,-0.3169040354491418,-0.1473423384855287,0.0,0.0,-0.8055648550202648,0.0333067987955598,0.0,0.0,0.0157356737669068,0.0,0.0,0.0,0.0185784346299008,0.0,0.0,-0.193248257119769,-0.2798267573602566,-0.8454000297334436,-0.2176266758112373,-0.060377596134936,0.061988374842219,0.0,-0.4803853654921445,-0.913153558379979,0.0120389984242705,0.1056685430912496,0.0120389984242705,0.0,-0.3165932053465344,0.0,0.0190091449912954,0.0,0.087310196568759,0.0,0.0260064727711353,0.0056728908517121,0.0,0.0
316,0.0,-0.2809236019675844,-0.6249618155386643,0.0373841790446821,0.0,-0.5760568782869091,0.5292261281419709,0.5813396909810059,0.0,0.0,0.0,0.0,0.0,0.0,0.0,0.0,-0.1774297024586199,-0.1146954948772924,0.0060217188722558,0.2010198956611085,0.0,0.0,-0.0597081661717575,0.0,0.0102142400477458,-0.1735437929310965,0.0,0.0,0.0,0.2902337291187448,0.3667254679865129,0.0094878665150475,0.0056242260613221,0.5593143697934331,0.0,-0.4596742542217437,-0.8858197208604519,-0.7912537736972911,0.042118849473805,0.235187603436878,0.2510076830315312,0.0,0.0,0.2786336285201663,0.3983078597431638,0.2327041022897366,0.0918979275132477,0.0523801725671136,0.0,0.0086027919119173,0.0,-0.3032341720848651,-0.1310097883818126,0.0,0.0,-0.7963255893361951,0.0251462086818778,0.0,0.0,0.0227231880488745,0.0,0.0,0.0,0.0132882689620405,0.0,0.0,-0.202364438730336,-0.2347402519668386,-0.8546623152849291,-0.2079815542642945,-0.0746209348684101,0.0344341911179889,0.0,-0.4847363691061026,-0.914797312228997,0.0054605822076048,0.1162279932354685,0.0054605822076048,0.0,-0.310708069625705,0.0,0.0179017794926606,0.0,0.0896934184595974,0.0,0.0366489647062132,0.0084174742049047,0.0,0.0
317,0.0,-0.2662020464520321,-0.6100385880089952,0.0343390729959968,0.0,-0.5518183184467872,0.5828272622834675,0.5369186203077727,0.0,0.0,0.0,0.0,0.0,0.0,0.0,0.0,-0.1848759530789444,-0.1106822132266035,0.0097076331729356,0.2051816834232516,0.0,0.0,-0.0559175717103959,0.0,0.0256764824860793,-0.1923294552458627,0.0,0.0,0.0,0.2848262306697949,0.3261602253778428,0.0053642853280331,0.0,0.5577798916652215,0.0,-0.4905640747178904,-0.8823758843625531,-0.7930070859914763,0.0346676828551885,0.2515035503059753,0.2974801310612718,0.0,0.0,0.2680425371987613,0.3996647524355122,0.2747337481408167,0.1029543149463345,0.0444826283565943,0.0,0.0,0.0,-0.2880423010207026,-0.0942901161799582,0.0,0.0,-0.7898071343595802,0.0173607984489124,0.0,0.0,0.0339531440565941,0.0,0.0,0.0,0.0088669604260325,0.0,0.0,-0.2051369335993224,-0.1834180911277327,-0.861488704902678,-0.1948024077296909,-0.0932178217935837,0.0205782949603155,0.0,-0.4895757272154651,-0.91549257024464,0.0,0.1389924921846216,0.0,0.0,-0.3036437511782598,0.0,0.0161825088622226,0.0,0.0951734153057004,0.0,0.0461877574452709,0.0116251787534513,0.0,0.0
318,0.0,-0.2459528085749655,-0.5915801764831777,0.0323180655466602,0.0,-0.5257630859534654,0.6197255067226479,0.5022560293026701,0.0,0.0,0.0,0.0,0.0,0.0,0.0056799126606005,0.0,-0.1818450254113781,-0.1116454920970541,0.0066777838092548,0.2225794194458531,0.0,0.0,-0.0574888986987957,0.0,0.0438846658228802,-0.2174141168709983,0.0,0.0,0.0,0.2768032760098664,0.3235593948083525,0.0,0.0,0.5765650168657342,0.0,-0.5286092971657128,-0.8794270491242338,-0.7944477165373449,0.0367206314350997,0.2672321797716893,0.3408976639021874,0.0,0.0,0.2527064399821971,0.4086205950179535,0.3139274852784578,0.1274295409462,0.0390568827027877,0.0,0.0,0.0,-0.2770195212982758,-0.0607962233227145,0.0,0.0,-0.7833651440905407,0.0111062163547318,0.0,0.0,0.0572029501769116,0.0059378621117403,0.0,0.0,0.0061692386437312,0.0,0.0,-0.2090187453018187,-0.1298384313143686,-0.8698691048561371,-0.186220248277521,-0.112132007762227,0.0183260207648615,0.0,-0.4952933253855337,-0.9161193086961644,0.0,0.1576985818127954,0.0,0.0,-0.3056204502825656,0.0,0.0148096401027482,0.0,0.0807540236816808,0.0,0.0555858402261081,0.014943693919204,0.0,0.0
319,0.0,-0.2247953907876705,-0.5733892203612837,0.0245114451074189,0.0,-0.493404487370197,0.646185778155969,0.4639875239678163,0.0,0.0,0.0,0.0,0.0,0.0,0.009811120450514,0.0,-0.1720268569671934,-0.1108032923818811,0.0,0.2412664337692882,0.0,0.0,-0.0547927728494707,0.0,0.0357153945941465,-0.2433420315365282,0.0,0.0,0.0,0.2652972722205254,0.3203720612965866,0.0,0.0,0.5935632200969893,0.0,-0.5562086327444395,-0.8781371607787931,-0.7952934270425774,0.0388516026178662,0.277226853189337,0.3963432918570204,0.0,0.0,0.2335358715859904,0.4276414265257343,0.3498244301835552,0.1613314968435248,0.0357438185247893,0.0,0.0,0.0,-0.2679899032993517,-0.0294406167515934,0.0,0.0,-0.7783481941816235,0.0065462725628773,0.0,0.0,0.0852021220517264,0.0102318160292514,0.0,0.0,0.0121361140975506,0.0,0.0,-0.2127946379511509,-0.092984515563787,-0.8772228669272484,-0.1841492083520216,-0.1275277589396548,0.03140993877916,0.0,-0.5011090659002883,-0.9159702913320014,0.0,0.1789767171218522,0.0,0.0,-0.3093940306690761,0.0,0.0169213588515659,0.0,0.0725020769678964,0.0,0.0639485063857602,0.0178795575135304,0.0,0.0
320,0.0,-0.2156992750514744,-0.5574287234431359,0.017124472743217,0.0,-0.4655529577017158,0.6947699338766814,0.429182279090271,0.0,0.0,0.0,0.0,0.0,0.0,0.0143887168581774,0.0,-0.1621065441037663,-0.1090724243493243,0.0,0.2465305708036918,0.0,0.0,-0.0602097559502022,0.0,0.0263296416558915,-0.2587039508566816,0.0,0.0,0.0,0.2628589905861034,0.3325626463391348,0.0,0.0,0.5964798995144225,0.0,-0.5809259954003563,-0.8775166271047805,-0.794723675657656,0.0410986392328711,0.2829643654892114,0.4511602021813536,0.0,0.0,0.2085367297347576,0.4443548386284076,0.3732724136106656,0.2045852051690865,0.0317602328375557,0.0,0.0,0.0,-0.2599253134324704,-0.0133959331779382,0.0,0.0,-0.7729061281138229,0.0,0.0,0.0,0.1269796546622725,0.0148588932767984,0.0,0.0,0.0160077118769407,0.0093088516613255,0.0093088516613255,-0.2115624172992486,-0.0580145977322761,-0.8852277543263649,-0.1850094982300348,-0.1341017594485916,0.0260916659408876,0.0,-0.5048173053360273,-0.9156007778577492,0.0,0.1994350680130185,0.0,0.0,-0.3023977779740026,0.0,0.0186319719146154,0.0,0.0653346435323707,0.0,0.070309346536289,0.0199111364408183,0.0,0.0
321,0.0,-0.2006942667240773,-0.5435808782522957,0.0131201701395691,0.0,-0.440208878573017,0.7693968258676048,0.400786995920571,0.0,0.0,0.0,0.0,0.0,0.0,0.0191567882785893,0.0,-0.1547426836171013,-0.0948294981298182,0.0,0.2500778653795436,0.0,0.0,-0.0693033285501307,0.0,0.0204474573646396,-0.2712400196849974,0.0,0.0,0.0,0.2557655905061241,0.3423050145971102,0.0,0.0,0.5925424962605131,0.0,-0.595928988745432,-0.8772062789906938,-0.7938142571293162,-0.0162473390459272,0.2788146077354895,0.487164051490317,0.0,0.0,0.1882582519930793,0.4571562086996446,0.3826507288845651,0.2757575463202743,0.030308891003682,0.0,0.0,0.0,-0.2462672490422577,0.0,0.0,0.0,-0.7627324291018984,0.0,0.0,0.0,0.1006574089688048,0.0184966389575856,0.0,0.0,0.0123246592431994,0.0074271310916372,0.0074271310916372,-0.1989865725831683,-0.0262622709211218,-0.8925825499501006,-0.1929808463484577,-0.1449595915331795,0.0216712041455818,0.0,-0.4993342780831556,-0.9145694226351688,0.0,0.1952445697446989,0.0,0.0,-0.3057850624418328,0.0,0.0214591221484229,0.0,0.0548256817299096,0.0,0.0737658362067802,0.0159766726230544,0.0,0.0
322,0.0,-0.1739911699255778,-0.5338813767139645,0.0088858707528333,0.0,-0.4249834486799693,0.7278829983621362,0.3733933971604698,0.0,0.0,0.0,0.0,0.0,0.0,0.0183723952019461,0.0,-0.1428231746470392,-0.0806502411463688,0.0,0.2518404050251554,0.0,0.0,-0.0763910083461528,0.0,0.0195770377693803,-0.2883948355207714,0.0,0.0,0.0,0.247316116972727,0.3471834156915502,0.0,0.0,0.5953468295465427,0.0,-0.5923211335699899,-0.8784273229611479,-0.7925341508986602,-0.0281298477118609,0.2624817623731126,0.509899079468243,0.0,0.0,0.1679956772745613,0.4907531314069918,0.3756911974579572,0.3716032415603907,0.02869481427106,0.0,0.0084794614240128,0.0,-0.2459392490595354,0.0,0.0,0.0,-0.7566405498101438,0.0,0.0,0.0,0.0766023118492093,0.0216479045811176,0.0,0.0,0.0093290438062687,0.0055267905689847,0.0055267905689847,-0.1889094584503619,0.0,-0.8993410034346119,-0.2059277735234144,-0.1543978726018528,0.0456420311469963,0.0,-0.496254793173139,-0.9114290820585942,0.0,0.1618072540866266,0.0,0.0,-0.3057387922664419,0.0,0.0252828257186969,0.0,0.050250422237496,0.0,0.0736682368907505,0.0074649457647222,0.0,0.0
323,0.0,-0.1436693251009861,-0.5384052057430624,0.006593209964138,0.0,-0.4170842999904471,0.6792505059281755,0.352150900136624,0.0,0.0,0.0,0.0,0.0,0.0,0.0277600050037273,0.0,-0.1398243756139178,-0.0651868885104607,0.0,0.2580168302668902,0.0,0.0,-0.0896060299343485,0.0,0.0182639579209902,-0.2983547338188502,0.0,0.0,0.0,0.244953315357792,0.4056821849990961,0.0,0.0,0.5922108953721409,0.0,-0.5763683369615722,-0.8800490809876247,-0.7897898971232592,-0.0273413667738506,0.2371400756689995,0.5208580633883084,0.0,0.0,0.153465142561099,0.5196221945796851,0.3511002625695041,0.4744061325418617,0.0266374403818868,0.0,0.0246942918061115,0.0,-0.2493694240523131,0.0,0.0,0.0,-0.7558313714822971,0.0,0.0,0.0,0.0549563934383885,0.0238696360230434,0.0,0.0,0.0066735142125446,0.0,0.0,-0.1747826948996254,0.0,-0.9003234750344498,-0.2041367934296811,-0.1571987174496165,0.0549942234025042,0.0,-0.4943256159474096,-0.9077790716554132,0.0,0.1829072231786665,0.0,0.0,-0.3052592142246924,0.0,0.0295521872733197,0.0,0.0482266097106842,0.0,0.0698183672746345,0.0,0.0,0.0
324,0.0,-0.101725485486244,-0.5419017377527481,0.0,0.0,-0.419251106903709,0.6479144585961989,0.3580910579834522,0.0,0.0,0.0,0.0,0.0,0.0,0.0311292495232461,0.0,-0.1335279608353951,-0.0457737335441192,0.0,0.2143058346937055,0.0,0.0,-0.0983555113049726,0.0,0.0162654238745665,-0.3051789501739554,0.0,0.0,0.0,0.2455689447193059,0.4845436795306496,0.0,0.0,0.5892942895870266,0.0,-0.5447178568466389,-0.882497675935106,-0.7869480082591538,-0.0096079321590801,0.2080681966370876,0.5120619878065089,0.0,0.0,0.10045186271442,0.5132702241735747,0.3157141226163152,0.5378608853264223,0.0236559943971317,0.0,0.0183487958377395,0.0,-0.2444967735471336,0.0,0.0,0.0,-0.7565970266322105,0.0,0.0,0.0,0.0380066938212164,0.0248488977079333,0.0,0.0,0.0,0.0,0.0,-0.1716464286858026,0.0,-0.9031451922315484,-0.2112562614521474,-0.1629336374866076,0.0359896340724439,0.0,-0.4948173356080457,-0.9047317613814848,0.0,0.2094421094284309,0.0,0.0,-0.3057597325807316,0.0,0.0320173825972732,0.0,0.0435956874132949,0.0,0.0625950973433507,0.0,0.0,0.0
325,0.0,-0.0629955978376933,-0.5513993857640493,0.0,0.0,-0.4233294367338466,0.6134813484320379,0.3267761680806452,0.0,0.0,0.0,0.0,0.0,0.0,0.0338637216639429,0.0,-0.1288496717772361,-0.0204015006342928,0.0,0.1638826209527234,0.0,0.0,-0.1001659838902926,0.0,0.0147508536072166,-0.3034513513471816,0.0,0.0,0.0,0.239178705347247,0.5767778304422214,0.0,0.0083034410620915,0.5925234909943589,0.0,-0.4988430568851185,-0.8842011871892925,-0.7839677223745706,0.0,0.1743820496927008,0.4859004553022583,0.0,0.0,0.0578912621457825,0.4779392946191974,0.2692804009870249,0.5535682453795348,0.0209623049422124,0.0,0.0178202962902958,0.0,-0.2310013433445631,0.0,0.0,0.0,-0.7514321211133902,0.0,0.0,0.0,0.0352990437390558,0.0246103077870249,0.0,0.0,0.0,0.0,0.0,-0.1593279152821162,-0.0031668550227917,-0.9035373696316972,-0.2153069046799911,-0.1716607248711793,0.0502019331448872,0.0,-0.4985377301355359,-0.901224436651419,0.0,0.2390959075227765,0.0,0.0,-0.30343434872375,0.0,0.0351359358700322,0.0,0.0384522115066773,0.0,0.0433042487310204,0.0,0.0,0.0
326,0.0,0.0566799827676708,-0.5635532660272138,0.0,0.0,-0.4422771995564662,0.663221430042358,0.2909182349086151,0.0,0.0,0.0,0.0,0.0,0.0,0.0354504129629289,0.0,-0.1188877415268434,-0.0122271484090634,0.0,0.0922642853589841,0.0,0.0,-0.10313084426538,0.0,0.0149368398842692,-0.3122645537661178,0.0,0.0,0.0,0.240845151101277,0.5514078127013448,0.0,0.0173283094409965,0.593510578364964,0.0,-0.4435067004865664,-0.8847853268960884,-0.7810151970844056,0.0,0.1411258282121856,0.4510570389914738,0.0,0.0,0.0173730188532704,0.4387901327448125,0.2132270100480484,0.574259973919322,0.0171090155304514,0.0,0.0182796883653299,0.0,-0.219681269467332,0.0,0.0,0.0,-0.7470709450558043,0.0,0.0,0.0,0.0393756957027847,0.0232131882776864,0.0,0.0,0.0,0.0,0.0,-0.1622485427101235,-0.0146858131331311,-0.9062448050660792,-0.2170710568799919,-0.1780249429338014,0.0724647031299831,0.0,-0.5089922530925101,-0.897834418829182,0.0,0.2409664547846072,0.0,0.0,-0.3029376009847884,0.0,0.0359253843286552,0.0,0.0317754592682152,0.0,0.0394162578725334,0.0,0.0,0.0
327,0.0,0.0417652040452027,-0.5759332677582162,0.0,0.0,-0.4574961907792729,0.8179011395373796,0.2580584602358352,0.0,0.0,0.0,0.0,0.0,0.0,0.0409481433215962,0.0,-0.109577500393618,0.0,0.0,0.1018053061462834,0.0,0.0,-0.0990762049998501,0.0,0.0154124885922705,-0.3266928994342223,0.0,0.0,0.0,0.2478302664699592,0.5666671736661325,0.0,0.0191046273552004,0.5983253596844805,0.0,-0.3863343969300354,-0.8832608663214239,-0.7791082457453422,0.0,0.1098633447868286,0.4128481832231108,0.0,0.0,0.0,0.401173961927533,0.1653907586770166,0.6007492092781092,0.0137683454626783,0.0,0.0185816524932157,0.0,-0.2033497350767469,0.0,0.0,0.0,-0.7473918934160633,0.0058065732384248,0.0,0.0,0.0427630902663406,0.0223117104994509,0.0,0.0,0.0,0.0,0.0,-0.1637754549110237,-0.0294472279429222,-0.9076112494760232,-0.2114852171385485,-0.1872576760916097,0.0968106833490214,0.0,-0.520325985331903,-0.8945867162189747,0.0,0.2397239347582402,0.0,0.0,-0.2918586536665085,0.0,0.0342220146899466,0.0,0.0252457191031434,0.0,0.0297968662037875,0.0,0.0,0.0
328,0.0,0.0270863629066063,-0.5910560874854844,0.0,0.0,-0.4747437520502694,0.7612917379575042,0.2718507811315162,0.0,0.0,0.0,0.0,0.0,0.0,0.0449448724190066,0.0,-0.1000259853624201,0.0,0.0,0.1275835857993517,0.0,0.0,-0.0907760315441353,0.0,0.0161252591795387,-0.3430604168225886,0.0,0.0,0.0,0.2585837065881397,0.607977220188619,0.0,0.0186364664261297,0.6123644849618506,0.0,-0.3330234991216401,-0.8834837935038546,-0.778164165421553,0.0,0.0850677546751453,0.3975271342530515,0.0,0.0,0.0,0.3667533548620335,0.1210685187688504,0.6327679502605851,0.0100767108944901,0.0,0.0180821730022619,0.0,-0.1934967063378569,0.0,0.0,0.0,-0.7480222408771493,0.0071974037946802,0.0,0.0,0.0451681296487634,0.0229384146114525,0.0,0.0,0.0,0.0,0.0,-0.1731372312845247,-0.0492866334542185,-0.9096632764766523,-0.2038515815121588,-0.2035078671681008,0.1013621813378472,0.0,-0.5304148996198482,-0.8921173741634028,0.0,0.2295931365440296,0.0,0.0,-0.2812749824157289,0.0,0.0303693728457138,0.0,0.0213395873708577,0.0,0.0202640889897268,0.0,0.0,0.0
329,0.0,0.0180054616991874,-0.6034469583000803,0.0,0.0,-0.4900297908043277,0.7458428887045642,0.3193183488598171,0.0,0.0,0.0,0.0,0.0,0.0,0.0479163695316395,0.0,-0.0917888071466679,0.0,0.0,0.1966245104817726,0.0,0.0,-0.078601377583406,0.0,0.0174443017708105,-0.3643533477150827,0.0,0.0,0.0,0.2831668910786695,0.5522101814533706,0.0,-0.0203332339066046,0.6431359826435871,0.0,-0.2833303494257069,-0.8834957754693327,-0.7783900790082752,0.0,0.0785224294601745,0.3951680510727877,0.0,0.0,0.0205944906525973,0.3379663523814881,0.0798392718409631,0.6648156748284637,0.0076703683007088,0.0,0.0165984598582004,0.0,-0.1867041839656249,0.0,0.0,0.0,-0.7428546617094182,0.0085717209580091,0.0,0.0,0.0462959836167257,0.0140398546633439,0.0,0.0,0.0,0.0,0.0,-0.190954036517889,-0.0627715667803823,-0.9122821388491014,-0.1981644148038239,-0.2140386476028663,0.0837287724382084,0.0,-0.5352649961549638,-0.8859036652009333,0.0,0.2117643793410785,0.0,0.0,-0.2729687854909017,0.0,0.0251053193396532,0.0,0.0168786705244054,0.0,0.0093202869971308,0.0,0.0,0.0
330,0.0,0.0095977207734151,-0.6116365808869102,0.0,0.0,-0.4982524754885656,0.7796530594068557,0.4024242688052211,0.0,0.0,0.0,0.0,0.0,0.0,0.0512006972764862,0.0,-0.0864403196660966,0.0,0.0,0.263177202247767,0.0,0.0,-0.0592264597927286,0.0,0.0210140949654791,-0.380683099031237,0.0,0.0,0.0,0.3101005832814141,0.5224026556132215,0.0,-0.0386870138936895,0.6668141017402394,0.0,-0.2457627750632776,-0.8829389822433367,-0.7793819535997278,0.0100858663672835,0.0748355957110996,0.3951679595535825,0.0,0.0,0.0558114490588037,0.3241871618662381,0.0455354655373839,0.710488521835453,0.0055539040459199,0.0,0.0142253557337707,0.0,-0.1775123780356367,0.0,0.0,0.0,-0.737572325489396,0.0097897772261459,0.0,0.0,0.0451012045996236,0.0097275822813384,0.0,0.0,0.0,0.0,0.0,-0.2066529405495418,-0.0805214041907248,-0.9157532896644898,-0.1901403621717159,-0.2219497081175884,0.0645003249473773,0.0,-0.5411997083889654,-0.8821793065701491,0.0,0.1862755198693124,0.0,0.0,-0.2628106754454233,0.0,0.0193317243178227,0.0,0.0131032696384804,0.0,0.0,0.0,0.0,0.0
331,0.0,0.0,-0.6132847119825532,0.0,0.0,-0.5026032050397348,0.7872991161037536,0.4300746285187268,0.0,0.0,0.0,0.0,0.0,0.0,0.0558121156137245,0.0,-0.0721918779416133,0.0,0.0,0.2431287179190769,0.0,0.0,-0.0316696126687183,0.0,0.0272457059195949,-0.4025387119073897,0.0,0.0,0.0,0.3394457889385909,0.5353370287443575,0.0,-0.063086615380289,0.688434028820504,0.0,-0.2203078398972544,-0.8820730982885272,-0.7808805649195648,0.0158966462908007,0.0722852403154259,0.4182482826448458,0.0,0.0,0.0506592455514003,0.3157499684606705,0.0299584757727685,0.675235783951952,0.0,0.0,0.0115727735097356,0.0,-0.1784602094022894,0.0,0.0,0.0,-0.7348325387282847,0.011808556501642,0.0,0.0,0.0421380739632282,0.0056638808179945,0.0,0.0,0.0,0.0,0.0,-0.2212318534722668,-0.0929479325396473,-0.9198993807903024,-0.1824301389801681,-0.2204028327317774,0.0463409372607165,0.0,-0.5503371077984003,-0.8785342950788686,0.0,0.1564970239173561,0.0,0.0,-0.251496187171895,0.0,0.0102424594609763,0.0,0.0141407767723441,0.0,0.0,0.0,0.0,0.0
332,0.0,0.0,-0.6150947192216248,0.0,0.0,-0.4989817691198478,0.8175905846376045,0.4443268362200191,0.0,0.0,0.0,0.0,0.0,0.0,0.0598932337029912,0.0,-0.0637502227358224,-0.0389032075636815,0.0,0.2454880347814375,0.0,0.0,-0.0058142682371123,0.0,0.0297317506957473,-0.4232051764579564,0.0,0.0,0.0,0.3689107275380826,0.542393513807261,0.0,-0.0730379526051543,0.7176131952377679,0.0,-0.2112186717901619,-0.8816509773755445,-0.7825079004164555,0.0268551906304327,0.068805929034247,0.4564515471891734,0.0,0.0,0.0468772588230438,0.3137867469311938,0.0196590520510643,0.6323965093705973,0.0,0.0,0.0091483196419456,0.0,-0.1899311505548261,0.0,0.0,0.0,-0.731750309931826,0.0081227032932148,0.0,0.0,0.037835526662088,0.0095904155471831,0.0,0.0,0.0,0.0,0.0,-0.2324418453063494,-0.106040272216346,-0.9219116855409806,-0.181668117293218,-0.2164836832464279,0.0308247443448024,0.0,-0.551498851598685,-0.8761432610397528,0.0,0.1232780538174252,0.0,0.0,-0.2431389473654453,0.0,0.0,0.0,0.0159440419341047,0.0,0.0,0.0,0.0,0.0
333,0.0,0.0,-0.6118410613896555,0.0,0.0,-0.4864413391102195,0.823700022495645,0.45634578820942,0.0,0.0,0.0,0.0,0.0,0.0,0.0623142335944663,0.0,-0.0688815011266527,-0.0705401234945835,0.0,0.2033179019152726,0.0,0.0,0.0,0.0,0.0260604338888935,-0.4414445633348981,0.0,0.0,0.0,0.3846984106447027,0.5399057906342802,0.0,-0.0927435195722773,0.759871788888397,0.0,-0.209017069456374,-0.8824632813483686,-0.7836465538605889,0.0135134103242009,0.0638416180907511,0.5247786339544344,0.0,0.0,0.087126865880242,0.2982040703040107,0.0163971509446066,0.5070561650763292,0.0,0.0,0.0061775709151285,0.0,-0.2052252466307314,0.0,0.0,0.0,-0.7308603780512933,0.0,0.0,0.0,0.0327716757554471,0.0129080134026499,0.0,0.0,0.0,0.0,0.0,-0.2351391513234821,-0.1046945029462477,-0.9243380748990604,-0.1843867592709987,-0.2036871490189412,0.016137381425681,0.0,-0.5483478971138578,-0.8725721141820473,0.0,0.0993747483082688,0.0,-0.0050659945543816,-0.2353684175922845,0.0,-0.0447379149924489,0.0,0.0201179170904204,0.0,0.0,0.0,0.0,0.0
334,0.0,0.0,-0.6105980625035299,0.0,0.0,-0.4687086446661389,0.8248647761835486,0.4631597380661881,0.0,0.0,0.0,0.0,0.0,0.0,0.066339588827327,0.0,-0.0746436403152756,-0.1044448753756742,0.0,0.1741502857976754,0.0,0.0,0.0,0.0,0.0215170614473852,-0.4550933894528254,0.0,0.0,0.0,0.3862990127438702,0.523274654582943,0.0,-0.0928319842708963,0.7811386669587388,0.0,-0.2294072231155091,-0.8840693607858379,-0.7851854100910517,0.0063181799368248,0.058370662971184,0.5974786243782946,0.0,0.0,0.1016153329451807,0.2885603558309187,0.0166039746495017,0.3917406847401987,0.0,0.0,0.0,0.0,-0.2268055932855515,0.0,0.0,0.0,-0.7328704191463191,0.0,0.0,0.0,0.0268226260837701,0.0165683279192354,0.0,0.0,0.0,0.0,0.0,-0.2289395820410709,-0.0916271698275495,-0.9271646193589708,-0.1912746394426719,-0.1872223294781955,0.0,0.0,-0.5398410737860746,-0.8688179011924864,0.0,0.0777316393641784,0.0,-0.032277612303964,-0.2278961186084241,0.0,-0.0758142421598683,0.0,0.0233645384392702,0.0,0.0,0.0,0.0,0.0
335,0.0,0.0,-0.6101631374486454,0.0053824946411172,0.0,-0.4502871877899994,0.8310412313014225,0.4677984899227013,0.0,0.0,0.0,0.0,0.0,0.0,0.0597067002632705,0.0,-0.0819859030578955,-0.1305050809620054,0.0,0.1567941520169014,0.0,0.0,0.0,0.0,0.0168141395476208,-0.4716767760862583,0.0,0.0,0.0,0.3807459904881142,0.5016773313530557,0.0,-0.0928992756365513,0.7998001210961643,0.0,-0.2558769999961665,-0.8872406525207639,-0.7862949684212984,0.0,0.0510721878049485,0.6506441156285898,0.0,0.0,0.0905052472527612,0.2704701159810488,0.0191903408809029,0.2859491468307674,0.0,0.0,0.0069264016236989,0.0,-0.2605070344634362,0.0,0.0,0.0,-0.7409223118977474,0.0,0.0,0.0,0.0208133550240357,0.0188244120879437,0.0,0.0,0.0225560511352354,0.0,0.0,-0.2152580707827663,-0.0782761982725825,-0.9277391080118562,-0.2057789283908434,-0.1720015310082295,0.0,0.0,-0.5320828398637302,-0.8645801656648686,0.0,0.062186493784552,0.0,-0.0507654115943398,-0.2297487982475408,0.0,-0.1175017542519696,0.0,0.0335895820730476,0.0,0.0,0.0,0.0,0.0
336,0.0,0.0,-0.6135651197136177,0.0081793922372921,0.0,-0.4346239086961382,0.7592951648835355,0.4686882662244599,0.0,0.0,0.0,0.0,0.0,0.0,0.0643866118940718,0.0,-0.0880481025582029,-0.1634349566394212,0.0,0.140275943679354,0.0,0.0,0.0,0.0,0.0151837274925998,-0.484806877600405,0.0,0.0,0.0,0.3906510312785885,0.4780724957191315,0.0,-0.0808278549586817,0.8055974552112802,0.0,-0.290856762155298,-0.8914686552136661,-0.7862030856106128,0.0,0.0435942774227527,0.7065825856566065,0.0,0.0,0.0808818076111754,0.3131946544311173,0.0279994062354497,0.2049275700646213,0.0,0.0,0.0108022891371362,0.0,-0.2877742239067956,0.0,0.0,0.0,-0.7548465137357513,0.0,0.0,0.0,0.0161306918804204,0.0133195392938213,0.0,0.0,0.0468663115204213,0.0,0.0,-0.199714619605147,-0.0579191566236683,-0.9278099477332646,-0.2172940540595096,-0.150620999978724,0.0,0.0,-0.5239376718529908,-0.8623310293911826,0.0,0.1171796080651751,0.0,-0.0774590176405107,-0.2146614549147306,0.0,-0.1335792338030506,0.0,0.0470357981445992,0.0,0.0,0.0,0.0,0.0
337,0.0,0.0,-0.6228897653046902,0.0107137790944841,0.0,-0.4183476521353719,0.6576001153718181,0.4801409153808721,0.0,0.0,0.0,0.0,0.0,0.0,0.0815295926394648,0.0,-0.0875858517683916,-0.1890743629577269,0.0,0.1427809781253995,0.0,0.0,0.0,0.0,0.0102644923227445,-0.4834122294078588,0.0,0.0,0.0,0.4343338756007798,0.4562029565268024,0.0,-0.0696569705548122,0.7914663015400945,0.0,-0.335249264552198,-0.8934070863946064,-0.7857189903856527,0.0,0.0360236719348708,0.6764395263796225,0.0,0.0,0.0825302266778865,0.3416612620084713,0.0417447998533735,0.1484281312163027,0.0,0.0,0.0111839187928155,0.0,-0.3018683123884668,0.0,0.0,0.0,-0.768032766779767,0.0,0.0,0.0,0.0121431848494445,0.0089075133983669,0.0,0.0,0.0489652364973878,0.0,0.0,-0.1827766212152353,-0.0293665694914181,-0.9282591007476008,-0.2329121101337635,-0.1288795349618232,0.0072546205069884,0.0,-0.5126286570037649,-0.8608209082480505,0.0,0.1803581262068322,0.0,-0.1046359541249681,-0.2013784307489056,0.0,-0.1456211392022852,0.0,0.0581196335491925,0.0,0.0,0.0,0.0,0.0077874246416277
338,0.0,0.0,-0.6248189458354114,0.008960977330207,0.0,-0.405181718302883,0.5578722051113205,0.475379275204478,0.0,0.0,0.0,0.0,0.0,0.0,0.0908612909054337,0.0,-0.0896480218778925,-0.1975549486943333,0.0,0.2055648856461658,0.0,0.0,0.0,0.0,0.0064135851674741,-0.4842951283696395,0.0,0.0,0.0,0.420529642980755,0.447634397176301,0.0,-0.052123257485521,0.7579881902133763,0.0,-0.3845057112239047,-0.8940001706392362,-0.7857492190121335,0.0,0.0297528095616227,0.6291254321690128,0.0,0.0,0.1090532321479347,0.3497099409292972,0.0623436688648377,0.1072298530874909,0.0,0.0,0.0139165508034339,0.0,-0.3025939935800095,0.0,0.0,0.0,-0.7845288799796797,0.0,0.0,0.0,0.0138582835148694,0.0088460011396163,0.0,0.0,0.0390435630382454,0.0,0.0,-0.1604877840661146,0.0,-0.9285451626750532,-0.2526414919761485,-0.1082709234531876,0.0103141492222968,0.0,-0.4912475932535546,-0.8593040931250999,0.0,0.2459056419124692,0.0,-0.133540502927301,-0.1860685829497358,0.0,-0.1512914864680366,0.0,0.0700072638335919,0.0,0.0,0.0,0.0,0.0108048521334077
339,0.0,0.0,-0.6338899555174784,0.0105436581524341,0.0,-0.3912351889066022,0.4833012016723872,0.4682708341459246,0.0,0.0,0.0,0.0,0.0,0.0,0.0987319557998604,0.0,-0.093270740884367,-0.185390603568285,0.0,0.2122232973020683,0.0,0.0,0.0,0.0,0.0,-0.4873509078599664,0.0,0.0,0.0,0.3970690071444099,0.4381715834392599,0.0057108781063548,-0.0432285759482281,0.7133261014849015,0.0,-0.430647685368017,-0.893814138037734,-0.7853427339189468,0.0,0.0258186779669429,0.570987105726206,0.0,0.0,0.1542327443408254,0.3594038800040404,0.0866744786416997,0.0758109827013466,0.0,0.0,0.0146803385467007,0.0,-0.3111202993241835,0.0,0.0,0.0,-0.7922273592990667,0.0,0.0,0.0,0.0373314112714405,0.0056836739038734,0.0058915309397391,0.0,0.0297702335518575,0.0,0.0,-0.1320597328180184,0.0,-0.9273424895288528,-0.2606845962834728,-0.0869933997621805,0.0137331040750929,0.0,-0.4730679738951155,-0.8569279318500884,0.0,0.3152734447939634,0.0,-0.1562842151188472,-0.1595811195732298,0.0,-0.1541061252046406,0.0,0.0814793449295645,0.0,0.0,0.0,0.0,0.012228144947088
340,0.0,0.0085666336680953,-0.6398492625834509,0.01309666229334,0.0,-0.380930734087404,0.4155805533027933,0.4726207950963836,0.0,0.0,0.0,0.0,0.0,0.0,0.1037926470889176,0.0,-0.0908397417558331,-0.1775088944423713,0.0,0.2185289466875137,0.0,0.0,-0.016300172469528,0.0,0.0107169800722744,-0.4871718362252996,0.0,0.0,0.0,0.3961433066451211,0.4271253250871091,0.0088135112931022,-0.0350622595580887,0.6815757270864596,0.0,-0.4673649707876939,-0.8895593839326903,-0.7854950958712403,-0.0151409949383574,-0.0310970660023005,0.5310318143736397,0.0,0.0,0.2093914108647696,0.3637730673155158,0.0823274601328423,0.0945140479174191,0.0,0.0,0.0158425229257652,0.0,-0.3051052079141882,0.0,0.0,0.0,-0.8022251082093171,0.0085837112735958,0.0,0.0,0.0877450015151642,0.0,0.0,0.0,0.0218295041970391,0.0,0.0,-0.1155418251646566,0.0,-0.9271873128801468,-0.2642527994886897,-0.0730951055823712,0.0170698123918044,0.0,-0.4537375461647568,-0.8558179066035909,0.0,0.2954024178688057,0.0,-0.1771302595100329,-0.1298145551508089,0.0,-0.1549412507416961,0.0,0.1037037331014385,0.0,0.0,0.0,0.0,0.0134962539306742
341,0.0,0.0133321406007254,-0.6450409947561478,0.0152955163889372,0.0,-0.3770743236570976,0.3601991663761643,0.4701928585818035,0.0,0.0,0.0,0.0,0.0,0.0,0.0960734203347264,0.0,-0.091803836680536,-0.1556420186651236,0.0,0.2192726884325972,0.0,0.0,-0.0367238957614589,0.0,0.0132961221738724,-0.4843828106964947,0.0,0.0,0.0,0.3886201785334983,0.4358070689068789,0.0125184820924544,-0.0295735830866058,0.650019426854304,0.0,-0.4954928536241735,-0.88499315939894,-0.7865034694657347,-0.0371512013516193,-0.0545173074171922,0.5065932712317224,0.0,0.0,0.2638458817902944,0.3505375389568376,0.0663008811388172,0.1414806209681789,0.0,0.0,0.0174600687327706,0.0,-0.288751366386988,0.0,0.0,0.0,-0.7932747338774241,0.0153056889544404,0.0,0.0,0.0938200530213166,0.0,0.0,0.0,0.0097844935098368,0.0,0.0,-0.1038131764255057,0.0,-0.9252865626579084,-0.2721811375959011,-0.0557906111764201,0.0179389457773018,0.0,-0.4282615356304939,-0.8558231634059483,0.0,0.2737913582441463,0.0,-0.1911235552539511,-0.099533088642567,0.0,-0.1598997097233924,0.0,0.1187007547698179,0.0,0.0,0.0,0.0,0.0166305476186578
342,0.0,0.0190138478688326,-0.6416614807048158,0.0178163256418691,0.0,-0.3775168575188622,0.430692811592332,0.4744489870221687,0.0,0.0,0.0,0.0,0.0,0.0,0.0936098785362512,0.0,-0.0944264543020823,-0.1358466271485791,0.0,0.2217572593687567,0.0,0.0,-0.0495396857000615,0.0,0.0181248929889377,-0.4758333204632274,0.0,0.0,0.0,0.3660076485411848,0.4476457764226311,0.0165730452015559,-0.0297216285080392,0.6184787253016878,0.0,-0.5010939950281289,-0.878508160340389,-0.7876310435606142,-0.0549557435563676,-0.0743746537376867,0.4748521732311107,0.0,0.0,0.249517525109361,0.3436369229401206,0.0537541976351598,0.214439706536038,0.0,0.0,0.0193495769413646,0.0,-0.2798723316089456,0.0,0.0,0.0,-0.7663846167031547,0.0217375962001679,0.0,0.0,0.0589942961705482,0.0,0.0,0.0,0.0070734025956645,0.0,0.0,-0.1091190702434824,0.0,-0.9227339255833136,-0.2712321000362644,-0.0448543417946132,0.0198192866338951,0.0,-0.4067513452254506,-0.8548097199937947,0.0,0.2553869831266093,0.0,-0.201910075190713,-0.072911608625797,0.0,-0.1555325852603206,0.0,0.0936689717410243,0.0,0.0,0.0,0.0,0.0228452781840701
343,0.0,0.0261502553860781,-0.6278653735087446,0.0194156513309425,0.0,-0.3760028968589193,0.5015352729932662,0.4775189431795821,0.0,0.0,0.0,0.0,0.0,0.0,0.0965850039445582,0.0,-0.0980662743878868,-0.1131323553261877,0.0,0.2220408316154915,0.0,0.0,-0.0650628000796967,0.0,0.0246468220801211,-0.4725309051554874,0.0,0.0,0.0,0.3432159378170183,0.4547132959543768,0.0204511305397975,-0.0415782934611134,0.5805744526500303,0.0,-0.4987132802202696,-0.8675861886222371,-0.7892068301011925,-0.0625771934166882,-0.0960429643205094,0.4355772119694546,0.0,0.0,-0.1266218518168599,0.3275235101625727,0.0427523509968615,0.3184802903036274,0.0,0.0,0.0207272294199971,0.0,-0.2683869130206845,0.0,0.0,0.0,-0.7369877811079858,0.029637977641012,0.0,0.0,0.0409669464626947,0.0,0.0,0.0,0.0164346177311889,0.0,0.0,-0.115568399138352,0.0,-0.9199781015877536,-0.2675084962043449,-0.0382125941654932,0.0191375056874563,0.0,-0.3931318482311984,-0.8552291178575793,0.0,0.1893394005996996,0.0,-0.1958859023314168,-0.0412569166346893,0.0,-0.1508478475372324,0.0,0.0696147020066826,0.0,0.0,0.0,0.0,0.0339148531198696
344,0.0,0.0387475750705313,-0.6167274125144688,0.0198031569766495,0.0,-0.3780802614200542,0.4416585407424621,0.4802416513763491,0.0,0.0,0.0,0.0,0.0,0.0,0.1007809968099119,0.0,-0.1146692797942618,-0.1023288496000857,0.0,0.2213342567751111,0.0054169936247286,0.0,-0.0803731367991485,0.0,0.0289824165166214,-0.4644662244193355,0.0,0.0,0.0,0.318302384859,0.4369221160446259,0.0180004085012314,-0.0582640101941866,0.5181806297205857,0.0,-0.4878402887648965,-0.8580206154664256,-0.7909178829051338,-0.0742826267587034,-0.1031013932320073,0.4088616564589049,0.0,0.0,-0.1303826668307908,0.3143873442094729,0.0333013313814884,0.4787265813492806,0.0,0.0,0.0214073087787036,0.0,-0.2461639147232945,0.0,0.0,0.0,-0.7084962191714907,0.0372026140989147,0.0,0.0,0.0448991809310982,0.0,0.0,0.0,0.0127625972293985,0.0,0.0,-0.1157580419817449,0.0,-0.916683008119458,-0.260059669926669,-0.0384186203625939,0.0178011800189621,0.0,-0.3874327884150402,-0.8598868552664678,0.0,0.1332760129510524,0.0,-0.1886801488887346,-0.0139268904704643,0.0,-0.1457119240573023,0.0,0.0454605456522252,0.0,0.0,0.0,0.0,0.0474818071692011
345,0.0,0.0490896013173272,-0.6020319218072302,0.0203601112498623,0.0,-0.3786893122779876,0.4236458509518544,0.4672450321303354,0.0,0.0,0.0,0.0,0.0,0.0,0.1047643819489315,0.0,-0.141556434399885,-0.1038194325628731,0.0,0.2208043655784886,0.0,0.0,-0.0941683848330796,0.0,0.0369387430739932,-0.4499785773506592,0.0,0.0,0.0,0.2978097144318459,0.4065009755304818,0.0079085993734811,-0.0759229011380004,0.4546550155069679,0.0,-0.4580212593613713,-0.8484499922024064,-0.792816888648351,-0.0795558473710946,-0.1140970385925693,0.3990786066772063,0.0,0.0,-0.1288849830373514,0.2952119406959794,0.0236522654018869,0.609294853407876,0.0,0.0,0.0088559930175425,0.0,-0.2303469806221378,0.0,0.0,0.0,-0.6744913370479646,0.0437190938821237,0.0,0.0,0.0482329959845377,0.0,0.0,0.0,0.0082325324261664,0.0,0.0,-0.1241104972230934,0.0,-0.912598070167292,-0.2568510255278678,-0.0467056190749693,0.0153948007608839,0.0,-0.3782969286682952,-0.8613373813464595,0.0,0.0893633431567765,0.0,-0.1734182123011446,0.0,0.0,-0.139828585569591,0.0,0.0308334986867303,0.0,0.0,0.0,0.0,0.0632346416192275
346,0.0,0.0463047660621796,-0.581633068880296,0.0180556057185393,0.0,-0.3820903166219027,0.4296705752009714,0.4644999523404712,0.0,0.0,0.0,0.0,0.0,0.0,0.107436218484089,0.0,-0.1778108342738133,-0.1135379045954321,0.0,0.2296274951421052,0.0,0.0,-0.121265250966566,0.0,0.0366713273745501,-0.4417882526187132,0.0,0.0,0.0,0.2871689662459571,0.3861885286843814,0.0061007482513255,-0.0867998849626475,0.4022794741260926,0.0,-0.4192859548162848,-0.8348826320346718,-0.7943884706177731,-0.0759597097555753,-0.1171998425147834,0.416722493533476,0.0,0.0,0.2025726063021263,0.2795379766473955,0.014434729255742,0.5709014704985941,0.0,0.0,0.0057986765878419,0.0089867302006778,-0.2142465114337242,0.0,0.0,0.0,-0.6447529072595745,0.0482818765500618,0.0,0.0,0.0489386615045216,0.0,0.0,0.0,0.0,0.0,0.0,-0.1316808522739337,0.0,-0.9086612342269578,-0.2566752952743167,-0.0624079269758012,0.0136251014749429,0.0,-0.3804638928263598,-0.8646309840848412,0.0,0.0552088011103282,0.0,-0.1533487947731528,0.0,0.0,-0.1368939667819293,0.0,0.0197605346256293,0.0,0.0,0.0,0.0,0.0783338804834709
347,0.0,0.0366997650533807,-0.5642543590301206,0.0162196100629494,0.0,-0.3892341824309765,0.4272424506273646,0.4541210392176233,0.0,0.0,0.0,0.0,0.0,0.0,0.0954822917034769,0.0,-0.2107019061291367,-0.1300531133969068,0.0,0.2385512730024352,0.0,0.0,-0.1441336636906659,0.0,0.0387811499634088,-0.4346451230244904,0.0,0.0,0.0,0.2896059594296145,0.3646584928806115,0.0,-0.0968549814991436,0.3732206873195385,0.0,-0.3765687513198386,-0.8263765059607248,-0.7951743929749047,-0.0799463399500095,-0.1068363151500294,0.514243699035771,0.0,0.0,0.2000478394850978,0.2730244850136288,0.0099610619336942,0.5205987738420093,0.0,0.0,0.0,0.0109645518454065,-0.1999478249788527,0.0,0.0,0.0,-0.6242865594251953,0.0501310884922994,0.0,0.0,0.0472635530921726,0.0,0.0,0.0,0.0,0.0,0.0,-0.1308718705508828,0.0,-0.9060522926745284,-0.2487541338127989,-0.0803309073317286,0.0183142766787106,0.0,-0.3905072747866993,-0.8683186994067711,0.0,0.056517637073664,0.0,-0.1196353179189815,0.0,0.0,-0.1406679371116371,0.0,0.0224085663600032,0.0,0.0,0.0,0.0,0.0918617493414374
348,0.0061714354803813,0.037981614763554,-0.542585938992594,0.0144243001951354,0.0,-0.3958416996911563,0.4197424189630442,0.4363880340346536,0.0,0.0,0.0,0.0,0.0,0.0,0.0876662174023275,0.0,-0.2419220024575936,-0.1465514127848828,0.0,0.2435130236033129,0.0,0.0,-0.155744178120346,0.0,0.0445350002424917,-0.4175491303355518,0.0,0.0,0.0,0.3142731218924891,0.3433677581053218,0.0,-0.0891031274864405,0.3674056449827471,0.0,-0.3412540655325942,-0.8231409716868624,-0.7959127891332282,-0.082198267119815,-0.0940425696306546,0.5237760139894253,0.0,0.0,0.207848455685415,0.2491375612616026,0.0064478291529962,0.4529662627372936,0.0,0.0,0.0,0.0097181413566338,-0.1744041245443768,0.0,0.0,0.0,-0.61903787003349,0.0433849074702342,0.0,0.0,0.0434291193693568,0.0,0.0,0.0,0.0,0.0,0.0,-0.1390254765192112,0.0,-0.9043085424823114,-0.2518954928355375,-0.1024721842435434,0.0221252407341253,0.0,-0.4023099349933163,-0.8710582771554423,0.0,0.0802527001521708,0.0,-0.0869997811701108,0.0,0.0,-0.1417496109822572,0.0,0.0383436920043353,0.0,0.0,0.0,0.0,0.1011100766927486
349,0.0091572181311519,0.0433713216818327,-0.526555275923778,0.0105150581330381,0.0,-0.4097864042238346,0.4057316427451986,0.4193089144363717,0.0,0.0,0.0,0.0,0.0,0.0,0.0868445994566722,0.0,-0.2680331050885356,-0.1718500959049331,0.0,0.2598103025776004,0.0,0.0,-0.1667964817503271,0.0,0.046789159683055,-0.400270972096551,0.0,0.0,-0.0163950227070674,0.355399510919565,0.3549426689662085,0.0,-0.0817560043579502,0.4083434392495479,0.0,-0.3098912453298986,-0.8253839072036537,-0.795545997310138,-0.080059604697142,-0.0685640429583143,0.4977264824634064,0.0,0.0,0.1453448870508653,0.2401360849095273,0.0,0.3889628329865026,0.0,0.0,0.0,0.0075495440132532,-0.1534964412449304,0.0,0.0,0.0,-0.6289892171473317,0.036163148393704,0.0,0.0,0.0379513222692185,0.0,0.0,0.0,0.0,0.0,0.0,-0.1374558404298168,0.0,-0.9035884836361951,-0.2547792605964312,-0.1203236803655404,0.027045050284279,0.0,-0.4192688683228302,-0.8752843191809747,0.0,0.1111678976681136,0.0,-0.0605567160530926,0.0,0.0,-0.1393440289001846,0.0,0.0472974862103354,0.0,0.0,0.0,0.0,0.1055650099075179
350,0.0130559199706642,0.052342505334412,-0.516597303377325,0.0064611341814818,0.0,-0.4209324062241468,0.3769144998921135,0.4240822613368291,0.0,0.0,0.0,0.0,0.0,0.0,0.0888926504438159,0.0,-0.2749651411410615,-0.2008778917829106,0.0,0.27903330240795,0.0,0.0,-0.1720380655466462,0.0,0.0458466646908053,-0.376096598458469,0.0,0.0,-0.0391505636940929,0.4084550611971707,0.3809446112523481,0.0,-0.0722499549598223,0.4618409173622286,0.0,-0.2871095627833307,-0.8307647883994898,-0.7951439203468988,-0.0789691494781003,-0.0235252869554045,0.5172769600584802,0.0,0.0,0.1038029647983225,0.2177332000730677,0.0,0.3380191344892628,0.0,0.0,0.0,0.006954739649748,-0.1212741019209416,0.0,0.0,0.0,-0.6534239560636437,0.0294089663300722,0.0,0.0,0.0317721920113192,0.0,0.0,0.0,0.0071399842929531,0.0,0.0,-0.1473588020990238,-0.003458533888643,-0.9048907156736644,-0.2572952036786118,-0.1325458948543544,0.0264772883561855,0.0,-0.4341725810945768,-0.8789078622604602,0.0,0.068358644375424,0.0,-0.04149846355513,-0.0003534278412183,0.0,-0.1390563412223479,0.0,0.0574816839140386,0.0,0.0,0.0,0.0,0.1036750724905799
351,0.0172912523592891,0.0679257979394062,-0.511093343433142,0.0,0.0,-0.4269678012470043,0.3638242514375691,0.4175454169349455,0.0,0.0,0.0,0.0,0.0,0.0,0.0718258911980599,0.0,-0.2788647149497196,-0.2011903504291955,0.0,0.2926246191652449,0.0,0.0,-0.1755982676268823,0.0,0.0447294354004192,-0.3476773162614052,0.0,0.0,-0.0518467760237732,0.4677145429291814,0.3978608578931993,0.0,-0.0593154202128309,0.5397388271851465,0.0,-0.2707181666337202,-0.8405177087553949,-0.7943116842855771,-0.087360421892233,0.0347788510761112,0.5169182628257645,0.0,0.0,0.072736965766751,0.1978706923876216,0.0,0.2893052331264893,0.0,0.0,0.0,0.0060249993285275,-0.0969323991001126,0.0,0.0,0.0,-0.6876780676714569,0.0226116138100655,0.0,0.0,0.0254058768989036,0.0,0.0,0.0,0.0,0.0,0.0,-0.1455114649390687,0.0,-0.9080296182489032,-0.2652360302844859,-0.1446991745222085,0.0231411210759351,0.0,-0.4483248811865464,-0.8804175356371555,0.0,0.0681659721456657,0.0,-0.0308177162235556,-0.0070685568243674,0.0,-0.1344143959893608,0.0,0.0685158877199724,0.0,0.0,0.0,0.0,0.0958529052464906
352,0.0211808063124627,0.072377819671694,-0.5140939285981936,0.0,0.0,-0.4302067406338211,0.3536329138103938,0.4113814469607498,0.0,0.0,0.0,0.0,0.0,0.0,0.0454722160580709,0.0,-0.2693683996771272,-0.2057398892293526,0.0,0.3213637262904755,0.0,0.0,-0.1709440451742141,0.0,0.0443328205950962,-0.3280798373720695,0.007118129588855,0.0,-0.0485298271069534,0.524481893021748,0.3977311994461575,0.0,-0.0431764123585956,0.5932664178391249,0.0,-0.2652545069802713,-0.8517050393881163,-0.792868995551078,-0.0959332929849307,0.06438758387738,0.5213419518195139,0.0,0.0,0.0491296230667156,0.1899128026861464,0.0,0.2620205747462639,0.0,0.0,0.0,0.0195236215778795,-0.075246035520576,0.0,0.0,0.0,-0.7250583757268375,0.0175988685599134,0.0,0.0,0.0195292671200689,0.0,0.0,0.0,0.0,0.0,0.0,-0.1608768790633503,0.0,-0.9130172856022488,-0.2627622910435658,-0.1490545923633884,0.017609672622452,0.0,-0.463741652611605,-0.8809474491675253,0.0,0.0745448163060386,0.0,-0.0178384412951492,-0.0241447714078546,0.0,-0.1313452538506641,0.0,0.0793309463122231,0.0,0.0,0.0,0.0,0.0833851670106343
353,0.0265667572385117,0.0620250524792779,-0.522632091700116,0.0,0.0,-0.4338036137971363,0.3515756122833092,0.4238434687231939,0.0,0.0,0.0,0.0,0.0,0.0,0.0310676482730219,0.0,-0.2420288365704002,-0.2193481240972302,0.0,0.3246874895692376,0.0,0.0,-0.1465287374162764,0.0,0.043596948918817,-0.3019448060853714,0.011329018750859,0.0,-0.046859156319446,0.5876789967080851,0.3835911259072645,0.0,-0.0427098695579555,0.6060748471873886,0.0,-0.2707753133856409,-0.8587666621572652,-0.7913631422600071,-0.1067038543477524,0.052347232818177,0.5169915152039447,0.0,0.0,0.0476341586669787,0.1948793295265799,0.0,0.2425744171279586,0.0,0.0,0.0,0.0246187567066917,-0.0649065203079886,0.0,0.0,0.0,-0.7576263856764507,0.0130364201499926,0.0,0.0,0.0118449555875646,0.0,0.0,0.0,0.0,0.0,0.0,-0.1841559716883607,0.0,-0.9200169125283892,-0.2684099126330309,-0.1458597880323181,0.0148916219664276,0.0,-0.4738327477143516,-0.8803575613865124,0.0,0.0781779234200863,0.0,-0.0206139803201828,-0.0424265981539349,0.0,-0.119975769321096,0.0,0.0883501031104929,0.0,0.0,0.0,0.0,0.0769295112967816
354,0.0502627153842515,0.0671809763272939,-0.5295810839801403,0.0,0.0,-0.4405871544053256,0.3553222449221908,0.4430774224915287,0.0,0.0,0.0,0.0,0.0,0.0,0.0402273375139565,0.0,-0.2115816227919335,-0.2288186377417597,0.0,0.3182316558126434,0.0,0.0,-0.1338485011847142,0.0,0.0450930905303307,-0.2703298726005314,0.0161252566288696,0.0,-0.0398700615915613,0.6769711520940168,0.3553750527601306,0.0,-0.0352964386097981,0.5462410273104965,0.0,-0.2874402620431766,-0.864806056612708,-0.7898109623412087,-0.1207207864623936,0.0271084264338093,0.5008928456736225,0.0,0.0,0.0479377715090418,0.2045391504811504,0.0,0.2376462765601203,0.0,0.0,0.0,0.0181389533535139,-0.0524683759691068,0.0,0.0,0.0,-0.7877580303627981,0.0092448021147463,0.0,0.0,0.0198701173102198,0.0,0.0,0.0,0.0,0.0,0.0,-0.2170010803304311,0.0,-0.926767060462939,-0.2635978779910432,-0.1362999608775239,0.013616439066298,0.0,-0.4758134839451296,-0.8789098024003374,0.0,0.0771380907646505,0.0,-0.0295608621077645,-0.0688358618616958,0.0,-0.1063284452018929,0.0,0.0937840891083986,0.0,0.0,0.0,0.0,0.071079736056325
355,0.0428190961134147,0.0674423794551461,-0.540337893190299,0.0,0.0,-0.4392986301761631,0.3708679251915797,0.4493881320751081,0.0,0.0,0.0,0.0,0.0,0.0,0.0350215758320474,0.0,-0.1850702747393029,-0.2343887900949139,0.0,0.3150429261458249,0.0,0.0,-0.1149091239216123,0.0,0.0465443292074355,-0.2543752086575783,0.0229886971591495,0.0,-0.0296278736888788,0.6831423563570663,0.3927856680207937,0.0,-0.0363728499704773,0.4417829449515729,0.0,-0.3142660541078188,-0.8727735261004819,-0.7886598647189839,-0.121952304519981,0.012884204035811,0.479835173506678,0.0,0.0,-0.0357350237319829,0.233229602096483,0.0,0.2455176309655762,0.0173367439344109,0.0,0.0,0.0122192027653463,-0.0500165723260814,0.0,0.0,0.0,-0.8052105520548706,0.0,0.0,0.0,0.0762445011189922,0.0,0.0,0.0,0.0,0.0,0.0,-0.2548394108312146,0.0,-0.9328334761600168,-0.2569094887262386,-0.1208701760702905,0.0128675568755401,0.0,-0.4759145401176841,-0.877234011073666,0.0,0.0722668768600565,0.0,-0.0428921863873062,-0.0839721852733278,0.0,-0.0900063038024014,0.0,0.0941948291419225,0.0,0.0,0.0,0.0,0.0684099814168402
356,0.0334420403483937,0.0621964354639277,-0.5507708733439813,0.0,0.0,-0.4310799032988686,0.3841751143340167,0.4196177146409817,0.0,0.0,0.0,0.0,0.0,0.0,0.0279585196923483,0.0,-0.1629939190310601,-0.2467272987841562,0.0,0.3020053946488467,0.0,0.0,-0.0976882480308183,0.0,0.046913003884211,-0.2274857213196484,0.0320609573040036,0.0,-0.0153101344190764,0.6474998842093453,0.4120595393721075,0.0,-0.0447387540524513,0.3383196500998104,0.0,-0.3456527726348721,-0.8784931423765241,-0.7878216686956597,-0.1219017794717515,0.0101669157673031,0.4822249334258497,0.0,0.0,-0.0528718650605408,0.2540236916941715,0.0,0.2548542359928044,0.0125346906475808,0.0,0.0,0.0057182643335019,-0.0426165564160717,0.0,0.0,0.0,-0.8198449687955706,0.0,0.0,0.0,0.0805110578527463,0.0068335090282987,0.0,0.0,0.0,0.0,0.0,-0.2895475844492543,0.0,-0.9391336441414984,-0.2439627571249331,-0.1061339257304495,0.011362523168752,0.0,-0.4736832559368591,-0.8762553818743242,0.0,0.0633635111726211,0.0,-0.0553016584147297,-0.0870532208962736,0.0,-0.0759929931962591,0.0,0.0874651068898524,0.0,0.0,0.0,0.0,0.0695317776289621
357,0.0236561016224441,0.0557857528363531,-0.5652836460026303,0.0,0.0,-0.4292115219031149,0.4134849861897574,0.3856628707758793,0.0,0.0,0.0,0.0,0.0,0.0,0.0224288404432716,0.0,-0.1424463105098168,-0.2473361833417747,0.0,0.2503811676774499,0.0,0.0,-0.0894906750913782,0.0,0.049029266663436,-0.2124950685581046,0.0325361168151484,0.0,0.0,0.6175695521267406,0.3819209657011675,0.0,-0.0580441999218554,0.2432477931143916,0.0,-0.3867901683640998,-0.8853619939005677,-0.7873571048301807,-0.1205381690448613,0.0093675774382582,0.5099429053903488,0.0,0.0,-0.0646260039617926,0.2885296210545428,0.0,0.2665644040726914,0.00846326548536,0.0,0.0,0.0,-0.0308539159353551,0.0,0.0,0.0,-0.819997690553166,0.0,0.0,0.0,0.0902707227485716,0.0097856209372896,0.0,0.0,0.0,0.0,0.0,-0.3254750974501814,0.0,-0.944933396068492,-0.2340070716008399,-0.0947301294646274,0.0094411486566383,0.0,-0.4703555942974697,-0.8769593235236619,0.0,0.052358312560126,0.0,-0.071401853095555,-0.1000612793305531,0.0,-0.0721618388105557,0.0,0.0775187073201567,0.0,0.0,0.0,0.0,0.0777515192349621
358,0.0150708507145473,0.0478882216543755,-0.5779999663772867,0.0,0.0,-0.4244215591071584,0.4424791527499669,0.3825951474056764,0.0,0.0,0.0,0.0,0.0,0.0,0.0169917356123796,0.0,-0.1371831698362827,-0.2650481166492281,0.0,0.2146113067390331,0.0,0.0,-0.0806556848480461,0.0,0.0497864315422901,-0.1955756232182262,0.0275562511023369,0.0,0.0,0.5741456599305266,0.3835821942784668,0.0,-0.060717335985082,0.1647051236927968,0.0,-0.4288266122183197,-0.8926694551821872,-0.7871797896897481,-0.1152510414231804,0.0096472547478998,0.5235607634785454,0.0,0.0,-0.0776810629477327,0.3209762966589094,0.0,0.2758375256432087,0.0,0.0,0.0,0.0,-0.0115769048993764,0.0,0.0,0.0,-0.8015400089975006,0.0,0.0,0.0,0.1004625357137754,0.0281542016646656,0.0,0.0,0.0122436366462951,0.0,0.0,-0.370715609099738,0.0,-0.9500150880427682,-0.2220818498751373,-0.0849447594320926,0.0076028485867351,0.0,-0.4661413756482905,-0.8768610425908152,0.0,0.0247347599325977,0.0,-0.0853788104634467,-0.1071204257639209,0.0,-0.0707374728299483,0.0,0.0695393769158099,0.0,0.0,0.0,0.0,0.089512998439682
359,0.0107740105146052,0.036590327681597,-0.5799841089546425,0.0,0.0,-0.4231655642491947,0.4250561317300482,0.3544804454292907,0.0,0.0,0.0,0.0,0.0,0.0,0.0130147981107246,0.0,-0.143622740622298,-0.2793281036865002,0.0,0.2067807666157574,0.0,0.0,-0.0743312848373425,0.0,0.0608688490907819,-0.1931613444184444,0.0228853229661836,0.0,0.0,0.5478066869223804,0.3774873995332982,0.0,-0.0621056728603685,0.1049622760872782,0.0,-0.4748489904375829,-0.8986400345413554,-0.7871519273747779,-0.0928905109439666,0.0145367030318752,0.5478877093927176,0.0,0.0,-0.078251231340126,0.3450059878176221,0.0,0.276090973045071,0.0,0.0,0.0,0.0,0.0,0.0,0.0,0.0,-0.7796104650595019,0.0,0.0,0.0,0.1198291687042824,0.0523066323790194,0.0,0.0,0.0195185396065519,0.0,0.0,-0.3963902890386609,0.0,-0.9534415855758408,-0.2144518424841323,-0.0741422586872904,0.0058378955582281,0.0,-0.4617173520760986,-0.8770526085907266,0.0,0.0073831364178545,0.0,-0.087214666526667,-0.1132136475168476,0.0,-0.070183123091464,0.0,0.0639885733595229,0.0,0.0,0.0054016908178551,0.0,0.1019376715400109
360,0.0071637162841868,0.0294577818542739,-0.585256189660029,0.0,0.0,-0.4264382157423064,0.3988141577538024,0.3402362117976423,0.0,0.0,0.0,0.0,0.0,0.0,0.01110577011266,0.0,-0.155114014889471,-0.2962983761687189,0.0,0.206010218878908,0.0,0.0,-0.0771467296115391,0.0,0.0704155208479421,-0.2063510122501265,0.0179697145075908,0.0128737292534254,0.0,0.5479800368374914,0.3722818752343939,0.0,-0.0580119981410225,0.0844415622056409,0.0,-0.5266825545975511,-0.903187357474014,-0.7870581204082241,-0.0753503299616637,0.026445072250844,0.5846046823240497,0.0,0.0,-0.0729263476688232,0.3473459891270828,0.0,0.2825697324450341,0.0,0.0,0.0,0.0,0.0,0.0,0.0,0.0,-0.7547273878811682,0.0,0.0,0.0,0.1349577422481125,0.0822878269475453,0.0,0.0,0.0248786581083412,0.0,0.0,-0.4219265222392516,0.0,-0.95578682313222,-0.2097210506982845,-0.0716584749355882,0.0,0.0,-0.4613483044688939,-0.8785648502284209,0.0,0.0,0.0,-0.0894201701465231,-0.1071028177637031,0.0,-0.07529533141246,0.0,0.0609600649110616,0.0,0.0,0.0058425602535419,0.0,0.1116395468060917
361,0.0093517676740927,0.0219049503466355,-0.5872491706753915,0.0,0.0,-0.4327290807317017,0.3781860523823623,0.3184191636665835,0.0,0.0,0.0,0.0,0.0,0.0,0.0112691133853657,0.0,-0.1795347470779247,-0.3087712868889116,0.0,0.203717409929436,0.0,0.0,-0.0710571088328324,0.0,0.079487065018336,-0.2191683768344735,0.0122128640521086,0.0215282249012608,0.0,0.539076228536799,0.353418528130153,0.0,-0.0503646079106216,0.1297322243012187,0.0,-0.5758500616390165,-0.9062819286123897,-0.7875371707680288,-0.0634004789045327,0.0447699195333254,0.6270970375591023,0.0,0.0,-0.0705834474688295,0.3295445760311784,0.0114263631460071,0.2820077170205788,0.0,0.0,0.0,0.0,0.0,0.0,0.0,0.0,-0.7363166453713782,0.0,0.0,0.0,0.0982629700614792,0.1151485479070657,0.0,0.0,0.0270345483659609,0.0,0.0,-0.4417184285884118,0.0,-0.9571819282875662,-0.2071137202604964,-0.0712065217759998,0.0,0.0,-0.4643083175437715,-0.8806992745157634,0.0,0.0,0.0,-0.0809257308276799,-0.0962571770520531,0.0,-0.0803958706090195,0.0,0.0602020865432134,0.0,0.0,0.0,0.0,0.1170797093052122
362,0.010688666436321,0.0162215746632816,-0.5868618021640747,0.0,0.0,-0.4374923424794442,0.3562722767559751,0.283294924001761,0.0,0.0,0.0,0.0,0.0,0.0,0.0148586688394811,0.0,-0.1974652417331833,-0.3152403043163655,0.0,0.2056347658021922,0.0,0.0,-0.0709665109662975,0.0,0.0877184116072995,-0.2389709388559835,0.0083227463950875,0.0062998744476105,0.0,0.514534766137794,0.3318778173167156,0.0,-0.0428056328580695,0.2070292094688481,0.0,-0.6186423256066856,-0.907752698867045,-0.7882267664665039,-0.0426696282106608,0.0407456811232491,0.6461785749195181,0.0,0.0,-0.0526133255328511,0.3037517042484766,0.0580977721567655,0.2674245608204371,0.0,0.0,0.0,0.0,0.0,0.0,0.0,0.0,-0.7119529142583415,0.0,0.0,0.0,0.084678992362303,0.1259553666754605,0.0,0.0,0.0279555625285339,0.0,0.0,-0.4592774048687806,0.0,-0.9579590277220432,-0.2150340785791827,-0.0719973528310676,0.0,0.0,-0.4650727687618827,-0.8835286032634402,0.0,0.0,0.0,-0.0745576548223912,-0.086914401863624,0.0,-0.0803331887097745,0.0,0.0637260386048423,0.0,0.0,0.0,0.0,0.1153123969873041
363,0.0161261339478365,0.0111936478229726,-0.5864519638972736,0.0,0.0,-0.4448377738911527,0.3597120641256491,0.2390951184603509,0.0,0.0,0.0,0.0,0.0,0.0,0.0184458218203111,0.0,-0.2047909174993711,-0.31233037581574,0.0,0.2059534948489727,0.0,0.0,-0.0751022563114707,0.0,0.0985311505307774,-0.2580793249743727,0.0,0.0,0.0,0.4913776489813719,0.3383252769748032,0.0,-0.0291354239946412,0.3002113764438016,0.0,-0.6542460283679709,-0.9071927606600688,-0.7883885783788585,-0.0260889351399041,0.0384068707322488,0.6262116073633196,0.0,0.0,0.0922457493052852,0.274756829201051,0.0585430282506906,0.2524009454139698,0.0,0.0,0.0,0.0,0.0,0.0,0.0,0.0,-0.6932099636041935,0.0,0.0,0.0,0.0810845032558753,0.1065938611227785,0.0,0.0,0.0306599365635293,0.0,0.0,-0.4658902129720341,0.0,-0.957380558332594,-0.2178982505778069,-0.0712597111588632,0.0,0.0,-0.4734421344590183,-0.886272948388692,0.0,0.0,0.0,-0.059614382866759,-0.0811714998885259,0.0,-0.0811661293054754,0.0,0.0618714723156101,0.0,0.0,0.0,0.0,0.0813861039773784
364,0.0177603798285599,0.0080814161859471,-0.577032305370526,0.0,0.0,-0.4505914279959589,0.3927160870101644,0.1925508386453414,0.0,0.0,0.0,0.0,0.0,0.0,0.0214594812989937,0.0,-0.21169656090601,-0.3017070633866342,-0.0078122681864222,0.2066831619886439,0.0,0.0,-0.0804042536806219,0.0,0.1016678788169446,-0.2836952431532986,0.0,0.0,0.0,0.4607803201904976,0.3425179052214981,0.0,-0.0153661570583332,0.3353136685796461,0.0,-0.679977638687727,-0.905238664775212,-0.7887093971444175,-0.0196078990489343,0.0353156845727403,0.6013988098536341,0.0,0.0,0.1147787398083396,0.2442202491095888,0.0604316197265714,0.2357825300958381,0.0,0.0,0.0,0.0,0.0,0.0,0.0,0.0,-0.67467701960939,0.0,0.0,0.0,0.1203731788100616,0.0912492430573696,0.0,0.0,0.0433438012661335,0.0,0.0,-0.4852398206645552,0.0,-0.9568241497868044,-0.223069432237193,-0.0729506790836518,0.0,0.0,-0.4820070162281376,-0.8876415554326962,0.0,0.0,0.0,-0.0486906430700942,-0.0765370248210254,0.0,-0.0755454350439446,0.0,0.0731047158731181,0.0,0.0,0.0,0.0,0.0585248514767482
365,0.017250303510726,0.0,-0.5673664111866827,0.0,0.0,-0.4603141000397398,0.4323831414524948,0.1467670499214711,0.0,0.0,0.0,0.0,0.0,0.0,0.0232361432287695,0.0,-0.2217228006965244,-0.289475334094795,-0.007248220357534,0.2094245593920468,0.0,0.0,-0.0848028915424106,0.0,0.0989701167735949,-0.3126058667501869,0.0,0.0,0.0,0.4190898940784266,0.3530362937886549,0.0,0.0,0.3895310852818947,0.0,-0.7000614371790865,-0.9018034135361152,-0.7888386136172,-0.0157586130305599,0.0332952134958458,0.559335754962789,0.0,0.0,0.1350859777838259,0.2183392251974167,0.1004911486597521,0.2199465121641254,0.0,0.0,0.0,0.0,0.0,0.0,0.0,0.0,-0.6639894243941796,0.0,0.0,0.0,0.0988436533052423,0.0808632506540101,0.0,0.0,0.0671377718251184,0.0,0.0,-0.4942710002828646,0.0,-0.9552136729356132,-0.2218684348655331,-0.0670899133544059,0.0054608873925204,0.0,-0.4897169876306848,-0.8885261723103977,0.0,0.0,0.0,-0.0441875500918089,-0.0618525225148307,0.0,-0.0545708701580209,0.0,0.0829423594592218,0.0,0.0,0.0,0.0,0.0459617346027416
366,0.0163346123835222,0.0,-0.5557493579485391,0.0,0.0,-0.470573967454164,0.4835322007033789,0.0992271352820285,0.0,0.0,0.0,0.0,0.0,0.0,0.0236274569667729,0.0,-0.223586167005606,-0.2855622800784587,-0.0081687865435021,0.2077963694613445,0.0,0.0,-0.0870057377975626,0.0,0.1123405858704847,-0.3419749770463659,0.0,0.0063926687861804,0.0,0.3779331388592389,0.3757095789995367,0.0,0.0,0.4718151584588497,0.0,-0.7128931967451396,-0.8968900955845864,-0.7890042050704744,-0.0107077187264796,0.0313627414496368,0.572295073094583,0.0,0.0,0.1534096742713066,0.2176980604694439,0.140568426536686,0.2037821401374795,0.0,0.0,0.0,0.0,0.0,0.0,0.0,0.0,-0.6612498590302227,0.0,0.0,0.0,0.0775172698957305,0.0780969893934641,0.0,0.0,0.0931157440160068,0.0,0.0,-0.5189661753466396,0.0,-0.9539784571128642,-0.2195311795717781,-0.0561841652663696,0.0096794158956138,0.0,-0.4962720450777751,-0.8886634722595077,0.0,0.0,0.0,-0.0419871071204035,-0.0566044361496083,0.0,-0.028095089076982,0.0,0.0867501356518487,0.0,0.0,0.0,0.0,0.0370771819273058
367,0.0149808714250696,0.0,-0.5470669380456359,0.0,0.0,-0.4819062984525158,0.5099172814603069,0.0676714492952638,0.0,0.0,0.0,0.0,0.0,0.0,0.0223841580976345,0.0,-0.2186042207532871,-0.273297771780301,0.0,0.2059620907576727,0.0,0.0,-0.0964194963473269,0.0,0.1080552255963609,-0.3697819235782149,0.0,0.0108571038554556,0.0,0.3266304875963523,0.3473397346327719,0.0,0.0,0.5661939033236587,0.0,-0.7153832051656407,-0.8918295575815538,-0.789570936734044,-0.008101227348629,0.0356219214131516,0.5751210361681164,0.0,0.0,0.1765394253408017,0.2205816815902329,0.1705507500474686,0.188283754569366,0.0,0.0,0.0,0.0,0.0,0.0,0.0,0.0,-0.6636045376720444,0.0,0.0,0.0,0.0546308356260517,0.0705547444500109,0.0,0.0,0.092889107602269,0.0,0.0,-0.541425320873728,0.0,-0.950183964618839,-0.2199787887380639,-0.0471476491875846,0.0158124651614925,0.0,-0.4927268788930526,-0.8889260288469725,0.0,0.0,0.0,-0.0555496033199546,-0.046953727046189,0.0,0.0315490814405759,0.0,0.0854977978457438,0.0,0.0,0.0,0.0,0.0304282151352429
368,0.0122867394556515,0.0068388806357661,-0.5408076792202267,0.0,0.0,-0.488896841318399,0.4733026885868535,0.0358189578166323,0.0,0.0,0.0,0.0,0.0,0.0,0.0197569746049602,0.0,-0.2170954084277654,-0.2638409352338271,0.0,0.2030294071922895,0.0,0.0,-0.1112559362889542,0.0,0.0948517991579142,-0.3961461816762596,0.0053247753529214,0.0213610549539093,0.0,0.2986152916626656,0.262082847321569,0.0,0.0,0.5529988615480227,0.0,-0.7100976088110197,-0.8858391958304939,-0.790161228113846,-0.0131452476523558,0.0429818527317878,0.5685076410979935,0.0,0.0,0.1755636057046485,0.2142371509930789,0.1551652916902491,0.1796042494109981,0.0,0.0,0.0,0.0,0.0,0.0,0.0054916807347293,0.0,-0.6693560442657358,0.0,0.0,0.0,0.0302384858437173,0.0597767396332396,0.0,0.0,0.0817100864984524,0.0,0.0,-0.5699054055797683,0.0,-0.9466864841017992,-0.2073174773045838,-0.0389910099342534,0.0184187753228683,0.0,-0.4897747508910121,-0.8885795785481672,0.0,0.0,0.0,-0.0676826302235257,-0.0274324373705647,0.0,0.037897861830011,0.0,0.0801401277780466,0.0,0.0,0.0,0.0,0.0252286034583548
369,0.0103335884308002,0.0096847828256511,-0.5345783525951213,0.0,0.0,-0.493740041369737,0.4307008409350967,0.0210496081205985,0.0,0.0,0.0,0.0,0.0,0.0,0.0162457891050621,0.0,-0.2134268833589453,-0.262749728538735,0.0,0.1937239257074682,0.0,0.0,-0.1129886406595134,0.0,0.0896564229570784,-0.4122066393094372,0.0142212074738929,0.0341348397996356,0.0,0.2616257390662089,0.1975029703815257,0.0,0.0,0.5277579529118943,0.0,-0.702128520050649,-0.8811888842134987,-0.790908795879495,-0.0147866527769759,0.0505294872141756,0.528632739121759,0.0,0.0,0.1666423700757125,0.2123149306563427,0.1365230515584705,0.180393478495919,0.0063258137892554,0.0,0.0,0.0,0.0,0.0,0.0066102919119286,0.0,-0.6805707203783145,0.0,0.0,0.0,0.023262807435079,0.0541577640739346,0.0,0.0,0.0593346928682834,0.0,0.0,-0.6030201299016187,0.0,-0.9435404315711642,-0.1967476700855713,-0.0324476002764947,0.0205457477414773,0.0,-0.4754256942622503,-0.8881253611232132,0.0,0.0,0.0,-0.0875562237950728,-0.0037987869654285,0.0,0.042219614544001,0.0,0.0718222026532817,0.0,0.0,0.0,0.0,0.0203521727405926
370,0.0082619373677981,0.0117064377195342,-0.5296693418708075,0.0,0.0,-0.4820407841472524,0.422586558096436,0.0213946410898442,0.0,0.0,0.0,0.0,0.0,0.0,0.0124447597977404,0.0,-0.2157254759291717,-0.2599839444970664,0.0,0.1825714479155093,0.0,0.0,-0.1116052153798988,0.0,0.0913119020263387,-0.4291490254928997,0.015206352120592,0.0187822404692827,0.0,0.214732110465439,0.2185280420846106,0.0,0.0,0.5855127252017372,0.0,-0.6921173543948644,-0.8780657902114237,-0.791258420634062,-0.0245097496893145,0.066186392251486,0.490832489674434,0.0,0.0,0.1669137540888828,0.2043379278814739,0.1185817279025626,0.1937194662631109,0.0143299763335369,0.0,0.0103905943021463,0.0,0.0,0.0,0.0074088985464141,0.0,-0.6925043704713014,0.0,0.0,0.0,0.0230729233489929,-0.0384035154519576,0.0,0.0,0.0458732232987487,0.0,0.0,-0.620140193704622,0.0,-0.94034419546901,-0.1775067341682689,0.0735872560406637,0.0217895215966926,0.0,-0.4603464226342446,-0.8866381839895547,0.0,0.0,0.0,-0.11000103047656,0.0,0.0,0.0441718983889874,0.0,0.0732870294747028,0.0,0.0,0.0,0.0,0.0143766290048097
371,0.0063416661338008,0.0133776379244966,-0.5291872254926011,0.0085830502664608,0.0,-0.4740581439756761,0.4079210698816848,0.0254011578048066,0.0,0.0,0.0,0.0,0.0,0.0,0.0090821586826151,0.0,-0.2190856300978948,-0.2669381741205349,0.0,0.1603174810348098,0.0,0.0,-0.1017904489368226,0.0,0.1013212887192851,-0.4542563203097771,0.0129824486208326,0.0140568119344862,0.0,0.193853222857719,0.2438283806888677,0.0,0.0,0.6362673353152593,0.0,-0.6777258120376315,-0.8749499388535411,-0.7917360716535697,-0.0345129890971669,0.050065430127775,0.441141176716669,0.0,0.0,-0.0613921029807911,0.1983392774459219,0.105701389452281,0.2232481797128376,0.0136870507221828,0.0,0.0223092520546517,0.0,0.0,0.0,0.0077324131800133,0.0,-0.7063144171304129,0.0,0.0,0.0,0.0217240519939591,-0.0406300797019072,0.0,0.0,0.0333636897616154,0.0,0.0,-0.6411650140221564,0.0,-0.9380855926883532,-0.1677260459122817,-0.0349751570242121,0.0218519339031759,0.0,-0.4447527837084656,-0.885263885247658,0.0,0.0,0.0,-0.1315107759167273,0.0,0.0,0.0437417932282206,0.0,0.1029358639253657,0.0,0.0,0.0,0.0,0.0098469132264299
372,0.0,0.0144959944383106,-0.5283515056671316,0.0154226355650477,0.0,-0.4603274919744428,0.3891922890995475,0.0331551713807181,0.0,0.0,0.0,0.0,0.0,0.0,0.0062533854612344,0.0,-0.2382212107535196,-0.2950824817649842,0.0,0.1414387723168262,0.0,0.0,-0.0978168045128002,0.0,0.1152305213608141,-0.4758779393103596,0.0101944794735184,0.0069141723535672,0.0,0.1696207031160401,0.2649750499018214,0.0,0.0,0.6212863569110553,0.0,-0.6608926479513844,-0.87340912491752,-0.7923355770982661,-0.0410069866782701,0.0302938141020708,0.395879299749639,0.0,0.0,-0.0700292026738144,0.192932582824744,0.0934155927064076,0.2522922933995946,0.0081237701883153,0.0,0.0323582046223725,0.0,-0.0153554237063024,0.0,0.0075147766001321,0.0,-0.72711460447141,0.0,0.0,0.0,0.0199653581694503,-0.0301372222617326,0.0,0.0,0.0228787474956719,0.0,0.0,-0.6553920680657643,0.0,-0.9367309910922912,-0.15891248773258,-0.0418704232039523,0.0202368456226032,0.0,-0.4166160918567367,-0.8838376997615272,0.0,0.0,0.0,-0.1440879286369928,0.0,0.0,0.0412862503019407,0.0,0.1354978920993444,0.0,0.0,0.0,0.0,0.0067603123370657
373,0.0202711383900836,0.0149372216552898,-0.5358909666472765,0.0207823693131425,0.0,-0.4487501113694665,0.354555013948917,0.0411680961158256,0.0,0.0,0.0,0.0,0.0,0.0,0.0085836003212773,0.0,-0.2495242589736276,-0.3134728066673174,0.0,0.1342513083010058,0.0,0.0,-0.0818059552241778,0.0,0.1380533942035133,-0.4996659938459239,0.0081295765984308,0.0056707694425073,0.0,0.1549394053166268,0.2801750594361825,0.0,0.0,0.5138329620402345,0.0,-0.6433859325207797,-0.8731149771999624,-0.7926554048791873,-0.0455485803193395,0.0190986242292962,0.3816064211006397,0.0,0.0,-0.0804388412388827,0.1900650098130995,0.0791495169836623,0.2623726629158595,0.0,0.0,0.0251457451716839,0.0,-0.0458248212196944,0.0,0.0068009316855516,0.0,-0.7450464448563177,0.0,0.0,0.0,0.0194734570554392,0.0406809460849114,0.0,0.0,0.0158746604363856,0.0,0.0,-0.6641317286165006,0.0,-0.9367412182564858,-0.1529470180877391,-0.054803813568637,0.018749229400136,0.0,-0.3936518725741834,-0.8823619890531638,0.0,0.0,0.0,-0.1472428058484029,0.0,0.0,0.0371103714222411,0.0,0.136997365617224,0.0,0.0,0.0,0.0,0.0
374,0.0181764250241981,0.0146713442740089,-0.5458971734073723,0.0190326370566483,0.0,-0.4288863462669677,0.3122796452369639,0.0675491652725164,0.0,0.0,0.0,0.0,0.0,0.0,0.0065286892163297,0.0,-0.2526865691727388,-0.3223480761612275,0.0,0.1220219565171764,0.0,0.0,-0.0735504773739581,0.0,0.1633030614470457,-0.5115177046872696,0.0100518736549605,0.0052643298510414,0.0,0.1528863308170462,0.2928549245421492,0.0,0.0,0.4178513920813747,0.0,-0.6285540403142137,-0.8739741094897102,-0.7930706876216336,-0.0596794224951504,0.0144601220065029,0.3563579452231504,0.0,0.0,-0.0906795280150533,0.1931444897800522,0.0657612268003705,0.2600643924148893,0.0,0.0,0.0185074293477876,0.0,-0.0707396713460249,0.0,0.0057317103567703,0.0,-0.7592014346227165,0.0079364322163793,0.0,0.0,0.0196645112949674,0.0351933814255991,0.0,0.0,0.0165808958067072,0.0,0.0,-0.6752133262112415,0.0,-0.9373331351141968,-0.1475181964735559,-0.082607761491055,0.0159281440996727,0.0,-0.3753617030295019,-0.8807997573534778,0.0,0.0,0.0,-0.1506011463785925,0.015498024870566,0.0,0.0319632071700129,0.0,0.0922466960844984,0.0,0.0,0.0,0.0,0.0
375,0.014001280253865,0.0140221679181682,-0.5543853304195971,0.0174948319679179,0.0,-0.4113668037030387,0.264754983721491,0.0979926503172537,0.0,0.0,0.0,0.0,0.0,0.0,0.0109529281833347,0.0,-0.2674928377450946,-0.3308585601899492,0.0,0.1351370001905225,0.0,0.0,-0.0669494795912625,0.0,0.1956644498696637,-0.5249052220680834,0.0214431524199291,0.0,0.0,0.165980602637316,0.3189849642389722,0.0,0.0,0.348667781410913,0.0,-0.6161146961265561,-0.8755579493481127,-0.7930396218008343,-0.0701016522480917,0.0144154609910547,0.3299470214904141,0.0,0.0,-0.0986433936133872,0.1980697864359725,0.0507419830281998,0.2553199774001413,0.0,0.0,0.0134336958480402,0.0,-0.0805388075058764,0.0,0.0,0.0,-0.7707349783989188,0.0089817534906298,0.0,0.0,0.0200415855585225,0.029030427268151,0.0,0.0,0.0129213889161302,0.0,0.0,-0.6645734624672938,0.0,-0.938000245480449,-0.1417487551003141,-0.109563525144061,0.012740085192301,0.0,-0.3596091942347029,-0.8805071626776102,0.0,0.0,0.0,-0.1449254402183422,0.0160640894619608,0.0,0.026482602895286,0.0,0.0447698797033801,0.0,0.0,0.0,0.0,0.0
376,0.0087645162681453,0.0129456644050817,-0.5699342032828821,0.0122999246440065,0.0,-0.3999954670537953,0.2331242665564263,0.1434259472025487,0.0,0.0,0.0,0.0,0.0,0.0,0.0205927547971619,0.0,-0.2715471869598647,-0.3349089797377888,0.0,0.1441245553176424,0.0,0.0,-0.0692218476656425,0.0,0.1961185101845109,-0.5374769547643715,0.0118275804728242,0.0139652230577716,0.0,0.1834438567802413,0.3131962451871776,0.0,0.0,0.2835181448674158,0.0,-0.606648110709126,-0.8783884660416854,-0.7926835582524491,-0.0653397799743034,0.0156360562420856,0.300485059988024,0.0,0.0,-0.1029130142368273,0.2100138838775961,0.0378042440570666,0.2725003507939323,0.0,0.0,0.0095428652693366,0.0,-0.0995997835577587,0.0,0.0,0.0,-0.7783911215797578,0.0087209948006133,0.0,0.0,0.0217595294785392,0.0228769781618243,0.0,0.0,0.006500884144705,0.0,0.0,-0.6554082491901745,0.0,-0.9380551089265988,-0.1458942652658343,-0.1293724621637175,0.0095930500629958,0.0,-0.3484423139006859,-0.8790859928911803,0.0,0.0,0.0,-0.134103789781197,0.015498024870566,0.0,0.0213847573076383,0.0,0.0089180560528674,0.0,0.0,0.0,0.0,0.0
377,0.0187370126330595,0.0113761794404228,-0.5763552440653946,0.0098462029098991,0.0,-0.3961285912931558,0.2006836675726187,0.1893102580047513,0.0,0.0,0.0,0.0,0.0,0.0,0.0294056662074598,0.0,-0.2802202079688951,-0.3313360995297555,0.0,0.1381095831678424,0.0,0.0,-0.0777997282857126,0.0,0.1899241046156149,-0.550337217293319,0.0,0.0256273293785114,0.0,0.2191996583807275,0.2826848417895679,0.0,0.0,0.3277813363358818,0.0,-0.6029304947697364,-0.8819710766300921,-0.7924326098953351,-0.0658319681888601,0.0226292301986664,0.278597591795577,0.0,0.0,-0.1071529803763394,0.2179386950581825,0.0276697833348772,0.2797156684798129,0.0,0.0,0.0062928146348264,0.0,-0.1016259907975427,0.0,0.0,0.0,-0.7895037144545394,0.0078486090404618,0.0,0.0,0.0290670548535288,0.0155389384307481,0.0,0.0,0.0,0.0,0.0,-0.6436137219252099,0.0,-0.9380695850899254,-0.1418842670174901,-0.1433437089529154,0.0063379887260655,0.0,-0.3417373791185649,-0.8775292289114165,0.0,0.0,0.0,-0.1163984690237516,0.0139167258404875,0.0,0.0159472141584307,0.0,0.0,0.0,0.0,0.0,0.0,0.0
378,0.0286701662463818,0.0094883466140389,-0.5865971113101871,0.0140821961522205,0.0,-0.405749496902115,0.1771196650335388,0.1928899881810027,0.0,0.0,0.0,0.0,0.0,0.0,0.0329929770648053,0.0,-0.2804786327370196,-0.3270946649348811,0.0,-0.0612285113917186,0.0,0.0,-0.0899481674921652,0.0,0.1827651031068472,-0.5709099702466549,0.0,0.0090267960006041,0.0,0.2710523582385726,0.2589579425987653,0.0,0.0,0.3451744541325852,0.0,-0.577670915938241,-0.8856624539774076,-0.7920346667965911,-0.0615471360250235,0.034280722309795,0.26398269042141,0.0,0.0,-0.1141963656653113,0.2082161539032868,0.0198955678161929,0.2742932160816614,0.0,0.0,0.0,0.0,-0.083664175885059,0.0,0.0,0.0,-0.7931458228472792,0.0074401635425872,0.0,0.0,0.0404159562762553,0.0112581554326186,0.0,0.0,0.0,0.0,0.0,-0.6268427675182895,0.0,-0.9382733664063848,-0.1355183398458095,-0.1551192694040195,0.0,0.0,-0.3346759182399242,-0.877664279977727,0.0,0.0,0.0,-0.0983632996508652,0.0116315681280335,0.0,0.0158983407127005,0.0,0.0,0.0,0.0,0.0,0.0,0.0
379,0.0412458828272538,0.0070656253995268,-0.601928803632294,0.0143172594900897,0.0,-0.4157741899379628,0.1574866884857352,0.201302792504485,0.0,0.0,0.0,0.0,0.0,0.0,0.024295062861783,0.0,-0.2790914743946144,-0.3141879711662249,0.0,-0.083658190340629,0.0,0.0,-0.1158484555735269,0.0,0.1623697510228036,-0.5783792202035107,0.0,0.0,0.0,0.3365997716385413,0.2380220104204017,0.0,0.0,0.3351618263210475,-0.0197410851879694,-0.5532623342270478,-0.8896387896981492,-0.7916248958705211,-0.0448174581958033,0.0480706438446313,0.2946695543686399,0.0,0.0,-0.1114004611366422,0.1979559928358948,0.0126182429210732,0.180609383322629,0.0,0.0,0.0,0.0,-0.0749462054887996,0.0,0.0,0.0,-0.7991427684434211,0.0078788838811373,0.0,0.0,0.0502747399862255,0.0055106824392425,0.0,0.0,0.0,0.0,0.0,-0.6074476007221304,0.0,-0.9368243961239622,-0.1250387660532508,-0.1563635265484191,0.0,0.0,-0.3224498010794855,-0.8772331076898041,0.0,0.0,0.0,-0.0762003932502127,-0.0092357829377458,0.0,0.0161498299721711,0.0,0.0,0.0,0.0,0.0,0.0,0.0
380,0.0556241256548097,0.0,-0.6123848887316349,0.0156901756126656,0.0,-0.4336669490429261,0.1521904961516814,0.2130394618881537,0.0,0.0,0.0,0.0,0.0,0.0,0.0173120991120574,0.0,-0.2698714932244791,-0.3041215790309685,0.0,-0.0990168646098264,0.0,0.0053766943291209,-0.1387559583719188,0.0,0.1390559037226389,-0.5779978696659868,0.0,0.0,0.0,0.3989383407555736,0.2070193010054538,0.0,0.0,0.326423322930345,-0.0227265267424719,-0.5217868879298501,-0.8945058585914949,-0.7915587053152561,-0.0307503145499535,0.0659118073301082,0.3254848636671264,0.0,0.0,-0.1113095504155382,0.1886259800983111,0.0066351880679411,0.1137047883207347,0.0,0.0,0.0,0.0,-0.0411777939978094,0.0,0.0,0.0,-0.8021287421648532,0.0082018704130916,0.0,0.0,0.0589723099612843,0.0,0.0,0.0,0.0,0.0,0.0,-0.5937654462018953,0.0,-0.9354258688550964,-0.1160290697438923,-0.1475716266091343,0.0,0.0,-0.317875640147938,-0.8779086822751596,0.0,0.0,0.0,-0.0650278456819541,-0.0508718316106263,0.0,0.0188735291145295,0.0,0.0,0.0,0.0,0.0,0.0055042402534733,0.0
381,0.0684426489453885,-0.007491930582745,-0.6249731954068648,0.019002331160289,0.0,-0.4549678197325121,0.1588229983960702,0.2191903520060041,0.0,0.0,0.0,0.0,0.0,0.0,0.0124961077748571,0.0,-0.2589022975041524,-0.2832761213900163,0.0,-0.1119544830289042,0.0,0.0,-0.1647244667142166,0.0,0.153071114761863,-0.5671691143360585,0.0,0.0,0.0,0.4302691567225566,0.2429447794437128,0.0,0.0,0.3194328890382689,-0.0313269496143733,-0.4807642160648742,-0.8994724818804425,-0.7916476279892848,0.0352484455150672,0.0817234509227104,0.3493512211724693,0.0,0.0,-0.1083052043638307,0.1629944418430735,0.0,0.0626292755138296,0.0,0.0,0.00640755483583,0.0,-0.0160782650878462,0.0,0.0,0.0,-0.8065342993023747,0.0095648367528944,0.0,0.0,0.065587142139053,0.0,0.0,0.0,0.0,0.0,0.0,-0.5674917765282232,0.0,-0.9336062310469008,-0.1014131471523806,-0.1322989732322491,0.0,0.0,-0.3147972563169909,-0.8799165093277965,0.0,0.0,0.0,-0.0581198373194621,-0.0794101001262236,0.0,0.0233405604942331,0.0,0.0,0.0,0.0,0.0,0.0230555273244434,0.0
382,0.0570772249148465,-0.0445845036890533,-0.63224890884462,0.0237228275465148,0.0,-0.4704881043174133,0.1794565381556737,0.2264085936947314,0.0,0.0,0.0,0.0,0.0,0.0,0.0092510289431239,0.0,-0.252999990677335,-0.2668478411673568,0.0,-0.1266525885035628,0.0,0.0,-0.1826653097697798,0.0,0.1508784898435674,-0.5511055458241749,0.0,0.0,0.0,0.4460663306961304,0.2668713690950016,0.0,0.0,0.2816661047754964,-0.029823800065632,-0.4350986370291464,-0.9042910889678611,-0.7919024522844162,0.0263748105898814,0.072809576651489,0.3609684595619628,0.0,0.0,-0.1042050704538043,0.1403620489765157,0.0,0.0509188706998485,0.0,0.0,0.0379279202326434,0.0,0.0,0.0,0.0,0.0,-0.8130150701915446,0.0122018258154621,0.0,0.0,0.0687108062247403,0.0,0.0,0.0,0.0,0.0,0.0,-0.5412834340502285,0.0,-0.931120486421776,-0.0826177568981585,-0.1015508890597559,0.0,0.0,-0.3078302256073705,-0.881912323125241,0.0,0.0,0.0,-0.0592578550957606,-0.0986050199688992,0.0,0.0258715202079703,0.0,0.0,0.0,0.0,0.0,0.0297336601991317,0.0
383,0.0441643962775963,-0.081141218561917,-0.6325116286096869,0.0296670989566261,0.0,-0.4860949457280411,0.2088908912680401,0.2251652500480754,0.0,0.0,0.0,0.0,0.0,0.0,0.007274794272956,0.0,-0.2360392347510888,-0.2611102041517758,0.0,-0.1391331603780152,0.0,0.0,-0.1995464296201776,0.0,0.1228769635875163,-0.5410452638218655,0.0,0.010775901991034,0.0,0.4603756736266267,0.247346126286935,0.0,0.0,0.2475424771592309,-0.0100240177238404,-0.3812687151767432,-0.9094125049596204,-0.7923663743943063,0.0264384283758653,0.0536877186816677,0.3612664250530225,0.0,0.0,-0.1035096841448881,0.1269554031259526,0.0,0.0580933939858116,0.0,0.0086736304386119,0.0398709716922748,0.0,0.0,0.0,0.0,0.0,-0.8195581501555771,0.0149537371902803,0.0,0.0,0.0680508889400867,0.0,0.0,0.0,0.0,0.0,0.0,-0.5169500023728548,0.0,-0.9280613723244318,-0.0685591796457205,-0.0740459489651547,0.0,0.0,-0.2970865887415052,-0.8833752098686376,0.0,0.0063376467297517,0.0,-0.0743747588078005,-0.1165922393582847,0.0,0.0205116060890984,0.0,0.0,0.0,0.0,0.0,0.0353037613670403,0.0
384,0.0300245562718996,-0.0860611138306742,-0.6302666073862649,0.0355058898908238,0.0,-0.4931593637769493,0.2506638158778805,0.2242585405289913,0.0,0.0,0.0,0.0,0.0,0.0,0.0131708686211663,0.0,-0.2276630277600844,-0.2618342386160548,0.0,-0.1531134416403338,0.0,0.0,-0.2076585162460762,0.0,0.1000305245457686,-0.535921973670755,0.0,0.0163899141418987,0.0,0.4851020992608766,0.2311792117842905,0.0,0.0,0.2438035127358404,0.0,-0.3286066272171735,-0.9132194683822354,-0.7928534155500258,0.028406872652466,0.0364557836116616,0.3489493194055716,0.0,0.0,-0.0989597054332458,0.112269382951336,0.0,0.0638328373076204,0.0,0.0058578477287214,0.0379612360439766,0.0,0.0,0.0,0.0,0.0,-0.8262304517133724,0.0189248960797584,0.0,0.0,0.0616385895597366,0.0,0.0,0.0,0.0,0.0,0.0,-0.5011360578977698,0.0,-0.9251585510720136,-0.0598679507090414,-0.0510934074256834,0.0,0.0,-0.2938350220546942,-0.8845755142395708,0.0,0.0085929650454615,0.0,-0.0915012188296443,-0.1125166485466458,0.0,0.0168050348819887,0.0,0.0,0.0,0.0,0.0,0.0369472104719627,0.0
385,0.0233278443123281,-0.0963014477995773,-0.6198783559671425,0.0419347629665089,0.0,-0.4975450708059411,0.2954112742786293,0.2249230202419363,0.0,0.0,0.0,0.0,0.0,0.0,0.0237636826529872,0.0,-0.217521750695335,-0.2742329301471163,0.0,-0.1606577825239659,0.0,0.0,-0.2089564585259117,0.0,0.0749564639500191,-0.5146485665722573,0.0,0.0233605518817366,0.0,0.470993982179503,0.2137545877783833,0.0,0.0,0.2476186574502278,0.0,-0.2864559276975537,-0.9167193972673746,-0.7937173071043082,0.0316139301051201,0.0210038021609361,0.3215344703854854,0.0,0.0,-0.0987497316754461,0.10784892495796,0.0,0.0712784421616526,0.0,0.0,0.0459473124101903,0.0,0.0,0.0,0.0,0.0,-0.8337898343348141,0.0239477105843228,0.0,0.0,0.0448071403581253,0.0,0.0,0.0,0.0,0.0,0.0,-0.491273518372971,0.0,-0.9238916492196112,-0.0560759693745374,-0.0283627801069278,0.0,0.0,-0.2890095255351316,-0.8844664248649967,0.0,0.0095693475256247,0.0,-0.1146323582812571,-0.0993445523808926,0.0,0.0182963574413081,0.0,0.0,0.0,0.0,0.0,0.0336750804805752,0.0
386,0.0174588381095287,-0.0824110414562424,-0.6072315054346695,0.0446860329086191,0.0,-0.4838748208972007,0.3270255095075207,0.2218406656118607,0.0,0.0,0.0,0.0,0.0,0.0,0.028670967398399,0.0,-0.2023100857673004,-0.2834567818750462,0.0,-0.1714620591007365,0.0,0.0,-0.2112351410917816,0.0,0.0579543939430121,-0.4975882415426282,0.0,0.0320449578820969,0.0,0.4380893026500533,0.2380979922371432,0.0,0.0,0.2600339064487633,0.0,-0.2580652002345658,-0.919897888953026,-0.7938699749982056,0.032920170212717,0.0123446035791034,0.2882772851099516,0.0,0.0,-0.0996240632518311,0.1035031179510273,0.0,0.0536943549648942,0.0,0.0,0.0537163892560461,0.0,0.0,0.0,0.0,0.0,-0.83886965268008,0.0276526627702722,0.0,0.0,0.0303412836365938,0.0,0.0,0.0,0.0,0.0,0.0,-0.4789431628997582,0.0,-0.9226887585091564,-0.0513735981855709,0.0403980264834967,0.0,0.0,-0.2784923966727201,-0.8841150690725561,0.0,0.0099188674704079,0.0,-0.1413098309999504,-0.0778724742760569,0.0,0.0174790380771686,0.0,0.0,0.0,0.0,0.0,0.0293349688044313,0.0
387,0.0123268573692004,-0.068294775893837,-0.5933113197886057,0.0408394406524237,0.0,-0.463554642986797,0.3619868876301164,0.2177110422315688,0.0110746437960247,0.0,0.0,0.0,0.0,0.0,0.0234298535615011,0.0,-0.1893586807577178,-0.2933809683977701,0.0,-0.1924029227235443,0.0,0.0,-0.2000381103294956,0.0,0.0544166270103626,-0.4749061755774483,0.0,0.0403118696852449,0.0,0.3983390991507153,0.3285996757253773,0.0,0.0,0.3011540127569631,0.0,-0.2487914244843817,-0.9212399668618944,-0.7936860958628097,0.0325365481144604,0.0,0.2549748420682353,0.0,0.0,-0.1053882595469048,0.1017562360567431,0.0,0.0487195873764713,0.0,0.0,0.0621292846906731,0.0091314898464489,0.0,0.0,0.0,0.0,-0.8431431994576364,0.0301667152832854,0.0,0.0,0.018568606709149,0.0,0.0,0.0,0.0,0.0,0.0,-0.4701976629960898,0.0,-0.9219273653527408,-0.0513723412245251,0.0518366987751593,0.0,0.0,-0.2813289430401338,-0.8836217955545611,0.0,0.0095693475256247,0.0,-0.1665847733183893,-0.0549892424827542,0.0,0.0257052062096801,0.0,0.0,0.0,0.0,0.0,0.0244385732916171,0.0
388,0.0069507561403346,-0.0568913660683812,-0.5744556853665839,0.0368064752488454,0.0,-0.4357695448982805,0.393305240630939,0.2213553133736966,0.0138421556498576,0.0,0.0,0.0,0.0,0.0,0.0153131587665392,0.0,-0.1782752694877504,-0.3062013438833696,0.0,-0.2161002305715424,0.0,0.0,-0.2035161321336899,0.0,0.0686686167841468,-0.4662587563409928,0.0,0.0474969266616454,0.0,0.3644619013766633,0.4149919664626936,0.0,0.0,0.3519884090499354,0.0,-0.2605636205788755,-0.9217163981125568,-0.7932880249328395,0.03029281793426,0.0,0.249947140952216,0.0,0.0,-0.1137551493084517,0.0988574666275187,0.0,0.0757013811890238,0.0,0.0,0.0635935691159458,0.0129362420645472,0.0,0.0,0.0,0.0,-0.8478755613607503,0.0298217223326973,0.0,0.0,0.0,0.0,0.0,0.0,0.0,0.0,0.0,-0.4653518150278801,0.0,-0.9214584047246492,-0.0617304055902456,0.0252173936757528,0.0,0.0,-0.2744028613031003,-0.881889457151094,0.0,0.0085929650454615,0.0,-0.1854778016731256,-0.0272235917866993,0.0,0.0447289392567423,0.0,0.0094883411738366,0.0,0.0,0.0,0.0192875536402287,0.0
389,0.0,-0.0420749765331791,-0.5585006069307842,0.0342103998985905,0.0,-0.4077909212707981,0.4235322349567614,0.2304132267281615,0.0104811066213077,0.0,0.0,0.0,0.0,0.0,0.0132545888150257,0.0,-0.1783003950704703,-0.3262442647661387,0.0,-0.2510326358423206,0.0,0.0,-0.1941979765033879,0.0,0.0938273628557588,-0.4656361619077306,0.0,0.0526205180685002,0.0,0.3864044548315293,0.4625195902921317,0.0,0.0,0.4044720424218316,0.0,-0.289411969001477,-0.9212473736887246,-0.7914956345374917,0.0265827089465835,0.0,0.2456132822278368,0.0,0.0,-0.1307158665054482,0.0959368174687664,0.0,0.1317560313347316,0.0064132048986951,0.0,0.0697085863476571,0.0198071191544765,0.0,0.0,0.0,0.0,-0.8505840866361551,0.0243550176284814,0.0,0.0,0.0,0.0,0.0,0.0,0.0,0.0,0.0,-0.4565611028503548,0.0,-0.922543648505386,-0.0745107999886433,-0.0075045313536837,0.0,0.0,-0.272769223631114,-0.8784119669129877,0.0,0.0071819808404442,0.0,-0.1959821366973689,-0.0078202520094021,0.0,0.0366613379319501,0.0,0.0200829348551219,0.0,0.0,0.0,0.0142060588004133,0.0
390,0.0,-0.0182076669705264,-0.5490901738522646,0.0308909022788926,0.0,-0.3909791170610751,0.4123808819559094,0.2423464170434847,0.0065248958217834,0.0,0.0,0.0,0.0,0.0,0.0176721829724683,0.0,-0.1714715125132697,-0.3367162498272827,0.0,-0.2848312750395497,0.0,0.0,-0.1883192792227245,0.0,0.0927718434980535,-0.4628053485950026,0.0,0.0544769601724847,0.0,0.4159523979701004,0.4661599321337282,0.0,0.0,0.4577895143561581,0.0,-0.3321391179994447,-0.920585439060857,-0.7896360480948232,0.0219937694406565,0.0,0.2422279006273693,0.0,0.0,-0.1518563438326462,0.0919011812711526,0.0,0.1423611986706446,0.0074705747768845,0.0,0.0534633003705774,0.0425129607025788,-0.0081535255259296,0.0,0.0,0.0,-0.8524945022176018,0.0194166092045595,0.0,0.0,0.0194738679649238,0.0,0.0,0.0,0.0,0.0235935384525496,0.0235935384525496,-0.4574637142168637,0.0,-0.923282605194867,-0.0912862935968651,-0.010669998674745,0.0,0.0,-0.2754918610627055,-0.8732183666036208,0.0,0.0055870932264433,0.0,-0.1893485339172093,0.0066966388723535,0.0,-0.0302613494089418,0.0,0.0649470773921017,0.0,0.0,0.0,0.0093688103641546,0.0
391,0.0,-0.0071983215203953,-0.5439531409453521,0.0271035297087982,0.0,-0.372557294791366,0.3128795580701561,0.2543312335016037,0.0,0.0,0.0,0.0,0.0,0.0,0.0222496274501307,0.0,-0.1728138219161893,-0.3480592625866228,0.0,-0.3193123087681759,0.0,0.0,-0.1883862353886417,0.0,0.0875276880403028,-0.4672885074207829,0.0,0.0528675897679811,0.0,0.4403718235316329,0.4910420394642976,0.0,0.0,0.4607557165589732,0.0,-0.3837329277475529,-0.9182429487504558,-0.7872178999569748,0.0171591628072576,0.0,0.2458870621805645,0.0,0.0,-0.1694346686307901,0.0845439551790669,0.0,0.1486656004431636,0.0082311115982302,0.0,0.018118080061995,0.0658544131513599,-0.0344969152214385,0.0,0.0,0.0,-0.8527130324074541,0.0137988078284765,0.0,0.0,0.0382510086239737,0.0,0.0,0.0,0.0,0.0381042438739785,0.0381042438739785,-0.4423260324251683,0.0,-0.9240534086461692,-0.1102160455210741,-0.0271033921105501,0.0,0.0,-0.2797612823487299,-0.869830876560457,0.0,0.0,0.0,-0.1814205764024735,0.0072744078928873,0.0,-0.0418747383637057,0.0,0.082499122689824,0.0,0.0,0.0,0.0099709915299304,0.0063354599932852
392,0.0,0.0192108913041651,-0.5470014911119835,0.020994649939719,0.0,-0.3587799829282285,0.2748312591469407,0.2647565305565481,0.0,0.0,0.0,0.0,0.0,0.0,0.0263144499070152,0.0,-0.1688202009550044,-0.355200912133342,0.0,-0.3536905325792522,0.0,0.0,-0.1875977796125066,0.0,0.0792427153874318,-0.4776944904724866,0.0,0.048129435084738,0.0,0.420303135511714,0.5487260336464287,0.0,0.0,0.4530722674977099,0.0,-0.4275397943498955,-0.9144617304560828,-0.7845350265645801,0.0125443966900695,0.0,0.2540360150294714,0.0,0.0,-0.1925376065649146,0.0799389798700357,0.0,0.1668585393027764,0.0089695278979241,0.0,0.0146360943360266,0.0895139734642433,-0.0585637837856443,0.0,0.0,0.0,-0.853749091698587,0.0076773684677152,0.0,0.0,0.0591894014114863,0.0,0.0,0.0,0.0,0.0563490835267189,0.0563490835267189,-0.4277273463037953,0.0,-0.9234925807629444,-0.1394978415191185,-0.047125191073707,0.0,0.0,-0.286037872262353,-0.8671219634585827,0.0,0.0,0.0,-0.1581579643560164,0.0073756497768619,0.0,-0.0533251013466507,0.0,0.0998731882325505,0.0,0.0,0.0,0.0096344371585128,0.0092649601850306
393,0.0,0.0274427666959719,-0.5556325625091451,0.015954200375711,0.0,-0.3514121785734938,0.2258125444909284,0.2758593160877398,0.0,-0.0351246478501865,0.0,0.0,0.0,0.0,0.0242618183158968,0.0,-0.172972966748427,-0.3601662567360698,0.0,-0.3720864127026109,0.0,0.0,-0.1887849209325749,0.0,0.0640073837288991,-0.4885150896519427,0.0,0.0339975740025921,0.0,0.3837545364350113,0.5477684521003185,0.0,0.0,0.4453477740490565,0.0,-0.4739145899044371,-0.9103880453132458,-0.7820570382463163,0.0070187766612853,0.0,0.2679541526391251,0.0,0.0,-0.2148629320091968,0.0748777511268559,0.0,0.1857610817411202,0.0106263716340683,0.0,0.046795295246646,0.0816834338313501,-0.0779023694597992,0.0,0.0,0.0,-0.8534864830195521,0.006096090211685,0.0,0.0,0.0626269434126051,0.0,0.0,0.0,0.0,0.041819598657891,0.041819598657891,-0.4148318432150213,0.0,-0.9229877069874468,-0.1657991437747448,-0.0594696573528375,0.0,0.0,-0.2952123568868546,-0.8647210556153233,0.0,0.0,0.0,-0.1328267020315789,0.0069782959130208,0.0,-0.0571332947478644,0.0,0.1188129368164047,0.0,0.0,0.0,0.0078909807684309,0.0170951856891408
394,0.0,0.0365541509140625,-0.5691981709322855,0.0155737230801779,0.0,-0.3408333931545748,0.1850685630872528,0.2814374122686962,0.0,-0.0602556803579112,0.0,0.0,0.0,0.0,0.0167346038492095,0.0,-0.1717973863110337,-0.3497145755574957,0.0,-0.3817527294900752,0.0,0.0,-0.1850656769899305,0.0,0.0495514212841313,-0.4972751991308607,0.0,0.0175189331401436,0.0,0.3614555310680447,0.4770208267085487,0.0,-0.0087788957915076,0.420646045475451,0.0,-0.4951739161426221,-0.9061346770153572,-0.7801109411319508,0.0,0.0,0.2868036887017343,0.0,0.0,-0.2416848617696093,0.0681731248816348,0.0,0.1961092317457225,0.01139061806871,0.0,0.0998194681767037,0.0815105779996351,-0.0812241014810582,0.0,0.0,0.0,-0.8539076638558725,0.0,0.0,0.0,0.0466178414253629,0.0,0.0,0.0,0.0,0.0319706450783462,0.0319706450783462,-0.3917871547778421,0.0,-0.92239374514817,-0.1894653052559237,-0.0744742767479915,0.0,0.0,-0.3041147112239036,-0.8635496259711206,0.0,0.0,0.0,-0.1052427329415706,0.0074426099933688,0.0,-0.0659468175687616,0.0,0.1307058230219416,0.0,0.0,0.0,0.0,0.026460989603184
395,0.0,0.0454046749871992,-0.5860553333012265,0.0112078298894772,0.0,-0.3424269708440383,0.1482894281038871,0.2797193884523931,0.0,-0.0729024413516914,0.0,0.0,0.0,0.0,0.0194083102745567,0.0,-0.1743620945544639,-0.3399070772004014,0.0,-0.3854117723026996,0.0,0.0,-0.193015502463824,0.0,0.0371450951183079,-0.5044523746438165,0.0,0.0092950380570442,0.0,0.3700842993930035,0.4680862324692831,0.0,-0.0123201065567935,0.3546953425568396,0.0,-0.5009195707858783,-0.9005925901509131,-0.7788408070021199,0.0,0.0,0.3072175171021196,0.0,0.0,-0.2645984388231309,0.0617438816622575,0.0,0.1843096030121067,0.0129875228821103,0.0,0.1047234985510093,0.0807266404167682,-0.0956211769953552,0.0,0.0,0.0,-0.8539934903475292,0.0,0.0,0.0,0.0444603536648651,0.0,0.0,0.0,0.0,0.0278788811471079,0.0278788811471079,-0.3740319849810651,0.0,-0.9198530715722212,-0.2123019710843498,-0.0965061497716225,0.0,0.0,-0.3109499604382429,-0.8641061453315788,0.0,0.0,0.0,-0.0757968903450825,0.0082022668102334,0.0,-0.0708485319587965,0.0,0.1362655892934516,0.0,0.0,0.0,0.0,0.0371966327536275
396,0.0,0.0525951261259215,-0.5996169857752685,0.0072073407231403,0.0,-0.332986617974174,0.1278484057263149,0.2702511497550904,0.0,-0.0695148382170503,0.0,0.0,0.0,0.0,0.0265810180050734,0.0,-0.1751008207070742,-0.3352825813582941,0.0,-0.3802003733269583,0.0,0.0,-0.1962112607739173,0.0,0.027236308270084,-0.5059419838871844,0.0,0.0,0.0,0.3750977629005954,0.4641788629702017,0.0,-0.0224628454593134,0.285747036872281,0.0,-0.4896803957038143,-0.8948896274546772,-0.7786962819097907,0.0,0.0071262369722568,0.331903418335752,0.0,0.0,-0.2853992028706217,0.0553364445277572,0.0,0.1574098951936427,0.0,0.0,0.1093909485960843,0.0825330223930528,-0.0960550277121763,0.0,0.0,0.0,-0.8535690255907689,0.0,0.0,0.0,0.0587302704758832,0.0,0.0,0.0,0.0,0.0245807259153754,0.0245807259153754,-0.3672873020622995,0.0,-0.9179423325346212,-0.2271715926332235,-0.1134001665932334,0.0,0.0,-0.3203828906735712,-0.8656647896215612,0.0,0.0,0.0,-0.0561544749601615,0.0,0.0,-0.0787943092484418,0.0,0.1334996246452512,0.0,0.0,0.0,0.0,0.0489380502699181
397,0.0,0.0568194062483284,-0.6098570980779334,0.0,0.0,-0.3260396974695003,0.1413124760451416,0.2553160907357711,0.0,-0.0565244773225017,0.0,0.0,0.0,0.0,0.0222813917096725,0.0,-0.1696774735891728,-0.3220135919031108,0.0,-0.3486753051879814,0.0,0.0,-0.1970870141014129,0.0,-0.0470865145623714,-0.5075259553138981,0.0,0.0,0.0,0.4086076894666967,0.4122339950489007,0.0,-0.027364864747728,0.2326779425089673,0.0,-0.4666318530209625,-0.8898577933657523,-0.7795779118220049,0.0,0.0,0.3548913430815797,0.0,0.0,-0.293987099492485,0.0495186865272843,0.0,0.1368703936781179,0.0,0.0,0.1371346609110744,0.09132089126183,-0.0990186874183234,0.0,0.0,0.0,-0.8543432755756335,0.0,0.0,0.0,0.0529928864380122,0.0,0.0,0.0,0.0,0.0246420970921414,0.0246420970921414,-0.3677119352719941,0.0,-0.9175250925744516,-0.2469498965096118,-0.1418303599410685,0.0,0.0,-0.3376417752630073,-0.8699575421580574,0.0,0.0,0.0,-0.0399856691251462,0.0,0.0,-0.0885885234455693,0.0,0.1241227869022642,0.0,0.0,0.0,0.0,0.0620322812773449
398,0.0105490860795934,0.0572503830000186,-0.625496389104648,0.0,0.0,-0.310984143110682,0.2025462225871155,0.2445529896897623,0.0,-0.0242565410100535,0.0,0.0,0.0,0.0,0.0175092496057338,0.0,-0.1680352325885473,-0.3100143463432382,0.0,-0.3203282808196901,0.0,0.0,-0.1968901728218303,0.0,-0.1143998115439632,-0.4980556017325782,0.0,0.0,0.0,0.4255321790712447,0.3436945399087314,0.0,-0.0365431653822367,0.218345696500946,0.0,-0.4375560548714106,-0.8851044870915548,-0.7814045047726017,0.0,0.0,0.3769103805375398,0.0,0.0,-0.2985664085430252,0.0454861942233928,0.0,0.1183654711777709,0.0,0.0,0.1160688160355478,0.1004481525309039,-0.1032284876008728,0.0,0.0,0.0,-0.8555084630173297,0.0,0.0,0.0,0.0551055133476572,0.0,0.0,0.0,0.0,0.023914009883971,0.023914009883971,-0.3732447004029732,0.0,-0.916701753636223,-0.2507706846718272,-0.1565742095505304,0.0,0.0,-0.351938880464369,-0.8755129316606669,0.0,0.0092803533339476,0.0,-0.0256416086128267,0.0,0.0,-0.098541124265619,0.0,0.1101063314389304,0.0,0.0,0.0,0.0,0.084211718065713
399,0.0123231424962581,0.0554978076378352,-0.6323010951286077,0.0,0.0,-0.2985145768899956,0.2625580923578671,0.2481587445453879,0.0,0.0,0.0,0.0,0.0,0.0,0.0128437783861803,0.0,-0.1612427379573413,-0.3002052011317425,0.0,-0.2836514385660428,0.0,0.0,-0.2011601490081505,0.0,-0.1597453096528233,-0.4916020399916915,0.0,0.0,0.0,0.4206356367891161,0.2782611072675616,0.0,-0.0384097395973132,0.2292869501526694,0.0,-0.4009115891516316,-0.8803865510897868,-0.783892912462065,0.0,0.0094532746784817,0.3920023746542785,0.0,0.0,-0.3024124653886105,0.0400401120999341,0.0,0.0994747851988804,0.0,0.0,0.1195901011521527,0.1060682088821625,-0.1046774995743514,0.0,0.0,0.0,-0.8548974680639541,0.0,0.0,0.0,0.0592315974543624,0.0,0.0,0.0,0.0,0.0233201671061146,0.0233201671061146,-0.3841395022454645,0.0,-0.917266317789284,-0.2467444779912775,-0.16595407005869,0.0,0.0,-0.3633680129508938,-0.8822846090495999,0.0,0.0167555098915769,0.0,-0.0170110641529164,0.0,0.0,-0.1086649781074512,0.0,0.0939775273997362,0.0,0.0,0.0,0.0,0.1113334682228207
400,0.0125908727349113,0.052739054340913,-0.6337300028745437,0.0,0.0,-0.2850154004074768,0.3375157073043535,0.2469929238675889,0.0,0.0,0.0,0.0,0.0,0.0,0.0087999187927599,0.0,-0.1503737177642973,-0.294509991107154,0.0,-0.2478821642495788,0.0,0.0,-0.1946637137037989,0.0,-0.1942963991317364,-0.4885377265342148,0.0,0.0,0.0,0.4220411961247103,0.2465749516346873,0.0,-0.0474506797434602,0.2828227915399112,0.0,-0.3692593891623987,-0.8759272679176928,-0.7866181904969594,0.0,0.0140544344954888,0.4015803074532239,0.0,0.0,-0.2905458902334552,0.0379341068931683,0.0,0.0882123996566008,0.0,0.0,0.1135169474447708,0.0811270114961066,-0.1039638336634785,0.0,0.0,0.0,-0.8547725791630709,0.0,0.0,0.0,0.0764967764001394,0.0,0.0,0.0,0.0,0.0247351777963315,0.0247351777963315,-0.39910399283879,0.0,-0.9185225789955872,-0.2416214999451559,-0.173555691070013,0.0,0.0,-0.3759632449747041,-0.8907578556965747,0.0,0.0249247859996799,0.0,-0.0148399112618696,0.0,0.0,-0.116644113999139,0.0,0.1034552038266634,0.0,0.0,0.0,0.0,0.1398777783799202
401,0.0074078423653051,0.0479752521575106,-0.6305611387309735,0.0,0.0,-0.268922471526569,0.3725433592584075,0.2568286615343758,0.0,0.0,0.0,0.0,0.0,0.0,0.0,0.0,-0.1377040473233901,-0.2983121393181827,0.0,-0.2241374153515208,0.0,0.0,-0.186054359730439,0.0,-0.2244884571211438,-0.4893353576925683,0.0,0.0,0.0,0.4232611332809292,0.2362493120871122,0.0,-0.0487202773210729,0.4056880044707899,0.0,-0.3469162924382241,-0.8726158990343937,-0.7897363157676498,0.0056447278090673,0.0208305347251855,0.4063171739936055,0.0,0.0,-0.2765518186644326,0.0369273943109848,0.0,0.0790784524104227,0.0,0.0,0.09429360853356,0.0757133749720982,-0.095769677435731,0.0,0.0,0.0,-0.8548470193542586,0.0,0.0,0.0,0.0949779484747718,0.0,0.0,0.0,0.0,0.0266042739137013,0.0266042739137013,-0.4187701586484039,0.0,-0.9215086664665098,-0.2330824885393615,-0.172166946929988,0.0,0.0,-0.3982125050119539,-0.8982686217159914,0.0,0.0309119923597023,0.0,-0.0134631979000131,0.0,0.0,-0.1093951693220553,0.0,0.1193629420021568,0.0,0.0,0.0,0.0,0.1695146524137592
402,0.0,0.0432878910632902,-0.6267526550583451,0.0,0.0,-0.2537562717290572,0.3432121947031645,0.2769391322711907,0.0,0.0,0.0,0.0,0.0,0.0,0.0,0.0,-0.1255259987295691,-0.2957496643090223,0.0,-0.2128786956704208,0.0,0.0,-0.182313443766634,0.0,-0.2310837510856078,-0.4935122183290604,0.0,0.0061502778565162,0.0,0.4145370786361056,0.2296383144646159,0.0,-0.0461639149739163,0.574713524352727,0.0,-0.3312410249412291,-0.8708843102508652,-0.7923472368733522,0.0,0.0299291193852655,0.4114752853154804,0.0,0.0,-0.2641142955364491,0.0388344886352529,0.0,0.0710922190410574,0.0,0.0071375570853343,0.0742570096006929,0.0782508942470777,-0.0921369725042087,0.0,0.0,0.0,-0.855101701389156,0.0,0.0,0.0,0.1112377159832489,0.0,0.0,0.0,0.0,0.0269672839640048,0.0269672839640048,-0.4295840704480677,0.0,-0.924266499459216,-0.2209298705019908,-0.1654760421730765,0.0057213594666651,0.0,-0.4176134709313415,-0.9052112678212936,0.0,0.0157622664095941,0.0,-0.0057646230364007,0.0,0.0058139544306948,-0.0967274916291701,0.0,0.129233702159347,0.0,0.0,0.0,0.0,0.1754662181374552
403,0.0,0.0397424844569855,-0.6187848331900837,0.0,0.0,-0.2525838388313304,0.3344260681488727,0.2981964391034324,0.0,0.0,0.0,0.0,0.0,0.0,0.0,0.0,-0.1227192150006037,-0.2953135710381113,0.0,-0.2153142190849238,0.0,0.0,-0.170163518981789,0.0,-0.2325617005564315,-0.4948984399295664,0.0,0.0059437106437998,0.0,0.4310833916351156,0.2195583769615237,0.0,-0.0528616397879933,0.7286920777788912,0.0,-0.3191971920340089,-0.8700400878309678,-0.7945188796431405,0.0,0.0384997553613941,0.4184973352116765,0.0,0.0,-0.2480324000560968,0.0462130088941615,0.0,0.0681744002771912,0.0,0.0,0.0558460089048864,0.1002515034704107,-0.0744705030353684,0.0,0.0,0.0,-0.8556447286391875,0.0,0.0,0.0,0.1264360453351422,0.0,0.0,0.0,0.0,0.0163867381378248,0.0163867381378248,-0.4424608252290425,0.0,-0.9276584542345484,-0.2005460621545191,-0.1493562221349835,0.0085597692976771,0.0,-0.4401897046983632,-0.9122715401724552,0.0,0.0097919499846196,0.0,0.0,0.0,0.0147326016256044,-0.0667896169974887,0.0,0.1317350935875729,0.0,0.0,0.0,0.0,0.1652278263928202
404,0.0,0.0393675825115267,-0.6171481127502517,0.0,0.0,-0.2545718526640175,0.3108786004286147,0.3017025504354041,0.0,0.0,0.0,0.0,0.0,0.0,0.0,0.0,-0.1091985230782679,-0.288501596049883,0.0,-0.2252297554082971,0.0,0.0,-0.1675405198248516,0.0,-0.2016195127785628,-0.501132560986826,0.0,0.0053442447993793,0.0,0.4460989125704107,0.2089969570766947,0.0,-0.0530340013398313,0.6782083057120886,0.0,-0.3188933253192146,-0.8703016850785108,-0.7966279426868071,0.0,0.0464273965264534,0.498317941502052,0.0,0.0,-0.2284702801988809,0.0540559600880473,0.0,0.0670335976046131,0.0,0.0,-0.0287210038091374,0.1272529560572824,-0.0555217609979722,0.0,0.0,0.0,-0.8545716215049275,0.0,0.0,0.0,0.1364422953999905,0.0,0.0,0.0,0.0,0.0109505790470038,0.0109505790470038,-0.4371471791267497,0.0,-0.9299402113084244,-0.1863891874017557,-0.1314161945786243,0.0116703038154352,0.0,-0.4632687424059482,-0.9184965084941656,0.0,0.0087958687608696,0.0,0.0,0.0,0.0264219550139058,-0.0305207220880324,0.0,0.126422477485333,0.0,0.0,0.0,0.0,0.1485764863919957
405,0.0,0.0378320630678521,-0.6139246642744437,0.0,0.0,-0.2544371303700876,0.3261718854720619,0.2807870306800211,0.0,0.0,0.0,0.0,-0.0153201441709599,0.0,0.0,0.0,-0.1037522483830681,-0.2879465940596112,0.0,-0.2401704760133365,0.0,0.0,-0.1593759928964178,0.0,-0.1642338798480868,-0.5133371600137295,0.0,0.0,0.0,0.4626127766554091,0.2245092339776986,0.0,-0.0550724135259202,0.6864712597484346,0.0,-0.3243838642892561,-0.869964276340522,-0.7975648566952046,0.0,0.0525233263853537,0.5316489570518866,0.0,0.0,-0.2161387509659436,0.062543332178485,0.0,0.0676865421170045,0.0,0.0,-0.0504664067419734,0.1183931519404895,-0.0298288838802213,0.0,0.0,0.0,-0.8542175507693739,0.0,0.0,0.0,0.1419271049799919,0.0,0.0,0.0,0.0,0.005670360206191,0.005670360206191,-0.4242654295401218,0.0,-0.9310787789808574,-0.1717520789435292,-0.1166300576443328,0.0154300455308624,0.0,-0.4806332047365301,-0.9222268222026128,0.0,0.0088364334316585,0.0,0.0,-0.0162496248667923,0.0313854665071855,0.0,0.0,0.1144426280606661,0.0,0.0,0.0,0.0,0.1553217380390308
406,0.0,0.0403969955932325,-0.6123153845656212,0.0,0.0,-0.2631617555240486,0.3387923305204964,0.2788524995560277,0.0,0.0,0.0,0.0,-0.0309254737224564,0.0,0.0,0.0,-0.0988741478105014,-0.2827042433860355,0.0,-0.2644486511230133,0.0,0.0,-0.1552112195481775,0.0,-0.1178808030663252,-0.5242789369186635,0.0,0.0,0.0,0.4672460804550316,0.2565664853231822,0.0,-0.05643209010728,0.6482508687868392,0.0,-0.3297467084770171,-0.8707357610451836,-0.798047765013105,0.0,0.0557829811099264,0.5247698161627334,0.0,0.0,-0.2197251074186327,0.0714970603155346,0.0,0.0736816539567752,0.0066477936790106,0.0,-0.0508936583447177,-0.0831323700241049,0.0,0.0,0.0,0.0,-0.853825304008077,0.0,0.0,0.0,0.1401039147575546,0.0,0.0,0.0,0.0,0.0,0.0,-0.4233407597299288,0.0,-0.930572417143158,-0.1545435153005494,-0.0967750841275507,0.0143449426774887,0.0,-0.4953681585609532,-0.9252114029992576,0.0,0.0085445132341508,0.0,0.0,-0.0244215708325178,0.0318301459327587,0.0,0.0,0.0995938129064688,0.0,0.0,0.0,0.0,0.1705783388976066
407,0.0,0.0444181685616792,-0.6045630528781571,0.0,0.0,-0.2771506781264572,0.3658423071129918,0.2883292980603016,0.0,0.0,0.0,0.0,-0.0326680394225781,0.0,0.0,0.0,-0.1006107323461993,-0.2784737726811465,0.0,-0.2855358867780517,0.0,0.0,-0.1560696831161412,0.0,-0.0436105547430619,-0.5327270395489853,0.0,0.0,0.0,0.4396664046930194,0.2869053923916553,0.0,-0.0606267738389325,0.626830363102567,0.0,-0.344915177746963,-0.8731649640852899,-0.7983291174458377,0.0,0.0556572353584971,0.5508920833689593,0.0,0.0,-0.2287404048317599,0.084187544372376,0.0,0.0806653604126473,0.0105977682912713,0.0,-0.0543573936114531,-0.113330399099739,0.0,0.0,0.0,0.0,-0.8483334728526446,0.0,0.0,0.0,0.1341867760568846,0.0,0.0,0.0,0.0,0.0,0.0,-0.4148361340731994,0.0,-0.9277519691902828,-0.1437266700818559,-0.0786273895680993,0.0107935848097403,0.0,-0.5055193238813354,-0.9261297761804594,0.0,0.0077363207966669,0.0,0.0,-0.0215150172299213,0.0459859374713275,0.0,0.0,0.1218222793121879,0.0,0.0,0.0,0.0,0.1837059359352391
408,0.0,0.0258634714624812,-0.6023127505559103,0.0,0.0,-0.2857704386216284,0.383235270942807,0.2657238060460948,0.0,0.0,0.0,0.0,-0.0391659221186566,0.0,0.0,0.0,-0.0907750943826019,-0.2671323434631454,0.0,-0.296054284510393,0.0,0.0,-0.1628530304177103,0.0,0.0107298750827224,-0.5323821641240745,0.0,0.0,0.0,0.4163534770281487,0.3564079032170937,0.0,-0.0684368991967322,0.6077092728541672,0.0,-0.3659228941628278,-0.8752884709328645,-0.7983314291579159,0.0,0.0522017785340561,0.5219136378516979,0.0,0.0,-0.2398632368915294,0.096318406416374,0.0,0.1008713751982481,0.0168149863201432,0.0,-0.0405542594666932,-0.1510423861650852,0.0,0.0,0.0,0.0,-0.8445562939587932,0.0,0.0,0.0,0.1256951515194717,0.0,0.0,0.0,0.0,0.0,0.0,-0.4083096924187233,0.0,-0.9231328480033834,-0.1318599427399121,-0.0708836889072855,0.0081228480126046,0.0,-0.5109680738606164,-0.9268251267594424,0.0,0.0067626869341588,0.0,-0.0062266772877123,-0.0159415678619158,0.0431090394146833,0.0060524529963132,0.0,0.1238692452142651,0.0,0.0,0.0,0.0,0.2022496218588511
409,0.0,0.0185490603922629,-0.6012649988484995,0.0,0.0,-0.3066499436457989,0.3380598535586545,0.2346705611425102,0.0,0.0,0.0,0.0,-0.044749300604454,0.0,0.0,0.0,-0.0816468042619089,-0.2637633482113074,0.0,-0.2842052643030838,0.0,0.0,-0.166210245115733,0.0,0.0138306771872141,-0.5368185255715687,0.0,0.0,0.0,0.413260755829741,0.376341249223992,0.0,-0.0775894538445349,0.5971972198410191,0.0,-0.3846252146487785,-0.8778311369852263,-0.7979671288637081,0.0,0.0460495531687329,0.465118894033123,0.0,0.0,-0.2625910107481261,0.1060849159573747,0.0,0.1236724252968252,0.0166159598896373,0.0,-0.0192776371189307,-0.1782347475138289,0.0,0.0,0.0,0.0,-0.8363097134825952,0.0,0.0,0.0,0.1155027415275435,0.0,0.0,0.0,0.0,0.0,0.0,-0.4123057755493143,0.0,-0.9182441480613126,-0.1244849372545423,-0.072622570341978,0.0,0.0,-0.5090569750319061,-0.9270215924456808,0.0,0.007626102022521,0.0,-0.0235978500714084,0.0,0.0466231356967607,0.008630764401501,0.0,0.1075942297969648,0.0,0.0,0.0,0.0,0.2288065874697689
410,0.0,0.0221057229084256,-0.6033697101967025,0.0,0.0,-0.3146073375829824,0.2801232451688223,0.2009203952038556,0.0,0.0,0.0,0.0,-0.0425516971398889,0.0,0.0,0.0,-0.0739494663187594,-0.2614144782114081,0.0,-0.26157489838234,0.0,0.0,-0.1694241300757539,0.0,0.0089863670040049,-0.5419333571080088,0.0,0.0,0.0,0.4185817358538033,0.3893278872901271,0.0,-0.0911483691924909,0.5434311769042186,0.0,-0.4051002496559196,-0.8816687557953049,-0.7971171243425985,0.0,0.0382225231401453,0.4110616400204668,0.0,0.0,-0.2874005801737496,0.1148789971133472,0.0,0.1454491398316904,0.0166959393051551,0.0,0.0088988935472367,-0.2019787789725859,0.0,0.0,0.0,0.0,-0.8266973627155573,0.0,0.0,0.0,0.1045869328162436,0.0,0.0,0.0,0.0,0.0,0.0,-0.4171524789342318,0.0,-0.911255285442,0.235509216942362,-0.0703269176500229,0.0,0.0,-0.5009126001161245,-0.9274904599570956,0.0,0.0152248399373893,0.0,-0.0309056193257872,0.0,0.0334921677552577,0.0113445334562242,0.0,0.0888909823248443,0.0,0.0,0.0,0.0,0.2829463659051768
411,0.0,0.0276384281675985,-0.6062155693831464,0.0,0.0,-0.3319335003187042,0.241805417525537,0.194571884896658,0.0,0.0,0.0,-0.0174040305860196,-0.0367760036067854,0.0,0.005962762737413,0.0,-0.063554709158795,-0.2648437807323229,0.0,-0.2236149004580314,0.0,0.0,-0.169007236790318,0.0,0.0057436213325211,-0.5466145796900159,0.0,0.0,0.0,0.4165076541117296,0.405542066183908,0.0,-0.1009366196822268,0.525122557662678,0.0,-0.4296725317914692,-0.8846065973827089,-0.7956770976921884,0.0,0.0298591012835661,0.3336333486559006,0.0,0.0,-0.2993679634518875,0.1238122972433602,0.0,0.1661371633313378,0.021397646367838,0.0,0.0136180205588412,-0.2124450869906857,0.0,0.0,0.0,0.0,-0.8196273938735368,0.0,0.0,0.0,0.0892957071017566,0.0,0.0,0.0,0.0,0.0,0.0,-0.4296663155008076,0.0,-0.9043247321792296,0.2260136597006251,-0.076103192228777,0.0,0.0,-0.4903475737993798,-0.9289361004983115,0.0,0.0238967162678034,0.0,-0.0379413964130921,0.0,0.0322094534571987,0.0141091543323707,0.0,0.0700384770433045,0.0,0.0,0.0,0.0,0.3235205280965125
412,0.0,0.0354615654824533,-0.6066011694030715,0.0081831291178116,0.0,-0.3486202490574988,0.204670244537994,0.1900642647425843,0.0,0.0,0.0,-0.0549829845975346,-0.0469380804972187,0.0,0.0082350335741397,0.0,-0.0492275783675205,-0.2757338238590756,0.0,-0.1773751002202488,0.0,0.0,-0.167799855968021,0.0,0.0,-0.5372429581764724,0.0,0.0,0.0,0.4534042412800154,0.417435535256736,0.0,-0.1154704830190466,0.4946259715823076,0.0,-0.455317825147799,-0.8855371904487379,-0.7932589497524543,0.0,0.0219548794744128,0.2839215679364993,0.0,0.0,-0.3154992740162756,0.136876264405682,0.0,0.1812312720682638,0.0262555137245259,0.0,0.0232276744065434,-0.2121717472208466,0.0,0.0,0.0,0.0,-0.8125899715514217,0.0,0.0,0.0,0.0531965362998368,0.0,0.0,0.0,0.0,0.0,0.0,-0.4452628826853021,0.0,-0.8977536374677908,0.205850233706588,-0.0787535172694034,0.0,0.0,-0.4771004701177579,-0.9310908166968428,0.0,0.0210942718306918,0.0,-0.0394138469157998,0.0,0.0245295189180716,0.0176169838843376,0.0,0.0761201295628566,0.0,0.0,0.0,0.0,0.3678159231319929
413,0.0,0.047390858932505,-0.606839678798702,0.0146701798686988,0.0,-0.3636005111504724,0.169347371538999,0.1788646789262463,0.0,0.0,0.0,-0.0852432867671861,-0.0572210017676103,0.0,0.010585800335309,0.0,-0.0221922816829011,-0.2864593843804026,0.0,-0.1303411004910755,0.0,0.0,-0.1652237679608731,0.0,0.0061247445394935,-0.5383257190657305,0.0,0.0,0.0,0.4727444274722744,0.430183721630078,0.0,-0.1215815059982216,0.4466041341105307,0.0,-0.487503867597335,-0.8870500788684912,-0.7912031060822101,0.0,0.0134563837545237,0.2268506472858239,0.0,0.0,-0.3245933599391705,0.146876642199365,0.0,0.1871258582208143,0.03052873555243,0.0,0.0649943752902694,-0.1942311430010521,0.0,0.0,0.0,0.0,-0.8094633183508967,0.0,0.0,0.0,0.0501197107294907,0.0,0.0,0.0,0.0,0.0,0.0,-0.4580540641709145,0.0,-0.8909065967929277,-0.1162992485655981,-0.0859928519407425,0.0,0.0,-0.4669886593971769,-0.9343358175146984,0.0,0.0172465914110877,0.0,-0.0310781174488852,0.0,0.0157425061688433,0.0231784793235775,0.0,0.086009485943588,0.0,0.0,0.0,0.0,0.4258775974553097
414,0.0,0.0492907274715102,-0.6098260358558538,0.0235715941806324,0.0,-0.3766426607997707,0.1740586209112323,0.1635691370114326,0.0,0.0,0.0,-0.1126180299213115,-0.0691348347624885,0.0,0.0126655047236131,0.0,0.0,-0.3024310712465967,0.0,-0.0875963154620708,0.0,0.0,-0.1587671733304128,0.0,0.008011964938658,-0.5408091893972773,0.0,0.0,0.0,0.510159362892948,0.443591959669001,0.0,-0.1298896894486008,0.3930318392640955,0.0,-0.5219305940200686,-0.8878777740671295,-0.7888787053275568,0.0,0.0069278427251107,0.1873318291440695,0.0,0.0,-0.3160492152716872,0.1611375524568223,0.0,0.1855608696591338,0.0334072445290914,0.0,0.0743654888181816,-0.1771674950448871,0.0,0.0,0.0,0.0,-0.81056622403521,0.0,0.0,0.0,0.0330465325702529,0.0,0.0,0.0,0.0,0.0,0.0,-0.4750170137859261,0.0,-0.8844777700378397,-0.1222284494518066,-0.088656425754046,0.0071691861060228,0.0,-0.4594893180261223,-0.9374994100128672,0.0,0.0136138204220708,0.0,-0.0150711814066297,-0.0082240909027601,0.0086008649338545,-0.0227634060133539,0.0,0.0766203206013868,0.0,0.0,0.0,0.0,0.425795150222872
415,0.0,0.0381583047848498,-0.6140503332118732,0.0323415049014007,0.0,-0.3989627058275438,0.175496316437575,0.1498972912321686,0.0,0.0,0.0,-0.1277041444186772,-0.0805650535876791,0.0,0.0141046327602262,0.0,0.0,-0.319497936764505,0.0,-0.0573112512362305,0.0,0.0,-0.1559510657865431,0.0,0.0095983649083034,-0.5486862563633563,0.0,0.0,0.0,0.5003380313740082,0.4033807146191072,0.0,-0.1335529162097549,0.3409412016940071,0.0,-0.5499840777874632,-0.8864479599989319,-0.7866410067340298,-0.0114953372564345,0.0,0.1420105238345692,0.0,0.0,-0.3036364356609798,0.1784801342748611,0.0,0.1784517633153841,0.0334015606208371,0.0,0.0830425148307094,-0.1517401205535787,0.0,0.0,0.0,0.0,-0.8141257735047873,0.0,0.0,0.0,0.0339643677993823,0.0,0.0,0.0,0.0,0.0,0.0,-0.4803562957027006,0.0,-0.8781138051208988,-0.1299278816073219,-0.0884829634306212,0.0104299143940886,0.0,-0.451265415575573,-0.9410501105341598,0.0,0.0094879157105919,0.0,0.0,-0.0221116741843874,0.0,-0.0350566930636918,0.0,0.0522476295275896,0.0,0.0,0.0,0.0,0.4288430948786567
416,0.0,0.0287436346711069,-0.6166027385179914,0.0322696906818435,0.0,-0.4166906209357936,0.2111813847311707,0.136736224541629,0.0,0.0,0.0,-0.1314206821057364,-0.094985541030481,0.0,0.0146198037737503,0.0,0.0,-0.3357490596901771,0.0,0.0809162711293561,0.0,0.0,-0.1476550869949173,0.0,0.0107373663693059,-0.5409406034815547,0.0,0.0,0.0,0.4860618963876492,0.4369881317274813,0.0,-0.1415544871804388,0.2901172239121384,0.0,-0.5759647317594583,-0.885006254230706,-0.7847296478290945,-0.0253445463102019,0.0,0.1084487206023294,0.0,0.0,-0.2812020589367858,0.1871304737742888,0.0,0.1774248706249605,0.0265019151677286,0.0,0.0909575376237042,-0.1264159421702171,-0.023599530693823,0.0,0.0,0.0,-0.8203698665663661,0.0,0.0,0.0,0.0305054244398898,0.0,0.0,0.0,0.0,0.0,0.0,-0.4817114818018357,0.0,-0.8715173445126214,-0.1406845582409599,-0.0866484882784343,0.0141083165501125,0.0,-0.446988749239211,-0.9448652710874356,0.0,0.0067780119214408,0.0,0.0,-0.0535258568041766,0.0,-0.0336925105955235,0.0,0.0319574143120198,0.0,0.0,0.0,0.0,0.3842815724189545
417,0.0,0.0309870250850563,-0.6183194042492043,0.0296761529688118,0.0,-0.4328392968215264,0.2568627570845879,0.1309705717475412,0.0,0.0,0.0,-0.1255249280538628,-0.1194437685183394,0.0,0.0141046327602262,0.0,0.0,-0.3575340374109069,0.0,0.1112489200005116,0.0,0.0,-0.1379712475093318,0.0,0.0131907620076518,-0.5405190275689047,0.0,0.0,0.0,0.4785761854008409,0.4295370228173109,0.0,-0.1487272472970772,0.2296903615818935,0.0,-0.5979770141833401,-0.8818939899120064,-0.7834492146595572,-0.042000465432188,0.0,0.0764281830502964,0.0,0.0,-0.2523808833389054,0.1922272673367243,0.0,0.1872090823907592,0.0098902708751456,0.0,0.0526046180018692,-0.100270758717648,-0.0338321636332842,0.0,0.0,0.0,-0.829964082824294,0.0,0.0,0.0,0.0271649847524567,0.0,0.0,0.0,0.0,0.0,0.0,-0.4876574588715326,0.0,-0.86527698155157,-0.158336032100662,-0.0808274121479915,0.0181744726847417,0.0,-0.4427826854653652,-0.947825023709786,0.0,0.02714936420917,0.0,0.0,-0.0862313573540244,0.0,0.0255147078433396,0.0,0.0257371700749092,0.0,0.0,0.0,0.0,0.3359469109190638
418,0.0,0.0355640326854685,-0.6244687027223748,0.0266822108226579,0.0,-0.436135288828104,0.2343391749535767,0.1287370194360834,0.0,0.0,0.0,-0.1237586372057589,-0.1390517605711135,0.0,0.0126655047236131,0.0,0.0,-0.3749445108491422,0.0,0.1442024826154082,0.0,0.0,-0.1332556863562074,0.0,0.0149867375250055,-0.5366962141152322,0.0,0.0,0.0,0.4653928978186146,0.4423073905883833,0.0,-0.1464055919953209,0.199483826867046,0.0,-0.6099399030071431,-0.8782798378296546,-0.7823954529800909,-0.0558029101229144,0.0,0.0535043243521156,0.0,0.0,-0.2229256564843023,0.1908852188033531,0.0,0.1123236575199463,0.0,0.0,0.0222142697021683,-0.0828697966643882,-0.0501335973834147,0.0,0.0,0.0,-0.840799200427129,0.0,0.0,0.0,0.0221048270203705,0.0,0.0,0.0,0.0,0.0,0.0,-0.4833943060960304,0.0,-0.8596253400294294,-0.1793758880708812,-0.0756045230435133,0.0242146229895575,0.0,-0.4451242241597388,-0.9476927432113236,0.0,0.0751097638780995,0.0,0.0,-0.1122398002376209,0.0,0.0253121314971166,0.0,0.02973052900713,0.0,0.0,0.0,0.0,0.29087137572574
419,0.0,0.0408717502530524,-0.6209935164964376,0.0278510845746589,0.0,-0.4449361670020925,0.2444900115337399,0.1370735309144177,0.0,0.0,0.0,-0.1406536422984184,-0.1455831503971645,0.0,0.010585800335309,0.0,0.0,-0.3870039614416784,0.0,0.139484036961664,0.0,0.0,-0.1319547641503105,0.0,0.0150159436562575,-0.535285626604365,0.0,0.0,0.0,0.4390861106917894,0.4262752983629416,0.0,-0.1505104518101909,0.2422239451067862,0.0,-0.6081855689482728,-0.8747036947776632,-0.7822250899704998,-0.0620209574317692,0.0,0.0355394916824572,0.0,0.0,-0.2075177167516748,0.1784641325919892,0.0,0.0672539212521307,0.0,0.0,0.0133525950805838,-0.0711229894079401,-0.0475456562966169,0.0,0.0,0.0,-0.8504683332310665,0.0,0.0,0.0,0.0218087450044059,0.0,0.0,0.0,0.0,0.0,0.0,-0.4804045577835469,0.0,-0.8559111780815836,-0.1984023415684992,-0.0700491009678562,0.0293707536827772,0.0,-0.4403919954449479,-0.946708228603236,0.0,0.1126797066209334,0.0,0.0,-0.125886621254268,0.0,0.018928956702744,0.0,0.0338217937796232,0.0,0.0,0.0,0.0,0.24181794997886
420,0.0,-0.0462024325009446,-0.6178320498844329,0.0279663162193732,0.0,-0.452122962147796,0.2561852875073659,0.1620746908518804,0.0,0.0,0.0,-0.1536628518991639,-0.1565286774531181,0.0,0.0082350335741397,0.0,0.0,-0.3969221300609175,0.0,-0.1023479662904268,0.0,0.0,-0.1431520080730244,0.0,0.0112858173650445,-0.5262275213922941,0.0,0.0,0.0,0.4238891781394743,0.3687900607321913,0.0,-0.1564221621121364,0.2876699705138397,0.0,-0.6025943744543801,-0.8717739243543976,-0.7827061668733564,-0.0721311093646305,0.0,0.0274710862261986,0.0,0.0,-0.1899983833221038,0.1603034238493866,0.0,0.0395487232205232,0.006554282288959,0.0,0.007885228141957,-0.0722114782730623,-0.0505939215694299,0.0,0.0,0.0,-0.8521087556983278,0.0,0.0,0.0,0.0348919561419127,0.0,0.0,0.0,0.0,0.0,0.0,-0.4788838263892463,0.0,-0.854662557484628,-0.2200605126025231,-0.0621726853362886,0.0282763825312954,0.0,-0.4385326766272952,-0.944087282887658,0.0,0.0858439602767352,0.0,0.0,-0.136374581753417,0.0,0.0136099374596774,0.0,0.0398594481319373,0.0,0.0,0.0,0.0,0.2021819701005729
421,0.0,-0.0672031397183157,-0.6107032337816649,0.0292867181296899,0.0,-0.4521602138892405,0.3027724777853932,0.2031742242584489,0.0,0.0,0.0,-0.1706094257947292,-0.1562209486203304,0.0,0.005962762737413,0.0,0.0,-0.4075058811456,0.0,-0.1426740365184076,0.0,0.0,-0.1547612301923148,0.0,0.0088256742065002,-0.5159159547475819,0.0,0.0,0.0,0.4137371024048902,0.3552405713211407,0.0,-0.1620317356994457,0.3614237028677695,0.0,-0.5897014141572351,-0.8689249254146918,-0.7836045506596886,-0.0769566484578899,0.0,0.029216357739937,0.0,0.0,-0.1689413100605962,0.1449063656083448,0.0,0.0237578545209978,0.0092259015090382,0.0,0.0,-0.0756437799946636,-0.0327610451545252,0.0,0.0,0.0,-0.8518837940674668,0.0,0.0,0.0,0.0652436077731018,0.0,0.0103724782720229,0.0,0.0,0.0,0.0,-0.4738604355897718,0.0,-0.8556430814421874,-0.2349445802603409,-0.0594901592253474,0.0232170198720565,0.0,-0.433254054276675,-0.9388255443271688,0.0,0.0907180052111163,0.0,0.0,-0.1431777089667884,0.0,0.0099050611516418,0.0,0.0434564090307848,0.0,0.0,0.0,0.0,0.1758068928829727
422,0.0,-0.0886098328938583,-0.6033332044428307,0.0310640533286527,0.0,-0.4490072996264138,0.3295987619436962,0.1957225779453226,0.0,0.0,0.0,-0.1990184810497608,-0.1520174387532363,0.0,0.0,0.0,-0.0207104483147163,-0.4175223974277821,0.0,-0.180840183706479,0.0,0.0,-0.1620955107780668,0.0,0.0060354777225603,-0.5110810256509064,0.0,0.0,0.0,0.420932979257439,0.3615988173361099,-0.0029626089297994,-0.1596337645162202,0.3729636994300282,0.0,-0.5693649627911856,-0.8665649046043495,-0.7845547739088079,-0.0899058383577135,0.0,0.0305343013482145,0.0,0.0,-0.1584498552405532,0.1293528084815818,0.0,0.0119123644039965,0.0057872457718738,0.0,0.0,-0.0794419881623007,-0.0111234833802409,0.0,0.0,0.0,-0.851996784316492,0.0,0.0,0.0,0.0961367672565128,0.0,0.0079217794959084,0.0,0.0,0.0,0.0,-0.4681413729118029,0.0,-0.860267354917712,-0.2447288033974788,-0.0569774356732557,0.016791020255611,0.0,-0.4284370043766003,-0.9320441617048708,0.0,0.091864495203001,0.0,0.0,-0.1503314541456132,0.0,0.0,0.0,0.0369769625281924,0.0,0.0,0.0,0.0,0.1755103190669367
423,0.0,-0.0681983051506141,-0.5888850146653838,0.0314533446935676,0.0,-0.4446750349574866,0.3523323375305878,0.2046983641311794,0.0,0.0,0.0,-0.2387346580405769,-0.1275261409914347,0.0,0.0,0.0,-0.0567889794779421,-0.4272381258532208,0.0,-0.2195280440772425,0.0,0.0,-0.168979679283783,0.0,0.0052757020932867,-0.5143683960154953,0.0,0.0,0.0,0.4248560760590237,0.380725842284269,0.0,-0.1573556536824012,0.34119200692967,0.0,-0.5419313726778524,-0.8652351455192546,-0.7856807064875488,-0.0964576570021516,0.0,0.0304274132194174,0.0,0.0,-0.1490655387331705,0.1170035427799395,0.0,0.0122877350175088,0.0,0.0,0.0,-0.0792346623716924,0.0,0.0,0.0,0.0,-0.8433623630651308,0.0,0.0,0.0,0.1323718117271972,0.0,0.0057077291760096,0.0,0.0,0.0,0.0,-0.4754575239864513,0.0,-0.8673295488410488,-0.2556665825959794,-0.0577826950639214,0.0119176013676354,0.0,-0.416214267591843,-0.922794034301222,0.0,0.093044595379065,0.0,0.0,-0.1453540060103867,0.0,0.0,0.0,0.0231746393127203,0.0,0.0068516490481253,0.0,0.0,0.2191449674886574
424,0.0,-0.0427741388253401,-0.569854403286343,0.0262768671335819,0.0,-0.4421877475757855,0.3836817681906033,0.2231332304826468,0.0,0.0,0.0,-0.2937896877438201,-0.1115134457108289,0.0,0.0,0.0,-0.0740057223944698,-0.4372128257083812,0.0,-0.2499308274195835,0.0,0.0,-0.1750334010766494,0.0,0.0061253628270467,-0.5164982120660457,0.0,0.0,0.0,0.4316133616132884,0.402881177242576,0.0,-0.1500553602363623,0.3214722549139454,0.0,-0.5144730675537333,-0.8642630486152516,-0.7866293719163295,-0.1004645036655973,0.0,0.0285183845655207,0.0,0.0,-0.1433731503046401,0.1203958208035001,0.0,0.0127129854864751,0.0081908366734055,0.0,0.0,-0.0832485065856752,0.0,0.0,0.0,0.0,-0.8319736819348611,0.0,0.0,0.0,0.1702924480968547,0.0,0.0,0.0,0.0,0.0,0.0,-0.4808306863405159,0.0,-0.8764034429520628,-0.2572529986654308,-0.0554246984218203,0.0092934165977309,0.0,-0.4110504508112501,-0.9139639705472766,0.0,0.0966329848320766,0.0,0.0,-0.1263161728702075,0.0,0.0,0.0,0.0132115980801547,0.0,0.008509184878101,0.0,0.0,0.2060678164121748
425,0.0,0.035626619942293,-0.5489139020997822,0.0201255573607623,0.0,-0.4472433861623394,0.4282537119671009,0.2442228391546788,0.0,0.0,0.0,-0.3407883064952386,-0.0939185861729592,0.0,0.0,0.0,-0.0858455447197966,-0.4395857945772828,-0.0145612497015316,-0.2735192862292899,0.0,0.0,-0.1841088688559525,0.0,0.0098067121145105,-0.5171635331933537,0.0,0.0,0.0,0.4356389637096345,0.4196615625331631,0.0,-0.1307298546455904,0.3380217606626411,0.0,-0.4784670978536378,-0.864532812424335,-0.7876846076991675,-0.098112762083759,0.0,0.0255482352985396,0.0,0.0,-0.1289355044520131,0.1244024412581199,0.0,0.01956948645851,0.0428983312681165,0.0,0.0,-0.0734556627847349,0.0,0.0,0.0,0.0,-0.8183287103370388,0.0,0.0,0.0,0.1617781455970956,0.0,0.0,0.0,0.0,0.0,0.0,-0.4824920424083272,0.0,-0.8872447963250436,-0.2438868907263716,-0.0612340109530989,0.0086053931173619,0.0,-0.3977790662233703,-0.9057065617299144,0.0,0.1150856661976442,0.0,0.0,-0.1003063518505879,0.0,0.0,0.0,0.0,0.0,0.0104294019064941,0.0,0.0,0.1983343193381372
426,-0.0360038499403167,0.0351636652729342,-0.5272559981571394,0.0176259376756583,0.0,-0.4572235545297327,0.4713773647758461,0.2647043169200934,0.0,0.0,0.0,-0.3814201467919502,-0.0726560280731416,0.0,0.0,0.0,-0.0888487994874411,-0.4416696577071109,-0.0312905590958523,-0.2899626511049143,0.0,0.0,-0.1986151596406436,0.0,0.0138653117544305,-0.5284768222369659,0.0,0.0,0.0,0.39783402035935,0.4447949732003443,0.0,-0.1018143222627856,0.3557398614992695,0.0,-0.4413461859357021,-0.8659837437570008,-0.7887874972993815,-0.0877111695361479,0.0,0.0217329736980469,0.0,0.0,-0.1248186647585044,0.134544266527339,0.0,0.0277540841229019,0.0708304586278046,0.0,0.0054060891732422,-0.0684344859371133,0.0,0.0,0.0,0.0,-0.7994273537225144,0.0,0.0,0.0,0.1247652999658859,0.0,0.031928314174041,0.0,0.0,0.0,0.0,-0.4824643346569247,0.0,-0.8960962376443207,-0.2220168371821027,-0.0654211396938095,0.007538936418998,0.0,-0.3872298607679349,-0.8987789073158576,0.0,0.1278636994695019,0.0,0.0,-0.0665997616271729,0.0,0.0,0.0,0.0,0.0,0.011911757425539,0.0,0.0,0.2227324632638374
427,-0.0851905090483402,0.0376540531285437,-0.5066726315759431,0.0174301820236547,0.0,-0.4651985609449803,0.483741149285243,0.2851163652488429,0.0,0.0,0.0,-0.4123262019311116,-0.0565744591041135,0.0,0.0,0.0,-0.0851756473965039,-0.4476092108297377,-0.0268266820595904,-0.2870249363307003,0.0,0.0,-0.2028111045513622,0.0,0.0163460724504795,-0.5454004788533805,0.0,0.0,0.0,0.3651714241892063,0.3488451659714001,0.0,-0.0733810808914322,0.3827278274334099,0.0,-0.4054906882621024,-0.8692569950942541,-0.7902549033533878,-0.0722445137698973,0.0,0.0182134357434278,0.0,0.0,-0.110627440878824,0.1511112751244004,0.0,0.0439109745804736,0.1017932389229602,0.0,0.0080215920515106,-0.062426210480505,0.0,0.0,0.0,0.0,-0.7865105830728267,0.0,0.0,0.0,0.081483405889873,0.0,0.0323883352367466,0.0,0.0,0.0,0.0,-0.492184416179549,0.0,-0.9050608136808652,-0.19323037850275,-0.0635083905822811,0.0074157689274808,0.0,-0.383988994602567,-0.8930821935091728,0.0,0.1309864773293087,0.0,0.0,-0.0422477928121506,0.0,0.0,0.0,0.0,0.0,0.0126779218981613,0.0,0.0,0.2614656371300322
428,-0.104781947615432,0.0413680134550085,-0.483459891763085,0.0179315634670935,0.0,-0.4777199593782145,0.4849869382405487,0.2981626621804231,0.0,0.0,0.0,-0.4423656363345709,-0.0430751949595399,0.0,0.0,0.0,-0.0726310394830921,-0.4517084725524676,-0.0137968827058939,-0.2836607284427459,0.0,0.0,-0.2065446608417719,0.0,0.0115087399256019,-0.5508990506779465,0.0,0.0,0.0,0.3559579808087385,0.31741119288626,0.0,-0.041625366681995,0.4426501201829346,0.0,-0.3709644787379023,-0.8721785031011406,-0.79102103500105,-0.0620872615136235,0.0,0.0152859753856985,0.0,0.0,0.2089039736726696,0.1660849775517826,0.0,0.059687170043722,0.112782810349322,0.0,0.0110784350763723,-0.0540865141252695,0.0,0.0,0.0,0.0,-0.7768533131505578,0.0,0.0,0.0,0.0757597146651977,0.0,0.0257943202239103,0.0,0.0,0.0,0.0,-0.5114033736312658,0.0,-0.9130737045179907,-0.1614695818640457,-0.0652188752220294,0.0087053020629543,0.0,-0.3836411615400407,-0.8869108773051977,0.0,0.0638179458941812,0.0,0.0,-0.0108766149895444,0.0066085579309957,0.0,0.0,0.0,0.0,0.0125743598008654,0.0,0.0,0.2673395268360942
429,-0.1317546078231521,0.0526776651493192,-0.456071429458008,0.0183442610594887,0.0,-0.4979909606859766,0.3890615033065499,0.3114761797246456,0.0,0.0,0.0,-0.4698958094835924,-0.0519986638461694,0.0,0.0,0.0,-0.0552231807063484,-0.4554608780145409,0.0,-0.2870080535686301,0.0,0.0,-0.2147665334652695,0.0,0.0073636000525718,-0.5462489017664667,0.0,0.0,0.0,0.3350482694262353,0.307813654350714,0.0,-0.0095671626293402,0.5060271267497731,0.0,-0.3353563782785135,-0.8761350645119128,-0.7914438529636953,-0.0430544369386996,0.0,0.0216555176215463,0.0,0.0,0.280578075306545,0.1756951621784654,0.0,0.0769878628759187,0.1156459144749877,0.0,0.0142408771853018,-0.0390707447360443,0.0,0.0,0.0,0.0,-0.7714167632717979,0.0,0.0,0.0,0.0702869731843211,0.0,0.0197020695370621,0.0,0.0,0.0,0.0,-0.5242993781545149,0.0,-0.9183058169247308,-0.1372398027092432,-0.0657541154554095,0.0131496157978569,0.0,-0.3869786429317922,-0.8845203111091466,0.0,0.0271757868994709,0.0,0.0,0.0,0.0162350375818714,0.0,0.0,0.0106519682786028,0.0,0.0116224571469199,0.0,0.0,0.2023747315305669
430,-0.1516138914837344,0.0694185421305576,-0.4286093176554075,0.0199384487805825,0.0,-0.50942868086455,0.3945877831602995,0.3235064919358539,0.0,0.0,0.0,-0.4897965712625476,-0.0657123893821034,0.0,0.0,0.0,-0.0329087743828529,-0.4593758827744518,0.0,-0.2902003166867188,0.0,0.0,-0.2288465611111836,0.0,0.0,-0.536677472683609,-0.0184074422355378,0.0,0.0,0.3176625667634639,0.2882893967602036,0.0,0.0,0.4854086723495797,0.0,-0.2997874659723891,-0.8816230111128638,-0.7918338319337891,-0.025130064167091,0.0,0.0298238759589621,0.0,0.0,0.3377668617512818,0.1845332603203729,0.0,0.0939664386128455,0.0962814866298425,0.0,0.0170386642054088,-0.0368229569379371,0.0,0.0,0.0,0.0,-0.7723550351936411,0.0,0.0,0.0,0.0630665276736753,0.0,0.0153653847494046,0.0,0.0,0.0,0.0,-0.539716615173285,0.0,-0.921985895791531,-0.1060927340531449,-0.0663938140656956,0.0170891875197963,0.0,-0.3963207414307081,-0.8828962337203743,0.0,0.0094608010652268,0.0,0.0,0.0,0.016496204474474,0.0,0.0,0.0129839421992419,0.0,0.0151245115773186,0.0,0.0,0.1477869918113379
431,-0.152610018341755,0.0857044172047079,-0.4092943500483709,0.0207817532677222,0.0,-0.530324541484001,0.3978340257820533,0.332778045299487,0.0,0.0,0.0,-0.5056182930770021,-0.0779833885557244,0.0,0.0,0.0,-0.0156556123432909,-0.4632256592109556,0.0,-0.2903384639070798,0.0,0.0,-0.2440531310676208,0.0,0.0,-0.5352301627996202,-0.0588250133034775,0.0,0.0,0.307930944871543,0.2489981839650346,0.0,0.0,0.392793660113272,0.0,-0.2712962839479372,-0.8856094750719299,-0.7923465151932689,0.0262540898035095,0.0,0.0381957538861867,0.0,0.0,0.3052563242790454,0.1871936366394693,0.0,0.1219381261803119,0.1403656723180196,0.0,0.0213743133988008,-0.0390080128332991,0.0,0.0,0.0,0.0,-0.7780376285939073,0.0,0.0,0.0,0.0561256879307119,0.0,0.0121371780761787,0.0,0.0,0.0,0.0,-0.5535975977089332,0.0,-0.9240177465877264,-0.0855736398023832,-0.0626298242110621,0.0222062303172674,0.0,-0.4091033580896215,-0.8815005933793887,0.0,0.0077724114385924,0.0,0.0,0.0,0.0107510451365361,0.0057997547562791,0.0,0.0095740250116642,0.0,0.0277119271412202,0.0,0.0,0.1029522014031423
432,-0.1474895779915455,0.100808782528373,-0.3936510601935781,0.0175468837368508,0.0,-0.553601666563285,0.398155974346041,0.34038362676759,0.0,0.0,0.0,-0.5034333795439606,-0.1028934059447777,0.0,0.0,0.0,-0.0054884950702581,-0.4700071790120946,0.0,-0.2969755036550299,0.0,0.0,-0.2530130628391901,0.0,0.0,-0.5210773923869572,-0.088356048442479,0.0,0.0,0.3059437651480859,0.2074485728169496,0.0,0.0,0.3090770704379126,0.0,-0.2486880128120952,-0.8902366997660569,-0.7925635324859951,0.035186246276955,0.0,0.0507009934233045,0.0,0.0,0.285872848840301,0.1924068395082256,0.0,0.1410864068569287,0.1448354485235799,0.0,0.0126357868874811,-0.039251001598302,0.0,0.0,0.0,0.0,-0.7876150550045395,0.0,0.0,0.0,0.0500559873637461,0.0,0.0087730533411123,0.0,0.0081686048427787,0.0,0.0,-0.5692385012202374,0.0,-0.9257982010211784,-0.0772262715866424,-0.0584124989066201,0.0216415201457076,0.0,-0.4199720411344977,-0.8817796887362364,0.0,0.0162413662645118,0.0,0.0,0.0,0.0,0.0058966675121385,0.0,0.0068518061134457,0.0,0.0248862310766927,0.0,0.0,0.0690487417775986
433,-0.1425821905115645,-0.0737836166792673,-0.3748749372228992,0.0138753160473265,0.0,-0.5779169287482401,0.3505387251552406,0.3440359394778987,0.0,0.0,0.0,-0.4902146984737447,-0.1358760707332079,0.0,0.0,0.0,0.0,-0.4791260475688683,0.0,-0.318429063795915,0.0,0.0,-0.2718782383283732,0.0,0.0117699613373228,-0.5031041794664937,-0.1076497026377963,0.0,0.0,0.367402841268334,0.1882163749735024,0.0,0.0,0.2308745039624477,0.0,-0.2355340981622871,-0.8939047126891309,-0.7928575705795672,0.0443764318683257,0.0,0.0627153132072604,0.0,0.0,0.2653207793299142,0.196865922439911,0.0,0.1616286798503301,0.1380226002981477,0.0,0.0092452627033318,-0.0465321565957599,0.0,0.0,0.0,0.0,-0.8017746119858492,0.0,0.0,0.0,0.0413826714445338,0.0,0.0070891668360081,0.0,0.0054883602339433,0.0,0.0,-0.5879309015543145,0.0,-0.9264106323463824,-0.0703519752004729,-0.0522429715090911,0.0191341479665772,0.0,-0.4308385316425404,-0.8836504544580617,0.0,0.0301651335600605,0.0,0.0,0.0,0.0061740487195119,0.007236632971182,0.0,0.0,0.0,0.0263330658444055,0.0,0.0,0.0422896650526325
434,-0.1362895484288553,-0.0963689630091947,-0.3577931800321723,0.0139766890299119,0.0,-0.597600062589571,0.248614050535658,0.3442089272681352,0.0,0.0,0.0,-0.4741653269622207,-0.1623218871700256,0.0,0.0093720534339945,0.0,-0.0077146139922346,-0.4933169241473458,0.0,-0.3369035080170356,0.0,0.0,-0.2841643196937529,0.0,0.0141710433648327,-0.4769399655299228,-0.1217965108800558,0.0,0.0,0.4610334851614541,0.2103562578158876,0.0,0.0,0.1498683516673013,0.0,-0.2237014986846508,-0.8963022415425934,-0.790967740685132,0.0526915120959226,0.0,0.074731910197033,0.0,0.0,0.2508860737876015,0.2038755765090368,0.0,0.1791384300279055,0.1295774108976486,0.0,0.0069386283400095,-0.0528992515665161,0.0,0.0,0.0,0.0,-0.8183551273673249,0.0,0.0,0.0,0.0298426846239878,0.0,0.0,0.0,0.0,0.0,0.0,-0.6105236613246666,0.0,-0.9264396075040549,-0.0801584514917888,-0.0436889375029406,0.0173914805500867,0.0,-0.4457236677063688,-0.8845987248598881,0.0,0.0502126505060653,0.0,0.0,0.0,0.0113483053454331,0.0083059497446951,0.0,0.0,0.0,0.0275692928296124,0.0,0.0,0.0402435381478095
435,-0.1235166153148635,-0.1220478480247077,-0.3448169862491763,0.0156083275713012,0.0,-0.617497570954179,0.1899901723441575,0.34213242546459,0.0,0.0,0.0,-0.4720670261716538,-0.1852474638724558,0.0,0.0079021532214323,0.0,-0.0266325992467937,-0.5011028612903639,0.0,-0.3648227563021247,0.0,0.0,-0.2882932276543463,0.0,0.0184033970012082,-0.460007913160611,-0.1239016405381203,0.0,0.0,0.479191898535401,0.233482649875518,0.0,0.0,0.1153699166799846,0.0,-0.2186780929792792,-0.8978366112459573,-0.7893168365730695,0.0589204367667732,0.0,0.0895312402290227,0.0,0.0,-0.1386764276960871,0.1830422632930045,0.0,0.2027030131133832,0.1140949822550655,0.0,0.0,-0.0596557974558569,0.0,0.0,0.0,0.0,-0.8367889147265922,0.0,0.0,0.0,0.0311488698563368,0.0,0.0,0.0,0.0,0.0,0.0,-0.609581353618364,0.0,-0.9266404709574264,-0.0878254075765421,-0.0397659111803663,0.0146482188463662,0.0,-0.4498573718019872,-0.8871863209473472,0.0,0.0869411895531713,0.0,0.0,0.0,0.0190530146831688,0.0095915149180038,0.0,0.0093345290901619,0.0,0.0125621228583519,0.0,0.0,0.0656541093174289
436,-0.1078782252660665,-0.1271681286563531,-0.3367795090749519,0.0158767028508536,0.0,-0.638589571409939,0.1616859390668116,0.3399086337782031,0.0,0.0,0.0,-0.4593114278535902,-0.199377273119806,0.0,0.0,0.0,-0.0417568300730456,-0.5067077642484861,0.0,-0.3968108632655575,0.0,0.0,-0.2838282294800232,0.0,0.0237886000631158,-0.4492150671088561,-0.1155773071700961,0.0131050903239289,0.0,0.4503730908593225,0.2743907976109721,-0.01200808914675,0.0,0.0891636035856666,0.0,-0.2212067826126077,-0.8975953652922803,-0.7875030737385347,0.0620538468568637,0.0,0.1039582184895102,0.0,0.0,-0.1571404097237496,0.1708414416621494,0.0,0.2262914244808955,0.1015438890499746,0.0,0.0,-0.0728634866770641,0.0,0.0,0.0,0.0,-0.8522720798663834,0.0,0.0,0.0,0.0384238301092512,0.0,0.0,0.0,0.0,0.0,0.0,-0.6020196917853179,0.0,-0.9265367539269844,-0.1080552015440362,-0.0362848197413195,0.009235565290337,0.0,-0.4544447518866978,-0.8894794288039094,0.0,0.0654987467998611,0.0,0.0,0.0,0.0203905289328531,0.0103306932464928,0.0,0.0149422766897383,0.0,0.0,0.0,0.0,0.1051492359080313
437,-0.0774481429000142,-0.1207470962405141,-0.3369266965676534,0.0128307747072667,0.0,-0.6482667415794614,0.1454048539872293,0.3342530958998095,0.0,0.0,0.0,-0.4454378459430134,-0.2202262154035272,0.0,0.0,0.0,-0.0562005174118218,-0.5154233857644903,0.0,-0.4269609012635022,0.0,0.0,-0.2779860150799013,0.0,0.0320716740027335,-0.436255885900912,-0.1069222569900674,0.019039841792728,0.0,0.41725324918656,0.3175032842479118,-0.038708139437325,0.0,0.0832442631757989,0.0,-0.2280406236758564,-0.896280776641067,-0.7857728164989523,0.0615456789809244,0.0,0.1187758302658134,-0.0050046652319513,0.0,-0.1695130766589772,0.1592362354880452,0.0,0.2434899628407133,0.0872096082462275,0.0,0.0,-0.0877692494180624,-0.0311110948260878,0.0,0.0,0.0,-0.8584668145008885,0.0,0.0,0.0060178495409275,0.0555397996940885,0.0,0.0,0.0,0.0,0.0,0.0,-0.5946089413155432,0.0,-0.9271227609667724,-0.1263214817844387,-0.0422387683196256,0.0054673561916886,0.0,-0.4586796541824098,-0.8922702687477062,0.0,0.0326607636437054,0.0,0.0,0.0,0.0203939332858989,0.0070657876885476,0.0,0.0222046335102157,0.0,0.0,0.0,0.0,0.1612820847948131
438,-0.041977945071874,-0.1184617283369418,-0.337585571407852,0.0111337784814365,0.0,-0.6603324073012791,0.1444100656840551,0.323440925661007,0.0,0.0,0.0,-0.4328186633940018,-0.2272863782255608,0.0,0.0,0.0,-0.0701767222795143,-0.5237576745055902,0.0,-0.453420451699381,0.0,0.0,-0.2676361439182402,0.0,0.0362367280167088,-0.4362014275250121,-0.0983495318506422,0.021987626170605,0.0,0.3874614952032831,0.3586614061706865,-0.060075295019065,0.0,0.0783948319204227,0.0,-0.2401629021623587,-0.8949585948199164,-0.7840968953984541,0.0574661998031472,0.0,0.1306536206690209,-0.0412583023064421,0.0,-0.1791918416478586,0.1424351603937664,0.0,0.2605923898168643,0.0712337742477412,0.0,0.0054510260535126,-0.0995685600492559,-0.0866737160558055,0.0,0.0,0.0,-0.8638990382808105,0.0,0.0,0.0088711372952843,0.0422203700903272,0.0,0.0,0.0,0.0053111768225667,0.0,0.0,-0.5749579950037474,0.0,-0.926683572512076,-0.1383417890715731,-0.0493291275180062,0.0,0.0,-0.4555349900817472,-0.895543049875521,0.0,0.026622742323773,0.0,0.0,0.0,0.0170414472559404,0.0,0.0,0.0273868204091697,0.0,0.0,0.0,0.0,0.1331727170906466
439,-0.0103288476145067,-0.109268315866799,-0.3460199585032463,0.0099206453937149,0.0,-0.6616684975217615,0.1427814640530411,0.306464468684855,0.0,0.0,0.0,-0.4181489669439394,-0.2183537905208148,0.0,0.0,0.0,-0.0892816635568605,-0.5258066112298209,0.0,-0.4786254396328177,0.0,0.0,-0.2501799562097024,0.0,0.0329178274844057,-0.4350326512878421,-0.0780880672021544,0.0110102883677194,0.0,0.3668228836030358,0.3491992984015824,-0.0637607712015253,0.0,0.0650487196090253,0.0,-0.2523792104736301,-0.8942422210638612,-0.7828492723922984,0.0504887305759892,0.0,0.1397956096370307,-0.0570679979934605,0.0,-0.1785287418884467,0.1414136544638975,0.0,0.3019402726520137,0.055251212007884,0.0,0.0072726261557726,-0.1045983475130563,-0.1405323032482531,0.0,0.0,0.0,-0.8674838972358976,0.0,0.0,0.009494963092228,0.0403199299691178,0.0,0.0,0.0,0.0,0.0,0.0,-0.5600230454883037,0.0,-0.9265204696772642,-0.1424145209235119,-0.0625998368096959,0.0,0.0,-0.4534972871224363,-0.8976075255131652,0.0,0.0238194279491869,0.0,0.0,0.0,0.0136445862767579,0.0,0.0,0.0282928636260123,0.0,0.0,0.0,0.0,0.0754142172411441
440,0.0,-0.0990768490260227,-0.3577703588599298,0.0085705360959315,0.0,-0.6631419018118441,0.1482059552687717,0.2902486773368268,0.0,0.0,0.0,-0.4035823402289363,-0.2193716288285473,0.0,0.0,0.0,-0.0848812251718023,-0.527906469361558,0.0,-0.4876932121224578,0.0,0.0,-0.230004309406487,0.0,0.0298921111216054,-0.4445710625046662,-0.0671484797611195,0.0118716870312322,0.0,0.3787933619831205,0.3303445745238036,-0.0598518957853168,0.0,0.0550570978255982,0.0,-0.2739133420041246,-0.8940969185742591,-0.781933766583162,0.0417119465490235,0.0,0.1448784033315978,-0.0649279480909585,0.0,-0.1940079713778323,0.1438386775550875,0.0,0.3478373316411061,0.0324485854081575,0.0,0.0091613205080608,-0.1225136172761158,-0.1853930495320817,0.0,0.0,0.0,-0.8702509546380601,0.0,0.0,0.0105419084466719,0.0377691478114131,0.0,0.0,0.0,0.0,0.0,0.0,-0.5444512068032922,0.0,-0.9273946824898792,-0.1533342580082657,-0.078255719216539,0.0,0.0,-0.4528535294822591,-0.8995985914957179,0.0,0.0229270563886856,0.0,0.0,0.0,0.0118308782182193,0.0,0.0,0.0188117445130786,0.0,0.0,0.0,0.0,0.0319057474726904
441,0.0,-0.1035688297704321,-0.3757787063783182,0.0069970171272561,0.0,-0.6626698870617347,0.1577135666595431,0.2737171286180033,0.0,0.0,0.0,-0.3853285650612136,-0.219067815991816,0.0,0.0,0.0,-0.0821142823100685,-0.5238546983415925,0.0,-0.4952221462645831,0.0,0.0,-0.2145647665883425,0.0,0.0227797383040615,-0.4415893610753437,-0.0525560300588308,0.0154078258967786,0.0,0.3909341520906893,0.3108340389775126,-0.0424518658627823,0.0,0.0477660180093015,0.0,-0.2896862040638551,-0.8954533667847047,-0.7809152423373878,0.032380332406605,0.0,0.1474973603069106,-0.0833276706467332,0.0,-0.2017060287274235,0.1429479850452141,0.0,0.387596652714969,0.0240574027247859,0.0,0.0109611691600067,-0.1353199456424728,-0.2034010152632736,0.0,0.0,0.0,-0.871958430687811,0.0,0.0,0.0112793042523417,0.0385082137661221,0.0,0.0,0.0,0.0,0.0,0.0,-0.5276746193889872,0.0,-0.9268216627466086,-0.1616330205950826,-0.0970287423032074,0.0,0.0,-0.4542301939722492,-0.9011664941322136,0.0,0.0244032302252715,0.0,0.0,0.0,0.0097137666581235,0.0,0.0,0.0265509912163744,0.0,0.0,0.0,0.0,0.0056793936816693
442,0.0,-0.1064930919247588,-0.3968867609396188,0.0054559820196534,0.0,-0.6583866066679532,0.1683742119738465,0.2603757487842867,0.0,0.0,0.0,-0.3813975420088337,-0.2105588276901293,0.0,0.0,0.0,-0.0696903797277826,-0.5104993994061564,0.0,-0.5030826238909419,0.0,0.0,-0.2062216850289528,0.0,0.0279635702985948,-0.4442533914581771,-0.0427610751751078,0.0192962548880021,0.0,0.4627928565961866,0.2877937996895243,-0.0303175009735397,0.0,0.044212163281343,0.0,-0.3012107482155282,-0.8974031016922677,-0.7803018169661673,0.022537404454141,0.0,0.1446965907211859,-0.0779144932774431,0.0,-0.2050126971379288,0.155095465735886,0.0,0.3916483784627951,0.0167954632414069,0.0,0.0122066407141577,-0.1532226079354713,-0.2341563092742324,0.0,0.0,0.0,-0.8652631994960847,0.0,0.0,0.0113170819476557,0.0437084214953312,0.0,0.0,0.0,0.0,0.0,0.0,-0.5139774603949752,0.0,-0.926186475166178,-0.1601526813905877,-0.116734315231944,0.0,0.0,-0.4539738199226616,-0.9026679980442416,0.0,0.0263116371727807,0.0,0.0,0.0,0.0081754697197014,0.00692611622901,0.0,0.0287373888530989,0.0,0.0,0.0,0.0,0.0
443,0.0,-0.1064029725376337,-0.4229789272507361,0.0,0.0,-0.660631676020662,0.1777063503496219,0.2451161640336814,0.0,0.0,0.0,-0.3574873292975112,-0.2069426252939321,0.0,0.0,0.0,-0.0534108763754959,-0.5007052643147699,0.0,-0.4988417286910848,0.0,0.0,-0.2013983290745865,0.0,0.0253717844428733,-0.4517847190939119,-0.0446044770133099,0.0244614406512796,0.0,0.500105414430275,0.2590264838996885,0.0,0.0,0.0580065658689248,0.0,-0.3146400417856447,-0.899941014598693,-0.7799448256504634,0.013972698653395,0.0,0.138351307367144,-0.0719250876464453,0.0,-0.216844347168143,0.1651798699043523,0.0,0.3925657188039409,0.011169589961186,0.0,0.0075128854955465,-0.1657018139104918,-0.2503715943112838,0.0,0.0,0.0,-0.8566084358840897,0.0,0.0,0.0106544616403797,0.0581807132062402,0.0,0.0,0.0,0.0,0.0,0.0,-0.5054333946115984,0.0,-0.9244201889877868,-0.1559214268788283,-0.1340971408560449,0.0,0.0,-0.4541704891755291,-0.9045250138173776,0.0,0.028741890003332,0.0,0.0,0.0,0.0058338010001887,0.0065506463237711,0.0,-0.0175279568263568,0.0,0.0,0.0,0.0,0.0
444,0.0,-0.1097428895756509,-0.4380656699720691,0.0,0.0,-0.6617819445004409,0.1820975590272808,0.2288972986918224,0.0,0.0,0.0,-0.3365698257640553,-0.1998769469320836,0.0,0.0,0.0,-0.0242135417392423,-0.4881138101310827,0.0,-0.4965782859259585,0.0,0.0,-0.2046126352845464,0.0,0.0231748679551033,-0.4635340645090126,-0.0443673935770454,0.0279619997743396,0.0,0.4758651091825351,0.2301975434124365,0.0,0.0,0.0645888900027214,0.0,-0.3289556510882017,-0.9027290139685422,-0.7801452738545636,0.0084913264827215,0.0,0.1256484390482742,-0.0685711804839146,0.0,-0.2353871447365222,0.1766892732689542,0.0,0.3848603061737538,0.0,0.0,0.0058504801127237,-0.1805796197338967,-0.2547732518836684,0.0,0.0,0.0,-0.8441529469869099,0.0,0.0,0.0094173726051554,0.0821004634009643,0.0,0.0,0.0,0.0064149272673107,0.0,0.0,-0.5080302980127026,0.0,-0.9209336482059464,-0.152675027748295,-0.1524013200130998,0.0,0.0,-0.4570586592956622,-0.9022674443582108,0.0,0.0293372469210034,0.0,0.0,0.0,0.0,0.0,0.0,-0.0300780261988197,0.0,0.0,0.0,0.0,0.0
445,0.0,-0.1164324302161901,-0.4566697126056928,0.0,0.0,-0.671371155504533,0.1801996051192509,0.2174518414308464,0.0,0.0,0.0,-0.3146242010325627,-0.202665213420238,0.0,0.0,0.0,0.0,-0.4779994615596102,0.0,-0.4931190642457558,0.0,0.0,-0.2045498814489556,0.0,0.0231146399246077,-0.4717872915045523,-0.0573600050093486,0.03005329614417,0.0,0.4372951479097584,0.2124980286172418,0.0,0.0,0.0592875493725418,0.0,-0.3440541463631497,-0.9045280990050945,-0.7801944691266156,0.0,0.0,0.1122180008338195,-0.0582027867667263,0.0,-0.251646459198615,0.1868834200055269,0.0,0.3288088650604954,0.0056111707566259,0.0,0.0063566615801811,-0.1882566426419511,-0.2540846978597028,0.0,0.0,0.0,-0.8220740887980384,0.0057798258640847,0.0,0.0078193617910617,0.1269106789328055,0.0,0.0,0.0,0.0076752148191152,0.0,0.0,-0.5248811664075153,0.0,-0.9163527027588416,-0.1546321637663832,-0.1632427405841581,0.009098510557118,0.0,-0.4635278318323337,-0.901548003722184,0.0,0.0278033320262809,0.0,0.0,0.0,0.0,0.0053492649940876,0.0,-0.0535226800919809,0.0,0.0,0.0,0.0,0.0
446,0.0,-0.1205686113421965,-0.4664018140809016,0.0,0.0,-0.6807728391941862,0.1734523336637037,0.2179122452913603,0.0,0.0,0.0,-0.30273414811282,-0.2085487729131303,0.0,0.0,0.0,0.0,-0.4694795172743518,0.0,-0.4988118809869927,0.0,0.0,-0.2178388830598112,0.0,0.0248188744290216,-0.4759722181756725,-0.0657994183619835,0.0304720139449263,0.0,0.3931266572767541,0.1956486917346985,0.0,-0.0156605601400318,0.0520401189387952,0.0,-0.3523910457084277,-0.9040160418500852,-0.7799826641622527,0.0,0.0,0.09742412997813,-0.047539462637602,0.0,-0.2565902017330655,0.1961123918735026,0.0,0.2018085417300167,0.0066962699497422,0.0,0.0,-0.1966553818578652,-0.2504059898302703,0.0,0.0,0.0,-0.7974044518147823,0.0068159856825728,0.0,0.0076436345701851,0.0925710204885282,0.0,0.0,0.0,0.0085473172006827,0.0,0.0,-0.5362724578492956,0.0,-0.9120873126179304,-0.1520868861947196,-0.16800135832131,0.0130225359629127,0.0,-0.4649122211841576,-0.9020822638580248,0.0,0.0247443891829341,0.0,0.0,0.0,0.0,0.0,0.0,-0.0613241769346393,0.0,0.0,0.0,0.0,0.0
447,-0.0192390937796754,-0.1313605530459245,-0.4769676485081898,0.0,0.0,-0.695010517044128,0.1677012794127264,0.220462124336567,0.0,0.0,0.0,-0.3010581957324854,-0.2105493635080028,0.0,0.0,0.0,0.0,-0.4636702225575436,0.0,-0.4920326843566586,0.0,0.0,-0.2280878408434691,0.0,0.0248523708850662,-0.4876320625507241,-0.0749473403763538,0.0292624494103504,0.0,0.3579554707956526,0.1792703529561714,0.0,-0.0225931074900123,0.0432640575236539,0.0,-0.3629984366631953,-0.8992119682860262,-0.7800893285892347,0.0,0.0,0.0802888930310533,-0.0411999452288537,0.0,-0.2702204059590742,0.1997050381311651,0.0,0.1599125706268467,0.0071904149398109,0.0,0.0,-0.2102852101156697,-0.2405939607325849,0.0,0.0,0.0,-0.7710184455094871,0.0078466296716975,0.0,0.0225725426548698,0.0840217548412192,0.0,0.0,0.0,0.008859507538428,0.0,0.0,-0.5451202328718678,0.0,-0.9073026038849448,-0.1531585664171555,-0.1763812485026195,0.0175445912425296,0.0,-0.4673554520916438,-0.9024744925382184,0.0,0.0205085220972969,0.0,0.0,0.0,0.0,0.0,0.0,-0.054876550066663,0.0,0.0,0.0,0.0,0.0055338531333637
448,-0.0831914304360861,-0.1232138878864605,-0.4875353494530948,0.0,0.0,-0.7086286019935293,0.1680140281077698,0.2334013709562427,0.0,0.0,0.0,-0.3084658607398342,-0.2128356930022492,0.0,0.0,0.0,0.0,-0.4630848966140753,0.0,-0.4868208803835953,0.0,0.0,-0.2273934303740627,0.0,0.0232917299271799,-0.5045995598347438,-0.0962395105568896,0.0284649787257715,0.0,0.3441851735366266,0.173279988253823,0.0,-0.0275559562952796,0.0330996283271699,0.0,-0.3739728463005531,-0.89316248843368,-0.7805257354198939,0.0,0.0,0.0663255600164949,-0.02893935464294,0.0,-0.2801426611063972,0.1988847909072949,0.0,0.2247858185033926,0.0,0.0,0.0052825946147796,-0.2143259259906428,-0.2098367335552406,0.0,0.0,0.0,-0.7478399283463266,0.0087321419536569,0.0,0.0327770383400278,0.0737960796430471,0.0,0.0,0.0,0.0085473172006827,0.0,0.0,-0.5470131752588885,0.0,-0.9013607241982736,-0.1537705305559152,-0.1792735768103232,0.0199389892226117,0.0,-0.4654897691522213,-0.9032358963939724,0.0,0.0158291298466705,0.0,0.0,0.0,0.0,0.0,0.0,-0.0555126109770027,0.0,0.0,0.0,0.0,0.0059619917786993
449,-0.1484228832464603,-0.1296066242617481,-0.4987500568711243,0.0,0.0,-0.7202172719796291,0.1722764939562618,0.2543065396161386,0.0,0.0,0.0,-0.331282819550819,-0.2256022949465082,0.0,0.0,0.0,0.0,-0.4688915614742687,0.0,-0.4848924266186444,0.0,0.0,-0.228896977468424,0.0,0.0232484554685644,-0.5254657186925232,-0.1149671424161643,0.0286590249407689,0.0,0.3790556448843737,0.1599618415471937,0.0,-0.0366788768333151,0.0244024337283637,0.0,-0.3884950008660763,-0.8855949524669202,-0.7825605160489714,0.0,0.0,0.0542327989773116,-0.0236829386215494,0.0,-0.2844539161671565,0.199289960506019,0.0,0.2571839252628184,0.0056111707566259,0.0,0.0058284206456019,-0.2240783824730107,-0.164605161784733,0.0,0.0,0.0,-0.7339480847656172,0.0097323122165431,0.0,0.0309269042002204,0.0671671133473708,0.0,0.0,0.0,0.0100432044268172,0.0,0.0,-0.5361398381480564,0.0,-0.8966763591495432,-0.1436745968820926,-0.1856247957413894,0.0215187102476095,0.0,-0.4655763277743245,-0.90541289957471,0.0,0.0113771252647029,0.0,0.0,0.0,0.0,0.0063828043057886,0.0,-0.0500673999908977,0.0,0.0,0.0,0.0,0.0059917144591477
450,-0.2120842767503198,-0.1354442973697035,-0.5015666510493558,0.0,0.0,-0.7229125750925111,0.1799577670260951,0.2772902597746797,0.0,0.0,0.0,-0.3601074459591413,-0.2307228843844938,0.0,0.0,0.0,0.0,-0.4782044763186415,0.0,-0.4615965624868367,0.0,0.0,-0.231493696843703,0.0,0.0277660422935954,-0.5433859357440776,-0.1307533015678022,0.0488019478127934,0.0,0.3766510009042207,0.1424778855011577,0.0,-0.0299595105956243,0.016259293933195,0.0,-0.3934276400495711,-0.8759762053329303,-0.7840380389947762,0.0,0.0,0.0420459356231389,-0.0172561795029765,0.0,-0.2906575430089806,0.1895943508051309,0.0,0.2377866279828226,0.0,0.0,0.0,-0.2347876489596584,-0.0999315964673594,0.0,0.0,0.0,-0.7293048237405959,0.0101070803033584,0.0,0.0215459428179292,0.0602579524901139,0.0,0.0,0.0,0.0074247529807035,0.0,0.0,-0.5283068654885325,0.0,-0.8924336787614466,-0.1466456281638275,-0.1881507881224485,0.0288986505076234,0.0,-0.4743080374319134,-0.9081143911603102,0.0,0.0076146351823873,0.0,0.0,0.0,0.0,0.0097036848067016,0.0,-0.0470893382475665,0.0,0.0,0.0,0.0,0.0057294310063542
451,-0.2604436231047065,-0.1435290754995306,-0.5070847310885318,0.0,0.0,-0.7173115935876251,0.2027833823294878,0.303430790020273,0.0,0.0,0.0,-0.4019262434647573,-0.2376555488032918,0.0,0.0,0.0,0.0,-0.4930048990826611,0.0,-0.4332012618214931,0.0,0.0,-0.2257016123928795,0.0,0.0295054294328502,-0.5635414799352204,-0.1445407853397277,0.0335498290812414,0.0,0.3760132281851286,0.1401572179062167,-0.0249765001291446,-0.0311850604998864,0.0185769513222188,0.0,-0.3948009934959227,-0.8660366884226063,-0.785699183386558,0.0,0.0,0.033815218825526,-0.0122265768981095,0.0,-0.292388398988894,0.1773767547789166,0.0,0.2172253893174915,0.0,0.0,0.0,-0.239938213246607,-0.0474344333394886,0.0,0.0,0.0,-0.7316440889275988,0.0098048569909723,0.0,0.0135464959696007,0.0522633755194414,0.0,0.0,0.0,0.0057364884361825,0.0,0.0,-0.5145984268254871,0.0,-0.8908746469559579,-0.140252989516412,-0.1965361505585919,0.0304638450196738,0.0,-0.4754435593210177,-0.9119645431184916,0.0,0.0,0.0,0.0,0.0,0.0,0.0124217601913375,0.0,-0.0452297420206603,0.0,0.0,0.0,-0.0047696204811823,0.0
452,-0.2933817963682898,-0.1552635387790475,-0.5082360768553403,0.0,0.0,-0.7089521677735148,0.1591538915824969,0.3269115191308445,0.0,0.0,0.0,-0.4440635344873056,-0.2269690803842166,0.0,0.0,0.0,0.0,-0.5078232591739505,0.0,-0.409975948900907,0.0,0.0,-0.2175823289594059,0.0,0.0236999348172079,-0.5869303806669015,-0.1554889339651767,0.0208197961917123,0.0,0.3790332522654507,0.1373549210577496,-0.0503237089389889,-0.0328123253744552,0.036700293916498,0.0,-0.3946136825184433,-0.8568595673111377,-0.7877027472449362,0.0,0.0,0.0276519761603363,-0.008746419602555,0.0,-0.2949448727506338,0.1569627516442479,0.0,0.2285647195491564,0.0,0.0,0.0,-0.2439527088635862,0.0,0.0,0.0,0.0,-0.7437705238279599,0.0094063922695235,0.0,0.0,0.0441491306458308,0.0,0.0,0.0,0.0060679436801776,0.0,0.0,-0.4932086069357055,0.0,-0.8917851335874509,-0.1285681035158945,-0.2021775485982763,0.0305100172559446,0.0,-0.4810983851540338,-0.9171339859388872,0.0,0.0,0.0,0.0,0.0,0.0,0.0126702408425001,0.0,-0.0449666601447676,0.0,0.0,0.0,-0.0124472569064902,0.0
453,-0.3069202344752686,-0.1640843454871222,-0.5069371339819063,0.0,0.0,-0.6778183832587568,0.1572787212519954,0.3182730514802506,0.0,0.0,0.0,-0.4848200431159319,-0.2165858762298445,0.0,0.0,0.0,0.0,-0.5232595908935515,0.0,-0.3724134491875779,0.0,0.0,-0.2007034286070543,0.0,0.0271454290837482,-0.59450731833814,-0.1631532469723462,0.0147223113170364,0.0,0.4030910947985719,0.1379413961076041,-0.0791447987615893,-0.033792955790427,0.0617149485202748,0.0,-0.3849097079012467,-0.8502350951222799,-0.7896501072479409,-0.0131580741465166,0.0,0.0245699917306706,0.0,0.0,-0.3021499071577708,0.1343195176715529,0.0,0.24506575434441,0.0,0.0,0.0,-0.2434693256395275,0.0,0.0,0.0,0.0,-0.7598744430137069,0.0086180356231696,0.0,0.0,0.0365360623960847,0.0,0.0,0.0,0.0058612877362232,0.0,0.0,-0.4642049484701113,0.0,-0.8966070761632521,-0.1223069434464259,-0.2091069291391341,0.027808308907929,0.0,-0.4933872526416725,-0.9227053794968714,0.0,0.0,0.0,0.0,0.0,0.0,0.0186007826545239,0.0,-0.0478562833707271,0.0,0.0,0.0,-0.0240221926076682,0.0
454,-0.3037844659757866,-0.1744988206649979,-0.4968142259179517,0.0,0.0,-0.6438337098750655,0.1558875402996555,0.2690098110000893,0.0,0.0,0.0,-0.5223858031522578,-0.1996524997780239,0.0,0.0,0.0,0.0,-0.5393655970677619,0.0,-0.3332101130170101,0.0,0.0,-0.1950123806448301,0.0,0.0286900196214638,-0.6104052970363676,-0.1689438751959462,0.0157183127446981,0.0,0.4108613960784656,0.1405371110480535,-0.1051149535611977,-0.0286444388713191,0.1047037639290635,0.0,-0.3662714770753815,-0.8443499361391351,-0.7906874904907171,-0.0173374197056567,0.0,0.0220536017900245,0.0,0.0,-0.3121371327143335,0.1122890540884338,0.0,0.269610750925159,0.0,0.0,0.0,-0.2415650229977378,0.0,0.0,0.0,0.0,-0.7809560783633162,0.0087234552838994,0.0,0.0,0.024960507961508,0.0,0.0,0.0,0.0056547483332082,0.0,0.0,-0.4386774107968292,0.0,-0.903233654695098,-0.1171761588235889,-0.2191525122334231,0.0252043827443278,0.0,-0.4990758364697052,-0.9279188711015784,0.0,0.0,0.0,0.0,0.0,0.035131811186433,0.017535024700627,0.0,-0.0543912297430656,0.0,0.0,0.0,-0.017333570832304,0.0
455,-0.3011353197579703,-0.194966086408609,-0.4908411896138081,0.0059662024520298,0.0,-0.6053232935769718,0.1489904627325002,0.2305684863325899,0.0,0.0,0.0,-0.5557085500437465,-0.1721242371873449,0.0,0.0,0.0,0.0,-0.5504245946708233,0.0,-0.2982266329479033,0.0,0.0,-0.1816344076825718,0.0,0.0325366382150172,-0.6152366298236688,-0.1737931440320864,0.0174148259230896,0.0,0.4011575001114167,0.1426082621426469,-0.111047357853828,-0.0254757175778562,0.0835304260123474,0.0,-0.3379796889228701,-0.8423258293729847,-0.7910997700488995,-0.0184873440794769,0.0,0.0208795778128865,0.0,0.0,-0.3097492292292944,0.0954126594293501,0.0,0.2803146403317014,0.0,0.0,0.0,-0.2302121163704111,0.0,0.0,0.0,0.0,-0.8033633361746804,0.0082567871789294,0.0,0.0,0.020070883703362,0.0,0.0,0.0,0.0,0.0,0.0,-0.4096396870722932,0.0,-0.91071891704715,-0.1084532586746551,-0.2208569248220522,0.0241907123938736,0.0,-0.5074631831208765,-0.9323030444357934,0.0,0.0,0.0,0.0,0.0,0.0619068302415246,0.0173079983636127,0.0,-0.0573463632485698,0.0,0.0,0.0,-0.0133342052438192,0.0
456,-0.2747985683757552,-0.206367215798115,-0.4725394567531775,0.0076693103128989,0.0,-0.572328107005276,0.1356618234403935,0.2220168575540557,0.0,0.0,0.0,-0.5784827963601934,-0.1460133696650346,0.0,0.0,0.0,0.0,-0.5604581187974851,0.0,-0.2662986213387099,0.0,0.0,-0.1679542479115297,0.0,0.0280960049009254,-0.6182379385436113,-0.1690564025957729,0.0192248523315805,0.0,0.4078995673657331,0.1667956404894224,-0.1201138427796993,-0.0282335673862835,0.062784354280897,0.0,-0.3109049273939774,-0.8433753239612011,-0.7896604048438526,-0.0116531297769616,0.0,0.0199016411538197,0.0,0.0,-0.3098362312752041,0.1070459336632284,0.0,0.2839198980318792,0.0,0.0,0.0,-0.215918635874699,0.0,0.0,0.0,0.0,-0.8258970985325644,0.0090020582956246,0.0,0.0,0.0160938811486915,0.0,0.0,0.0,0.0,0.0,0.0,-0.4012395805053422,0.0,-0.919306114464458,-0.0967345060647779,-0.2272320163843946,0.0203259024602072,0.0,-0.5092037073182852,-0.9366514100962816,0.0,0.0,0.0,0.0,0.0,0.0771877030222662,0.0157084755176529,0.0,-0.0643956971007807,0.0,0.0,0.0,0.0,0.0
457,-0.2404086763809839,-0.2131473894927479,-0.4429784366906422,0.0091760360972311,0.0,-0.5420996987809288,0.1262689443091327,0.2051736331812155,0.0,0.0,0.0,-0.580632021771418,-0.1182324415768676,0.0,0.0,0.0,0.0,-0.5688971253368841,0.0,-0.2431003715055682,0.0,0.0,-0.1657240543964483,0.0,0.0198524426824802,-0.6135295333914739,-0.152882236555317,0.0205370726558019,0.0,0.3820023652405253,0.1559239163479214,-0.1142784160199093,-0.0292371699676199,0.0539882977626461,0.0,-0.2780612673774068,-0.8510714461257889,-0.7877994117442298,0.0,0.0,0.0201720038775154,0.0,0.0,-0.3198636468358773,0.1330994701230948,0.0,0.3142063483617064,0.0,0.0,0.0,-0.1989385588130002,0.0,0.0,0.0,0.0,-0.8499781131024339,0.0090997085688611,0.0,0.0,0.012636318996164,0.0,0.0,0.0,0.0,0.0,0.0,-0.3991738449367841,0.0,-0.9266035733176432,-0.0926577284744132,-0.2344288018885178,0.0159955691987633,0.0,-0.5108601199202394,-0.9406333785086742,0.0,0.0,0.0,0.0,0.0,0.0710193490421993,0.013525957841705,0.0,-0.0798029178953799,0.0,0.0,0.0,0.0,0.0
458,-0.2040321551324733,-0.2193670385120418,-0.4155831414182103,0.0102186704888854,0.0,-0.5189851531348869,0.1461735199080476,0.1864791049439854,0.0,0.0,0.0,-0.5912155615287418,-0.0893178401669673,0.0,0.0,0.0,0.0,-0.5723573894683135,0.0,-0.2389109857202377,0.0,0.0,-0.1582811123913983,0.0,0.0131542038361107,-0.5981113217439408,-0.1377292726574603,0.0200560959365301,0.0,0.3757185540253079,0.1432193633705826,-0.1112035400773287,-0.030556863480504,0.0556876043126505,0.0,-0.2454989290814397,-0.8565089684925349,-0.7849371984611583,0.0068071826431771,0.0,0.0269356201018727,0.0,0.0,-0.3209607340316525,0.1086671834337015,0.0,0.3331888466073192,0.0,0.0,0.0,-0.1791093332679677,0.0,0.0,0.0,0.0,-0.8580055063337557,0.0140306992320825,0.0,0.0,0.0085375492116794,0.0,-0.0078309259664064,0.0,0.0,0.0,0.0,-0.4084857719828074,0.0,-0.9320500804422074,-0.0921414578786376,-0.2361910538055288,0.0134030982649021,0.0,-0.5054715159970857,-0.9440041698438252,0.0,0.0,0.0,0.0,0.0,0.0655014608364384,0.0123755172601075,0.0,-0.0789072751694319,0.0,0.0,0.0,0.0,0.0
459,-0.1627301793971637,-0.2096526980270447,-0.3999890086887924,0.0105919069227664,0.0,-0.5067810700668405,0.1601951310486771,0.1663834422572198,0.0,0.0,0.0,-0.5898579994356012,-0.0660071683234149,0.0,0.0,0.0,0.0,-0.5717139829070431,0.0,-0.249373616812,0.0,0.0,-0.1424682137647152,0.0,0.0055813907300961,-0.5793695421298946,-0.1248196752612109,0.019685505042831,0.0,0.3850636421034935,0.1428154137119237,-0.1107879158839596,-0.0244777708879757,0.0644179291723186,0.0,-0.2237232954774985,-0.8621311770265452,-0.781305276644669,0.0095050415647022,0.0,0.0342748741474965,0.0,0.0,-0.3187767064662666,0.0905950961208152,0.0,0.3407847816762791,0.0,0.0,0.0,-0.1511040310338443,0.0,0.0,0.0,0.0,-0.8622455048612729,0.015645238924565,0.0,0.0,0.0057452808738468,0.0,-0.0064005922032188,0.0,0.0,0.0,0.0,-0.4110144292353361,0.0,-0.9368853769133724,-0.0928200909772685,-0.232271267271492,0.0113541941456394,0.0,-0.4959569139826595,-0.9461083193948548,0.0,0.0,0.0,0.0,0.0,0.0597928072516967,0.0105611358126917,0.0,-0.0808725565306552,0.0,0.0,0.0,0.0,0.0
460,-0.1166399271731424,-0.194080814546516,-0.3780039231080124,0.0102186704888854,0.0,-0.5073683230135624,0.2307433571091389,0.1414395380287963,0.0,0.0,0.0,-0.5852060812211523,-0.0517107545454493,0.0,0.0,0.0,0.0,-0.5644249691852932,0.0,-0.2771406467180852,0.0,0.0,-0.1426783873576895,0.0,0.0,-0.5513374950519387,-0.0975467268459907,0.0180012463911197,-0.0359471712945877,0.4020161631437435,0.156608253802975,-0.0998683268037049,-0.0169885077627616,0.0727525626854487,0.0,-0.2126710184795838,-0.8678558409866963,-0.7779549982848163,0.012364319673374,0.0,0.0408694329521142,0.0,0.0,-0.3216553454497823,0.1105280171493472,0.0,0.325236876973286,0.0,0.0,0.0,-0.1250392558932969,0.0,0.0,0.0,0.0,-0.8652590811505503,0.0174745473170571,0.0,0.0,0.0,0.0,0.0,0.0,0.0,0.0,0.0,-0.4212757428571641,0.0,-0.9377339191720376,-0.0915202814979579,-0.2284155374355627,0.007482418186477,0.0,-0.4846101241639268,-0.9457777025984822,0.0,0.0,0.0,0.0,0.0,0.0529238580756345,0.0084050144067424,0.0,-0.0708243968450222,0.0,0.0,0.0,0.0,0.0
461,-0.0644241184942533,-0.1684476805237927,-0.364991909362905,0.0091760360972311,0.0,-0.5178382084795689,0.24200192260651,0.1695574103068486,0.0,0.0,0.0,-0.5730115822771745,-0.0509488675800231,0.0,-0.0135213655135858,0.0,0.0,-0.5609041532326733,0.0,-0.3132449150169886,0.0,0.0,-0.137046309731376,0.0,0.0,-0.5185750021743298,-0.0871432054699629,0.0153366108668699,-0.0643058977023325,0.4313624762298098,0.1797894343590968,-0.0849099524397224,-0.011838359000103,0.0798306228029596,0.0,-0.214404133769,-0.8741638289544351,-0.7749899737615272,0.0149847008619997,0.0,0.0466289962985781,0.0,0.0,-0.3290785680531343,0.1348810257702772,0.0,0.2586517251943661,0.0,0.0,0.0,-0.1074115747707873,0.0,0.0,0.0,0.0,-0.8680829371946475,0.0187000835556885,0.0,0.0,0.0,0.0,0.0,0.0,0.0,0.0,0.0,-0.4345413795881779,0.0,-0.933588479637642,-0.0963528139468139,-0.2321738400180991,0.0076403088780723,0.0,-0.4656885271945734,-0.9443979837215468,0.0,0.0,0.0,0.0,0.0,0.0458355328888664,0.0061844827711466,0.0,-0.0522932920212229,0.0,0.0,0.0,0.0,0.0
462,-0.0119758515282389,-0.150926804695765,-0.3666328187622618,0.0076693103128989,0.0,-0.5397713193727551,0.2408184972163954,0.2109528822090667,0.0056022657962166,0.0,0.0,-0.5612274867894924,-0.0645921490716219,0.0,-0.0376618331278395,0.0,0.0,-0.5540839470816278,0.0,-0.3515154250954456,0.0,0.0,-0.1377178243518235,0.0,0.0,-0.4774598867884115,-0.0733599336872004,0.0121742338244874,-0.0752563794777574,0.4487461494298659,0.2186910007154931,-0.0648604084644386,-0.004828067019347,0.0551064018515086,0.0,-0.2267959968878415,-0.8805921528600056,-0.7729140725049977,0.016920844958138,0.0,0.052035282091835,0.0,0.0,-0.3299613383420668,0.1626325507186947,0.0,0.2693240089443773,0.0,0.0,0.0,-0.092066072243929,0.0,0.0,0.0,0.0,-0.8702370668575661,0.0138593395149865,0.0,0.0,0.0,0.0,0.0,0.0,0.0,0.0,0.0,-0.4464055372304683,0.0,-0.9276202280531224,-0.1008299922989853,-0.2317673924695129,0.0083895742230852,0.0,-0.4558321443694708,-0.9422464846655668,0.0,0.0,0.0,0.0,0.0,0.0447623742541774,0.0,0.0,-0.0290374674978566,0.0,0.0,0.0,0.0,0.0
463,0.0,-0.1436977633578964,-0.3845166981802371,0.0059662024520298,0.0,-0.5657435521086316,0.2364717998215864,0.2529286845051048,0.0062388276981567,0.0,0.0,-0.5545341797592832,-0.0829113564866803,0.0,-0.047148661828846,0.0,0.0,-0.543582574041844,0.0,-0.3946430165432618,0.0,0.0,-0.1391050296199753,0.0,0.0,-0.4430072927640086,-0.0604745395949519,0.0090043727108013,-0.0746681869966646,0.4545614565727782,0.2413921480560643,-0.0506028451413741,0.0,0.0475537371950807,0.0,-0.2527549866803527,-0.88517093083532,-0.7723390858028859,0.0178044721294654,0.0,0.0532359700592636,0.0,0.0,-0.334935241474534,0.1937794446720234,0.0,0.2243263748988788,0.0,0.0,0.0,-0.0794898115874842,0.0,0.0,0.0,0.0,-0.8668915631265173,0.0100857391546535,0.0,0.0111909098199197,0.0133089909004388,0.0,0.0,0.0,0.0,0.0,0.0,-0.4599295362876258,0.0,-0.9209811768834276,-0.1132257034989015,-0.2322089209954543,0.0101683558306059,0.0,-0.435056097117024,-0.9384675610915988,0.0,0.0,0.0,0.0,0.0,0.0452908360464123,0.0,0.0,0.0,0.0,0.0,0.0,0.0,0.0
464,0.0,-0.1273542952034088,-0.4073212068369943,0.0,0.0,-0.5932881867783636,0.2400576532400776,0.3052889289908314,0.0064667005710701,0.0,0.0,-0.5475984088282864,-0.106079803777967,0.0,-0.0479833828796621,0.0,0.0,-0.5362496402214489,0.0,-0.4317737798166975,0.0,0.0,-0.1352412772659414,0.0,0.0,-0.3912857209788684,-0.057146366518392,0.0069450445346597,-0.0498365531529639,0.47097072688227,0.2687876472879196,-0.0375104390491109,0.0,0.0573786097624928,0.0,-0.2896157454656926,-0.886322806481521,-0.7729907423573794,0.0174585751689885,0.0,0.0527969151687593,0.0,0.0,-0.3450416609192633,0.2227245551208503,0.0,0.1835867329195166,0.0,0.0,0.0,-0.0717898748052416,0.0,0.0,0.0,0.0,-0.8620474688609323,0.007523177822863,0.0,0.0,0.0245465315418114,0.0,0.0,0.0,0.0,0.0,0.0,-0.4730742888632324,0.0,-0.9114229766129732,-0.1213084822045289,-0.2321340009146283,0.0116867642426879,0.0,-0.4182561121488166,-0.9337677299067916,0.0,0.0,0.0,0.0,0.0,0.0663148566804252,0.0,0.0,0.0,0.0,0.0,0.0,0.0,0.0
465,0.0,-0.1180762424542739,-0.4275528796254189,0.0,0.0,-0.6232738023668947,0.2469652477149539,0.3565362102426896,0.0,0.0,0.0,-0.5468740362892163,-0.1380518893298461,0.0,-0.046846796217433,0.0,0.0,-0.5274457993418779,0.0,-0.4754127351482837,0.0,0.0,-0.1263733552152215,0.0,0.0,-0.3526787554614176,-0.0637935263712101,0.0,-0.0170758886665274,0.5065713373189623,0.3048497030332813,-0.0127997938181731,0.0,0.074567249344568,0.0,-0.3288434085602555,-0.8888866375903794,-0.7747963347438509,0.0159552389837568,0.0,0.0500985444577409,0.0,0.0,-0.358235166094446,0.2514785811155584,0.0,0.1559459104677136,0.0,0.0,0.0,-0.0659393754710352,0.0,0.0,0.0,0.0,-0.8556361055783381,0.0073760130901794,0.0,0.0,0.0413576347895041,0.0,0.0,0.0,0.0,0.0,0.0,-0.4651807804437535,0.0,-0.9018010520519693,-0.1261664345515725,-0.2308524207758323,0.0126676455849791,0.0,-0.4066718368039169,-0.9294596738855456,0.0,0.0,0.0,0.0,0.0,0.0912129260051956,0.0,0.0,0.0,0.0,0.0,0.0,0.0,0.0
466,0.0,-0.1255862580757339,-0.448160220368807,0.0,0.0,-0.6491175477864721,0.2519344967140232,0.3475308544848239,0.0,0.0,0.0,-0.5505848358552589,-0.1631801129156411,0.0,-0.0345804251606171,0.0,0.0,-0.5223322625806899,0.0,-0.5050082703545373,0.0,0.0,-0.1267275787515046,0.0,0.0,-0.3196049491428075,-0.0826047432432494,0.0,0.0,0.5607675320901225,0.3360418514819251,0.0,0.0,0.0675003840230643,0.0,-0.3643464556886341,-0.8904607812062175,-0.7773005675349315,0.0135911899834329,0.0,0.0477606753349755,0.0,0.0,-0.374937399010106,0.2718119426563909,0.0,0.1389013449453814,0.0,0.0,0.0,-0.0704230053212258,0.0,0.0,0.0,0.0,-0.8488512856587367,0.0067688784501888,0.0,0.0,0.0578449251762321,0.0,0.0,0.0,0.0,0.0,0.0,-0.4572400180775389,0.0,-0.8920267743310668,-0.1369297183846454,-0.2236077395002356,0.0130423467844643,0.0,-0.3996833954549055,-0.926137989598387,0.0,0.0,0.0,0.0,0.0,0.1009400094071598,0.0,0.0,0.0,0.0,0.0,0.0,0.0,0.0
467,0.0,-0.137649432156166,-0.4603428137324081,0.0,0.0,-0.6670275844358958,0.2842465922310388,0.3634320875689924,0.0,0.0,0.0,-0.554250767959924,-0.1992658186820777,0.0,-0.0256947494502579,0.0,0.0,-0.5178043631286787,0.0,-0.5099421456924599,0.0,0.0,-0.1206971998640504,0.0,0.0,-0.2921543376589656,-0.0986467914819295,0.0,0.0,0.6156393154892165,0.4076887575620141,0.0,0.0,0.0605961513934924,-0.0028423570849912,-0.3870408002770757,-0.8905480540081108,-0.7797065529789199,0.008328033044922,0.0,0.0444770593605108,0.0,0.0,-0.3837096409352181,0.2580664634470029,0.0,0.1310286419281151,0.0,0.0,0.0,-0.0822530679285717,0.0,0.0,0.0,0.0,-0.8358719644192222,0.0061079081823361,0.0,0.0,0.0757456419310701,0.0,0.0,0.0,0.0,0.0,0.0,-0.447731908500594,0.0,-0.8816813579720075,-0.1498557415182335,-0.213351862767409,0.0,0.0,-0.3941253503883655,-0.9222024765353268,0.0,0.0,0.0,0.0,0.0,0.0824141358434321,0.0,0.0,0.0,0.0,0.0,0.0,0.0,0.0
468,0.0,-0.1576136691711937,-0.4584530100810414,0.0,0.0,-0.689151700656107,0.3206511306164474,0.3865256129175438,0.0,0.0,0.0,-0.5548518734648393,-0.2255103611285944,0.0,-0.0228379646719884,0.0,0.0,-0.5172974376682486,0.0,-0.4997903311112577,0.0,0.0,-0.1119553457077756,0.0,0.0,-0.281719602719545,-0.1139189083800657,0.0,0.0,0.6693232155159338,0.4390373489666639,0.0,0.0,0.0551408482117554,-0.0271822438447344,-0.4018054797137388,-0.8886811762558429,-0.7820364975745694,0.0,0.0,0.0486751748816755,0.0,0.0,-0.3943494526735245,0.2248450704807194,0.0,0.1225216033801989,0.0,0.0,0.0,-0.0915491269066729,0.0,0.0,0.0,0.0,-0.8240692963310152,0.0062223195162411,0.0,0.0,0.0928541049929208,0.0,0.0,0.0,0.0,0.0,0.0,-0.437804790165604,0.0,-0.8730392650736647,-0.1565708124930754,-0.2054906320182637,0.0,0.0,-0.3889751331052529,-0.919478898748777,0.0,0.0,0.0,0.0,0.0,0.0660449439529025,0.0,0.0,0.0,0.0,0.0,0.0,0.0,0.0
469,0.0,-0.1793176784957676,-0.4445201809454692,0.0,0.0,-0.6989184420374461,0.3470335340063313,0.4403798421261645,0.0,0.0,0.0,-0.5633864631378381,-0.2444116151972608,0.0,-0.0257429493717424,0.0,0.0,-0.5155818685260293,-0.0358199466962686,-0.4859992611214675,0.0,0.0,-0.1005231204789078,0.0,0.0,-0.2712447077040248,-0.1343723044213437,0.0,0.0,0.7223887549136063,0.4405646947077611,0.0,0.0,0.0523468390422337,-0.0486253311598081,-0.4089154465320516,-0.8861028921816096,-0.7841241808692002,0.0,0.0,0.0528333700830031,0.0,0.0,-0.3981386758495602,0.1920319133829579,0.0,0.1415527234660809,0.0,0.0,0.0,-0.1010801133289566,0.0,0.0,0.0,0.0,-0.8143098417187621,0.0,0.0,0.0,0.1065525847125873,0.0,0.0,0.0,0.0,0.0,0.0,-0.4297458881751488,0.0,-0.8674626922006978,-0.168244772787981,-0.1893161568558106,0.0,0.0,-0.3805616614311798,-0.9186277482081522,0.0,0.0117093651606301,0.0,0.0,0.0,0.0535265581913921,0.0,0.0,0.0,0.0,0.0,0.0,0.0,0.0
470,0.0,-0.1944757506375379,-0.4191385743131536,0.0,0.0,-0.6966396157076858,0.3694295448531459,0.4772587996420205,0.0,0.0,0.0,-0.5743007618912049,-0.2409922214186712,0.0,-0.0449439995753849,0.0,0.0,-0.5197269935978328,-0.0736874034714497,-0.4609039447622068,0.0,0.0,-0.0987108471454364,0.0,0.0,-0.2833982847446021,-0.1384707056874493,0.0,0.0,0.7630568176170136,0.4286785882322558,0.0,0.0,0.0548540002599174,-0.0653521194496703,-0.4061962433647019,-0.8847114799901861,-0.7854548063491471,0.0,0.0,0.0544413181514283,0.0,0.0,-0.402394845269012,0.1452008774417733,0.0,0.2028721851450767,0.0,0.0,0.0,-0.1100320521587485,0.0,0.0,0.0,0.0,-0.8104640875428906,0.0,0.0,0.0,0.1154800739536701,0.0,0.0,0.0,0.0,0.0,0.0,-0.4240067183502488,0.0,-0.864305499237044,-0.1775659277825712,-0.1830846348282194,0.0,0.0,-0.3801647732274769,-0.9191736622190896,0.0,0.0091161560926924,0.0,0.0,0.0,0.0415854092534151,0.0,0.0,0.0,0.0,0.0,0.0,0.0,0.0
471,0.0,-0.2157992732020492,-0.3942400727047411,0.0,0.0,-0.6865087923704944,0.3933691846666702,0.4828370356912024,0.0,0.0,0.0,-0.5872805427856681,-0.2279617776880833,0.0,-0.046769974054487,0.0,0.0,-0.5249353372054005,-0.1220748215992124,-0.428978707917606,0.0,0.0,-0.1018108259826205,0.0,0.0,-0.2990307183315869,-0.1408338393616862,0.0,0.0,0.7917529167249017,0.4087699374061329,0.0,0.0063627135676486,0.070052166449281,-0.0742655087661647,-0.3847832347036758,-0.8840153863740965,-0.7865111744856252,0.0,0.0,0.0551543588555301,0.0,0.0,-0.3892672726835435,0.1174900392531158,0.0,0.1738802127645784,0.0,0.0,0.0,-0.1244352151757761,0.0,0.0,0.0,0.0,-0.8129221936054521,0.0,0.0,0.0,0.1167011021008506,0.0,0.0,0.0,0.0,0.0,0.0,-0.4104731037992397,0.0,-0.8622110828200511,-0.1836518972170382,-0.1630237141903692,0.0,0.0,-0.3800729333423113,-0.9202952909365938,0.0,0.0066286745860061,0.0,0.0,0.0,0.0301302445393505,0.0,0.0,0.0,0.0,0.0,0.0,0.0,0.0
472,0.0,-0.2381273546996246,-0.3731346929631895,0.0,0.0,-0.6845287638422747,0.4131526451015603,0.4777493691238483,0.0,0.0,0.0,-0.5926794351471648,-0.2129245180521897,0.0,-0.0632844328139705,0.0,0.0,-0.5310134476334105,-0.160308060357126,-0.3975078706452928,0.0,0.0,-0.0907308651101077,0.0,0.0071891132187066,-0.3234254203193594,-0.1413104706224213,0.0,0.0,0.8010904379571138,0.3735442118501849,0.0,0.0090685870142605,0.1232371778418421,-0.0679333543753726,-0.368457078674316,-0.8827870407188017,-0.7858224853619432,0.0,0.0,0.0550168241587235,0.0,0.0,-0.3742425700649818,0.0899447354690449,0.0,0.1215593669830896,0.0,0.0,0.0054963818766499,-0.1287606441924708,0.0,0.0,0.0,0.0,-0.8162898986423739,0.0,0.0,0.0,0.1121528768283907,0.0,0.0,0.0,0.0,0.0,0.0,-0.4001448912294689,0.0,-0.8626621444130458,-0.1870322655044237,-0.1436088760823634,0.0,0.0,-0.368586079676188,-0.9223101983908624,0.0,0.0,0.0,0.0,0.0,0.0195185458419015,0.0,0.0,0.0,0.0,0.0,0.0,0.0,0.0
473,0.0,-0.2527729524113052,-0.3498305558250195,0.0,0.0,-0.6707361168883569,0.4255442730640159,0.4407008145558569,0.0,0.0,0.0,-0.5991470153624364,-0.1888560299377062,0.0,-0.0688226368350581,0.0,0.0,-0.5359897751980311,-0.1778123968326095,-0.3619881336346945,0.0,0.0,-0.0943175899919413,0.0,0.0,-0.3568331527431753,-0.125352171754174,0.0,0.0,0.7874144056131859,0.33740591391131,0.0,0.0074433765510071,0.181678345242724,-0.0410046746904559,-0.3508459678794622,-0.8815106330851981,-0.7848997008701967,0.0,0.0,0.0521081700434848,0.0,0.0,-0.3627419858650064,0.07272614224664,0.0,0.0972534059641064,0.0,0.0,0.0103854863362472,-0.1390685180897034,0.0,0.0,0.0,0.0,-0.8262352034967835,0.0062692272889071,0.0,0.0,0.1019677118763055,0.0,0.0,0.0,0.0,0.0,0.0,-0.4021933558865539,0.0,-0.8669854712565055,-0.1885013960986768,-0.1264334579305772,0.0,0.0,-0.3602105464177093,-0.9231001820399074,0.0,0.0,0.0,0.0,0.0,0.0131577930758544,0.0,0.0,0.0,0.0,0.0,0.0,0.0,0.0
474,0.0,-0.2485336064650364,-0.3369902972077598,0.0,0.0,-0.6593604257184412,0.4253032217708342,0.4210527482442245,0.0,0.0,0.0,-0.6065445126355177,-0.1586711923946599,0.0,-0.0741395153876979,0.0,0.0,-0.5373849847718895,-0.2044056642936073,-0.33873938198505,0.0,0.0,-0.1136549882884959,0.0,0.0,-0.3966298238380499,-0.106983053792679,0.0,0.0,0.7576399799481042,0.3088076865577748,0.0,0.0,0.2534026470748181,-0.0170212227520286,-0.3328093532988129,-0.8823655076367438,-0.7843067674560655,0.0,0.0,0.0480164215868821,0.0,0.0,-0.3479301404227094,0.0557533274833549,0.0,0.0702175481574392,0.0064854752384492,0.0,0.0168715235590476,-0.142438776138887,0.0,0.0,0.0,0.0,-0.8368457370684029,0.0069815732203366,0.0,0.0,0.0976350486287287,0.0,0.0,0.0,0.0,0.0,0.0,-0.4146122928080386,0.0,-0.8723058519671292,-0.1895585046377181,-0.1175320802885114,0.0,0.0,-0.3484349734232616,-0.9244640214044182,0.0,0.0,0.0,0.0,0.0,0.0076371538263305,0.0,0.0,0.0,0.0,0.0,0.0,0.0,0.0
475,0.0,-0.2389175076583818,-0.3405367073205552,0.0,0.0,-0.6464991335632936,0.4249675153947433,0.4033266558104726,0.0,0.0,0.0,-0.6148701796317801,-0.1291744523206777,0.0,-0.0755348459495589,0.0,0.0,-0.5382783574054133,-0.2196537984768663,-0.3280845690816553,0.0,0.0,-0.1197091009418303,0.0,0.0,-0.4381690488675193,-0.0882023876341858,0.0,0.0,0.7101270114117789,0.3611042838442926,0.0,0.0,0.3438126983199865,0.0,-0.3208393823756345,-0.8844213307615916,-0.7836439110949126,0.0,0.0,0.0434401533911201,0.0,0.0,-0.3324904251793264,0.075840739456273,0.0,0.0627941735123888,0.0090047932267109,0.0,0.0244598785680108,-0.1388495602103665,0.0,0.0,0.0,0.0,-0.8452273709287081,0.0072365748366889,0.0,0.0,0.0924353046737467,0.0,0.0,0.0,0.0,0.0,0.0,-0.4236227359285097,0.0,-0.8797045795959617,-0.1928727878789089,-0.1099314047830775,0.0,0.0,-0.336544371161655,-0.924986817005906,0.0,0.0,0.0,0.0,0.0,0.0,0.0,0.0,0.0,0.0,0.0,0.0,0.0,0.0
476,-0.0050071477363497,-0.2236100673470598,-0.3607344898453983,0.0,0.0,-0.6332861245176765,0.3513633969448592,0.3938260330421551,0.0,0.0,0.0,-0.6324413809046837,-0.0959706668219588,0.0,-0.066871365348671,0.0,0.0,-0.5310787572466936,-0.2382034572497612,-0.328144445378273,0.0,0.0,-0.1283217947874116,0.0,0.0,-0.4795971525988013,-0.0683292791358376,0.0,0.0,0.6696005006420797,0.4101044580341578,0.0,0.0,0.4282274451918871,0.0,-0.3175099964261997,-0.8871573129856549,-0.7837474239545841,0.0,0.0,0.0437504906365682,0.0,0.0,-0.3201931514345391,0.0797050501334338,0.0,0.0567611432895001,0.0116413844113363,0.0,0.0404664774892581,-0.1256083614784747,0.0,0.0,0.0,0.0,-0.8514586714669039,0.0069815732203366,0.0,0.0,0.1315641100286556,0.0,0.0,0.0,0.0,0.0,0.0,-0.4222420066887419,-0.00892911250469,-0.8888684704188203,-0.1919876262260697,-0.0932911535699158,0.0,0.0,-0.3339449603012792,-0.9222822008423904,0.0,0.0,0.0,0.0,0.0,0.0,0.0,0.0,0.0,0.0,0.0,0.0,0.0,0.0
477,-0.0384184730711098,-0.1888317955023815,-0.3800163336789527,0.0,0.0,-0.6225080776101056,0.317187360808611,0.3925425330478887,0.0,0.0,0.0,-0.6438325396177801,-0.06959012902673,0.0,-0.0496862565424823,0.0,0.0,-0.5272358689096993,-0.2445016276321912,-0.3469741295583397,0.0,0.0,-0.1295444185123066,0.0,0.0,-0.5212214749491938,-0.0652361054906456,0.0,0.0,0.664113255705702,0.4376561622864816,0.0,-0.0144028402171978,0.4224779013517926,0.0,-0.3224750657193044,-0.8890325521008924,-0.7844075049984413,0.0,0.0,0.0452101866523265,0.0,0.0,-0.3124893534820926,0.0846914179903948,0.0,0.052497806415216,0.0140134258630043,0.0,0.0536686625670238,-0.1143743265643823,0.0,0.0,0.0,0.0,-0.8544581362968984,0.0062692272889071,0.0,0.0,0.1832463806258815,0.0,0.0,0.0,0.0,0.0,0.0,-0.436683392579362,-0.016488035205521,-0.8978906941969482,-0.1893112293983551,-0.0831833847884737,0.0,0.0,-0.3245345729959884,-0.9187365570907696,0.0,0.0,0.0,0.0,0.0,0.0,0.0,0.0,0.0,0.0,0.0,0.0,0.0,0.0
478,-0.0538038639608614,-0.1530824566772713,-0.4050419696713355,0.0,0.0,-0.6193670866288642,0.3212794712508791,0.3935233783403263,0.0,0.0,0.0,-0.6579936224978991,-0.0565633458916505,0.0,-0.0269218749008625,0.0,0.0,-0.5235762098329486,-0.247027231371458,-0.372881461899343,0.0,0.0,-0.135198863607344,0.0,0.0,-0.5522632601584971,-0.0692119160931282,0.0,0.0,0.6812774689913482,0.4415442549023716,0.0,-0.0327819382028005,0.4128175953337914,0.0,-0.3315662563743389,-0.8907299891525486,-0.7854054736692728,0.0,0.0,0.0535603127638054,0.0,0.0,-0.3109696928754633,0.1015883647892445,0.0,0.0500684791500902,0.0139128593874904,0.0,0.0645948500326832,-0.0994106572194498,0.0,0.0,0.0,0.0,-0.8581580895222731,0.0,0.0,0.0,0.2345911291552722,0.0,0.0,0.0,0.0,0.0,0.0,-0.4466485554859447,-0.0212131015506453,-0.9039106191352384,-0.1906172549581535,-0.0817708293399324,0.0,0.0,-0.324121622726762,-0.9158266790936164,0.0,0.0,0.0,0.0,0.0,0.0,0.0,0.0,0.011257849705953,0.0,0.0185882395443892,0.0,0.0,0.0
479,-0.0663822066740077,-0.1274282908968124,-0.4323643782508223,0.0,0.0,-0.6230048121653898,0.3257123467523961,0.3969477321724673,0.0,0.0,0.0,-0.6755203946742971,-0.0518200238511543,0.0,-0.0103187178106758,0.0,0.0,-0.5177391063540355,-0.2512062321303114,-0.4133435488371786,0.0,0.0,-0.1353449151216092,0.0,0.0,-0.5995815889540025,-0.0807440022185286,0.0,0.0,0.7054740979026691,0.4174389355054368,0.0,-0.0379116592464499,0.4022534780665984,0.0,-0.3454332511593279,-0.8928540875352518,-0.7869046994478143,-0.009791925062517,0.0,0.0649041959143366,0.0,0.0,-0.3135321389620422,0.1147031483273852,0.0,0.0523102962012756,0.0091690403494086,0.0,0.0620556400716854,-0.0801975792325838,0.0,0.0,0.0,0.0,-0.859354112477889,0.0,0.0,0.0,0.2870350290855286,0.0,0.0,0.0,0.0,0.0,0.0,-0.4599562770934817,-0.0223783991994667,-0.909099525250778,-0.1959279540662991,-0.0717927457473593,0.0,0.0,-0.3225055663328445,-0.9116859182567802,0.0,0.0,0.0,0.0,0.0,0.0,0.0,0.0,0.0178316483370467,0.0,0.0333022746397562,0.0,0.0,0.0
480,-0.0780046212276813,-0.1001688534289283,-0.46298668833155,0.0,0.0,-0.6303340621926206,0.3662017905853366,0.3946209154258846,0.0,0.0,0.0,-0.6970666389868994,-0.0468024033619883,0.0,0.0,0.0,0.0,-0.5164894445111688,-0.2416514105419088,-0.4513707533615386,0.0,0.0,-0.1354657466175478,0.0,0.0,-0.6275349275174531,-0.0982503907516209,0.0,0.0,0.7410326052177797,0.369117710271281,0.0,-0.0462712821784423,0.3903717440616663,0.0,-0.3698577389593426,-0.8929968281034077,-0.7887814030082384,-0.0460465156324305,0.0,0.0814585883679437,0.0,0.0,-0.3202546083122395,0.1267730953402648,0.0,0.0700249391360909,0.0,0.0,0.0497362272293236,-0.0630445390791343,0.0,0.0,0.0,0.0,-0.8586772360702843,0.0,0.0,0.0,0.3201640723235091,0.0,0.0,0.0,0.0,0.0,0.0,-0.4838650396077045,-0.0158756023140951,-0.9095974476621906,-0.2021416941387481,-0.0711920798536268,0.0,0.0,-0.325017088717288,-0.9048500570587872,0.0,0.0,0.0,0.0,0.0,0.0,0.0,0.0,0.0292701953714203,0.0,0.0489025522828982,0.0,0.0,0.0
481,-0.0569522255136694,-0.0694986675926974,-0.4797809545260628,0.0,0.0,-0.6350966702286416,0.4480526173130943,0.4025522309015181,0.0,0.0,0.0,-0.7198469381266506,-0.0470269368160283,0.0,0.0,0.0,0.0,-0.5144363540196566,-0.2306828659102905,-0.4896838390064167,0.0,0.0,-0.1278060480764533,0.0,0.0,-0.6493047025512174,-0.1281694392301975,0.0,0.0,0.7065540960729857,0.3330573484345914,0.0,-0.0448862860385634,0.3963760847463066,0.0,-0.3967398874789591,-0.8929535970541385,-0.7909639225833844,-0.074019013325709,0.0,0.0976099093339113,0.0,0.0,-0.3208409075572119,0.1345166883961818,0.0,0.0870648649201159,0.0,0.0,0.0413472819234987,-0.0518447122573322,0.0,0.0,0.0,0.0,-0.8571412160272538,0.0,0.0,0.0,0.2750779523172751,0.0,0.0,0.0,0.0,0.0,0.0,-0.5037930475051126,0.0,-0.905957665838646,-0.2067571340234849,-0.077821470902511,0.0,0.0,-0.3209505131275171,-0.9006666894901962,0.0,0.0,0.0,0.0,0.0,0.0,0.0071932620932523,0.0,0.042859765779111,0.0,0.0450230035572896,0.0,0.0,0.0
482,-0.0425152196392753,-0.0368845000444539,-0.4961998870797683,0.0,0.0,-0.6431891768974932,0.4747909421801811,0.4054111384685908,0.0,0.0,0.0,-0.7461672878620669,-0.0426176420556117,0.0,0.0,0.0,0.0,-0.5192812374064977,-0.2181837637340281,-0.5277375309209753,0.0,0.0071038036367488,-0.1210046923433672,0.0,0.0,-0.6625046853878992,-0.159800616504744,0.0,0.0,0.6351846440981838,0.3201194989863468,0.0,-0.0335585502961323,0.4215401284863875,0.0,-0.4279617874006673,-0.893520265384784,-0.7924423300313249,-0.0877928194418695,0.0,0.1147467251252824,0.0,0.0,-0.3281078784196762,0.1415936558381238,0.0,0.0902268774702708,0.005640154754894,0.0,0.0419357594945272,-0.0376597391103034,0.0,0.0,0.0,0.0,-0.8557149849248056,0.0,0.0,0.0,0.2367390202153355,0.0,0.0,0.0,0.0,0.0,0.0,-0.5239514794848515,0.0,-0.9006010735280578,-0.2112358542738655,-0.0878573284964292,0.0062141483146131,0.0,-0.3192584948251678,-0.8980549108768101,0.0,0.0,0.0,0.0,0.0,0.0,0.0,0.0,0.0601182458818221,0.0,0.0318736807963033,0.0,0.0,0.0
483,-0.0322776706237536,-0.0227550670151544,-0.5097637955100155,0.0,0.0,-0.6513647673355302,0.5030407572493755,0.4022865831607576,0.0,0.0,0.0,-0.7660850009032918,-0.0317557784688898,0.0,0.0,0.0,0.0,-0.5259890319726754,-0.2048831639066441,-0.5677741216392159,0.0,0.0,-0.1048310954019379,0.0,0.0,-0.6702225198211877,-0.1911895179259033,0.0,0.0,0.6274058060501211,0.3228099441075439,0.0,-0.0260893041896489,0.3890496452208954,0.0,-0.4613245107485714,-0.8945917448017009,-0.7935052075786456,-0.0928389405481826,0.0,0.1316731351915458,0.0,0.0,-0.3335140230273101,0.1456708572166812,0.0,0.091079798923014,0.0102094499368408,0.0,0.0493721599449043,-0.0338353465986328,0.0,0.0,0.0,0.0,-0.8511437083500142,0.0,0.0,0.0,0.237805914883533,0.0,0.0,0.0,0.0,0.0,0.0,-0.5510807152465315,0.0,-0.8916677087135731,-0.2164254817042491,-0.0907026935301319,0.006838169346424,0.0,-0.3214719904674289,-0.8961256762235812,0.0,0.0,0.0,0.0,0.0,0.0,0.0,0.0,0.0766911572529743,0.0,0.0210405101663251,0.0,0.0,0.0
484,-0.0170519409753362,-0.0169406532104664,-0.51998989353305,0.0,0.0,-0.6587652518437794,0.537546953834184,0.3971221127659448,0.0,0.0,0.0,-0.7777224160037347,-0.0223555554215724,0.0,0.0,0.0,0.0,-0.5395637449672459,-0.1844455570258727,-0.586891058428122,0.0,0.0,-0.0863778208889686,0.0,0.0,-0.6569021070203112,-0.2128409685999471,0.0,0.0,0.5681791613291236,0.3313773555925509,0.0,-0.013162057773139,0.2887468308555785,0.0,-0.4898856179244025,-0.8960554363986608,-0.7935969698171137,-0.08281638407611,0.0,0.1455935664222461,0.0,0.0,-0.3348840546958191,0.1440698462970482,0.0,0.0943930901207878,0.011040769311005,0.0,0.0687291847152123,-0.0258135085879104,0.0,0.0,0.0,0.0,-0.8466141089672894,0.0,0.0,0.0,0.2723871795715645,0.0,0.0,0.0,0.0,0.0,0.0,-0.5814486131044011,0.0,-0.881176973325374,-0.2192879292945695,-0.1017045801402196,0.0,0.0,-0.3244668585848742,-0.894364152309159,0.0,0.0,0.0,0.0,0.0,0.0,0.0,0.0,0.112086271568708,0.0,0.0086097520653246,0.0,0.0,0.0
485,-0.0043790383520236,-0.0137872395413534,-0.5233143180204669,0.0,0.0,-0.6686371975603043,0.5484800607225199,0.4000863478729588,0.0,0.0,0.0,-0.7786859738991807,-0.0195645456976302,0.0,0.0,0.0,0.0,-0.5502395106343259,-0.1682391575804472,-0.595511237510963,0.0,0.0,-0.0736588376123004,0.0,0.0,-0.6308343839277522,-0.2363760255520884,0.0,0.0,0.5024917253141975,0.3391165801258343,0.0,0.0,0.2351926134433547,0.0,-0.5178509936810389,-0.897525092088165,-0.792228521947141,-0.0626225091146364,0.0,0.1551211113041203,0.0,0.0,-0.33218569072181,0.1364053973435716,0.0,0.0962206752533217,0.0098573579967288,0.0,0.0675117210151762,-0.017834586571089,0.0,0.0,0.0,0.0,-0.8402081567293755,0.0,0.0,0.0,0.2154796510676657,0.0,0.0,0.0,0.0,0.0,0.0,-0.6208046177226567,0.0,-0.8711225911444873,-0.2228278881275005,-0.1109971858982659,0.0,0.0,-0.3132484915523944,-0.8952404330720745,0.0,0.0,0.0,0.0,0.0,0.0,0.0,0.0,0.172169731968332,0.0,0.0,0.0,0.0,0.0
486,0.0,-0.013180378046911,-0.5284111563337966,0.0,0.0,-0.6709976056479532,0.5622620191429217,0.4006959362664634,0.0,0.0,0.0,-0.7840595759116624,-0.0086311573891496,0.0,0.0,0.0,0.0,-0.5583396046945758,-0.1419283094030853,-0.599178853657452,0.0,0.0,-0.070665357817414,0.0,0.0,-0.6049402447300365,-0.2524386765313987,0.0,0.0,0.4857018281201619,0.3444135588808352,0.0,0.0,0.2231324716626836,0.0,-0.5491254713276231,-0.8983149749402117,-0.7902581023905825,-0.0339774026836911,0.0,0.1566631381465415,0.0,0.0,-0.33854971482792,0.1250099564008163,0.0,0.1089576152361909,0.0095972962342593,0.0,0.0548827114429886,-0.0045114746594257,0.0,0.0,0.0,0.0,-0.8316067595616338,0.0,0.0,0.0,0.185046665108258,0.0,0.0,0.0,0.0,0.0,0.0,-0.6567341425659848,0.0,-0.8651535983748455,-0.2242850334295057,-0.1235064147714273,0.0,0.0,-0.3083694754143828,-0.8960705512795553,0.0,0.0,0.0,0.0,0.0,0.0,0.0,0.0,0.1306621614729202,0.0,0.0,0.0,0.0,0.0
487,0.0,-0.0146766886348481,-0.5378886373469999,0.0,0.0,-0.6671089657976425,0.5463567927593501,0.403559971042547,0.0,0.0,0.0,-0.7859054325134357,0.0,0.0,0.0,0.0,0.0,-0.5664060046482301,-0.0826931401018705,-0.5963298634389614,0.0,0.0,-0.0781743968395572,0.0,0.0,-0.5702565013867866,-0.2591386443478616,0.0,0.0,0.4877332085021972,0.3518988833227392,0.0,0.0,0.2021699896138002,0.0,-0.568956900643898,-0.899421162002676,-0.7869811434537213,-0.004520334232767,0.0,0.1525740133394869,0.0,0.0,-0.3331485103247055,0.1111177512742908,0.0,0.1240143475701578,0.0113759658650453,0.0,0.0403637434282248,-0.0040726701413465,0.0,0.0,0.0,0.0,-0.8286462875446758,0.0,0.0,0.0,0.2317971901553273,0.0,0.0,0.0,0.0,0.0,0.0,-0.6946351841835753,0.0,-0.8618912428874359,-0.2309735780339136,-0.1278003930241597,0.0,0.0,-0.3075832837062881,-0.8972764870753118,0.0,0.0,0.0,0.0,0.0,0.0,0.0,0.0,0.1125718560676471,0.0,0.0,0.0,0.0,0.0
488,0.0,-0.0140486568997462,-0.5474290123406104,0.0,0.0,-0.6688825934844056,0.5043148920333361,0.410263831436194,0.0,0.0,0.0,-0.7817926988456871,0.0,0.0,0.0,0.0,0.0,-0.5703360706120717,-0.0367263944475842,-0.5853885107304513,0.0,0.0,-0.0809221223002631,0.0,0.0,-0.5290141961807248,-0.2706084636565877,0.0,0.0,0.4803711143452072,0.3970280250251335,0.0,0.0,0.1768400414266289,0.0,-0.5817195799606761,-0.9016256447749478,-0.781722523992619,0.0,0.0,0.1445849167352248,0.0,0.0,-0.3355257442041266,0.094635546176222,0.0,0.1061243938255663,0.0148470693905542,0.0,0.0283432992490318,0.0,0.0,0.0,0.0,0.0,-0.8231958603710717,0.0,0.0,0.0,0.1760807462605396,0.0,0.0,0.0,0.0,0.0,0.0,-0.7269704762428658,0.0,-0.8625028638760366,-0.2349100885618174,-0.1278622351120699,0.0,0.0,-0.3028706635848502,-0.9008675903220538,0.0,0.0,0.0,0.0,0.0,0.0,0.0,0.0,0.1045573058090172,0.0,0.0,0.0,0.0,0.0
489,0.0,-0.0311083573855146,-0.5568870688887633,0.0,0.0,-0.6705941099759061,0.4512228536722762,0.4141909742468586,0.0,0.0,0.0,-0.7788908794493118,0.0,0.0,0.0061170092973806,0.0,0.0,-0.5750095806743476,0.0,-0.5701069350528213,0.0,0.0,-0.0822833209724345,0.0,0.0,-0.4761325085009241,-0.2811037359040713,0.0,0.0,0.4497821416985126,0.4381424002673328,0.0,0.0,0.1480643798105739,0.0,-0.5941555592475513,-0.9019639874293092,-0.7769393530144383,0.0,0.0,0.1326816262055909,0.0,0.0,-0.3471066183932877,0.0780089924794175,0.0,0.1046613335085169,0.0203476961727831,0.0,0.0196622317409619,0.0,0.0,0.0,0.0,0.0,-0.8228854405888226,0.0,0.0,0.0,0.1349178466038459,0.0,0.0,0.0,0.0,0.0,0.0,-0.7614269269780358,0.0,-0.867377129526667,-0.2301331197453937,-0.1188151841564607,0.0,0.0,-0.2936419048153604,-0.9025640243745808,0.0,0.0,0.0,0.0,0.0,0.0,0.0,0.0,0.1226650444289211,0.0,0.0057433361796077,0.0,0.0,0.0
490,0.0,-0.0390852061500461,-0.5631137548390006,0.0,0.0,-0.6779357520990301,0.3826918359085328,0.4176305381036501,0.0,0.0,0.0,-0.7716749635721499,0.0,0.0,0.0072243119905241,0.0,0.0,-0.5752817457152922,0.0,-0.5540604932113327,0.0,0.0,-0.1024252939549759,0.0,0.0,-0.437540954861836,-0.2919698484504291,0.0,0.0,0.5045201101076028,0.4652402014679718,0.0,0.0,0.1166062811031942,-0.0196122375245866,-0.5929394496367527,-0.901131639715694,-0.77235997585925,0.0,0.0,0.118268240126541,0.0,0.0,-0.3685061245556413,0.0628428156000868,0.0,0.1119930787266036,0.0235096884149014,0.0,0.0140172340882455,0.0,0.0,0.0,0.0,0.0,-0.8279294684386537,0.0,0.0,0.0,0.1226836378565227,0.0,0.0,0.0,0.0,0.0,0.0,-0.7931002139991616,0.0,-0.873710192088708,-0.2393785222795788,-0.1116659929566875,0.0,0.0,-0.2902263652367787,-0.904159189419802,0.0,0.0,0.0,0.0,0.0,0.0,0.0,0.0,0.1532095037971244,0.0,0.0,0.0,0.0,0.0
491,0.0,-0.042481984540149,-0.56502752974812,0.0,0.0,-0.6887924975442433,0.319896815785928,0.4202017629133976,0.0,0.0,0.0,-0.7620425751303674,0.0,0.0,0.0084618235524838,0.0,0.0,-0.5714785382263259,0.0,-0.5414386893473525,0.0,0.0,-0.1225805667896318,0.0,0.0,-0.3985613472150799,-0.3025229245678867,0.0,0.0,0.5374164415521122,0.4769655394176468,0.0,0.006529854525072,0.0853117913793575,-0.0285949612372994,-0.5854260465660358,-0.9000098353646115,-0.7684278242356407,0.0,0.0,0.0992070561497643,0.0,0.0,-0.3937625769396244,0.0525951696527663,0.0,0.127035879886028,0.0152851891334031,0.0,0.0052780288631222,0.0,0.0,0.0,0.0,0.0,-0.8343446498049292,0.0056978345625525,0.0,0.0,0.1558516137146149,0.0,0.0,0.0,0.0,0.0,0.0,-0.8331233500522814,0.0,-0.8781393582602766,-0.239176794410971,-0.1072705129285115,0.0,0.0,-0.2878834717828203,-0.9073502443998342,0.0,0.0,0.0,0.0,0.0,0.0,0.0,0.0,0.2014546232178544,0.0,0.0,0.0,0.0,0.0
492,0.0,-0.0449713263249362,-0.573494781314633,0.0,0.0,-0.6999983119542998,0.2653803304287617,0.4307136691378551,0.0,0.0,0.0,-0.7514241298362397,0.0,0.0,0.0096580047025686,0.0,0.0,-0.5669429083619264,0.0,-0.5252506434286605,0.0,0.0,-0.1485844725487119,0.0,0.0,-0.366424767656049,-0.3218368714880061,0.0,0.0,0.5636106501788574,0.4775491316101698,0.0,0.012178237613628,0.0599013343163137,-0.0249931636722845,-0.5720773481963989,-0.8995896165559665,-0.7653595701905438,0.0,0.0,0.0837546134922443,0.0,0.0,-0.4236596201901376,0.0469610768189149,0.0,0.1452075808371732,0.0158907124093992,0.0,0.0,0.0,0.0,0.0,0.0,0.0,-0.8419493969915932,0.0123718597633347,0.0,0.0,0.1883907589978199,0.0,0.0,0.0,0.0,0.0,0.0,-0.8510661089553855,-0.0178623573808569,-0.878249236936012,-0.2386582090895604,-0.0995379004900629,0.0,0.0,-0.2869178976065918,-0.9086776320883474,0.0,0.0,0.0,0.0,0.0,0.0,0.0,0.0,0.233344431036087,0.0,0.0,0.0,0.0,0.0
493,0.0,-0.052813836777062,-0.5759060937914063,0.0056368576017843,0.0,-0.7145893558629698,0.2159098622206066,0.3582394104726769,0.0,0.0,0.0,-0.7244776854332522,0.0,0.0,0.0093176770108812,0.0,0.0,-0.5643994907271113,0.0,-0.5134568443886516,0.0,0.0,-0.1697710601845447,0.0,0.0,-0.3483257100538439,-0.3426454659233779,0.0081040567118374,0.0,0.5612425049943798,0.4654667093401523,0.0,0.0182653424658664,0.0468896433174337,-0.0169353744258216,-0.5568735271146953,-0.8991644332619035,-0.7633600898578902,0.0,0.0,0.0675640425817817,0.0,0.0,-0.4485282454565431,0.0404353864307681,0.0,0.162773470531474,0.0102819474026308,0.0055267975076257,0.0,0.0,0.0,0.0,0.0,0.0,-0.8509367954865348,0.0263314950769872,0.0,0.0,0.2144794211195618,0.0,0.0,0.0,0.0,0.0,0.0,-0.859997035123309,-0.0358457941159193,-0.8767236549957853,-0.2397848804398252,-0.0939778244958751,0.0,0.0,-0.2854348354581029,-0.909412113189831,0.0,0.0,0.0,0.0,0.0,0.0,0.0,0.0,0.2771092920872089,0.0,0.0,0.0,0.0,0.0
494,0.0,-0.0487495943588158,-0.5810164826832578,0.0062773500251142,0.0,-0.7237118821725051,0.1588825100153241,0.297598389863781,0.0,0.0,0.0,-0.696879187680943,0.0,0.0,0.0083669730506705,0.0,0.0,-0.5638386396380137,0.0,-0.5029135779671468,0.0,0.0,-0.1836814312586057,0.0,0.0,-0.3285350106128573,-0.3661689172203239,0.0142939527756163,-0.0362422330204252,0.5585270830575088,0.4508849891653461,0.0,0.0150102638673315,0.0395057152846819,-0.0066504795009376,-0.5422557356495381,-0.8968430653596324,-0.7633754755681995,0.0,0.0,0.0530658968221331,0.0,0.0,-0.4719742498992532,0.0409663794750727,0.0,0.1779239890076417,0.0,0.0,0.0,-0.0095005034915578,0.0,0.0,0.0,0.0,-0.8537581232967395,0.0361063663478151,0.0,0.0,0.251625417725734,0.0,0.0,0.0,0.0,0.0,0.0,-0.8646325112029167,-0.048842325508155,-0.8706562163425096,-0.2391425398902479,-0.0923245356995059,0.0,0.0,-0.2790203296971786,-0.910812374102365,0.0,0.0,0.0,0.0,0.0,0.0,0.0,0.0,0.3047232692324843,0.0,0.0143763617289034,0.0,0.0,0.0
495,-0.0047840933156251,0.0764996529949557,-0.5770376631043921,0.0065066299241133,0.0,-0.7377633538178976,0.1221590508088404,0.2592052361053245,0.0,0.0,0.0,-0.6542899197125386,0.0,0.0,0.0069930972399529,0.0,0.0,-0.5676409934077201,0.0,-0.496326489832115,0.0,0.0,-0.183522722955834,0.0,0.0,-0.3142239037117814,-0.3822606038262491,0.0095414548215977,-0.0579426858495509,0.5752303022017757,0.4304588510311347,0.0,-0.0114079758323286,0.0318098219909336,0.0,-0.5306396896432326,-0.8944705474838051,-0.7643909437716425,0.0,0.0,0.0440794669224863,0.0,0.0,-0.4940856795945236,0.0438398697647811,0.0,0.1280416830568251,0.0,0.0,0.0118694051318001,-0.0323985450112925,0.0,0.0,0.0,0.0,-0.8568616097714314,0.0421855314612312,0.0,0.0,0.1951873032951808,0.0,0.0,0.0,0.0,0.0,0.0,-0.8665252124938636,-0.0579768815443387,-0.8615070317802198,-0.2395268563719358,-0.0981248777540267,0.0,0.0,-0.2726744518240117,-0.9142951793220568,0.0,0.0,0.0,0.0065011412382923,0.0,0.0,0.0,0.0,0.3201243273588017,0.0,0.0068512874838383,0.0,0.0,0.0
496,-0.024195319821614,0.0656847672971534,-0.5724464609589297,0.0062773500251142,0.0,-0.752675348035635,0.0995711346519538,0.2238773034665665,0.0,0.0,0.0,-0.6029304277027882,0.0,0.0,0.0054401546160047,0.0,0.0,-0.5721224874778137,0.0,-0.4957849633254882,0.0,0.0,-0.1868583042443696,0.0,0.0,-0.3101522027351577,-0.3830052957883997,0.0,-0.0794876979157462,0.5892746916334162,0.413527252121121,0.0,-0.0206619019501254,0.0259495607752107,0.0,-0.5238176710953002,-0.8924817639465767,-0.7662720644429333,0.0,0.0,0.037539282225494,0.0,0.0,-0.5128223155713109,0.0482781548345951,0.0,0.1127304003359971,0.0,0.0,0.0315810006769389,-0.0498970751070876,0.0,0.0,0.0,0.0,-0.8577273419107843,0.0511093418028951,0.0,0.0,0.2196057546854584,0.0,0.0,0.0,0.0057537764968918,0.0,0.0,-0.8642651311344136,-0.0473903482060032,-0.8502966816241702,-0.2426017751026718,-0.1032397324963885,0.0,0.0,-0.2728989070821273,-0.9157913512357508,0.0,0.0,0.0,0.0058378148841038,0.0,0.0,0.0,0.0,0.2949685816437868,0.0,0.0,0.0,0.0,0.0
497,-0.0336587441973379,0.055481271022474,-0.5633592868534284,0.0114751742748917,0.0,-0.7581864251603003,0.0796393686831046,0.2002570487950989,0.0,0.0,0.0,-0.5384960820182453,0.0,0.0,0.0,0.0,0.0,-0.5734128899882965,0.0,-0.4918741753154534,0.0,0.0,-0.1807184316151031,0.0,0.0,-0.3005114238619788,-0.3880972183285355,0.0061794096055192,-0.0979823941590698,0.603642044712505,0.4072074998725919,0.0,-0.0335809214007513,0.0211079072106971,0.0,-0.5237877219461711,-0.8902411050357193,-0.7685805203759857,0.0,0.0,0.0342172977295946,0.0,0.0,-0.5119981570608491,0.0520406895125457,0.0,0.1309191926120587,0.0065463158884097,0.0,0.0618632566875048,-0.0722368116467772,0.0,0.0,0.0,0.0,-0.8555376549100475,0.0591494672725988,0.0,0.0,0.2385812344944124,0.0,0.0,0.0,0.0076616801533728,0.0,0.0,-0.8562951243195176,-0.0362766800267413,-0.8278573728842794,-0.2548544954008124,-0.1127884106505035,0.0,0.0,-0.267451079050148,-0.9179080433472708,0.0,0.0,0.0,0.0,0.0,0.0,0.0,0.0,0.3072180596123814,0.0,0.0,0.0,0.0,0.0
498,-0.0458149698866548,0.0472069658190729,-0.5476865059076917,0.0161387582822178,0.0,-0.7553275627355313,0.0637155269838405,0.1852733427062495,0.0,0.0,0.0,-0.4673083275772673,0.0,0.0,0.0,0.0,0.0,-0.5757527783874307,0.0,-0.4873314583319256,0.0,0.0,-0.175665387951524,0.0,0.0,-0.3008857549452206,-0.3828403900779481,0.0146298307535079,-0.111983695329796,0.6167113368323179,0.3961308800025772,0.0,-0.0314172487850758,0.0154610987315404,0.0,-0.5304313309686093,-0.8880548825105667,-0.7704298563111932,0.0,0.0,0.0326254266536157,0.0,0.0,-0.4944458777990922,0.056117853281497,0.0,0.178257618295975,0.0063708202999895,0.0,0.0374052313864351,-0.0821601877187301,0.0,0.0,0.0,0.0,-0.8548041943398998,0.0665360374731384,0.0,0.0,0.2199439112144002,0.0,0.0,0.0,0.0094048758214805,0.0,0.0,-0.8279881209753622,-0.026756743703831,-0.8137126689551152,-0.2674665981520157,-0.1237889694019873,0.0,0.0,-0.2648022616996892,-0.9192410501226296,0.0,0.0,0.0,0.0,0.0,0.0,0.0,0.0,0.3076085959983266,0.0,0.0,0.0,0.0,0.0
499,-0.038311524256262,0.0362303433912777,-0.5242207609352695,0.0132230280227878,0.0,-0.7475505782565962,0.0543565462365062,0.1758621307055058,0.0,0.0,0.0,-0.3991290153092521,0.0,0.0,0.0,0.0,0.0,-0.576736283106178,0.0062677388022962,-0.485421926032245,0.0,0.0,-0.1569699441629357,0.0,0.0,-0.3118880059367204,-0.3687013840880377,0.0099326133622093,-0.1181890359502397,0.6281677227009377,0.4031190600136136,0.0,-0.0293084839927377,0.0127065069868452,0.0,-0.5396820143252111,-0.8864512837598295,-0.7721804456760384,0.0,0.0,0.0337708095478133,0.0,0.0,-0.4824393749096887,0.0602561127982628,0.0,0.1570310039600845,0.0,0.0,0.0,-0.0875579406755435,0.0,0.0,0.0,0.0,-0.8511599077696492,0.0717359128465894,0.0,0.0,0.1981165917165515,0.0,0.0,0.0,0.010130834813748,0.0,0.0,-0.7850167269814652,-0.0074168009868042,-0.8111584457636123,-0.2768203762304459,-0.1281928007762939,0.0,0.0,-0.2643976518274593,-0.919876777726035,0.0,0.0,0.0,0.0,0.0,0.0,0.0,0.0,0.2781151048419581,0.0,0.0,0.0,0.0,0.0
500,-0.0218549967007793,0.0296342822769993,-0.5017199171161105,0.0083938296698175,0.0,-0.7368889836045426,0.0519698638995419,0.1689414027571417,0.0,0.0,0.0,-0.3341435383782355,0.0,0.0,0.0,0.0,0.0,-0.5777225680190373,0.0,-0.4880473983792864,0.0,0.0,-0.1411971997912577,0.0,0.0,-0.3109442772872929,-0.3492982550961913,0.0058603244623993,-0.1194341138523997,0.6140476485504397,0.4077235365757715,0.0,-0.0221473418538759,0.0119595474629176,0.0,-0.5463793223347074,-0.8859954071829569,-0.7726746031120284,0.0,0.0,0.0364003313021692,0.0,0.0,-0.4650960394649239,0.0625265986038454,0.0,0.1352902952754248,0.0,0.0,0.0,-0.0863739036060048,0.0,0.0,0.0,0.0,-0.8483299947044199,0.0842205433771059,0.0,0.0,0.1818464590446102,0.0,0.0,0.0,0.0092502569063729,0.0,0.0,-0.7375932741359006,-0.0029488982960654,-0.8214757602156737,-0.2923438227803431,-0.1240451004075118,0.0,0.0,-0.2606797088041458,-0.9190212275615988,0.0,0.0,0.0,0.0,0.0,0.0,0.0,0.0,0.2436469477352184,0.0,0.0072414624364442,0.0,0.0,0.0
501,0.0,0.0273980395440417,-0.4797486387322285,0.0,0.0,-0.7266553469030589,0.0547309231190753,0.1667735114622913,0.0,0.0,0.0,-0.2691857272105621,0.0,0.0,0.0,0.0,0.0,-0.5779763106812972,0.0,-0.4672223487729818,0.0,0.0,-0.1172996233563611,0.0,0.0,-0.3060726431903791,-0.3294849932380196,0.0,-0.1077382257020933,0.605963229822693,0.3780397862809865,0.0,-0.0093823091519278,0.0113462526943084,0.0,-0.54806719353469,-0.8861327067775626,-0.7717938961388485,0.0,0.0,0.0411235713729225,0.0,0.0,-0.4355192054118957,0.0630931973488425,0.0,0.1223351051641963,0.0,0.0,0.0,-0.0781950880877618,0.0,0.0,0.0,0.0,-0.8477314074374662,0.0963005440073474,0.0,0.0,0.1656190416338563,0.0,0.0,0.0,0.0081830167766876,0.0,0.0,-0.6901473284123109,-0.0121086034377662,-0.8400208877903441,-0.3065484374123111,-0.1226519039793141,0.0,0.0,-0.2624753989691317,-0.9191481515285173,0.0,0.0,0.0,0.0,0.0,0.0,0.0,0.0,0.2062290030633467,0.0,0.0112111121627893,0.0,0.0,0.0
502,0.0,0.0215183730994507,-0.4580549701963322,0.0,0.0,-0.7137392968036455,0.0625384890231334,0.1664903802713953,0.0,0.0,0.0,-0.2142502614279246,0.0,0.0,0.0,0.0,0.0,-0.5748654003341207,0.0062097198911911,-0.4521201933643634,0.0,0.0,-0.1140530898485674,0.0,0.0,-0.3035948451260194,-0.3120200445178265,0.0,-0.085944710367225,0.6016305730022342,0.3707802654099177,0.0,0.0127601863853736,0.0100449697026062,0.0,-0.5408499773206061,-0.8873445327667149,-0.7706313694686007,0.0,0.0,0.0449946069179891,0.0,0.0,-0.4066563463650713,0.0636259656199253,0.0,0.1152291507094742,0.0,0.0,0.0,-0.0661230594474753,0.0,0.0,0.0,0.0,-0.8482986076305019,0.1098419261246874,0.0,0.0,0.1632708536036102,0.0,0.0,0.0,0.0070907894142418,0.0,0.0,-0.6430615964667076,-0.012811177697397,-0.8585050952976285,-0.3048527318593299,-0.1194342745213504,0.0,0.0,-0.268294165057849,-0.9183400717789824,0.0,0.0,0.0,0.0,0.0,0.0,0.0,0.0,0.186733305396811,0.0,0.0166351248253068,0.0,0.0,0.0
503,0.0,0.0134679112248662,-0.4397100151881852,0.0,0.0,-0.6974764814689333,0.0740976814005427,0.1681996163257117,-0.0177176373251662,0.0,0.0,-0.1595715532216388,0.0,0.0,0.0,0.0,0.0,-0.5747667645558372,0.0223960756749132,-0.4443766884089964,0.0,0.0,-0.1186452664383442,0.0,0.0,-0.3050042482692937,-0.2986044155885662,0.0,-0.0373145419286759,0.6225413973121663,0.3728867686395458,0.0,0.0178014436338104,0.0082954013262038,0.0,-0.5346435704894457,-0.8898782017730227,-0.7688803519421181,0.0,0.0,0.0495506940209638,0.0,0.0,-0.3804461624729107,0.0624224541961864,0.0,0.1050691029260407,0.0,0.0,0.0,-0.0648844035131369,0.0,0.0,0.0,0.0,-0.8514199095919621,0.1226649588712349,0.0,0.0,0.1756837169051566,0.0,0.0,0.0,0.0065665844098659,0.0,0.0,-0.5991134015633096,-0.0155180492231935,-0.873837001092959,-0.3034537957208349,-0.1182598617607909,0.0,0.0,-0.2765672414731341,-0.9166324082450136,0.0,0.0,0.0,0.0,0.0,0.0,0.0,0.0,0.1408129018275609,0.0,0.0229743857804144,0.0,0.0,0.0
504,0.0,0.0139834644050688,-0.4305666963734655,0.0,0.0,-0.68222929964342,0.0899005929584154,0.1831985041216763,-0.0452946494450297,0.0,0.0,-0.1325082621200837,0.0,0.0,0.0,0.0,0.0,-0.5752252027428937,0.0195751466934405,-0.4348444019614718,0.0,0.0,-0.126055255588444,0.0,0.0,-0.3096628258036804,-0.2955906889973698,0.0,0.0,0.6342380638767696,0.4122347997670897,0.0,0.0168682313673192,0.006388148110021,0.0,-0.515719728355365,-0.8934928021936854,-0.7655212109462936,0.0,0.0,0.0553303186251109,0.0,0.0,-0.3519458515250093,-0.0495470919090364,0.0,0.0899838466707066,0.0,0.0,0.0,-0.0674296896328782,0.0,0.0,0.0,0.0,-0.8537573666722622,0.1370920320555961,0.0,0.0,0.2031977008204966,0.0,0.0,0.0,0.0087429057624588,0.0,0.0,-0.5553865071885716,-0.0408675657270345,-0.8886555386209438,-0.2992226582510537,-0.116980932550722,0.0,0.0,-0.2848807433510547,-0.9158755423080344,0.0,0.0,0.0,0.0,0.0,0.0,0.0,0.0,0.1034091333055602,0.0,0.0295326374213642,0.0,0.0,0.0
505,0.0,0.0154718414618582,-0.4272394553756607,0.0,0.0,-0.6688856712853711,0.1088906160378828,0.2139498021603595,-0.0617143930466342,0.0,0.0,-0.1239974591344128,0.0,0.0,0.0,0.0,0.0,-0.5773475642094608,0.0169950256864895,-0.4335608832791942,0.0,0.0,-0.1311927049178658,0.0,0.0,-0.311485162983718,-0.2953351661414353,0.0,0.0,0.6149561327703015,0.5016294901061158,0.0,0.0119239246916732,0.0063510109022817,0.0,-0.4970775650516957,-0.8981096519733915,-0.763233891010821,0.0,0.0,0.0587616049927181,0.0,0.0,-0.3301866353452398,-0.0678149911984621,0.0,0.0688796127786041,0.0,0.0,0.0,-0.0728846467055649,0.0,0.0,0.0,0.0,-0.8544813242821321,0.1534588742136808,0.0,0.0,0.2428093448256494,0.0,0.0,0.0,0.0068895538030695,0.0,0.0,-0.5196083524931862,-0.0820553281559801,-0.9021991868799408,-0.2801053141005616,-0.1171015466904726,0.0,0.0,-0.2931103671887617,-0.9147613730344912,0.0,0.0,0.0,0.0,0.0,0.0,0.0,0.0,0.0962991008119047,0.0,0.0353346697380462,0.0,0.0,0.0
506,0.0,0.0255688326454309,-0.4353627304631791,0.0,0.0,-0.6600234672093995,0.1313010025922221,0.2406786775006116,-0.0559255207186237,0.0,0.0,-0.1331759772475218,0.0,0.0,0.0,0.0,0.0,-0.5845751664200013,0.0153026321557629,-0.4332449873373275,0.0,0.0,-0.1461888671196833,0.0,0.0,-0.304936625900125,-0.2980923600986356,0.0,0.0,0.5983654574898483,0.5218976087890619,0.0,0.0,0.0076786792551854,0.0,-0.4554811081986504,-0.9023480342527876,-0.7613689784529033,0.0,0.0,0.0605987896095209,0.0,0.0,-0.3012132625352776,-0.0917992269456799,0.0,0.0511885949013866,0.0,0.0,0.0,-0.0878830519681595,0.0,0.0,0.0,0.0090883171205076,-0.8556349170437412,0.1680801991306849,0.0,0.0,0.2880310271508005,0.0,0.0,0.0,0.0,0.0,0.0,-0.4926233489875726,-0.1067132017764595,-0.914000728070958,-0.26383444483368,-0.1265679765989302,0.0,0.0,-0.2906350569571407,-0.9124410375927609,0.0,0.0,0.0,0.0,0.0,0.0,0.0,0.0,0.0947771684170983,0.0,0.0393495996594478,0.0,0.0,0.0
507,0.0,0.0122218333933435,-0.4519236721828188,0.0,0.0,-0.653427265066695,0.1464109998905896,0.2612148810090174,-0.0145189039370978,0.0,-0.0057445725910577,-0.1558716374819739,0.0,0.0,0.0,0.0,0.0,-0.593022723800273,-0.0273615017218649,-0.4394704970394852,0.0,0.0,-0.1522330185841378,0.0,0.0,-0.2871784638665787,-0.2977147505909974,0.0,0.0,0.6067855459595524,0.5433072514409285,0.0,0.0,0.0090666963737345,0.0,-0.4225926094885369,-0.905395484260183,-0.7608086468105331,0.0,0.0,0.0606830455373207,0.0,0.0,-0.284224461626601,-0.0987757471253565,0.0,0.0370219115935401,0.0,0.0,0.0,-0.1023815824525796,0.0,0.0,0.0,0.0,-0.8567915035214164,0.18161185098155,0.0,0.0,0.335607279052676,0.0,0.0,0.0,0.0,0.0,0.0,-0.4782858775725311,-0.1344934014302121,-0.9227332076404906,-0.2480466744763813,-0.1327154534139923,0.0,0.0,-0.2923682263617985,-0.9124867275078764,0.0,0.0,0.0,0.0,0.0,0.0,0.0,0.0,0.0954770790136057,0.0,0.0407868418395839,0.0,0.0,0.0
508,0.0,0.0096854234567026,-0.4723548479116253,0.0,0.0,-0.6477871502621194,0.1586938313287953,0.269311905456457,0.0,0.0,0.0,-0.1927859605436102,0.0,0.0,0.0,0.0,0.0,-0.6031790655933651,-0.0741177264570105,-0.4536447151150057,0.0,0.0,-0.1620461749038544,0.0,0.0,-0.2751157414027614,-0.3016614713112681,0.0139602184912767,0.0,0.6032687881596471,0.5600435527791792,0.0,0.0,0.0102616544736063,0.0,-0.3934703825729725,-0.9078107141100888,-0.7614744715305811,0.0,0.0,0.061147981232471,0.0,0.0,-0.2741504437826156,-0.1071139790165349,0.0,0.0251507681424235,0.0,0.0067093419033406,0.0,-0.1199053316236667,0.0,0.0,0.0,0.0,-0.8563653652854493,0.1904179698675283,0.0,0.0,0.3435327090658143,0.0,0.0,0.0,0.0,0.0,0.0,-0.4580997282045136,-0.1771702613366653,-0.9275171338643576,-0.2250332154923812,-0.1481519033699494,0.0,0.0,-0.2995415177834953,-0.9131448452991512,0.0,0.0,0.0,0.0,0.0,0.0,0.0,0.0,0.0974065408065306,0.0,0.0393495996594478,0.0,0.0,0.0
509,0.0,0.0141809027880784,-0.4919962159111799,0.0,0.0,-0.644745575665428,0.1675465472092001,0.2702774149514473,0.0,0.0,0.0,-0.2286169017811717,0.0,0.0,0.0,0.0,0.0,-0.6130924680916217,-0.1184036181538698,-0.4713622190948709,0.0,0.0,-0.171924309224169,0.0,0.0,-0.2665081029837813,-0.2973497658625276,0.0265595538796046,0.0,0.6142435173131976,0.5580138222579185,0.0,0.0,0.0150183050635949,-0.0298843327606778,-0.3543192786149382,-0.9108269210219984,-0.7627731568522241,0.0,0.0125875784875475,0.0670341680009429,0.0,0.0,-0.2633215794987222,-0.1056642034817961,0.0,0.0174100335201784,0.0,0.0117381917734271,0.0195987292987669,-0.1331370729148362,-0.0159007532893463,0.0,0.0,0.0,-0.8528302685098121,0.192854126939507,0.0,0.0,0.3037640281374446,0.0,0.0,0.0,0.0,0.0,0.0,-0.4528880113376394,-0.2007859360034274,-0.9303582422176612,-0.2115744341539353,-0.1661250790194756,0.0,0.0,-0.3118561802812958,-0.914110641050848,0.0,0.0,0.0,0.0,0.0,0.0,0.0,0.0,0.0977817682159102,0.0,0.0353346697380462,0.0,0.0,0.0
510,0.0,0.0208632319883506,-0.5207576521919172,0.0,0.0,-0.6378505176053619,0.1736599788369341,0.2657621587084671,0.0,0.0,0.0,-0.2735755393655756,0.0,0.0,0.0,0.0,0.0,-0.6241934798609259,-0.1671171395801595,-0.4888598386426173,0.0,0.0,-0.1769569487106943,0.0,0.0,-0.2556029771854336,-0.2980571272892643,0.0352376544868397,0.0,0.6023681362687783,0.5795846608165155,0.0,0.0,0.0197999127282397,-0.0820848375854232,-0.3140762991364546,-0.9113191482147552,-0.7656657248086792,0.0,0.0335553847623665,0.0745432214746531,0.0,0.0,-0.2546886286001811,-0.1117764194320462,0.0,0.0194308972034279,0.0,0.0,0.0114296235311943,-0.1386674000921675,-0.020192721368168,0.0,0.0053881225456819,0.0,-0.8450710436541172,0.1907448752263409,0.0,0.0,0.3068200293224667,0.0,0.0,0.0,0.0,0.0,0.0,-0.4458478712266834,-0.2227835227077277,-0.9323269883705234,-0.2048930022017811,-0.1685314121621113,0.0,0.0,-0.3235107990066507,-0.9151030527508102,0.0,0.0,0.0,0.0,0.0,0.0,0.0,0.0,0.0983676968057513,0.0,0.0295326374213642,0.0,0.0,0.0
511,0.0,0.0303681737626466,-0.5444970152078096,0.0,0.0,-0.6300833084748122,0.1760032340682144,0.2527185092605902,0.0,0.0,0.0,-0.3186207284823772,0.0,0.0,0.0,0.0,0.0,-0.634339189909955,-0.2025400169826193,-0.5039004143737337,0.0,0.0,-0.1638224654737057,0.0,0.0,-0.2479626008877611,-0.2930318650942511,0.05912551894582,0.0,0.6104902036172938,0.5434477861771448,0.0067433991576498,0.0,0.0138680358012876,-0.1298947655385914,-0.282885992783552,-0.910527956478476,-0.7694185459482082,0.0,0.049452092401614,0.0792742179274862,0.0,0.0,-0.256976369350107,-0.114491402857396,0.0,0.0161261928666866,0.0,0.0,0.0078156763026296,-0.134486080714608,-0.0325642165596933,0.0,0.0055373730929386,0.0,-0.8188126806965008,0.1819418235881183,0.0,0.0,0.2499776079358247,0.0,0.0080895553614048,0.0,0.0,0.0,0.0,-0.4482738814678296,-0.2455757528615484,-0.9333265918299514,-0.1984155346734591,-0.174009225684262,0.0,0.0,-0.3352072559660001,-0.915185431219057,0.0,0.0,0.0,-0.0049393788928187,0.0,0.0,0.0,0.0,0.0690774082850197,0.0,0.0229743857804144,0.0,0.0,0.0
512,0.0,0.0417105251008622,-0.5692321058626632,0.0,0.0,-0.6161070041583011,0.1761254361920946,0.2332241013674182,0.0,0.0,0.0,-0.3596122680294317,0.0,0.0,0.0,0.0,0.0,-0.6428717983387051,-0.2279842070783557,-0.5214431810320543,0.0,0.0,-0.1546407895774676,0.0,0.0,-0.24197233043573,-0.2761108977262332,0.0636931674704616,0.0,0.603688275116368,0.5359168986597576,0.0084845264096397,0.0,0.0071644817182932,-0.1617597641477493,-0.2554276991571188,-0.9095449552481938,-0.7739789277405518,0.0,0.0521413723978773,0.079850062212914,0.0,0.0,-0.2725073277287143,-0.1108906423259522,0.0,0.009480576465074,0.0,0.0,0.0,-0.1264829967909175,-0.03604841087928,0.0,0.0,0.0,-0.7970919106230757,0.1681659721733512,0.0,0.0,0.2026229797024981,0.0,0.0130962529196517,0.0,0.0,0.0,0.0,-0.4472830549165142,-0.2481383019786313,-0.9342915129221844,-0.191936502762598,-0.1686085938402903,0.0,0.0,-0.3521235420182144,-0.9161500467604462,0.0,0.0,0.0,-0.0209739442501434,0.0,0.0,0.0,0.0,0.0897113537642528,0.0,0.0166351248253068,0.0,0.0,0.0
513,0.0,0.0535571384730075,-0.5897604271693779,0.0,0.0,-0.6049838350905203,0.1712304858905935,0.2112133669781992,0.0,0.0,0.0,-0.3934936660814239,0.0,0.0,0.0,0.0,0.0,-0.6389393633562032,-0.260954934992788,-0.5270008614827749,0.0,0.0,-0.1426271879437885,0.0,0.0,-0.2281922414938212,-0.2645570129398905,0.056962971937098,0.0,0.6147938388070595,0.5094260266248805,0.0074571607913573,0.0,0.0,-0.2005030163399996,-0.236494472140214,-0.9080989966873064,-0.7781591796970528,0.0,0.054826952771477,0.0760513869563312,0.0,0.0,-0.2898644566722753,-0.0966595882282478,0.0,0.005802131406127,0.0,0.0,0.0,-0.1136322569693363,-0.0310444150040021,0.0,0.0,0.0,-0.7736941848072965,0.1514092596448282,0.0,0.0,0.1656527435123561,0.0,0.0203976902089269,0.0,0.0,0.0,0.0,-0.4546748004487018,-0.2563824982924697,-0.935047935735236,-0.1908477541810422,-0.1618664113555844,0.0,0.0,-0.370084357740395,-0.9180636688155106,0.0,0.0,0.0,-0.0329183097818632,0.0,0.0,0.0,0.0,0.1032613380009247,0.0,0.0112111121627893,0.0,0.0,0.0
514,0.0,0.0583414479052063,-0.6053900780532553,0.0,0.0,-0.5979337535944509,0.191772950973078,0.1845281253420195,0.0,0.0,0.0,-0.4047871510393087,0.0,0.0,0.0,0.0,0.0,-0.6298696836392644,-0.2792113856285486,-0.5253926128557617,0.0,0.0,-0.13483877865104,0.0,0.0,-0.2344040709778681,-0.2585562762107796,0.0554326156970163,0.0,0.6102934175952934,0.4573492827135099,0.006169207377187,0.0,0.0,-0.2233169908023333,-0.2284750591242687,-0.9065802538062466,-0.7818587148893772,0.0,0.0444868503058851,0.0687942986866882,0.0,0.0,-0.3047518801539338,-0.0938284902503491,0.0,0.0,0.0,0.0,0.0,-0.0943495340958421,-0.0272278143197442,0.0,0.0,0.0,-0.7439733356153504,0.1335475701042355,0.0,0.0,0.1426631016573101,0.0,0.0280892488312549,0.0,0.0,0.0,0.0,-0.4554253097872926,-0.2695750573897104,-0.9353852088498762,-0.1955624659625712,-0.1481145822468246,0.0,0.0,-0.3898842442020634,-0.9204793787515446,0.0,0.0,0.0,-0.038462862357719,0.0,0.0,0.0,0.0,0.1036699991744704,0.0,0.0070325335034787,0.0,0.0,0.0
515,0.0,0.0488750123309185,-0.6140316129281167,0.0,0.0,-0.5709163565026704,0.2201706470503762,0.160104573828354,0.0,0.0,0.0,-0.3991635014846804,0.0,0.0,0.0,0.0,0.0,-0.6038866828500113,-0.2861324783272302,-0.5222023311827673,0.0,0.0,-0.1225680238604129,0.0,0.0,-0.2497661150844754,-0.2521707884991419,0.0560300780894242,0.0,0.6092242166674452,0.4857423854468976,0.0,0.0,0.0,-0.2375942367746372,-0.2334640728067551,-0.9059532601120202,-0.7840398122168691,0.0,0.0277324490366849,0.0614520885008393,0.0,0.0,-0.3166861945712306,-0.0947846014351694,0.0,0.0,0.0,0.0,0.0,-0.0747750417674452,-0.0242648263216915,0.0,0.0,0.0,-0.7134258159735686,0.1102842868543258,0.0,0.0,0.1161136357568139,0.0,0.0297070589838979,0.0,0.0,0.0,0.0,-0.4419559691876793,-0.2694263522308269,-0.9357089524441498,-0.1917590735446467,-0.1348189254401066,0.0,0.0,-0.4153962404203107,-0.9223867846424594,0.0,0.0,0.0,-0.0472383412171992,0.0,0.0,0.0,0.0,0.1040645964763501,0.0,0.0,0.0,0.0,0.0
516,0.0,0.0370088367036271,-0.6170969723218508,0.0,0.0,-0.5519813836560542,0.2474177052004783,0.136136732656082,0.0,0.0,0.0,-0.3636184169451592,0.0,0.0077018729627514,0.0,0.0,-0.0092602228363278,-0.5804151897107771,-0.2910626971887623,-0.5271314457537367,0.0,0.0,-0.1247624365456234,0.0,0.0,-0.2729713698797528,-0.2504846718927973,0.0565107838517421,0.0,0.6411503199622424,0.5079655542417622,0.0,0.0,0.0,-0.2406102877752637,-0.2493019487862013,-0.9065634248185082,-0.7860218810544799,0.0,0.0115072035919836,0.0540825103030729,0.0,0.0,-0.3328504849848372,-0.0939087378453293,0.0,0.0,0.0,0.0,0.0,-0.0563841708800918,-0.0341819033315572,0.0,0.0,0.0,-0.6889037307873768,0.0913109910878235,0.0,0.0,0.0918662309602285,0.0,0.0194978835063472,0.0,0.0,0.0,0.0,-0.4270237717010312,-0.2539233477233204,-0.9366286873647752,-0.1929881799305889,-0.1156727630505562,0.0,0.0,-0.4250027952255589,-0.9242291689954863,0.0,0.0,0.0,-0.0463637261718904,0.0,0.0,0.0,0.0,0.1065213499632699,0.0,0.0,0.0,0.0,0.0
517,0.0,0.0263504850966782,-0.6154576192126524,0.0,0.0,-0.529395804992352,0.2809526143332866,0.1114217358535175,0.0,0.0,0.0,-0.3245179407069121,0.0,0.014826745980773,0.0,0.0,-0.0086286378515884,-0.549133728554488,-0.2968045430722999,-0.5180194376635813,0.0,0.0,-0.1143442155923001,0.0,0.0,-0.3034116737315219,-0.2558156850310357,0.0465393813292579,0.0,0.6685058249159517,0.5763841965407955,0.0,0.0,0.0,-0.237900621264712,-0.2648735838764308,-0.9071133801982948,-0.7866068918930204,0.0,0.0,0.0499520209850843,0.0,0.0,-0.3440493644488532,-0.0775211440450269,0.0,0.0,0.0,0.0,0.0,-0.0367054664111428,-0.0493228279066849,0.0,0.0,0.0,-0.6697676290552992,0.074873130988577,0.0,0.0,0.0737958761714527,0.0,0.0100748145474865,0.0,0.0,0.0,0.0,-0.4067773878027074,-0.2489305288750186,-0.9377725716434032,-0.1970009332749939,-0.1033056010981619,0.0,0.0,-0.4265286916556869,-0.926898879061726,0.0,0.0,0.0,-0.0387935061497072,0.0,0.0,0.0,0.0,0.1063307584708445,0.0,0.0,0.0,0.0,0.0
518,0.0,0.015447325369139,-0.6125045634012,0.0,0.0,-0.5171973292953286,0.3061841742597555,0.0933245490781043,0.0,0.0,0.0,-0.2858651677553641,0.0,0.0139801651625024,0.0,0.0,-0.0067684870608183,-0.5175078072363947,-0.2908343878206273,-0.5088172453328146,0.0,0.0,-0.116940066649301,0.0,0.0,-0.33652045473864,-0.2566559173214382,0.0539418609687526,0.0,0.6945204889263782,0.616040654096282,0.0,0.0,0.0065748239690143,-0.2412882990938506,-0.2839616496346411,-0.9071585918359436,-0.7861302837454843,0.0,0.0,0.0465657823699588,0.0,0.0,-0.3377218572396238,-0.0686956170732096,0.0,0.0,0.0096160566380402,0.0,0.0,-0.0241813729265304,-0.0605941254580214,0.0,0.0,0.0,-0.6582217600936465,0.0631167920666142,0.0,0.0,0.0583597185006786,0.0,0.0055709278952444,0.0,0.0,0.0,0.0,-0.3861283625530823,-0.2385903980638678,-0.9375940698890592,-0.2007846359436851,-0.090063761601348,0.0,0.0,-0.4148887072036073,-0.9298393292125082,0.0,0.0,0.0,-0.0332023938781108,0.0,0.0,0.0,0.0,0.1018182867844382,0.0,0.0,0.0,-0.0062782272092624,0.0
519,0.0,0.009595975692881,-0.6042487449699361,0.0,0.0,-0.5022878425343864,0.3453360161807,0.0752402589237523,0.0,0.0,0.0,-0.223541881939194,0.0,0.0108756188326374,0.0,0.0,0.0101828182241324,-0.4865100499765744,-0.2813785269147528,-0.5085315919716709,0.0,0.0,-0.1238216826280602,0.0,0.0,-0.3704797415340213,-0.2640962290990186,0.0758143265832989,0.0,0.7272744909111302,0.6227298361939434,0.0,0.0,0.0085148859640438,-0.2435140145993481,-0.3067952249662389,-0.9079700273978576,-0.7840578802490438,0.0,0.0111253663576877,0.0543287991644731,0.0,0.0,-0.3342688794149496,-0.0602585225814714,0.0,0.0,0.017839767467439,0.0,0.0,-0.0196919539806387,-0.0665084094539337,0.0,0.0,0.0,-0.6581908615872116,0.0536570135051326,0.0,0.0,0.046323818203441,0.0,0.0,0.0,0.0,0.0,0.0,-0.3612523257153421,-0.2121167329608718,-0.9372656689131889,-0.2056112984755174,-0.0914010872902758,0.0,0.0,-0.3925154587199513,-0.9325420371402044,0.0,0.0,0.0,-0.0254205359281066,0.0,0.0,0.0,0.0,0.0902560497534605,0.0,0.0,0.0,-0.0250300844212455,0.0
520,0.0,0.0068456190280175,-0.5890927331860691,0.0,0.0,-0.490075342535657,0.3763296729605736,0.0635147241385311,0.0,0.0,0.0,-0.1650062230013614,0.0,0.0078747383526402,0.0,0.0,0.0117548234481945,-0.4611025321399128,-0.2597316940640254,-0.5034042897663266,0.0,0.0,-0.1396661613320308,0.0,0.0,-0.3949578921103535,-0.270910758858375,0.0774750861234732,0.0,0.7829492578546301,0.6081116996029077,0.0,0.0,0.0152785908992731,-0.2555221447981078,-0.3282595499736202,-0.9088826645849846,-0.781068822197392,0.0,0.0252112015290205,0.0661590397255002,0.0,0.0,-0.317596749106701,-0.0691979921502492,0.0,0.0,0.0223805170064028,0.0061860682239873,0.0,-0.0204470879566717,-0.0834084856581448,0.0,0.0,0.0,-0.6671834644574222,0.0454329457440976,0.0,0.0,0.0327527827124869,0.0,0.0,0.0,0.0063352354651935,0.0,0.0,-0.3296776273257359,-0.1843581932834831,-0.9375602123601028,-0.2072058142362438,-0.0908750058820964,0.0,0.0,-0.3613402967341609,-0.9358481178486668,0.0,0.0,0.0,-0.0179035545218848,0.0,0.0,0.0,0.0,0.0869569361261405,0.0,0.0,0.0,-0.0211195285048973,0.0
521,0.0,0.0095557085936914,-0.5674795948256025,0.0,0.0,-0.4853991983361046,0.3969974270191494,0.0688828973221638,0.0,0.0,0.0,-0.113768545642326,0.0,0.0055824849688892,0.0,0.0,0.009144454144963,-0.4445234708169819,-0.2387275635177279,-0.5081020303458597,0.0,0.0,-0.1498531096721466,0.0,0.0,-0.4326267027293033,-0.2754077299018869,0.0801099996606562,0.0,0.8098659221786538,0.6173156567692296,0.0,0.0,0.0453675056170649,-0.2412113467041764,-0.3386109067717487,-0.9097774665979336,-0.7772045520579667,0.0,0.0395732895169232,0.0760682477960569,0.0,0.0,-0.2965826469682957,-0.0711738526470105,0.0,0.0079524088152586,0.0215918748462335,0.0075861554378321,0.0,-0.0216411987825933,-0.0996728270023219,0.0,0.0,0.0,-0.6822294839995777,0.0413644119828148,0.0,0.0,0.0249310556843244,0.0,0.0,0.0,0.0087494470354499,0.0,0.0,-0.3017941091298461,-0.1626225164852884,-0.9377486972067204,-0.2122315059776458,-0.089557931214173,0.0,0.0,-0.3292077786996025,-0.9389726342765434,0.0,0.0,0.0,-0.0073362035777107,0.0,0.0,0.0,0.0,0.0675059130845062,0.0,0.0,0.0,-0.0088350818318939,0.0
522,0.0,0.0130633598943652,-0.5446268779790464,0.0,0.0,-0.4897050565691179,0.3951787934174975,0.0715570109733613,0.0,0.0,0.0,-0.066491138742794,0.0,0.0217675487648296,0.0,0.0,0.0066212493171606,-0.4393142124074318,-0.2165582867248102,-0.513403250229677,0.0,0.0,-0.1652797694902138,0.0,0.0,-0.4679948981030774,-0.2743121910636998,0.078952372279736,0.0,0.8089781412076493,0.6308547450587229,0.0,0.0,0.0882283212905434,-0.2408456679641339,-0.3150246740544948,-0.9108408165869096,-0.7739658219464748,0.0,0.0329370806596177,0.083587363521471,0.0,0.0,-0.2746916097911708,-0.0812198923141195,0.0,0.0067144700347162,0.01938880632382,0.008669198675167,0.0142440634727336,-0.0202979461955417,-0.1143495891036961,0.0,0.0,0.0,-0.7009305452362667,0.0402832608441125,0.0,0.0,0.0203866797336911,0.0,0.0,0.0,0.0079711320646495,0.0,0.0,-0.2797859637544284,-0.1219638024165921,-0.9385979191128162,-0.2154025258906327,-0.0919337496576381,0.0,0.0,-0.2865300337128424,-0.939152450751028,0.0,0.0,0.0,0.0,0.0,0.0,0.0,0.0,0.0760970064010854,0.0,0.0,0.0,0.0,0.0
523,0.0,0.0171413707417835,-0.5159528169367187,0.0,0.0,-0.4932163319386699,0.3725333505563273,0.0719393424134879,0.0,0.0,0.0,-0.0273902980556081,0.0,0.0223062485501897,0.0,0.0,0.0,-0.4457566169766023,-0.1935498695185031,-0.5191690096630395,0.0,0.0,-0.1713318139519338,0.0,0.0,-0.476794891606973,-0.2680505639000825,0.0773316261928342,0.0,0.8051525122962091,0.6275374042878152,0.0,0.0,0.1287081846903393,-0.2440768823908792,-0.2720080721184583,-0.9101774864868446,-0.7693447639205475,0.0,0.0223610465844827,0.0897913333894107,0.0,0.0,-0.2455327935348072,-0.099673404844768,0.0,0.0,0.0162051206772109,0.0092320191785252,0.0095757231341484,-0.0220853196320825,-0.1235494087733236,0.0,0.0,0.0,-0.7233091399314427,0.0393917955424272,0.0,0.0,0.0155132188359057,0.0,0.0,0.0,0.0061339019700604,0.0,0.0,-0.2791042275669459,-0.0732844178683749,-0.939341477167022,-0.216131795747162,-0.0901523578768649,0.0,0.0,-0.2468796800967499,-0.9388486155661222,0.0,0.0,0.0,0.0,0.0,0.0,0.0,0.0,0.0889957973954672,0.0,0.0,0.0,0.0,0.0
524,0.0,0.0378970444241034,-0.4855203233321926,0.0,0.0,-0.506048202043189,0.3467625739490212,0.0699192972596832,0.0,0.0,0.0,0.0,0.0,0.0177618209874952,0.0,0.0,0.0,-0.461715807758712,-0.1720239805853384,-0.5241242210343863,0.0,0.0,-0.1773916577770536,0.0,0.0,-0.4805845971696382,-0.2656984280583633,0.0759452177034678,0.0,0.8047689320737748,0.6125516200230441,0.0,0.0,0.1720213639612835,-0.2429066000480738,-0.2237168350981559,-0.9097361721123468,-0.764823402891441,0.0,0.0142451681138839,0.0919442310137607,0.0,0.0,-0.2134171838937545,-0.1264329406608247,0.0,0.0055440341385353,0.012629872590545,0.0091618724237067,0.0069262189266589,-0.0265343759257049,-0.1202603837649197,0.0,0.0,0.0,-0.7480595290406058,0.0406961995935879,0.0,0.0,0.0133400808821098,0.0,0.0,0.0,0.0,0.0,0.0,-0.2720811734429401,-0.0341016297828647,-0.939286683897361,-0.2092457725311805,-0.0895578800455935,0.0,0.0,-0.2093885064991131,-0.9378733386381716,0.0,0.0,0.0,0.0,0.0,0.0,0.0,0.0,0.0777114129392135,0.0,0.0,0.0,0.0,0.0
525,0.0,0.0593729921722994,-0.4525864563411098,0.0,0.0,-0.5227242873871991,0.3524982750713593,0.0657681474658826,0.0,0.0,0.0,0.0,0.0,0.0148029298193738,0.0,0.0,0.0,-0.4837293839440849,-0.1479390376338263,-0.5278494465818068,0.0,0.0,-0.1811051884386473,0.0,0.0,-0.4868402342460419,-0.2535782006894334,0.076937261850044,0.0,0.8014280330481748,0.5516381712835101,0.0,0.0,0.2180713514961993,-0.2285768538129366,-0.1608314185409366,-0.9092600554989788,-0.7612879981925554,0.0,0.0101771113782639,0.0912665238913744,0.0,0.0,-0.1899047127097515,-0.1357289758814989,0.0,0.0071030196491439,0.0091652968943513,0.0084732440137312,0.0,-0.0311820966447803,-0.1252336765877958,0.0,0.0,0.0,-0.7702624927006028,0.0424681775945522,0.0,0.0,0.0117976915617125,0.0,0.0,0.0,0.0156957218874994,0.0,0.0,-0.2812575395114116,0.0,-0.9399538106175664,-0.188992884022177,-0.0875275906042298,0.0,0.0,-0.185497778452105,-0.936670267508792,0.0,0.0,0.0,0.0,0.0,0.0,0.0,0.0,0.0579445902679091,0.0,0.0081592681194354,0.0,0.0,0.0
526,0.0,0.0722667802354893,-0.4263676717982669,0.0,0.0,-0.5407183973904977,0.3644041631112685,0.0597402742109496,0.0,0.0,0.0,0.0,0.0,0.0115129767115097,0.0,0.0,0.0,-0.5059782279871953,-0.1354656782196582,-0.5300801173916369,0.0,0.0,-0.1758870710856656,0.0,0.0,-0.4789968625341944,-0.2439080694711612,0.0861852756302876,0.0,0.787501087162768,0.5151537118321444,0.0,0.0,0.2614211748709902,-0.2191359346631661,-0.0732263316785843,-0.9083788383466772,-0.7570769516678463,0.0,0.0056191062577453,0.08748396336214,0.0,0.0,-0.1625291852336488,-0.1421360376210192,0.0,0.0113692508118952,0.0062070775592096,0.0073029785703618,0.0,-0.0307003660149108,-0.1062708151219031,0.0,0.0,0.0,-0.7978956518933222,0.0438102644020919,0.0,0.0,0.0114984255509694,0.0,0.0,0.0,0.0150889740208603,0.0,0.0,-0.2968054624270034,0.0,-0.9403093612198136,-0.1760108436179303,-0.0790566529307146,0.0,0.0,-0.1779354540084978,-0.93596579373498,0.0,0.0,0.0,0.0,0.0,0.0,0.0,0.0,0.0400767355870859,0.0,0.0155013523809988,0.0,0.0,0.0
527,0.0,0.0906409881300024,-0.401488706108323,0.0,0.0,-0.5613431360821669,0.353590443047127,0.051373575917268,0.0,0.0,0.0,0.0,0.0,0.0096487740552286,0.0,0.0,0.0,-0.5293107652708652,-0.1358821281672068,-0.5281635975669622,0.0,0.0,-0.1635705788743611,0.0,0.0,-0.4683696463301315,-0.2339927956946447,0.0931583077030002,0.0,0.7902770420317524,0.4801210872717625,0.0,0.0,0.2924824304920665,-0.1996102632985648,0.0,-0.9077520283779984,-0.7534858712613828,0.0,0.0057210172779202,0.0817635737186143,0.0,0.0,-0.1406724273726468,-0.1441664876077421,0.0,0.0152177509945635,0.0,0.005865982941038,0.0,-0.0260095972432305,-0.1028009956797482,0.0,0.0,0.0,-0.8127718077644827,0.0492294555076412,0.0,0.0,-0.039300179781065,0.0,0.0,0.0,0.0135161286250932,0.0,0.0,-0.3186826707482935,0.0,-0.9404674335955856,-0.1572949346133835,-0.071402701302655,0.0,0.0,-0.1699824373459708,-0.9340461337878048,0.0,0.0,0.0,0.0,0.0,0.0,0.0,0.0,0.0247488728352511,0.0,0.0225283449905107,0.0,0.0,0.0
528,0.0,0.1046291848615633,-0.387559692811684,0.0,0.0,-0.5800625912107048,0.3213030919108576,0.0333614409325744,0.0,0.0,0.0,0.0,0.0,0.0094286196095522,0.0,0.0,0.0,-0.5550208507703855,-0.1411853869570022,-0.5288174747638109,0.0,0.0,-0.1604433886230845,0.0,0.0,-0.4544708029573366,-0.226275896943616,0.0956187994452685,0.0,0.7586611802384526,0.4668509368430976,0.0,0.0,0.3198524814546182,-0.1752813412331183,0.0,-0.9076051417871924,-0.7504380185500544,0.0,0.0167236948761962,0.0726952203464359,0.0,0.0,-0.1299921189464092,-0.145461025716489,0.0,0.0198279968980627,0.0302024973657,0.0,0.0,-0.0197660028965653,-0.0920073200044701,0.0,0.0,0.0,-0.8234335714055551,0.0582946445007529,0.0,0.0,-0.0900059463220635,0.0,0.0057301553213304,0.0,0.0112871914573882,0.0,0.0,-0.3377880430613497,0.0,-0.941621421409582,-0.1424613866456436,-0.0643470016020696,0.0,0.0,-0.167546958058232,-0.9304962874966948,0.0,0.0,0.0,0.0,0.0,0.0,0.0,0.0,0.0153313582891093,0.0,0.0306002082692656,0.0,0.0,0.0
529,0.0,0.1067275852920889,-0.3772865852045693,0.0,-0.0226369852001629,-0.5948010305798378,0.275460914865305,0.0353023102027335,0.0,0.0,0.0,0.0,0.0,0.0,0.0,0.0,0.0,-0.5730603440030994,-0.1568318778388361,-0.5330545865207719,0.0,0.0,-0.1536991587659704,0.0,0.0,-0.4205292079306433,-0.216819050872126,0.0874290713547462,0.0,0.7594797524047656,0.4340514747335445,0.0,0.0,0.3526120947282617,-0.1578668340330135,0.0,-0.9059569152074584,-0.7482267422289621,-0.0028917386049057,0.0369026045287268,0.0659466140409625,0.0,0.0,-0.1189989180763299,-0.1271838471636108,0.0,0.0246912402622699,0.0406605660815284,0.0,0.0,-0.0171077525592571,-0.0775682392516571,0.0,0.0,0.0,-0.8377645184775189,0.0647327374262669,0.0,0.0,-0.1237596412902039,0.0,0.0058964117358284,0.0,0.0088134270916049,0.0,0.0,-0.3615947482259668,0.0,-0.9430294117352904,-0.1270998408557975,-0.0603110422895517,0.0,0.0,-0.1667627304473749,-0.9285520136058198,0.0,0.0,0.0,0.0,0.0,0.0,0.0,0.0,0.0,0.0,0.0399845303882137,0.0,-0.0060156393316012,0.0
530,0.0,0.1098441721006108,-0.3751668823374807,0.0,-0.1270717936840356,-0.6210770496052973,0.2255836540264652,0.030754445180454,0.0,0.0,0.0,0.0,0.0,0.0,0.0,0.0,-0.0033142650741322,-0.5937753742027879,-0.1825311488338529,-0.5376700559528529,0.0,0.0,-0.151924262832464,0.0,0.0,-0.3916301231830856,-0.2132967159732011,0.0733275637884603,0.0,0.7648513810177091,0.4089835300879906,0.0,0.0,0.3062420376581918,-0.1298258777290435,0.0,-0.9053903671181592,-0.7479203530638064,-0.009771997235405,0.0677953722507071,0.0596149590347258,0.0,0.0,-0.1216324541625473,-0.0902988830598775,0.0,0.0287309798441693,0.0483448794157182,0.0,0.0,-0.0210586332469808,-0.0726169093752666,0.0,0.0,0.0,-0.8499965884457904,0.0740191729642025,0.0,0.0,-0.1475699836303477,0.0,0.0063721807143064,0.0,0.0066633893370009,0.0,0.0,-0.378096528108727,-0.0095641035354466,-0.944955684908718,-0.1251454627324821,-0.0536713202852032,0.0,0.0,-0.1673734757461475,-0.9270537360433684,0.0,0.0,0.0,-0.009714804084538,0.0,0.0,0.0,0.0,0.0,0.0,0.0378995897522667,0.0,-0.015610467186802,0.0
531,0.0,0.1130488021944877,-0.3828223267388908,0.0,-0.2310707972763685,-0.6301948154502538,0.2177880894280687,0.0293859053708956,0.0,0.0,0.0,0.0,0.0,0.0,-0.022952074002379,0.0,-0.0177018783845867,-0.5987181325982475,-0.2091201970334668,-0.5435493426142615,0.0,0.0,-0.1537896876301127,0.0,0.0,-0.3681298387957482,-0.2158069973747134,0.0767786666038599,0.0,0.7582804402062426,0.4031627041506108,0.0,0.0,0.2219530063541027,-0.1027647609568245,0.0,-0.904701029470556,-0.7473189457583326,-0.0172513500232742,0.0582850308415996,0.0527903362217459,0.0,0.0,-0.1290443271774625,0.1144438952263567,0.0,0.0319866614666527,0.0458426089549077,0.0,0.0,-0.0274877144096878,-0.0683529112205448,0.0,0.0,0.0,-0.8551326936253973,0.0928713566521201,0.0,0.0,-0.1649608884511555,0.0,0.0065072748438126,0.0,0.0090112658870919,0.0,0.0,-0.3818881790556003,-0.0579424782527191,-0.9455280251135014,-0.1215912467437799,-0.050540436871615,0.0,0.0,-0.1663392700842502,-0.9264242793488924,0.0,0.0,0.0,-0.0224449512180427,0.0,0.0,0.0,0.0,0.0,0.0,0.0347987316472872,0.0,-0.0174697098244908,0.0
532,0.0,0.1129222915711692,-0.3885076817254478,0.0,-0.3124351922147984,-0.6380279321687324,0.1867062523627464,0.0279053572882678,0.0,0.0,0.0,0.0,0.0,0.0,-0.0460819526813209,0.0,-0.0313390785659676,-0.6074695854211106,-0.2326100224443511,-0.5072580513042682,0.0,0.0,-0.1614705814571358,0.0,0.0,-0.3351187771592761,-0.2111448834252269,0.0768346299452514,0.0,0.7274673168723723,0.3976220586323024,0.0,0.0,0.1465597443698314,-0.0770890461365074,0.0,-0.9042969135269624,-0.7477450401563399,-0.0139975729924499,0.0419138325630271,0.0494174913029488,0.0,0.0,-0.1424572145406691,0.1050394492458066,0.0081089627682045,0.0335795009755047,0.0317917371490902,0.0,0.0,-0.0358539149629941,-0.066244504996692,0.0,0.0,0.0,-0.8584942220488103,0.1083029831391858,0.0,0.0,-0.158450412073133,0.0,0.0063970133942269,0.0,0.0132856526142491,0.0,0.0,-0.3791423045295791,-0.1104845744037763,-0.94671521665727,-0.1262242354416094,-0.0540064125262486,0.0,0.0,-0.1693957185996096,-0.9259730859809716,0.0,0.0,0.0,-0.046922038331424,0.0,0.0,0.0,0.0,0.0,0.0,0.0305484901611143,0.0,-0.0140680056615828,0.0
533,0.0,0.1140321802261491,-0.3936614691320069,0.0,-0.3671645140932507,-0.6354549430288676,0.164709967024332,0.0294909946969277,0.0,0.0,0.0,0.0,0.0,0.0,-0.0733859985974426,0.0,-0.0329964653670428,-0.6118177363735946,-0.2088538903732661,-0.4908175091333788,0.0,0.0,-0.1715581410285643,0.0,0.0,-0.3151721887141933,-0.2181767946229131,0.0772468174781905,0.0,0.6303898886614457,0.3961989514302553,0.0,0.0,0.0930600531939504,-0.0491830674354119,0.0,-0.9050019358454752,-0.7490489531757681,-0.014877797572997,0.0289573461546129,0.0499939973147824,0.0,0.0,-0.1690338990637457,0.1318508894863921,0.0129490073620799,0.0306488930751797,0.0176450547777116,0.0,0.0,-0.0464108008092219,-0.074845120147668,0.0,0.0,0.0,-0.8588606659828155,0.121738807082941,0.0,0.0,-0.1353662614239812,0.0,0.005969041648346,0.0,0.0086350514789172,0.0,0.0,-0.372615734504987,-0.1573247860168485,-0.9482596384434911,-0.1267490625341926,-0.0531850786903336,0.0,0.0,-0.1732720018045295,-0.9253427591945452,0.0,0.0,0.0,-0.065978820841463,0.0,0.0,0.0,0.0,0.0,0.0,0.0271983758792494,0.0,0.0,0.0
534,0.0,0.1186352857778055,-0.4004926568894494,0.0,-0.3718573599307195,-0.6379300682070692,0.1369408519123067,0.0322130312607441,0.0,0.0,0.0,0.0,0.0,0.0,-0.0770130822280738,0.0,-0.0234167386954351,-0.6159427111098885,-0.1929273268511949,-0.4691025900848669,0.0,0.0,-0.1925577290555087,0.0,0.0,-0.293128158964786,-0.220348358396382,0.0752568088258571,0.0,0.5346639036228336,0.3944679714263044,0.0,0.0,0.0504126223492434,-0.0210190479180311,0.0,-0.905221823852748,-0.751002615221598,-0.0143586138334166,0.0185569565059472,0.0498122777045073,0.0,0.0,-0.1889138945196217,0.20009171524269,0.0124927116860167,0.0200708096878015,0.009976451098983,0.0,0.0,-0.0581077547584235,-0.0802117702636956,0.0,0.0,0.0,-0.8585212825560875,0.1379570825302965,0.0,0.0,-0.0998408134256359,0.0,0.0058935489332873,0.0,0.0,0.0,0.0,-0.358220677828903,-0.2052225051396055,-0.949288749301572,-0.1310827139831226,-0.054517810341126,0.0,0.0,-0.1834253456772357,-0.9259741734886924,0.0,0.0,0.0,-0.085796601559262,0.0,0.0,0.0,0.0,0.0,0.0,0.0229259399738258,0.0,0.0,0.0
535,0.0,0.0991559743392441,-0.4037178976822306,0.0,-0.3370116832411368,-0.6360873876053044,0.1431871864594185,0.0331013731400916,0.0,0.0,0.0,0.0,0.0,0.0,-0.0765952960720341,0.0,-0.0068005993551282,-0.6191743483938947,-0.1528459914148616,-0.449520311195966,0.0,0.0,-0.2121737342113606,0.0,0.0,-0.286140169182607,-0.2319984740530382,0.0771121792727486,0.0,0.4872207462021481,0.3893836875183196,0.0,0.0,0.046001804647258,0.0,0.0,-0.9055912285050716,-0.7530715323229593,-0.0051481791641769,0.0274504985499497,0.0507425266048877,0.0,0.0,-0.2153738930662751,0.20999581091826,0.0112180516543589,0.0091761173737318,0.0,0.0,0.0,-0.0721030093813958,-0.0769513019568688,0.0,0.0,0.0,-0.8574176115204564,0.1592836494394389,0.0,0.0,-0.0575826181099598,0.0,0.0056860433833849,0.0,0.0,0.0,0.0,-0.3478338071502119,-0.2465669020463824,-0.9495110813173911,-0.1355235622400793,-0.0592827512061301,0.0,0.0,-0.1882342406486838,-0.9256964218489347,0.0,0.0,0.0,-0.1007223971585642,0.0,0.0,0.0,0.0,0.0,0.0,0.0179442178872699,0.0,0.0,0.0
536,0.0,0.0774759814926577,-0.4039241252111848,0.0,-0.2882606577180103,-0.6190837811317048,0.1604854384143187,0.0359112326704313,0.0,0.0,0.0,0.0,0.0,0.0,-0.0758772870966336,0.0,0.0054032296284074,-0.622056535764802,-0.0883982656908566,-0.4250721898709675,0.0,0.0,-0.2367987530328794,0.0,0.0,-0.2819940852246055,-0.2431935685538881,0.0765648066113468,0.0,0.466383478722048,0.3899991629352307,0.0,0.0,0.0784762432457546,0.0,0.0,-0.9060016962193704,-0.7560178968434571,0.0,0.037810373894175,0.054349431737843,0.0,0.0,-0.2458940012897522,0.2128098287050553,0.0093760223185444,0.0054846576441119,0.0,0.0,0.0,-0.0905769896320844,-0.0613162317115097,0.0,0.0,0.0,-0.8541777989345416,0.1735448914272542,0.0,0.0,0.0660273418871278,0.0,0.0,0.0,0.0,0.0066853187679499,0.0066853187679499,-0.3307534217154813,-0.2792245104953432,-0.9504169823970092,-0.1289954514406318,-0.0639616450903545,0.0,0.0,-0.2035541644729738,-0.9261836382030086,0.0,0.0,0.0,-0.1123696014822913,0.0,0.0,0.0,0.0,0.0,0.0,0.0133466079484721,0.0,0.0,0.0
537,0.0,0.0615729097605318,-0.3990719237269262,0.0,-0.2043526120252012,-0.6063097061015476,0.1796793835520584,0.0407287110237839,0.0,0.0,0.0,0.0,0.0,0.0,-0.0644093805187935,0.0,0.0069456316719537,-0.624005892464218,0.0,-0.400185575498162,0.0,0.0,-0.244158057554338,0.0,0.0,-0.2755488576970208,-0.2535827924664663,0.0713142886725615,0.0,0.4783215833087529,0.3768779957035341,0.0,0.0,0.1290884473726981,0.0,0.0,-0.906703167435869,-0.7573525742513364,-0.003309576632833,0.0472348866449661,0.0574745060189304,0.0,0.0,-0.261100949887955,0.2153194977579854,0.0072939084565534,0.0056790926436102,0.0,0.0058268322643206,0.0,-0.109753457235102,-0.0412541449099621,0.0,0.0,0.0,-0.8509009875708822,0.1586085519792665,0.0,0.0,0.0622562987377045,0.0,0.0,0.0,0.0,0.0119273870692401,0.0119273870692401,-0.3164183986375569,-0.3194589901759805,-0.9502060151372363,-0.1204886092544847,-0.0739074652832423,0.0,0.0,-0.2166454605090862,-0.9263817952167708,0.0,0.0,0.0,-0.1109457777152283,0.0,0.0,0.0,0.0,0.0,0.0,0.0097093382338225,0.0,0.0,0.0
538,0.0,0.0491392961555333,-0.3979038625638903,0.0,-0.0978462869420988,-0.6008659632150989,0.2019122502745847,0.0439538902570674,0.0,0.0,0.0,0.0,0.0,0.0,-0.060746688097706,0.0,0.0083101823162282,-0.6260485948942622,0.0,-0.3845662437132145,0.0,0.0,-0.2426681669122548,0.0,0.0,-0.2822053199770213,-0.2642497590029443,0.0675712661945649,0.0,0.5057115179202374,0.3502513749260404,0.0,0.0,0.1711777572515284,0.0,0.0,-0.908556232845762,-0.758089070186396,0.0,0.0614465528283807,0.0587490364323464,0.0,0.0,-0.2859910503836865,0.2148343883903394,0.0052813197618787,0.006071275700217,0.0,0.0072855161322591,0.0,-0.1183384232791408,-0.0281254985763718,0.0,0.0,0.0,-0.8426792701445452,0.1068429770905592,0.0,0.0,0.058859495153791,0.0,0.0057817978826503,0.0,0.0,0.0169004745229953,0.0169004745229953,-0.3115470200784085,-0.3404143104290504,-0.9494409726017784,-0.1131579082951964,-0.0783258103765031,0.0,0.0,-0.231801682746368,-0.92600454957535,0.0,0.0,0.0,-0.1091527898907282,0.0,0.0,0.0,0.0,0.0,0.0,0.0065168637174807,0.0,0.0,0.0
539,0.0,0.0366869602865002,-0.3954015900788463,0.0,0.0,-0.5912205194281989,0.2370342426316434,0.0535000007086327,0.0,0.0,0.0,0.0,0.0,0.0,-0.0457354005797414,0.0,0.0092544333841192,-0.626964262001157,0.0,-0.3863135843143176,0.0,0.0,-0.2408520978218968,0.0,0.0063924900324345,-0.2870916979363326,-0.2674272429723385,0.0605319046796497,0.0,0.5455853147539211,0.3160698839032568,0.0,0.0,0.1185012410486172,0.0,0.0,-0.9098049172025028,-0.7593629312018506,-0.0115699964694759,0.0721947174913202,0.0596389858124531,0.0,0.0,-0.3032075768510801,0.2355018454246347,0.0,0.0061224483487945,0.0072091566995317,0.0179735819514529,0.0,-0.1127141598290471,-0.0144697758976667,0.0,0.0,0.0,-0.8393690698891538,0.0632867962321788,0.0,0.0,0.0556758788706919,0.0,0.0064325142741714,0.0,0.0,0.0223596983535437,0.0223596983535437,-0.3182952670072666,-0.3592113958054831,-0.9481869507897388,-0.0939988980682191,-0.0845299193872324,0.0,0.0,-0.2531653898485436,-0.9247048016829956,0.0052816592972216,0.0,0.0052816592972216,-0.1041561396609502,0.0,0.0,0.0,0.0,0.0,0.0,0.0140472595903534,0.0,0.0,0.0
540,0.0,0.0242338289189237,-0.3921621030432193,0.0,0.0,-0.5883097906956292,0.2759456674400412,0.062179772389895,0.0,0.0,0.0,0.0,0.0,0.0,-0.0305874457890629,0.0,0.009592451105469,-0.626865212923533,0.0,-0.4016415197376086,0.0,0.0,-0.2279726481142919,0.0,0.0076483695268077,-0.2917966056185173,-0.2725258791200368,0.0540249655225766,0.0,0.5964862318613495,0.2805875531757075,0.0,0.0,0.071526159008578,0.0,0.0,-0.9108260988741694,-0.7592489518194794,-0.0105955154893999,0.0789031050560008,0.0589406996284169,0.0,0.0,-0.3050261719817737,0.2655985273177126,0.0,0.0057997041147048,0.0094757989392942,0.0299328115061351,0.0,-0.0994237110379142,0.0,0.0,0.0,0.0,-0.8376276651246473,0.0485176329243517,0.0,0.0,0.0532441382346459,0.0,0.0074958585205321,0.0,0.0,0.0276292670491918,0.0276292670491918,-0.3176741588259588,-0.3624579939175241,-0.9450676329238216,-0.0767835512356784,-0.0967896578344172,0.0,0.0,-0.2750616390726179,-0.923267152559732,0.0057034651595005,0.0,0.0057034651595005,-0.0915572744972209,0.0,0.0,0.0,0.0,0.0288513111807521,0.0,0.0324016976987229,0.0,0.0,0.0
541,0.0,0.0228027509511557,-0.3979310651936901,0.0,0.0,-0.596098148677901,0.3201417113437561,0.115819167859776,0.0,0.0,0.0,0.0,0.0,0.0,-0.0138661947149469,0.0,0.0092544333841192,-0.63175574054326,0.0,-0.4279537469656514,0.0,0.0,-0.2083962316468015,0.0,0.008517421590709,-0.3009302383909261,-0.2761298281951815,0.0483587545049616,0.0,0.6045633899096351,0.2555297496939208,0.0,0.0,0.0376244221376434,0.0,0.0,-0.9122961437341712,-0.7603811872165536,-0.0136132841226389,0.0832126121590809,0.0571757224403425,0.0,0.0,-0.308817147709631,0.2551599841650017,0.0,0.0174554909785854,0.0209908597312626,0.0235717167467903,0.0,-0.0895002934606805,0.0,0.0,0.0,0.0,-0.8403548722452673,0.0376049841610261,0.0,0.0,0.0559372636841283,0.0,0.0074429712952784,0.0,0.0,0.0318956834652603,0.0318956834652603,-0.3148612699341922,-0.3548906788433701,-0.9416441871316076,-0.0592899503926812,-0.1102115385873929,0.0069714326166266,0.0,-0.29225667295694,-0.9208592247171956,0.0068239776521827,0.0,0.0068239776521827,-0.0734125533402269,0.0,0.0,0.0,0.0,0.013542936026523,0.0,0.0506442805246108,0.0,0.0,0.0
542,0.0,0.016530966078138,-0.4107269215336566,0.0,0.0,-0.6081370880465841,0.3635763878097333,0.1714521893772414,0.0,0.0,0.0,0.0,0.0,0.0,0.0,0.0,-0.0473782749587301,-0.6348482180746758,0.0,-0.4606730371502838,0.0,0.0,-0.188055919993883,0.0,0.0088285199927795,-0.3139089109778997,-0.2764914374014754,0.0614227927695346,0.0,0.626307374891507,0.2406395180082486,0.0,0.0,0.0072200580524748,0.0,0.0,-0.9128172686297312,-0.7610345454551507,-0.0139720715468065,0.0870349301230309,0.0540753533363975,0.0,0.0,-0.3072395550288772,0.2250725068320153,0.0,0.0271279266065845,0.0214055030536389,0.0185259446189451,0.0,-0.0750974776949796,0.0,0.0,0.0,0.0,-0.8460939340478265,0.030242858018702,0.0,0.0,0.0439411606339767,0.0,0.0058026781928149,0.0,0.0057386868378402,0.0344091067965195,0.0344091067965195,-0.3275337692642941,-0.345691484652405,-0.9381151006898848,-0.0477230913167414,-0.125064436819146,0.0108929381490692,0.0,-0.3034934210948876,-0.9196290302618118,0.0075993575343731,0.0,0.0075993575343731,-0.0532880576439558,0.0,0.0,0.0,0.0,0.0078601372834673,0.0,0.0719559553807972,0.0,0.0,0.0
543,0.0,0.0111554816077461,-0.4283085160182902,0.0,0.0,-0.6229866549153685,0.4050470380022436,0.2455635600145334,0.0,0.0,0.0,0.0,0.0,0.0,0.0,0.0,-0.0995671810356895,-0.6374501613787962,0.0,-0.4989602700854246,0.0,0.0,-0.1654835619148454,0.0,0.008517421590709,-0.3210749481530998,-0.2706210759669057,0.0427853530793233,0.0,0.6496042049318278,0.2297257783718666,0.0,0.0,0.0107036282263708,0.0,0.0,-0.913627305927616,-0.7622397317290143,-0.007896015599731,0.0939336745964549,0.0501318409560051,0.0,0.0,-0.3001470725324975,0.190992644591011,0.0,0.0284737050995023,0.0209965341621508,0.0195045835442719,0.0,-0.0571676105707972,0.0,0.0,0.0,0.0,-0.8527926615684689,0.0234258940077266,0.0,0.0,0.0371575119957715,0.0,0.0,0.0,0.0073667128439229,0.0338037002136429,0.0338037002136429,-0.32736018494791,-0.3328838389665747,-0.93337582340647,-0.0361814135552487,-0.1383159968928193,0.0055374337825141,0.0,-0.3178922047621144,-0.91952831264509,0.0078769236922212,0.0,0.0078769236922212,-0.0446098412973869,0.0,0.0,0.0,0.0,0.0,0.0,0.0953089913526821,0.0,0.0,0.0118499327934374
544,0.0,0.0070074543575246,-0.4523590480106528,0.0,0.0,-0.6431129517941018,0.3656532694348112,0.3464087318178577,0.0,0.0,0.0,0.0,0.0,0.0,0.0,0.0,-0.1434158643396693,-0.6400770039229731,0.0,-0.524231984146464,0.0,0.0,-0.1525357119753288,0.0,0.0076483695268077,-0.3367932039359607,-0.2640676663725766,0.028054660016658,0.0,0.6757377163724017,0.2326406445233198,0.0,0.0,0.0291524485782757,0.0,0.0,-0.9155279275591232,-0.7639372550124834,0.0,0.0971422542382574,0.0604872616882335,0.0,0.0,-0.2985702797242542,0.1867003164484162,0.0,0.0251333650013454,0.0200396407143947,0.0197342700549389,0.0,0.0777590128077092,0.0,0.0,0.0,0.0,-0.8581660032901164,0.0229065846678798,0.0,0.0,0.0341283751747188,0.0,0.0,0.0,0.0095370403921002,0.0254192322039858,0.0254192322039858,-0.324881691345309,-0.3091729100776026,-0.928574543255614,-0.0360105170945377,-0.1487220738866411,0.0,0.0,-0.3233163303547801,-0.9188353135771444,0.0075993575343731,0.0,0.0075993575343731,-0.0266900589546663,0.0,0.0,0.0,0.0,0.0,0.0,0.1024713376468506,0.0069708558679512,0.0,0.0126555146670072
545,0.0,0.0,-0.4766529741225531,0.0,0.0,-0.6655582014226048,0.2915759353858851,0.4283024576448251,0.0,0.0,0.0,0.0,0.0,0.0,0.0,0.0,-0.1806167015811956,-0.6411898845057908,0.0,-0.5422606396763324,0.0,0.0,-0.1434761245936231,0.0,0.0063924900324345,-0.3529209798484298,-0.2609844372112153,0.0153510754142435,0.0,0.6677442806803556,0.2461591855051428,0.0,0.0,0.054113783238277,0.0,0.0,-0.9160249880011642,-0.7660561877872091,0.0,0.1164806180967763,0.0691148174190332,0.0,0.0,-0.2862303320000537,0.1809252943031919,0.0,0.0206819504968719,0.0188120111952947,0.0182343824516243,0.0,0.1112075654257691,0.0,0.0,0.0,0.0,-0.8598420036821932,0.0270012277969889,0.0,0.0,0.0305701515171339,0.0,0.0,0.0,0.0109618826441446,0.0192575576259553,0.0192575576259553,-0.3235012357512289,-0.3060199376706196,-0.9239352563866984,-0.036071908020669,-0.1547368350066495,0.0,0.0,-0.3307635095173136,-0.9188353135771444,0.0068239776521827,0.0,0.0068239776521827,-0.0177160625631619,0.0,0.0,0.006077460189943,0.0,0.0,0.0,0.1032623666058249,0.0101047173939647,0.0,0.0131768531027803
546,0.0,0.0099833927873729,-0.5009327159301997,0.0,0.0,-0.6801643457935156,0.2174363201352357,0.5348196391916187,0.0,0.0,0.0,0.0,0.0,0.0,0.0,0.0,-0.2174439002597967,-0.6412318197966896,0.0,-0.5569255199069443,0.0,0.0,-0.1416363187020141,0.0,0.0,-0.3628179248325904,-0.2610915137042155,0.0054291019394211,0.0,0.6241163387510357,0.2477652543726818,0.0,0.0,0.0888829280436432,0.0,0.0,-0.917195907854953,-0.7677658917411138,0.0,0.1399732360081532,0.0760841505466739,0.0,0.0,-0.2708932953614004,0.1726051490276253,0.0,0.015863015469948,0.0174848830582888,0.0190223150995488,0.0,0.1505996219967371,-0.0084674910788365,0.0,0.0,0.0,-0.8618998619325757,0.0346394145227824,0.0,0.0,0.0273777571927553,0.0,0.0,0.0,0.0129531462555553,0.0120675059974788,0.0120675059974788,-0.3192243176468381,-0.2788362877497878,-0.9209167925107732,-0.0430395432200242,-0.1572292865092435,0.0,0.0,-0.3430707119600364,-0.9188353135771444,0.0057034651595005,0.0,0.0057034651595005,-0.0161877523472375,0.0,0.0,0.0084359940753154,0.0,0.0,0.0,0.1019832998763585,0.0071088003780512,0.0,0.0150998142662631
547,0.0,0.0153777634307915,-0.5268235197533008,0.0,0.0,-0.6952682872890875,0.1644161030652001,0.625405156829677,0.0,0.0,0.0,0.0,0.0,0.0,0.0,0.0,-0.2440565875466336,-0.6252781261996079,0.0,-0.5866324555280215,0.0,0.0,-0.1514812755338107,0.0,0.0,-0.3797041770790347,-0.2723117424187434,0.0,0.0,0.5866458162968443,0.2442315948308691,0.0,0.0063214504566665,0.1452758687531751,0.0,0.0,-0.9180128266294036,-0.7700772951137027,0.0,0.1653151422899425,0.0804164595150405,0.0,0.0,-0.2534335117148344,0.1763326843425726,0.0,0.0112001375705989,0.0185494062793527,0.0248149586235134,0.0064620432577576,0.1925586705786784,-0.0228072924958591,0.0,0.0,0.0,-0.8640948301737814,0.0540701624236722,0.0,0.0,0.0238507923709621,0.0,0.0,0.0,0.0138885825763109,0.0070753032586307,0.0070753032586307,-0.3073722981546177,-0.2561583876933904,-0.9179369409099568,-0.0525483530868669,-0.1517507205214694,0.0,0.0,-0.3503350857426515,-0.9188353135771444,0.0,0.0,0.0,-0.0123783860183539,0.0,0.0,0.0079134551644323,0.0,0.0,0.0,0.1011475240993477,0.0077946438584366,-0.0291003197741201,0.0159623203004966
548,0.0,0.0180121778387113,-0.5472354850050969,0.0,0.0,-0.7001789084763078,0.1237615170316111,0.6437098341000197,0.0,0.0,0.0,0.0,0.0,0.0,0.0,0.0,-0.2531763057369033,-0.612840699205279,0.0,-0.5719135853854692,0.0,0.0,-0.1639728790961992,0.0,0.0,-0.3896957717734585,-0.2762412320450254,0.0086022606825205,0.0,0.541730228986846,0.2793537748775745,0.0,0.0052834540607814,0.207126057331049,0.0,0.0,-0.9189994054667432,-0.7723608371345168,0.0,0.1728645605965532,0.081304864734808,0.0,0.0,-0.231894919840607,0.1789929750854469,0.0,0.0074767417637792,0.0181393428047354,0.0282895348320189,0.0126866581805666,0.235282142296751,-0.0338028452270039,0.0,0.0,0.0,-0.8649763527453587,0.0549792578252829,0.0,0.0,0.0187628572548606,0.0,0.0,0.0,0.0143999081605137,0.0,0.0,-0.3010946798075471,-0.2574142283564256,-0.9159809539103584,-0.0701493244379597,-0.1497446033142562,0.0,0.0,-0.3556529604552171,-0.9188353135771444,0.0,0.0,0.0,-0.0116227450392032,0.0,0.0,0.0109526879374199,0.0,0.0,0.0,0.0966882533404673,0.0093668975862292,-0.0448229937258969,0.0163569982335503
549,0.0,0.0132475222642244,-0.5625432570484833,0.0,0.0,-0.6998362186259462,0.1496389729013564,0.6703311997280392,0.0,0.0,0.0,-0.0330368691989872,0.0,0.0,0.0,0.0,-0.2469086090906349,-0.598893592224332,0.0,-0.5577231303574814,0.0,0.0,-0.1827176212160823,0.0,0.0,-0.3983244333397052,-0.2824320722611388,0.0173440985375862,0.0,0.5009607417747222,0.3438709330619687,0.0,0.0,0.2838178920154116,0.0,0.0,-0.9197896295335236,-0.7740078572262613,0.0,0.135003301387677,0.0787862676461753,0.0,0.0,-0.2185729413649848,0.1739731209158541,0.0,0.0,0.023465120568635,0.0333991538689673,0.0092147081619758,0.2717895388855076,-0.0470809912681164,0.0,0.0,0.0,-0.8629704131281959,0.0542951045252842,0.0,0.0,0.0223130580645049,0.0,0.0,0.0,0.0145639108010331,0.0,0.0,-0.3127362668734632,-0.2454355626262148,-0.9150475987363044,-0.0875483852404971,-0.1390321372891755,0.0105242248165446,0.0,-0.3633737791812362,-0.9188353135771444,0.0,0.0,0.0,-0.0084089749729426,0.0,0.0,0.0136714197290583,0.0,-0.0030711069427462,0.0,0.0786289997406871,0.011058487768157,-0.0529615248716485,0.0166587823957328
550,0.0,0.0090456140536312,-0.5735570874027113,0.0,0.0,-0.6979040244710814,0.1442149998220227,0.7150512150056616,0.0,0.0,0.0,-0.057577551660057,0.0,0.0,0.0,0.0,-0.2373699079757216,-0.580091097006246,0.0,-0.5411322207082434,0.0,0.0,-0.1987992271725678,0.0,0.0,-0.3994777650746326,-0.2880254525845464,0.0385530039934719,0.0,0.4733957456827123,0.3836729168984419,0.0,0.0,0.3422027886490437,0.0,0.0,-0.92066340788494,-0.7751094946159554,0.0,0.1015467837617992,0.0731439294065934,0.0,0.0,-0.2001131248368733,0.1431760233264957,0.0,0.0,0.0174812260978585,0.0400314360472858,0.0062667733958522,0.3084749220593015,-0.0481046644570744,0.0,0.0,0.0,-0.8601824429541893,0.0506706899225981,0.0,0.0,0.0266409825682691,0.0,0.0,0.0,0.0144834382090664,0.0073441368756478,0.0073441368756478,-0.3226953703130656,-0.2491078884819574,-0.9145389756771518,-0.0987677238821959,-0.1287888989749643,0.0169732295073813,0.0,-0.3750019317889159,-0.9188353135771444,0.0,0.0,0.0,-0.0205896667968469,0.0,0.0,0.0106103931896082,0.0,-0.0280832100227295,0.0,0.0508370224629983,0.0127625228911341,-0.0546088058690793,0.0169190910940888
551,0.0,0.0058221867983263,-0.5758775379703323,0.0,0.0,-0.6968225564207182,0.1632736998985519,0.7628216267407645,0.0,0.0,0.0,-0.073979412575457,0.0,0.0,0.0,0.0,-0.2232007268234008,-0.5609916528685761,0.0,-0.5299117248621005,0.0,0.0,-0.2180056562826875,0.0,0.0,-0.3948585923133779,-0.2918854240551266,0.0510904930302087,0.0,0.4347923614449527,0.3052051798868594,0.0,0.0,0.2443291709483082,0.0,0.0,-0.9208451856239116,-0.7760437280695882,0.0,0.0834842731641882,0.0647257527282818,0.0,0.0,-0.188593030145297,0.137320905016458,0.0,0.0,0.0127304261692581,0.0460563962697342,0.0,0.3486821301921678,-0.0536455524707131,0.0,0.0,0.0,-0.8583474684674903,0.0454114137503502,0.0,0.0,0.0310822580936882,0.0,0.0,0.0,0.0140987013645408,0.0098437082790975,0.0098437082790975,-0.3372475297899996,-0.2476612948386295,-0.9131323905603828,-0.1140530733929481,-0.1177694945224103,0.0120833696975979,0.0,-0.3777289072524161,-0.9188353135771444,0.0,0.0,0.0,-0.028943209836033,0.0,0.0,0.0057243915045785,0.0,-0.0469712232464909,0.0,0.0497139567041023,0.0141820439936381,-0.0516442205708039,0.0177451467537109
552,0.0,0.0,-0.5714057155256014,0.0,0.0,-0.6884939876022839,0.1872191638602878,0.7659734708394591,0.0,0.0,0.0,-0.0926112879432302,0.0,0.0,0.0,0.0,-0.2023728585627734,-0.5444214521020927,0.0,-0.5226194920691773,0.0,0.0,-0.2508988539532788,0.0,0.0,-0.3896568552925269,-0.293627070219936,0.0650133167768011,0.0,0.4372137498816528,0.3021413272562241,0.0,0.0,0.1652325459400205,0.0,0.0,-0.9182872167750388,-0.7772893243796803,0.0,0.0697483788159663,0.0544684976347787,0.0,0.0,-0.1767068165392726,0.1261040596085072,0.0,0.0095761900719936,0.0097331729274535,0.0527817935352564,0.006080915684681,0.3720317833326515,-0.0492509053645306,0.0,0.0,0.0,-0.8559298808457871,0.039765042819055,0.0,0.0,0.0363981379827831,0.0,0.0,0.0,0.0133829471829586,0.0129666860429344,0.0129666860429344,-0.3503413752378164,-0.2305513764502979,-0.912328893267626,-0.1188042544236781,-0.1022917033574014,0.0123897108690369,0.0,-0.3897498815575515,-0.9188353135771444,0.0,0.0,0.0,-0.0382864044584813,0.0,0.0,0.0,0.0,-0.0609421084388295,0.0,0.0560528126569252,0.0155468526879617,-0.0403384988040546,0.018168207742621
553,0.0,0.0,-0.5594385150735313,0.0,0.0,-0.6765252759281466,0.2186175126000853,0.7436617743295587,0.0,0.0,0.0,-0.0922015053186768,0.0,0.0,0.0,0.0,-0.172203283147288,-0.5328751388065003,0.0,-0.5140027169982535,0.0,0.0,-0.2757620243682677,0.0,0.0,-0.3831220615012819,-0.2858741788357157,0.0797893159998108,0.0,0.4985245398304242,0.2962054716051405,0.0,0.0,0.0855403851249345,0.0,0.0,-0.9141247863497188,-0.7795426364789074,0.0,0.0624426723578949,0.0420589386810361,0.0,0.0,-0.1681537191870632,0.1130353298849663,0.0,0.0265504637114388,0.0070499819621933,0.0564592955208419,0.0,0.3664636063205818,-0.0426468940622303,0.0,0.0,0.0,-0.8559856452185781,0.0336768283475164,0.0,0.0,0.0399543024653512,0.0,0.0,0.0,0.0118770345726311,0.0171739404722242,0.0171739404722242,-0.368837938285416,-0.2384774958110542,-0.911490088988688,-0.1234589037362081,-0.0957645637768805,0.0118849717323742,0.0,-0.392122915494061,-0.9188353135771444,0.0053883072539871,0.0,0.0053883072539871,-0.0402757061293947,0.0,0.0,0.0,0.0,-0.0767406347198545,0.0,0.0570225417163391,0.0098851458677291,-0.0144864067074853,0.0192065787094911
554,0.0,0.0,-0.5431387214629649,0.0,0.0,-0.6756219509998873,0.1912739751935877,0.6892129535520031,0.0,0.0,0.0,-0.0876222516213378,0.0,0.0,0.0,0.0,-0.143783331252646,-0.52324071875214,0.0,-0.5077352446389617,0.0,0.0,-0.2980145849996257,0.0,0.0,-0.3661675495380517,-0.2785910595732156,0.0767787776980064,0.0,0.4998997373354042,0.2806394045517992,0.0,0.0,0.0544107678023738,0.0,0.0,-0.9093624429917146,-0.7802795350334915,0.0,0.0584682763426138,0.0363640571001425,0.0,0.0,-0.1641545897557458,0.1044944757161127,0.0,0.0414236659883586,0.0,0.0606293540856741,0.0,0.2881612946454451,-0.0350236514195681,0.0,0.0,0.0,-0.8560803238189703,0.0346146421779166,0.0,0.0,0.0415963461129312,0.0,0.0,0.0,0.009515281660226,0.0235512501157523,0.0235512501157523,-0.3849915810219272,-0.2380423582513605,-0.910154081574042,-0.1298304099055433,-0.0935625466684878,0.00689105456096,0.0,-0.3914906258333117,-0.9188353135771444,0.0060005579465822,0.0,0.0060005579465822,-0.0433522675499313,0.0,0.0,0.0,0.0,-0.0836243726836497,0.0,0.0446000843501356,0.0054931089182625,0.0,0.0193523703964883
555,0.0,0.0,-0.5287069059721569,0.0,0.0,-0.6765236670252475,0.1646047215137084,0.6163032372138535,0.0,0.0,0.0,-0.0721870606391468,0.0,0.0,-0.0206739782532153,0.0,-0.1192033128136476,-0.5206510062906916,0.0,-0.4968345587726926,0.0,0.0,-0.3145034541135892,0.0,0.0,-0.3580269034765737,-0.2704207295455532,0.092777805398273,0.0,0.5124125911899391,0.2630691652833262,0.0,0.0058345125631724,0.0344422620098988,0.0,0.0,-0.903899029575142,-0.7804315321717795,0.0,0.058835173142663,0.0763578989986717,0.0,0.0,-0.1702845397350373,0.0997743854079956,0.0,0.0354118545514278,0.0,0.0720434599727618,0.0,0.2564856238587703,-0.029408028414622,0.0,0.0,0.0,-0.857652304754601,0.036010387979214,0.0,0.0,0.0410497902258112,0.0,0.0,0.0,0.0079726865434124,0.0332780226040092,0.0332780226040092,-0.4084710789715048,-0.2457760939276606,-0.9100276823351878,-0.1340061354231055,-0.0915205524162991,0.0,0.0,-0.3710302482557056,-0.9188353135771444,0.0062197280286114,0.0,0.0062197280286114,-0.0457048014924601,0.0,0.0,0.0,0.0,-0.0856030491006863,0.0,0.0345947684797408,0.0,0.0,0.0192029947361152
556,0.0,0.0,-0.5115132594718439,0.0,0.0,-0.673085963082279,0.1480195760140757,0.5645694756545128,0.0,0.0,0.0,-0.0438863755098592,0.0,0.0,-0.0374977734513283,0.0,-0.0928366167897755,-0.5219801823036745,0.0,-0.4916339327838083,0.0,0.0,-0.3303461326718433,0.0,0.0,-0.352731795852478,-0.255424028268335,0.0877246915615719,0.0,0.5133809777282397,0.2516341223556336,0.0,0.0,0.0388746262811696,0.0,0.0,-0.8977778148254836,-0.7805257883134741,0.0,0.0655305540270222,0.1156374620145613,0.0,0.0,-0.173620464950008,0.1195785797646143,0.0,0.0222134954545157,0.0057264398180056,0.0819302024867508,0.0,0.2326481345450121,-0.0034279131201612,0.0,0.0,0.0,-0.8599422373474797,0.0375225083754633,0.0,0.0,0.0387882403912187,0.0,0.0,0.0,0.0063040949787741,0.0405387716767199,0.0405387716767199,-0.4237574934945554,-0.2500263850606521,-0.910525593650616,-0.1275819499294694,-0.0943209399173883,0.0,0.0,-0.3609956292392497,-0.9188353135771444,0.0060005579465822,0.0,0.0060005579465822,-0.0409610644879412,0.0,0.0,0.0,0.0,-0.0831135811084095,0.0,0.0328883558605793,0.0,0.0,0.019499078150831
557,0.0,0.0,-0.5040822758871807,0.0,0.0,-0.6751711057595126,0.1433441876961848,0.5446838699696264,0.0,0.0,0.0,-0.0194112324349392,0.0,0.0,-0.0557547200487897,0.0,-0.0622315316210067,-0.5129154290477832,0.0,-0.4945257024866177,0.0,0.0,-0.341859216455203,0.0,0.0,-0.3554182289092127,-0.2461720689339902,0.053564854637138,0.0,0.5014400880439908,0.2488296683563204,0.0,0.0,0.0540125021017026,0.0,0.0,-0.8907806551661661,-0.7804220607372234,0.0,0.0759669420665271,0.1716308076442077,0.0,0.0,-0.1765386761565469,0.1461335485987689,0.0,0.0262873062477725,0.0061420834534976,0.0902045505862817,0.0,0.2284401625461269,0.0,0.0,0.0,0.0,-0.8608938978249356,0.0347146975124556,0.0,0.0,0.0349981141190263,0.0,0.0,0.0,0.0,0.013854706825131,0.013854706825131,-0.4250513962973385,-0.2714115988646962,-0.9110704716331136,-0.1250166288013626,-0.1035085274453456,0.0,0.0,-0.3531490101178157,-0.9188353135771444,0.0053883072539871,0.0,0.0053883072539871,-0.0397685019451412,0.0,0.0,-0.0102177888268962,0.0,-0.088322378095941,0.0,0.0374658044405662,0.0,0.0,-0.0291053117480672
558,0.0,0.0,-0.5014392719024773,0.0,0.0,-0.678345724646717,0.1451326456370043,0.5172935582029936,0.0,0.0,0.0,-0.0082779792115493,0.0,0.0,-0.0696985212969084,0.0,-0.0377486887129683,-0.5046859641626315,0.0,-0.4864945764848744,0.0,0.0,-0.3450858048292672,0.0,0.0,-0.3579579709687966,-0.2386842094379658,0.0278258681263363,0.0,0.4932931266345491,0.2424102334637037,0.0,0.0,0.0849600779418043,0.0,0.0,-0.8845291824580928,-0.7793043287565486,0.0,0.0892487372955501,0.2334657345029247,0.0,0.0,-0.1849967577635161,0.1697852087802006,0.0,0.033112394052414,0.0062108220285824,0.0972194937400757,0.0,0.2429634121651557,0.0,0.0,0.0,0.0,-0.8614581850646919,0.0290280337165646,0.0,0.0,0.0302977586191506,0.0,0.0,0.0,0.0,0.0114117133378087,0.0114117133378087,-0.4309305630764543,-0.2871687864352796,-0.9129685277109574,-0.1247779004475821,-0.1124726651447495,0.0,0.0,-0.3346181022982161,-0.9188353135771444,0.0,0.0,0.0,-0.0335247128280009,0.0,0.0,-0.0031260221309931,0.0,-0.0970747999729606,0.0,0.0411634477724421,0.0,0.0,-0.0540026191312193
559,0.0,0.0071829781434497,-0.5019336307590652,0.0097086447668229,0.0,-0.6801354132924591,0.1499836488407202,0.4897314888480027,0.0,0.0,0.0,0.0,0.0,0.0,-0.0734146077612149,0.0,-0.0158184783206312,-0.4893690775324315,0.0,-0.4917284714295537,0.0,0.0,-0.3339392680398395,0.0,0.0,-0.3608368190270775,-0.2390631942212232,0.0245443992336126,0.0,0.4740018213283143,0.2396808183091849,0.0,0.0,0.1128346388077311,0.0,0.0,-0.8798663161504705,-0.7771496201300389,0.0,0.1092750316685413,0.3103572135826848,0.0,0.0,-0.1934510570798722,0.1827833236011046,0.0,0.0417383654153579,0.0057082310150241,0.1059481231354646,0.0,0.2615837640161003,0.0,0.0,0.0,0.0,-0.8623132727196752,0.0299659786435583,0.0,0.0,0.0251509452757541,0.0,0.0,0.0,0.0,0.0095575503062489,0.0095575503062489,-0.4348577371078911,-0.3114248568324169,-0.9156545715541808,-0.1231331873043825,-0.1292017100987439,0.0,0.0,-0.321620317144728,-0.9188353135771444,0.0,0.0,0.0,-0.0350666464826323,0.0,0.0,0.0,0.0,-0.0951710231695633,0.0,0.038170242965492,0.0,0.0,-0.0741935630139064
560,0.0,0.0177901068607625,-0.501991552162503,0.0172257056000866,0.0,-0.6803434731545641,0.1609323704343341,0.4735565470040218,0.0,0.0,0.0,0.0,0.0,0.0,-0.0805902798893272,0.0,0.0,-0.473511483976243,0.0,-0.4976960977959598,0.0,0.0,-0.3226611135841269,0.0,0.0,-0.3639480408463251,-0.2375107778883343,0.0250898747932968,0.0,0.4854297185543505,0.2407119697648054,0.0,0.0,0.1413385457389755,-0.0068574307120452,0.0,-0.8768809311539547,-0.7742799208725741,0.0,0.1145175712586247,0.375411184579954,0.0,0.0,-0.2098340894052418,0.1940844481375094,0.0,0.0483523629669659,0.0,0.1184376363761318,0.0,0.2857704320914629,0.0,0.0,0.0,0.0,-0.86455485184079,0.0339796972295203,0.0,0.0,0.0204844757757998,0.0,0.0,0.0,0.0,0.0108996704588975,0.0108996704588975,-0.4436658950917616,-0.3348117332243395,-0.9183316285682256,-0.1262947766205517,-0.1498828832165135,0.0,0.0,-0.302992630352477,-0.9188353135771444,0.0,0.0,0.0,-0.0416513982564215,0.0,0.0,0.0,0.0,-0.1035296684634193,0.0,0.0311004362870396,0.0,0.0,-0.081306204295875
561,0.0,0.0144270231246601,-0.5143961497065621,0.0168455544811748,0.0,-0.6832656559833179,0.1652059942932534,0.4335990963023127,0.0,0.0,0.0,0.0,0.0,0.0,-0.0764799515099751,0.0,0.0,-0.4568684986073848,0.0,-0.4992117711368702,0.0,0.0,-0.3142220072087817,0.0,0.0,-0.3751567166583723,-0.2419556162899756,0.036398338023567,0.0,0.5115982764307108,0.2417343738159328,0.0,0.0,0.1669195385499958,-0.0217674858318444,0.0,-0.87573430703842,-0.7710910157728168,0.0,0.064225911770316,0.4312247742345234,0.0,0.0,-0.221243352704284,0.194240838286834,0.0,0.0467089873859008,0.0,0.1011554422409817,0.0,0.316826751341368,0.0,0.0,0.0,0.0,-0.8642727258533198,0.0387116214297972,0.0,0.0,0.0159593290984777,0.0,0.0,0.0,0.0,0.0119842957699264,0.0119842957699264,-0.4551918548960865,-0.357077790205299,-0.9202770723866776,-0.1349809541173642,-0.1598124941548354,0.0,0.0,-0.2887006361676021,-0.9188353135771444,0.0,0.0,0.0,-0.0487277182849377,0.0,0.0,0.0,0.0,-0.1064142506051459,0.0,0.0214055707713653,0.0,0.0,-0.0841958037692249
562,0.0,0.011062785291155,-0.5291782487872947,0.0096321104668048,0.0,-0.6808817265388671,0.1844596303280057,0.4230114841105036,0.0,0.0,-0.010280699885283,0.0,0.0,0.0,-0.0676030784823942,0.0,0.0,-0.4472326672116083,0.0,-0.5113524184225576,0.0,0.0,-0.3038305103452815,0.0,0.0,-0.3879069190149685,-0.2424228414299541,0.0527156440370931,0.0,0.4831909744225883,0.2147225846739047,0.0,0.0,0.1858841543698858,-0.0334966730701128,0.0,-0.8771909286976123,-0.7667944035489908,0.0,0.0356488165924424,0.4609964388001734,0.0,0.0,-0.2335650946460947,0.1790336195374162,0.0,0.0566521395762917,0.0,0.0808351229693887,0.0,0.3507888390871785,0.0,0.0,0.0,0.0,-0.8642250256056965,0.0377209731698689,0.0,0.0,0.0174461007530512,0.0,0.0,0.0,0.0,0.0109699607632623,0.0109699607632623,-0.4628388472902651,-0.3663445287785657,-0.9228092372052076,-0.1459043110753648,-0.1674675602111328,0.0,0.0069674248660412,-0.2841340190186285,-0.9188353135771444,0.0,0.0,0.0,-0.064968059518158,0.0,0.0,0.0,0.0,-0.1073462625699454,0.0,0.0164772411944588,0.0,0.0,-0.0789327289690004
563,0.0,0.0080422335653646,-0.5441485733486031,0.0,0.0,-0.6826180691133925,0.2025793670977927,0.4091465401901589,0.0,0.0,-0.0579183971533921,0.0,0.0,0.0,-0.062290266781733,0.0,0.0,-0.4325781462710557,0.0,-0.5283032965010368,0.0,0.0,-0.2987017395334926,0.0,0.0,-0.3993720998725297,-0.2415052029320127,0.0677768958489084,0.0,0.4816444157171875,0.200499657738278,0.0,0.0,0.1987792651915102,-0.0383787964414108,0.0,-0.8802527539855687,-0.7628885654911859,0.0,0.0314656892624006,0.4685132340785234,0.0,0.0,-0.2448279684730683,0.16115365262764,0.0,0.0470722116172138,0.0,0.0589120450187456,0.0,0.384573984282275,0.0,0.0080462612744526,0.0,0.0,-0.8632708495243868,0.0345603265918999,0.0,0.0,0.0182774093953082,0.0,0.0,0.0,0.0,0.007812759027632,0.007812759027632,-0.4679189017606305,-0.3543046320437793,-0.9246624243906928,-0.1581307169767984,-0.1708282731108446,0.0,0.0099169124836099,-0.2833063843098251,-0.9188353135771444,0.0,0.0,0.0,-0.0887175364630602,0.0,0.0,0.0,0.0,-0.1082707366254666,0.0,0.0130314860339019,0.0,0.0,-0.0642773110252257
564,0.0,0.0,-0.5509248061192709,0.0,0.0,-0.6806787130821306,0.2194880138913122,0.4023250856380153,0.0,0.0,-0.1011178099565816,0.0,0.0,0.0,-0.051330580706594,0.0,0.0,-0.4269313382058045,-0.0262126062407872,-0.5477737044068536,0.0,0.0,-0.2928852657496046,0.0,0.0054425394407476,-0.4072514832489449,-0.2315207256771767,0.0711695219646989,0.0,0.4856669650397074,0.2100481787779541,0.0,0.0,0.1989553921530192,-0.0287440163728994,0.0,-0.88483428618503,-0.7591053300762467,-0.0034355789098124,0.0519933029628759,0.467370873710228,0.0,0.0,-0.252168703593905,0.142120455871852,0.0,0.0357963359347236,0.0,0.0428152805287148,0.0,0.4252654977605234,0.0,0.0205164738361409,0.0,0.0,-0.8634358064794592,0.0378362913370247,0.0,0.0,0.0181971296328544,0.0,0.0,0.0,0.0,0.0,0.0,-0.4753591302573828,-0.3460881314141511,-0.9256649396871168,-0.1733831203100664,-0.1690799899828854,0.0,0.0125268726212645,-0.2847074597052789,-0.9188353135771444,0.0,0.0,0.0,-0.1150494944486997,0.0,0.0,0.0,0.0,-0.1056525879810354,0.0,0.0093445538131959,0.0,0.0,-0.0543339111775619
565,0.0,0.0,-0.5600715245970521,0.0,0.0,-0.6722533133594972,0.2280753376901325,0.3892992427519408,0.0,0.0,-0.1339424518467216,0.0,0.0,0.0,-0.0530451834914006,0.0,0.0,-0.4354288022707746,-0.0547079880304711,-0.5739277302486417,0.0,0.0,-0.3061332733985548,0.0,0.006388462882784,-0.4150974570702084,-0.2208831689104868,0.0621473989353837,0.0,0.4953186680555527,0.2323735483874305,0.0,0.0,0.1890653437497971,-0.0180646754759587,0.0,-0.889643264704322,-0.7570803317253614,-0.0253904709508236,0.0819015588439402,0.4340968646137895,0.0,0.0,-0.2595421971707948,0.1282632581044342,0.0,0.0258367525890145,0.0,0.0352945104665832,0.0093156815427673,0.4680826182088073,0.0,0.0303397001091984,0.0,0.0,-0.8646393588215737,0.0403377063741709,0.0,0.0,0.0171647628358613,0.0064530974812502,0.0,0.0,0.0,0.0,0.0,-0.4814329737918603,-0.3141761360431986,-0.9259486083351788,-0.1889199496973223,-0.1671113107491626,0.0,0.0095734706947875,-0.2868163151847168,-0.9188353135771444,0.0,0.0,0.0,-0.1315693056660438,0.0,0.0,0.0,0.0,-0.0910075769833927,0.0,0.0058178079977652,0.0,0.0,-0.0341870997519054
566,0.0,0.0,-0.5661651569085278,0.0,0.0,-0.6669863676701558,0.2329985554086614,0.3869521764410467,0.0,0.0,-0.165374467533632,0.0,0.0,0.0,-0.0567922018829832,0.0,0.0,-0.4540347882919189,-0.0912608423815235,-0.598167233837564,0.0,0.0,-0.3291216609805541,0.0,0.0,-0.4230388121628767,-0.2012911686177933,0.071286951483249,0.0,0.5743456390072813,0.2345459226219161,0.0,0.0,0.1845924635615529,-0.0098471140093772,0.0,-0.8950671237417018,-0.7563924818935348,-0.0429745792442804,-0.0378045423258957,0.3854439664254359,0.0,0.0,-0.2663545194780415,0.1331398956887772,0.0,0.0171954695672666,0.0,0.0285000031796271,0.0150256564453064,0.4488191484715161,0.0,0.0337870726381573,0.0,0.0,-0.8658900379845029,0.0460178212342971,0.0,0.0,0.0151442323431452,0.0182961252482403,0.0,0.0,0.0,0.0,0.0,-0.4931386820050074,-0.2854433656781963,-0.9264726560722848,-0.1967262796381538,-0.1597804749107213,0.0,0.0103504337357717,-0.2906783801613507,-0.9188353135771444,0.0,0.0,0.0,-0.1533941919170471,0.0,0.0,0.0,0.0,-0.07315375118748,0.0,0.0,0.0,0.0,0.0502510757542253
567,0.0,0.0,-0.56822576161547,0.0058207579158803,0.0,-0.6605018454898337,0.2362353963149756,0.3811839563704178,0.0,0.0,-0.1687970372611855,0.0,0.0,0.0,-0.0555882113198082,0.0,-0.0123315274626223,-0.4813784952527796,-0.116037131329247,-0.6249457632293686,0.0,0.0,-0.3509942365062888,0.0,0.0093437566880816,-0.4249457829910837,-0.1833043993182027,0.0942376890094683,0.0,0.6336922498058964,0.213788312019152,0.0,0.0,0.169909290314056,-0.0168251421343254,0.0,-0.9011863989268942,-0.7566021581420866,-0.0600693014258366,-0.0683817073036133,0.3311450976606078,0.0,0.0,-0.2762667185007056,0.1467892598202579,0.0,0.0105843564488537,0.0,0.0226084517907838,0.0221995240034251,0.4471404733742803,0.0,0.035021143794132,0.0,0.0,-0.8686861702906548,0.0528482006860235,0.0,0.0,0.0164201679152134,0.0248727037095835,0.0,0.0,0.0,0.0,0.0,-0.5032746482825883,-0.2557719587232279,-0.9274931896973282,-0.21307663249785,-0.1471219176859838,0.0,0.0063988437329938,-0.2804763349867429,-0.9188353135771444,0.0,0.0,0.0,-0.1678716835998076,0.0,0.0,0.0,0.0,-0.0496401175237196,0.0,0.0,0.0,0.0,0.0362488353721433
568,0.0,0.0,-0.5700002503113093,0.0089254809919281,0.0,-0.6565677350289698,0.2703037471127278,0.3192721019368602,0.0,0.0,-0.1645780874446172,0.0,0.0,0.0,-0.0650916102639055,0.0,-0.0271566728974531,-0.5134136313103388,-0.1481015956344795,-0.6301377517924789,0.0,0.0,-0.3746484918942058,0.0,0.015710029551738,-0.4244357292024541,-0.1678904690564489,0.0972995858208316,0.0,0.710153999447839,0.1896487944995884,0.0,0.0,0.1571842782858875,-0.0163237027631953,0.0,-0.9063478822806744,-0.7578498500818862,-0.069391558061577,-0.0779123857435404,0.2936797019248829,0.0,0.0,-0.2840174421654631,0.1502469834783941,0.0,0.0,0.0,0.0169797537238912,0.0304156852991773,0.4749907069039773,0.0,0.0250132897944127,0.0,0.0,-0.8707496445685634,0.0538391449529671,0.0,0.0,0.0646760118158773,0.033815384183095,0.0,0.0,0.0,0.0,0.0,-0.5050709205629591,-0.2211819802039823,-0.9295856212920696,-0.2183087535646209,-0.1284355321061533,0.0102680042417764,0.0,-0.2744237719055611,-0.9188353135771444,0.0,0.0,0.0,-0.1779092176942093,0.0,0.0,0.0,0.0,-0.0198474525950791,0.0,0.0,0.0,0.0,0.023837899755842
569,0.0,0.0,-0.5759427759477042,0.0121770614619712,0.0,-0.6512685821576314,0.2957060450030783,0.2752929292812778,0.0,0.0,-0.1561652624619107,0.0,0.0,0.0,-0.0742385300011749,0.0,-0.0314258960461229,-0.5482672064408672,-0.1837310079396742,-0.6290702393615404,0.0,0.0,-0.3987171057595242,0.0,0.0237683516761671,-0.4287002132138097,-0.1553815931567108,0.1058929863423218,0.0,0.7074355773560222,0.2581083158240996,0.0,0.0,0.1430113357645975,-0.0207006013012652,0.0,-0.9102912792627128,-0.7601944254284412,-0.0754419168555364,-0.0811213009218883,0.2678259508882118,0.0,0.0,-0.2932587209725136,0.1572078797935082,0.0,0.0,0.0,0.0121741141309273,0.0388249178985787,0.3986862092797644,0.0,0.01403120777629,0.0,0.0,-0.8735281640432899,0.0483888332420799,0.0,0.0,0.0600590163089732,0.0433517674366583,0.0,0.0,0.0,0.0,0.0,-0.5089742227431248,-0.2077073456054517,-0.932328016859524,-0.22176191768657,-0.1112356925869882,0.0191437289468735,0.0,-0.2694140511589298,-0.9188353135771444,0.0,0.0,0.0,-0.1922697312065127,0.0,0.0,0.0,0.0,0.0,0.0,0.0,0.0,0.0,0.0143356217810137
570,0.0,0.0,-0.5821496769103478,0.0160322533453198,0.0,-0.6451804252054498,0.2603629595249024,0.2722647049619262,0.0,0.0,-0.1426362863599814,0.0,0.0,0.0,-0.0845826969910862,0.0,-0.0321889224938638,-0.5799293100185422,-0.2165608154286497,-0.6334277569928731,0.0,0.0,-0.4197980931722017,0.0,0.0327758758728215,-0.4092177563217847,-0.1467908583804719,0.1222809993594318,0.0,0.7060404388534821,0.2554374587325478,0.0,0.0,0.1507531795120395,-0.0309917953004677,0.0,-0.9133949719125574,-0.7644893808242836,-0.0858279353023597,-0.0804235959547619,0.237959463426326,0.0,0.0,-0.3049742179879241,0.1652857642464273,0.0,0.0,0.0,0.0093407332083182,0.0353741916470088,0.3076189787628312,0.0,0.0,0.0,0.0,-0.8765711722298075,0.0474318181494517,0.0,0.0,0.0423962820972067,0.0517301181038462,0.0,0.0,0.0,0.0,0.0,-0.517990813623305,-0.2051018679530101,-0.9329605739936042,-0.2212042882639915,-0.1070751801324646,0.019225762744218,0.0,-0.2712200699982365,-0.9188353135771444,0.0,0.0,0.0,-0.2066765773326667,0.0,0.0,0.0,0.0,0.0,0.0,0.0,0.0,0.0,0.0070496486646725
571,0.0,0.0,-0.5857703077120646,0.0223252861515833,0.0,-0.6475596363782997,0.2007635900899957,0.2741046071101919,0.0,0.0,-0.0992936022155261,0.0,0.0,0.0,-0.0992920236974055,0.0,-0.031671700336026,-0.6075308583865358,-0.2501875018097954,-0.6182904269929385,0.0,0.0,-0.4333174323599674,0.0,0.0439056986761739,-0.3952148880611574,-0.1537722523015633,0.0920496998004063,0.0,0.7103502215076462,0.2302465958507522,0.0,0.0,0.1717049535811239,-0.0433240694850369,-0.0035987678723962,-0.916085955379081,-0.768003976722068,-0.086866519883712,-0.0576447429101861,0.25773537675114,0.0,0.0,-0.3201200455222065,0.1677450754969137,0.0,0.0,0.0,0.0070951307068895,0.0287657295784291,0.2228583751007954,0.0,0.0,0.0,0.0,-0.8797221682799949,0.0469268075155812,0.0,0.0,0.0318544392856167,0.0581236080532895,0.0056908607291935,0.0,0.0,0.0,0.0,-0.5305272542547607,-0.2286561663119758,-0.9342919962294428,-0.218145933624977,-0.1006804930378776,0.0181138889572862,0.0,-0.2456029557771928,-0.9188353135771444,0.0,0.0,0.0,-0.2181773896288267,0.0,0.0,0.0,0.0,0.0,0.0,0.0,0.0,0.0,0.0
572,0.0,0.0,-0.5865255399485606,0.0285810254062943,0.0,-0.6419236194118408,0.1690356875602309,0.2773760100756777,0.0,0.0,-0.0605219997120349,0.0,0.0,0.0,-0.1026921026158187,0.0,-0.02105497914201,-0.6376343550161684,-0.2763685900813671,-0.5972846855569418,0.0,0.0,-0.4369152585291575,0.0,0.0452099836472186,-0.3686371289799859,-0.1571331151597732,0.1256753694326232,0.0,0.7088449353594308,0.2495067985094957,0.0,0.0,0.1998056834339802,-0.0521940443477258,0.0,-0.9184591429274028,-0.7718529396470084,-0.0847928621937854,0.0734352227524121,0.2821265989478294,0.0,0.0,-0.3388751393853379,0.1656427900961777,0.0,0.0,0.0,0.0061538653580403,0.0148053218179855,0.150614816238121,0.0,0.0,0.0,0.0,-0.8833360753297947,0.0472175327276374,0.0,0.0,0.0259650735009599,0.0619592555337106,0.0069795367095839,0.0,0.0,0.0,0.0,-0.543779471935633,-0.2497985855883156,-0.9354515710266224,-0.2041362336792339,-0.1003355935898958,0.0145886044829423,0.0,-0.2259493119726358,-0.9188353135771444,0.0,0.0,0.0,-0.2184207596960725,0.0,0.0,0.0,0.0,0.0,0.0,0.0,0.0,0.0,0.0
573,0.0,0.0,-0.5918933853160968,0.0318626551823684,0.0,-0.6428589008675195,0.1699354576572526,0.288171208269996,0.0,0.0,-0.0209017515084857,0.0,0.0,0.0,-0.1013931478535554,0.0,-0.0040598291427968,-0.6513069032663757,-0.293211365853902,-0.5815019385424134,0.0,0.0,-0.436566582652252,0.0,0.0532160341432294,-0.3466197315382925,-0.1673941213194665,0.1231476500367367,0.0,0.6954306769243289,0.2684287766504956,0.0,0.0,0.2419453270651417,-0.065019346815302,0.0,-0.918775760365242,-0.7756856953735557,-0.0790324214922662,0.062663570687146,0.3201719375581408,0.0,0.0,-0.3545643478473794,0.1616348361987913,0.0,0.0,0.0,0.0080763192818769,0.0075641790726826,0.1274156009512939,0.0,0.0,0.0,0.0,-0.8845404187326884,0.0487177737781144,0.0,0.0,0.020359932041047,0.0627186455954671,0.007854593481501,0.0,0.0,0.0,0.0,-0.56276178331307,-0.2997840113278734,-0.9356504951250706,-0.1945093851911074,-0.1018903303049747,0.0117392966927278,0.0,-0.2158951500710968,-0.9188353135771444,0.0,0.0,0.0,-0.2329403075565737,0.0,0.0,0.0,0.0,0.0,0.0,0.0,0.0,0.0,0.0
574,0.0,0.0,-0.5979021329652829,0.0227811755894034,0.0,-0.6455112265799919,0.1773221470873285,0.3006194504062069,0.0,0.0,0.0,0.0,0.0,0.0,-0.0933442042536077,0.0,0.0,-0.6580604637306798,-0.3098300418384053,-0.5489591269476696,0.0,0.0,-0.445917888390955,0.0,0.0721524890693917,-0.3218713619222025,-0.1802211209276335,0.1153752216882568,0.0,0.6432243859116289,0.2817885221679753,0.0,-0.0327251508726943,0.2873272999804231,-0.0655081293547631,0.0,-0.9174964540004158,-0.7777201746402748,-0.0724616247479232,0.0541952253067449,0.3497150192862048,0.0,0.0,-0.3680343901296179,0.1542054681765118,0.0,0.0,0.0,0.0101226697703862,0.0,0.1122193983582954,0.0,0.0,0.0,0.0,-0.8849670316697478,0.0420545129719703,0.0,0.0,0.0153519177409521,0.0603495928609048,0.0082631563101455,0.0,0.0,0.0,0.0,-0.5823331356818717,-0.3553169845027136,-0.9349619489664612,-0.1797065916144812,-0.1075096261240154,0.0081001411797845,0.0,-0.2147665059778046,-0.9188353135771444,0.0077602096679814,0.0,0.0077602096679814,-0.243365747582542,0.0,0.0,0.0,0.0,0.0,0.0,0.0,0.0,0.0,0.0
575,0.0,0.0,-0.605045352363212,0.0160940757001684,0.0,-0.6506579494633239,0.1765764232734933,0.3091667413071908,0.0,-0.0270982811703206,0.0,0.0,0.0,0.0,-0.0869592589626783,0.0,0.0,-0.6583766730527469,-0.3149296492887104,-0.5254421003141103,0.0,0.0,-0.4515794301668273,0.0,0.0736405873152142,-0.3005220769650256,-0.1972891282851601,0.1096868112755391,0.0,0.5471022975514156,0.2931089674977515,0.0,-0.049909878555053,0.3403044359945083,-0.0660746664716955,0.0,-0.913987563269176,-0.7778616732514883,-0.0652524115298169,0.0606231611921111,0.3827879014739141,0.0,0.0,-0.374732544002064,0.1616962914949233,0.0,0.0,0.0,0.0119046950031425,0.0,0.1014097546176927,0.0,0.0,0.0,0.0,-0.8848843703513416,0.035510833000876,0.0,0.0,0.0112764005808935,0.0554433521421712,0.008140021538011,0.0,0.0,0.0,0.0,-0.6012702406929072,-0.4054384702843446,-0.9336850429396172,-0.1640809741752803,-0.1190295060755977,0.0055332318198842,0.0,-0.2223301879749523,-0.9188353135771444,0.0149245948437018,0.0,0.0149245948437018,-0.2474925511621093,0.0,0.0,0.0,0.0,0.0,0.0,0.0,0.0,0.0,0.0
576,0.0,0.0,-0.597680440824697,0.0125796621959493,0.0,-0.6556159900331493,0.1695556358584046,0.3130519270018405,0.0,-0.0548602478305373,0.0,0.0,0.0,0.0,-0.0870720500194506,0.0,0.0,-0.6523557545366766,-0.3130673775599513,-0.5168047078489381,0.0,0.0,-0.4577563058261604,0.0,0.0687597550117092,-0.2754315830484984,-0.2029930712914056,0.1053343346770394,0.0,0.516487863545263,0.3396400930141507,0.0,-0.069219803129603,0.3857005194199145,-0.0659421964992719,0.0,-0.9099794379651374,-0.778028278506718,-0.0489716893050085,0.0706689415942068,0.4060834796416359,0.0,0.0,-0.3773764016450455,0.1677047619219544,0.0,0.0,0.0,0.0104567558691454,0.0,0.0931420428021925,0.0,-0.0161341595215947,0.0,0.0,-0.8830868608694247,0.0338689335040296,0.0,0.0,0.0108261862436401,0.0483946065854934,0.0075254868541874,0.0,0.0,0.0,0.0,-0.6159536456225014,-0.4607625539761763,-0.9318446206796632,-0.1471655483435034,-0.1304631369125476,0.0,0.0,-0.2341027766030932,-0.9188353135771444,0.0236114726904723,0.0,0.0236114726904723,-0.2481893877928679,0.0,0.0,0.0,0.0,0.0,0.0063189851203001,0.0,0.0,0.0,0.0
577,0.0,0.0,-0.594465648032235,0.0123835840422867,0.0,-0.6574091176547504,0.1880826571279988,0.3085272574787235,0.0,-0.0817931535536925,0.0,0.0,0.0,0.0,-0.0855286416277073,0.0,0.0,-0.6427702645459864,-0.2847263375837776,-0.5137450307549409,0.0,0.0,-0.4794229077931021,0.0,0.0612498605461415,-0.2569119431275558,-0.2133489147196844,0.1018955260668078,-0.005440911357382,0.4625222901625738,0.4169542315229153,0.0,-0.0882577600053943,0.3988678212102228,-0.0712248579489058,-0.0091163974009348,-0.9038712957156024,-0.7764396097130908,-0.0365747400349224,0.1064028201154332,0.4085354109205054,0.0,0.0,-0.3660417690169704,0.1713572790063086,0.0,0.0,0.0,0.0070696423822997,0.0,0.0823389215434592,0.0,-0.0215037289055678,0.0,0.0,-0.8814505186540087,0.0328504523757605,0.0,0.0,0.0099317151045077,0.0351868035516944,0.0065482331272682,0.0,0.0,0.0,0.0,-0.6413471307741639,-0.518295192038974,-0.9292078076329892,-0.1332982001334437,-0.1386076643904163,0.0093851378995687,0.0,-0.2539270025486135,-0.9188353135771444,0.0229825225546963,0.0,0.0229825225546963,-0.2385802156902683,0.0,0.0,0.0,0.0,-0.0167857873174312,0.0078336384444762,0.0,0.0,0.0,0.0
578,0.0,0.0,-0.5926387040336621,0.0115843943578251,0.0,-0.6484462617343218,0.2176135589294426,0.2983544118276217,0.0,-0.1006771079529805,0.0,0.0,0.0084116529579069,0.0,-0.0864767441084885,0.0,0.0,-0.6317742198029647,-0.2620412213995948,-0.5240425397032271,0.0,0.0,-0.502755006947785,0.0,0.0519937539319343,-0.241553993863176,-0.222797009576254,0.1015031087887786,-0.0097781252110428,0.4572409654466181,0.4567218361934491,0.0,-0.106181159904036,0.3418492507862701,-0.080151941439122,-0.038515559672461,-0.8973687486218669,-0.773671368398427,-0.0195597943560679,0.1725056078239212,0.3952635200516249,0.0,0.0,-0.3501244512338059,-0.1014288790384719,0.0,0.0118915888908054,0.0,0.0060747042268472,0.0,0.0766881533769738,0.0,-0.0029062984788172,0.0,0.0,-0.880396829465071,0.0345426424299783,0.0,0.0,0.0087092898295836,0.0109150650231705,0.0053818950887021,0.0,0.0,0.0,0.0,-0.6493951190421585,-0.5545793163047777,-0.9278856937742233,-0.125773779789799,-0.1480301901315217,0.0151609532969702,0.0,-0.270255538729161,-0.9188353135771444,0.0211892698676476,0.0,0.0211892698676476,-0.2257370559841479,0.0,0.0,0.0,0.0,-0.0456820885212872,0.0090690386623967,0.0,0.0,0.0,-0.0105990766913366
579,0.0,0.0,-0.593678963132447,0.0150127316611389,0.0,-0.6385052909276684,0.2472992028506887,0.2814968123287914,0.0,-0.11240271676986,0.0,0.0,-0.0090361202284249,0.0,-0.0964700822804683,0.0,0.0,-0.6194451859745603,-0.2165599927401654,-0.5406992327618515,0.0,0.0,-0.5341593025285799,0.0,0.0426229746417756,-0.2396872255578045,-0.2308621737365843,0.1013402535187177,0.0,0.4413886721754609,0.4400686333726648,0.0,-0.1228025933043328,0.2731726428907998,-0.1074113999495002,-0.0760971256463713,-0.8905800060469069,-0.7695586106002423,0.0,0.2678488911320882,0.3712971450507016,0.0,0.0,-0.3311896955596755,-0.1305635998439677,0.0,0.0198571773308595,0.0,0.0061206456435081,0.0,0.0700601918319089,0.0,0.0,0.0,0.0,-0.8784133086650363,0.0326163380001465,0.0,0.0,0.0072230104766181,0.0071148322719112,0.0,0.0,0.0,0.0,0.0,-0.6593299272406886,-0.5746907841159306,-0.927695983132661,-0.1142525856493782,-0.1543607204229005,0.0340282753760786,0.0,-0.2911927294369142,-0.9188353135771444,0.0185679463175066,0.0,0.0185679463175066,-0.1981996185977959,0.0,0.0,0.0,0.0,-0.0726721577743532,0.0098068382143673,0.0,0.0,0.0,-0.018507744748905
580,0.0,0.0,-0.5911038130307659,0.0203249779150341,0.0,-0.6358727827879239,0.3130878287969892,0.2244324552840448,0.0,-0.1191484724573827,0.0,0.0,-0.0182696622180804,0.0,-0.0966211669314174,0.0,0.0,-0.6047465853159204,-0.1715939474986956,-0.565555093070744,0.0,0.0,-0.5650334669210685,0.0,0.033322332552419,-0.2372642876953594,-0.2385517801385636,0.1206655464938513,0.0,0.4103661334600313,0.4328994265388828,0.0,-0.1335043516170181,0.2159625139475026,-0.1202166930993824,-0.1146742235209269,-0.8821623216165109,-0.7654495417765768,0.0,0.2166469645579613,0.3449522041150295,0.0,0.0,-0.3116502361052128,-0.147116800755568,0.0,0.0349298826795874,0.0,0.0058878715312006,0.0,0.0614861422727984,0.0,0.0,0.0,0.0,-0.8764778395142385,0.0259630398595846,0.0,0.0,0.0056120558886622,0.0,0.0,0.0,0.0,0.0,0.0,-0.6716492129645559,-0.5703174119180721,-0.9291562575470492,-0.1090202130440325,-0.1569942042083895,0.0512185479830946,0.0,-0.3074071368131667,-0.9188353135771444,0.014382362256506,0.0,0.014382362256506,-0.1643426445586311,0.0,0.0,0.0,0.0,-0.0972961961098291,0.0089266611859188,0.0,0.0,0.0,-0.0321086813931903
581,0.0,0.0,-0.5958083995690696,0.0256763523675538,0.0,-0.6278108079584206,0.3897688401840753,0.1515875509231543,0.0,-0.1244304825511113,0.0,0.0,-0.0173958308085723,0.0,-0.1086151851792731,0.0,0.0,-0.593029812252111,-0.1233912580805742,-0.5866036914747476,0.0,0.0,-0.5896905928147118,0.0,0.0181917795304411,-0.2359154504723219,-0.252939212378836,0.1120602705027103,0.0,0.3761464010189619,0.4362342133092449,0.0,-0.1561890713374886,0.1885039375693203,-0.1390612449439627,-0.1600575494812412,-0.8724236254597502,-0.762211209711891,0.0,0.1709491691418355,0.3129170119028718,0.0,0.0,-0.2917026048923376,-0.1691813090967787,0.0,0.0517107645304505,0.0,0.0063213793195646,0.0,0.0510736883620035,0.0,0.0,0.0,0.0,-0.8753845391805952,0.0219404732649976,0.0,0.0,0.0,0.0,0.0,0.0,0.0,0.0,0.0,-0.6742519450059274,-0.5544402524162745,-0.9312822402148092,-0.1179671358428018,-0.1597481134226214,0.0712096729453336,0.0,-0.325256677536871,-0.9188353135771444,0.0113669507578553,0.0,0.0113669507578553,-0.125603850503157,0.0,0.0,0.0,0.0,-0.1093052199013412,0.0069240505338778,0.0,0.0,0.0,-0.0419707017942004
582,0.0,0.0,-0.6040116929523243,0.0302701170145221,0.0,-0.6206661922326923,0.4325756007892327,0.0913826151806823,0.0,-0.1288613956658032,0.0,0.0,-0.016158850801046,0.0,-0.1204466571269114,0.0,0.0,-0.5781928829500158,-0.0746829400461772,-0.6091771843891461,0.0,0.0,-0.6102904460442684,0.0,0.0123081931576511,-0.25045616789796,-0.2726891457605732,0.0991120120026091,0.0,0.3801857074056021,0.4299837307230891,0.0,-0.1684138921973111,0.1765187499007638,-0.1482798287926268,-0.2053651710812243,-0.8649281782578693,-0.7600240923407439,0.0,0.1562074839485544,0.2798889676164847,0.0,0.0,-0.2832305792718011,-0.1791120441799313,0.0,0.0579594479636956,0.0,0.0055556084245957,0.0,0.041928223388119,0.0,0.0,0.0,0.0,-0.8744394157238706,0.0203697067851157,0.0,0.0,0.0,0.0063514858363029,0.0,0.0,0.0,0.0,0.0,-0.6749131040087089,-0.5328853329598257,-0.9345100767819484,-0.1183518727542654,-0.1645992122450106,0.0702698920663277,0.0,-0.3299505957728572,-0.9188353135771444,0.0083693202767001,0.0,0.0083693202767001,-0.084524662690055,0.0,0.0,0.0,0.0,-0.1176971582540025,0.0062515425001829,0.0,0.0,0.0,-0.0487798486704589
583,0.0,0.0,-0.6136755631554474,0.0333057545033221,0.0,-0.6172431785673322,0.3833162650790431,0.0589724065007125,0.0,-0.1311435031108572,0.0,0.0,-0.0080231781401697,0.0,-0.1305021951054549,0.0,0.0,-0.5695655359941777,-0.0382263574401051,-0.6288195982676152,0.0,0.0,-0.6192091972974179,0.0,0.0099772302615417,-0.2596577568598849,-0.2833271636317949,0.0972091224382442,0.0,0.387439448271625,0.3913591107277082,0.0,-0.171818329758607,0.1690624417211504,-0.1601144041579127,-0.2303168398242863,-0.8584178130815459,-0.7588868195301218,0.0,0.1572193138423678,0.238659577607957,0.0,0.0,-0.2779157038966371,-0.1651165886410769,0.0,0.0610708103355393,0.0,0.0,0.0,0.0323593107591439,0.0,0.0,0.0,0.0,-0.8726468894661701,0.0237554884831263,0.0,0.0,0.0,0.0072163029078098,0.0,0.0,0.0,0.0,0.0,-0.6638721817289372,-0.4964063489107101,-0.9374735988839022,-0.127545524950633,-0.1678880583852679,0.0550304188846753,0.0,-0.3217506204469237,-0.9188353135771444,0.0057409550364844,0.0,0.0057409550364844,-0.0549927805491526,0.0,0.0,0.0,0.0,-0.1231613499365938,0.0074119162812597,0.0,0.0,0.0,-0.0592590983749763
584,0.0,0.0,-0.61991360004248,0.034205664192583,0.0,-0.6119117552034078,0.365781133565903,0.0366300222901072,0.0,-0.1394869346806108,0.0,0.0,0.0,0.0,-0.1279964596241063,0.0,0.0,-0.5638593561401293,-0.0184494596720809,-0.6255092527950898,0.0,0.0,-0.6214471407425015,0.0,0.0081072266480649,-0.2760802246880539,-0.2930097065980348,0.1047964332710068,0.0,0.4283177181923934,0.3852062473943686,0.0,-0.1750364881474938,0.2161418003890007,-0.158837825643276,-0.2489435044629738,-0.8536931975048145,-0.7591263373122616,0.0,0.1518054067675328,0.2080466946620357,0.0,0.0,-0.2849234961263233,-0.1524240650879367,0.0,0.0653877656200795,0.0,0.0,0.0,0.0233349273044661,0.0,0.0,0.0,0.0,-0.8707896851483117,0.0267868094118736,0.0,0.0,0.0,0.0081582771052685,0.0,0.0,0.0,0.0,0.0,-0.6559223111148119,-0.4496709009029017,-0.9416067535944896,-0.1388762430832494,-0.1696739646250532,0.0487336818175373,0.0,-0.3092127568334634,-0.9188353135771444,0.0,0.0,0.0,-0.031522056475539,0.0,0.0,0.0,0.0,-0.11508988916792,0.0,0.0,0.0,0.0,-0.0656810240668294
585,0.0,0.0055338497661388,-0.6292322979694758,0.0327945609417344,0.0,-0.6191103378589823,0.3448860084511074,0.0383508398511876,0.0,-0.1429697243889986,0.0,0.0,0.0,0.0,-0.1265913451541405,0.0,0.0,-0.5600014690888356,-0.0204801485355437,-0.5956237682651832,0.0,0.0,-0.6173970405086439,0.0,0.0066896570603277,-0.3048338724515687,-0.309656781714649,0.1137545361052556,0.0,0.4890404553956687,0.382331305853297,0.0,-0.1724896445393297,0.2727721518737732,-0.140721590091935,-0.2541665825971312,-0.8502902665863337,-0.7596004033163033,0.0,0.1425242841124366,0.1929006287290631,0.0,0.0,-0.2992655617026638,-0.1322727038804496,0.0,0.0695625425502002,0.0,0.0,0.0,0.0182810995433189,0.0,0.0,0.0,0.0,-0.8681308817144959,0.0246124633020624,0.0,0.0,0.0,0.0091854631993528,0.0070690761086636,0.0,0.0,0.0,0.0,-0.6422241810443162,-0.4027500494113197,-0.9470772247384344,-0.1451247528881991,-0.1657440290974862,0.0410573543016238,0.0,-0.2935264296518365,-0.9188353135771444,0.0,0.0,0.0,-0.0273232286086317,0.0,0.0,0.0,0.0,-0.1014781432196793,0.0,0.0,0.0,0.0,-0.0717571515784275
586,0.0,0.0077676268214513,-0.6399844655556605,0.0293551527815411,0.0,-0.6297217118966759,0.2914283166251486,0.0605560271222618,0.0,-0.1443328491502239,0.0,0.0,0.0,0.0,-0.1115635940658838,0.0,0.0,-0.5594036378845092,-0.0410753952158355,-0.5649149313622024,0.0,0.0,-0.607305642200593,0.0,0.0,-0.3324793739439627,-0.3197918062120767,0.0670586571373737,0.0,0.5683513617599987,0.3786451392033119,0.0,-0.171085675801801,0.3325687461641487,-0.1175117984687765,-0.2489547987193372,-0.8467932784739374,-0.7611071345360857,0.0,0.1264064084853742,0.1723757154148383,0.0,0.0,-0.3214897993397437,-0.1179197456102193,0.0,0.0711214824896531,0.0,0.0,0.0,0.0115686797217304,0.0,0.0,0.0,0.0,-0.8660703093162967,0.023693311208164,0.0,0.0,0.0,0.0,0.0147323206772204,0.0,0.0,0.0,0.0,-0.6238766333891875,-0.3535765326583965,-0.9504749380179848,-0.1581098352421404,-0.1708995495288532,0.0332434682658743,0.0,-0.280589861296114,-0.9188353135771444,0.0,0.0,0.0,-0.0364245163078966,0.0,0.0,0.0,0.0,-0.0972560719103135,0.0,0.0,0.0054268011135027,0.0,-0.0751317895992017
587,0.0,0.0101703771029614,-0.6484334890017877,0.0245358632518589,0.0,-0.6467999372964061,0.2240763432697379,0.1111554670068123,0.0,-0.1273063615548086,0.0,0.0,0.0,0.0,-0.0999744590834101,0.0,0.0,-0.562271337038726,-0.0738089290621856,-0.5219044667067021,0.0,0.0,-0.5957188567991647,0.0,0.0,-0.3631941797953912,-0.3369212497906756,0.0546781590150916,0.0,0.6601823219823227,0.3762285738392057,0.0,-0.1616773990607802,0.2596072641784123,-0.0907532498294638,-0.2414183217324599,-0.8477552429626113,-0.7623421549538819,0.0,0.1058163568996199,0.1570799918355196,0.0,0.0,-0.3425091664498193,-0.0989722962994793,0.0,0.0734078495040113,0.0,0.006014783727383,0.0,0.0135552010850497,0.0,0.0,0.0,0.0,-0.8628132461314859,0.0212199128057759,0.0,0.0,0.0163460362830977,0.0,0.0335195771823915,0.0,0.0,0.0,0.0,-0.6063264251169176,-0.3182018636278474,-0.9538528208084522,-0.1654586621669694,-0.1706087510768597,0.0262340886887784,0.0,-0.2655172042036676,-0.9188353135771444,0.0,0.0,0.0,-0.061386720418277,0.0,0.0,0.0,0.0,-0.0818964281755274,0.0,0.0,0.0064163876312863,0.0,-0.080633987007257
588,0.0,0.0124245309719745,-0.6524319909092284,0.0191518321990858,0.0,-0.6595602008165111,0.1802703525981616,0.1181824045503657,0.0,-0.1189791155638472,0.0,0.0,0.0,0.0,-0.0837182799931288,0.0,0.0,-0.5709320660186845,-0.1140391143863622,-0.4793992096712639,0.0,0.0,-0.5882520208823601,0.0,0.0,-0.3964927834382704,-0.3417157319063834,0.0584624604931365,0.0,0.684659358669184,0.378255542483611,0.0,-0.1468055481907443,0.2068709892166413,-0.0496517431609128,-0.2224464838720468,-0.8516460101117143,-0.7624375038665981,0.0,0.0842770698762121,0.1474863281192802,0.0,0.0,-0.3628511442320153,-0.09090081646332,0.0,0.0725485493326595,0.0,0.0063236995375701,0.0,0.0115248820776358,0.0,0.0,0.0,0.0,-0.8593683235245653,0.0172347274054332,0.0,0.0,0.0156357964817191,0.0,0.0535706158775844,0.0,0.0,0.0,0.0,-0.5856746911416628,-0.2829719183950861,-0.9567558422960842,-0.1639702522533341,-0.1677741979495087,0.0205936492510221,0.0,-0.2496650994183289,-0.9188353135771444,0.0,0.0,0.0,-0.0824517094586099,0.0,0.0,0.0,0.0,-0.0813466327199493,0.0,0.0,0.0,0.0,-0.0832737950528124
589,0.0,0.0141654383251184,-0.6581505074079483,0.0139627249192791,-0.0588861563748033,-0.6735639717925038,0.1537275442481162,0.1234036288948019,0.0,-0.1106928827794643,-0.020449832476062,0.0,0.0,0.0,-0.0683967407611358,0.0,0.0,-0.5805680548246123,-0.1623489786573896,-0.445121983996614,0.0,0.0,-0.5809589238794465,0.0,0.0,-0.4253649182493732,-0.3455627538483895,0.051441785309621,0.0,0.6501103172225443,0.3797147302053199,0.0,-0.1311130678790523,0.2400684411758008,-0.0093507346224259,-0.2041802490258132,-0.8572036662784255,-0.762823249380298,-0.0231396458822678,0.0636200199146281,0.1354916209730633,0.0,0.0,-0.3786229378271024,-0.08739296631433,0.0,0.0683998487634771,0.0,0.0069946358516653,0.0,0.0071847287396897,0.0,0.0,0.0,0.0,-0.8536306474149788,0.016086771345211,0.0,0.0,0.0150923494290345,0.0,0.0785276754836675,0.0,0.0,0.0,0.0,-0.5702398921835594,-0.2572100509275885,-0.9593563510955962,-0.1609402618478848,-0.1609996521591795,0.0158492636337968,0.0,-0.2328228389005679,-0.9188353135771444,0.0,-0.0074770267461336,0.0,-0.1272532602586364,0.0,0.0,0.0,0.0,-0.0838016614127137,0.0,0.0,0.0,0.0,-0.0910920155959202
590,0.0,0.0150766577739608,-0.663688320814212,0.0107273093649072,-0.0967822092868017,-0.6737650105761637,0.1376923910285375,0.1425909405414094,0.0,-0.096612677521142,-0.0317444968325894,0.0,0.0,0.0,-0.0559220278483843,0.0,0.0,-0.590638050030141,-0.2109282808622682,-0.4147519748239019,0.0,0.0,-0.5745920595857319,0.0,0.0,-0.4389260448164186,-0.3477799393608976,0.0572625924784001,0.0,0.6290057445633529,0.3824514890971667,0.0,-0.1202131657327183,0.283962322521655,0.0,-0.1920948092013637,-0.8652757061283389,-0.7622184132449623,-0.0327053434892279,0.0426350744159459,0.1253329711705788,0.0,0.0,-0.3960799335044689,-0.091182759032478,0.0,0.0640069824292708,0.0,0.0086911115505998,0.0,0.0,0.0,0.0,0.0,0.0,-0.846295743753551,0.0143187284084261,0.0,0.0,0.0149728029805908,0.0,0.0770197708216948,0.0,0.0,0.0,0.0,-0.5604875159166338,-0.2441662285384966,-0.960565079862318,-0.1560307519334475,-0.1512099348779815,0.0123793181882984,0.0,-0.2229806455033083,-0.9188353135771444,0.0,-0.0062982586724552,0.0,-0.172998960572325,0.0,0.0,0.0,0.0,-0.0908650905463919,0.0,0.0,0.0,0.0,-0.0958711238153282
591,0.0,0.0149839646695259,-0.672151237799679,0.0076725373321671,-0.1167647576137358,-0.6696877915866529,0.1603727203616237,0.165337186588234,0.0,-0.0914673333871553,-0.0335700008174668,0.0,0.0,0.0,-0.0449139079873351,0.0,0.0,-0.6056442691226225,-0.2566993739844003,-0.3990243522865377,0.0,0.0,-0.5737148292224876,0.0,0.0,-0.4350326237372989,-0.3548510740116733,0.0457580725339729,0.0,0.6174407268410437,0.4820503665495543,0.0,-0.1179731724907386,0.3217857181498915,0.0,-0.1874094838749542,-0.8729296497952479,-0.7590516678436886,-0.0485361725766867,0.0237698458359412,0.1147838558376886,0.0,0.0,-0.4090639714673106,-0.1033329320482882,0.0,0.0572377944617686,0.0,0.0104014590566943,0.0,0.0224150912227759,0.0,0.0,0.0,0.0,-0.8373319559950977,0.0126453024485839,0.0,0.0,0.0152902872354134,0.0,0.0649014688896051,0.0,0.0,0.0091273170708595,0.0091273170708595,-0.5551909816460754,-0.2283202857988928,-0.9614393433401718,-0.1425781120514367,-0.1449928831772469,0.0092827984905968,0.0,-0.2247990903196777,-0.9188353135771444,0.0,-0.011011557635825,0.0,-0.2142705708624694,0.0,0.0,0.0,0.0,-0.1047971487464935,0.0,0.0,0.0,0.0,-0.0890394244920156
592,0.0,0.0139097118445737,-0.6731516060434314,0.0056510611139964,-0.1202982084969016,-0.6637494609081276,0.1940677310780546,0.187362568140161,0.0,-0.0760933698885847,-0.0342986471109063,0.0,0.0,0.0,-0.0429429284563717,0.0,0.0,-0.6214077007852041,-0.3001216350300001,-0.398821134858173,0.0,0.0,-0.571219959321055,0.0,0.0073333540989768,-0.4273725034820348,-0.3544323543009129,0.0393364681398644,0.0,0.5911500420255238,0.5490145385029064,0.0,-0.1149527730432278,0.3492444378225613,0.0,-0.1897768474271178,-0.88116803786796,-0.7562630720392522,-0.0508488646761064,0.0136450704796222,0.1059194987294008,0.0,0.0,-0.4159136579346486,-0.1216930082419369,0.0,0.0529256357916206,0.0,0.0116077688865518,0.0,0.037241732986569,0.0,0.0,0.0,0.0,-0.8300704036860458,0.0124837031417588,0.0,0.0,0.0158123116274677,0.0,0.0543472116491372,0.0,0.0,0.0090472397553482,0.0090472397553482,-0.5533009403300662,-0.2041219995186312,-0.9615292893730358,-0.1335996133959071,-0.133761263060935,0.0088463950190618,0.0,-0.2320581249804891,-0.9188353135771444,0.0,-0.0051536455789239,0.0,-0.2466549234539366,0.0,0.0,0.0,0.0,-0.120926439488882,0.0,0.0,0.0,0.0,-0.0891463399432975
593,0.0,0.0120642823253934,-0.6737509992411288,0.0,-0.0925471034512391,-0.6573027093034243,0.2474018472919477,0.2065810652517778,0.0,-0.0647232144714394,-0.0221955885212335,0.0,0.0,0.0,-0.0379823909561643,0.0,0.0,-0.6363468999369594,-0.3222504721396939,-0.4185240561192183,0.0,0.0,-0.5741623812647993,0.0,0.0105503009546504,-0.3980326947601927,-0.3611230516530807,0.0325674407008832,0.0,0.5895964756424419,0.60274321580439,0.0,-0.1126652988569395,0.3714729261222788,0.0,-0.188729318041769,-0.8886943980808795,-0.752914498746258,-0.0501231612216864,0.0072775968280762,0.1007284807806755,0.0,0.0,-0.4186023802097423,-0.142718402027149,0.0,0.0423951971688463,0.0,0.0189669708512456,0.0,0.0388565069465303,0.0,0.0,0.0,0.0,-0.8251023692875652,0.0127278080477651,0.0,0.0,0.0145629055280319,0.0,0.0463380511354008,0.0,0.0,0.0065508590346297,0.0065508590346297,-0.5649856151790255,-0.1864142974685113,-0.9609524837775054,-0.1301076933288821,-0.1200290886135412,0.0071974163467226,0.0,-0.2505133540359897,-0.9188353135771444,0.0,0.0,0.0,-0.262440387635557,0.0,0.0,0.0,0.0,-0.1385606394555922,0.0,0.0,0.0,0.0,-0.085216670093289
594,0.0,0.0097790196451475,-0.677055775739667,0.0,-0.0699856925146,-0.6396456680667444,0.3187672692227455,0.2213913357821167,0.0,-0.0582332089889247,-0.0181338099989198,0.0,0.0,0.0,-0.0410320590034197,0.0,0.0,-0.6513000258484686,-0.3391068754486898,-0.4527941313987617,0.0,0.0,-0.5717661298635287,0.0,0.0,-0.3525787242231361,-0.3606452380569531,0.0256949925782014,0.0,0.542352088322543,0.6089849172246676,0.0,-0.1183112773475844,0.3806183503644335,0.0,-0.1912905828619385,-0.8963573486433112,-0.7497266896663398,-0.0351968981122157,0.0,0.0927878247858948,0.0,0.0,-0.4206557695806093,-0.1725733041625312,0.0,0.030555573862018,0.0,0.0244329938886352,0.0,0.0378986162789187,0.0,0.0,0.0,0.0,-0.8214933411176238,0.0143921955124768,0.0,0.0,0.0150948149317201,0.0,0.0513275791938606,0.0,0.0,0.0,0.0,-0.5681931457720121,-0.1670549496057775,-0.9596941768735152,-0.1290106745192296,-0.1107985889807685,0.0072968688383757,0.0,-0.2733078132282269,-0.9188353135771444,0.0,0.0,0.0,-0.2764402365233037,0.0,0.0,0.0,0.0,-0.1527361967042931,0.0,0.0,0.0,0.0,-0.0744016868866544
595,0.0,0.0074098810028944,-0.673417404828597,0.0,-0.0486449735232401,-0.6163780834662926,0.3444652522593736,0.2326486420339809,0.0,-0.0468663347191932,-0.007526612682896,0.0,0.0,0.0,-0.0478069636730269,0.0,0.0,-0.6639345803823024,-0.3493108859481807,-0.4935834242141063,0.0,0.0,-0.5607722070581157,0.0,0.0,-0.2972822738626851,-0.361892510042737,0.0192531964122111,0.0,0.5185891537547067,0.6088552855287026,0.0,-0.1271044528198538,0.3729386606387617,0.0,-0.1905882875098939,-0.9038459641014716,-0.7472481108781618,-0.0237381020833844,0.0,0.0865701313811573,0.0,0.0,-0.4192766169892729,-0.2057794534901301,0.0,0.0421649057837633,0.0,0.0302831138994686,0.0,0.0234135868575851,0.0,0.0,0.0,0.0,-0.8219987584893955,0.0160420478890858,0.0,0.0,0.0160153591217672,0.0,0.0553655373593742,0.0,0.0,0.0,0.0,-0.5755836995296029,-0.1570483766662356,-0.9571970885678224,-0.1338077093619363,-0.1020537974088485,0.0070145237936338,0.0,-0.3001143271707676,-0.9188353135771444,0.0,0.0,0.0,-0.2759282752026892,0.0,0.0,0.0055981794324001,0.0,-0.1611885138452048,0.0,0.0,0.0,0.0,-0.0548544105054588
596,0.0,0.0,-0.6684623203859655,0.0,-0.0411814021163382,-0.5976816998805191,0.290404637314213,0.2224736354404849,0.0,-0.0350656819598632,-0.0066219048498794,0.0,0.0,0.0,-0.0490579788903563,0.0,0.0,-0.6744208302039811,-0.3558312982079629,-0.5411491652372042,0.0,0.0,-0.5482401306469892,0.0,0.0,-0.2316853061927256,-0.3612293455808039,0.0143345407749188,0.0,0.5275667096168651,0.6269915223743194,0.0,-0.1307570087898643,0.3837050712636893,0.0,-0.1859957796243843,-0.9099942926161396,-0.7460948673763121,-0.0087672516118611,0.0,0.0837878163638389,0.0,0.0,-0.4098048283659363,-0.2286191135671887,0.0,0.0417502346424408,0.0,0.0334059205173291,0.0,0.0058783038153561,-0.0259239741693719,0.0,0.0,0.0,-0.8259780241473567,0.0148663075415407,0.0,0.0,0.0158762541990463,-0.0041171439358128,0.063494224324308,0.0,0.0,0.0,0.0,-0.5826510555039702,-0.1293429506195412,-0.9547282703499276,-0.1394101930693951,-0.100623762188292,0.0063006946109438,0.0,-0.3304605934932264,-0.9188353135771444,0.0,0.0,0.0,-0.2653279306909702,0.0,0.0,0.0054427190736544,0.0,-0.166089493832024,0.0,0.0,0.0,0.0,-0.0375991724416259
597,0.0,0.0,-0.6551021433880011,0.0,-0.0366119204187087,-0.5791030236669985,0.2013105515674342,0.2169317175226742,0.0,-0.0244123415698007,-0.0118394929832157,0.0,0.0,0.0,-0.0609183565909446,0.0,0.0,-0.6807351649098025,-0.3657656343803001,-0.5723913342918323,0.0,0.0,-0.5409663703433336,0.0,0.0,-0.1697302683391098,-0.3524493042809214,0.0121680384586123,0.0,0.5260561428924365,0.647967838786106,0.0,-0.1328953011876338,0.3624430852244411,0.0,-0.1800201691124711,-0.9124720485634774,-0.7467645260391297,0.0,0.0064999535422875,0.0798602884527135,0.0,0.0,-0.399303950327098,-0.2501679950972237,0.0,0.0413011388810394,0.0,0.0298708786866737,0.0,0.0,-0.0770941512806783,0.0,0.0,0.0,-0.8339780947578193,0.0120485840192093,0.0,0.0,0.0129565927276243,-0.0121252196137802,0.0493901253372406,0.0,0.0,0.0,0.0,-0.5783439162472472,-0.0956860942313041,-0.95156578323177,-0.1580697321608272,-0.1034190969725188,0.0052882065006392,0.0,-0.3614467439380438,-0.9188353135771444,0.0,0.0,0.0,-0.2547775565548887,0.0,0.0,0.0,0.0,-0.1629308610256032,0.0,0.0,0.0,0.0,-0.0170528940644367
598,0.0,0.0,-0.6362620796566705,0.0,-0.038624613829853,-0.5647448607236394,0.1498631096996555,0.2084495702164235,0.0,-0.0097009959839163,-0.0147506885929182,0.0,0.0,0.0,-0.0597031133105783,0.0,0.0,-0.6777365467846743,-0.3601429015851612,-0.598730893608876,0.0,0.0,-0.5349622591504645,0.0,0.0,-0.1226591071424783,-0.3559333742295704,0.0095225341635787,0.0,0.4533782158275764,0.6965348297434278,0.0,-0.1325360547848239,0.3317321560332913,0.0,-0.1757597784391847,-0.9133927777804084,-0.7489905319956739,0.0,0.008464402924048,0.0722733840206167,0.0,0.0,-0.3996214814820206,-0.2746005754414801,0.0,0.0442862722845073,0.0,0.0265213177580527,0.0,0.0,-0.0979221718584171,0.0,0.0,0.0,-0.846542644817099,0.0092490211413573,0.0,0.0,0.0133145938653122,-0.013155154958725,0.0388937698137368,0.0,0.0,0.0,0.0,-0.5782562437751879,-0.0731702609489023,-0.94925996581711,-0.1733464861040314,-0.1058621242940075,0.0,0.0,-0.3923766662113452,-0.9188353135771444,0.0,0.0,0.0,-0.2347080494398887,0.0,0.0,0.0,0.0,-0.1564127023301367,0.0,0.0,0.0,0.0,0.0
599,0.0,0.0,-0.6189880478137606,0.0,-0.0520837324151265,-0.5531527301218769,0.0979714551667085,0.2079851153243929,0.0,0.0,-0.0218659126353444,0.0,0.0,0.0,-0.0787865970471942,0.0,0.0,-0.6684988534791662,-0.3523214318123837,-0.6144681598436895,0.0,0.0,-0.5225751044370144,0.0,0.0,-0.0906912664183858,-0.3579796208708221,0.0071486002569634,0.0,0.424151313639742,0.7365305511917826,0.0,-0.122116698593709,0.3267988437979818,0.0,-0.1710804268699484,-0.9121573412972266,-0.7516560464145754,0.0,0.0102674198643561,0.0645398062886403,0.0,0.0,-0.3845598667111935,-0.286058887148118,0.0,0.0471641502765031,0.0,0.024550698397782,0.0,0.0,-0.1117757321196035,0.0,0.0,0.0,-0.8546343066737023,0.0064280329724472,0.0,0.0,0.0152098896185048,-0.0033019300907241,0.0370766511989396,0.0,0.0,0.0,0.0,-0.5665767489489263,-0.0642959600016024,-0.9462019888243232,-0.1947174967762871,-0.111201757503827,0.0,0.0,-0.414956671698679,-0.9188353135771444,0.0,0.0,0.0,-0.2088216344060083,0.0,0.0,0.0,0.0,-0.1562439829467443,0.0,0.0,0.0,0.0,0.0
600,0.0,0.0,-0.5982494970781336,0.0,-0.076597124259746,-0.5473694904401529,0.0807386944746524,0.2044568295882123,0.0,0.0,-0.0539885352044673,0.0,0.0,0.0,-0.0886369057733695,0.0,0.0,-0.6591352141465544,-0.3463031585058146,-0.62353216940375,0.0,0.0,-0.523568370424396,0.0,0.0,-0.0768910104969018,-0.3549208839119792,0.0,0.0,0.3842258783896009,0.7857121976599588,0.0,-0.1116054134251975,0.3165125395985175,0.0,-0.1634911370704786,-0.9106826365699144,-0.7560387942778781,0.0,0.0116016710250794,0.0745733497180314,0.0,0.0,-0.3662686417253106,-0.2801490118864597,0.0,0.04232425038683,0.0,0.0218257083075713,0.0,0.0,-0.1283043603975097,0.0,0.0,0.0,-0.8565335817370299,0.0,0.0,0.0,0.0142086109272817,0.0,0.0341410072256554,0.0,0.0,0.0,0.0,-0.5495989191649828,-0.0562845800847953,-0.943473711837318,-0.2134341422294632,-0.1186047780670043,0.0,0.0,-0.4330510066769754,-0.9188353135771444,0.0,0.0,0.0,-0.1907250271391573,0.0,0.0,0.0,0.0,-0.1544002194860155,0.0,0.0,0.0,0.0,0.0
601,0.0,0.0,-0.5814994216195534,0.0,-0.0970960836611651,-0.5376298441697543,0.0665218028929832,0.2054792814564063,0.0,0.0,-0.0837776758104193,0.0,0.0,0.0,-0.1016849079887242,0.0,0.0,-0.6477005996242465,-0.341982828837981,-0.6161354713631149,0.0,0.0,-0.5301894184819222,0.0,0.0,-0.0823689675157246,-0.3605325992790004,0.0,0.0,0.373320711814016,0.8208167195877776,0.0,-0.0976376659826896,0.3288742435993965,0.0,-0.1622886724128764,-0.9083561654651836,-0.759905035671243,0.0,0.0122120734329773,0.0913997759822572,0.0,0.0,-0.3489867298215219,-0.2733068866716228,0.0,0.0334124586617127,0.0,0.0183028386605746,0.0,0.0,-0.1428311317560788,0.0,0.0,0.0,-0.8559815693415311,0.0,0.0,0.0,0.0138920935191422,0.0,0.0315345228478577,0.0,0.0,0.0,0.0,-0.5290422753459656,-0.0557875941205408,-0.9412859171356946,-0.2205412984581588,-0.1195969375664015,0.0,0.0,-0.4389752313747001,-0.9188353135771444,0.0,0.0,0.0,-0.179107283379026,0.0,0.0,0.0,0.0,-0.1551300216873593,0.0,0.0,0.0,0.0,0.0
602,0.0,0.0,-0.5728976353031354,0.0,-0.118015621812085,-0.536631526601737,0.0789386029820923,0.2136159473394433,0.0,0.0,-0.1342971469066869,0.0,0.0,0.0,-0.1133603806485914,0.0,0.0,-0.6325316341895781,-0.3367851345138836,-0.6104773960306163,0.0,0.0,-0.5384873308657786,0.0,0.0,-0.1162337540445444,-0.3701121568117507,0.0,0.0,0.3694332922085874,0.8577447500026006,0.0,-0.0827276768257469,0.3537406107574928,0.0,-0.165094054449734,-0.9033212099309518,-0.764064185980105,0.0,0.0119752151534879,0.108102399900549,0.0,0.0,-0.3366465072505811,-0.2574263731883191,0.0,0.0277985138837652,0.0,0.0137650659339281,0.0,0.0,-0.1275863828256161,0.0,0.0,0.0,-0.8557403086742292,0.0,0.0,0.0,0.0126523258348146,0.0,0.0365266456337456,0.0,0.0,0.0,0.0,-0.5119891603666554,-0.0594440729475047,-0.9397424203417232,-0.2292897794872266,-0.1229363652173191,0.0,0.0,-0.433501171749225,-0.9188353135771444,0.0,0.0,0.0,-0.1683201281761445,0.0,0.0,0.0,0.0,-0.1678094614505164,0.0,0.0,0.0,0.0,0.0
603,0.0,0.0,-0.5735256194864703,0.0,-0.1367458757867826,-0.5382945231379199,0.0972203585259424,0.2213096904294111,0.0,0.0,-0.1985831845955683,0.0,0.0,0.0,-0.1244620792703825,0.0,0.0,-0.6186260681752478,-0.3359861203524977,-0.597122485448173,0.0,0.0,-0.5636255666399449,0.0,0.0,-0.1659099583397377,-0.3881019586775295,0.0,0.0,0.3725937234169679,0.8252033221018755,0.0,-0.06857133718512,0.3799979229190157,0.0,-0.1762271870276838,-0.8988439395965924,-0.7673691524507705,0.0,0.0109400084280608,0.1011219882759793,0.0,0.0,-0.3247879250288329,-0.218195486982092,0.0,0.0273056933525901,0.0,0.0109804447263948,0.0,0.0,-0.1109768850957281,0.0,0.0,0.0,-0.8527483594968959,0.0,0.0,0.0,0.0107343314002836,0.0,0.0339319897979364,0.0,0.0,0.0,0.0,-0.4974550130050379,-0.0561065234307014,-0.939016692808829,-0.232604322717369,-0.1314164818685031,0.0,0.0,-0.4016934456336275,-0.9188353135771444,0.0,0.0,0.0,-0.1716660634553295,0.0,0.0,0.0,0.0,-0.1763738491796744,0.0,0.0,0.0,0.0,0.0
604,0.0,0.0,-0.5817703155504184,0.0,-0.1604007480775416,-0.5471848499944443,0.1162651627238751,0.2258249316810259,0.0,0.0,-0.2642057127433517,0.0,0.0,0.0,-0.1253424976359147,0.0,0.0,-0.6092629877168094,-0.332541201498622,-0.5930407013122778,0.0,0.0,-0.5899471737738262,0.0,0.0,-0.2280519409115281,-0.4034460463471015,0.0,0.0,0.3576261163398504,0.7645402092170724,0.0,-0.0601051049432197,0.4095400845851,0.0,-0.1922054571539676,-0.8947309219973714,-0.769625632624647,0.0,0.0100026214661755,0.0913173886486002,0.0,0.0,-0.3100126428786988,-0.1800285473003598,0.0,0.0263787740963676,0.0,0.0082406457988593,0.0,0.0,-0.1030898931540555,0.0,0.0,0.0,-0.84593714049824,0.0,0.0,0.0,0.0087440178308266,0.0,0.026192190613283,0.0,0.0,0.0,0.0,-0.4876093719681133,-0.0592591990593327,-0.9390696732657487,-0.2349090872020162,-0.1277550577377203,0.0,0.0,-0.367972792288444,-0.9188353135771444,0.0,0.0,0.0,-0.173809793645026,0.0,0.0,0.0,0.0,-0.1981447634899298,0.0,0.0,0.0,-0.013532489974865,0.0
605,0.0,0.0,-0.5995867685345935,0.0,-0.1845547831642227,-0.5659879333987653,0.1379149180763423,0.2363088979970814,0.0,0.0,-0.3228105376257635,0.0,0.0,0.0,-0.1184753013610886,0.0,0.0,-0.6026202657421472,-0.3242079499531409,-0.5958927181711303,0.0,0.0,-0.6198935910514285,0.0,0.0055812254635125,-0.2927294958930744,-0.4233520836262527,0.0,0.0,0.3423246766788072,0.75025193137629,0.0,-0.0648597676708065,0.444727619337907,0.0,-0.2087614653416497,-0.8904866931668702,-0.7707095574017184,0.0,0.016169107471819,0.0805173301924984,0.0,0.0,-0.29677145698952,-0.1414551794561571,0.0,0.0262954243864234,0.0,0.0,0.0,0.0,-0.0761113670908312,0.0,0.0,0.0,-0.8312160604769138,0.0,0.0,0.0,0.006661345051702,0.0,0.0188552327624176,0.0,0.0,0.0,0.0,-0.4905735312971359,-0.0555234005671593,-0.9400162942070308,-0.2378595848329565,-0.1292428347503255,0.0,0.0,-0.3302074341962757,-0.9188353135771444,0.0,0.0,0.0,-0.176275775605959,0.0,0.0,0.0,0.0,-0.2135468419243661,0.0,0.0,0.0,-0.0070390169174734,0.0
606,0.0,0.0,-0.6242457655980577,0.0,-0.1946226238448705,-0.5904672767977798,0.161918688604255,0.2427776323465457,0.0,0.0,-0.3898058843928981,0.0,0.0,0.0,-0.1083344943690403,0.0,0.0,-0.5960858271378096,-0.3277375336040997,-0.6026540320355509,0.0,0.0,-0.6438534344952275,0.0,0.0077555665914563,-0.3592861057913037,-0.4507400121262555,0.0071138010897618,0.0,0.3229693923609753,0.7560112290401705,0.0,-0.0676308872167482,0.4767831392074969,0.0,-0.2292630350064617,-0.8874292682526064,-0.7711031373502096,0.0,0.0099373715247859,0.0720721157983554,0.0,0.0,-0.2896956124901631,-0.1014079664489572,0.0,0.0275850362083332,0.0,0.0,0.0,0.0,-0.0445929080948195,0.0,0.0,0.0,-0.8112846716082613,0.0,0.0,0.0,0.0061379610982663,0.0,0.0135052740956965,0.0,0.0,0.0,0.0,-0.5015506836091875,-0.0475008931730416,-0.9402429624029152,-0.2410529815014701,-0.126911988366322,0.0,0.0,-0.2942087968351853,-0.9188353135771444,0.0,0.0,0.0,-0.1868800463261462,0.0,0.0,0.0,0.0,-0.2254180479686569,0.0,0.0,0.0,-0.005577259606692,0.0
607,0.0,0.0,-0.6542860235606353,0.0,-0.2180770497980583,-0.6149303992672752,0.1718152700215214,0.2443451045748329,0.0,0.0,-0.4420650907068706,0.0,0.0,0.0,-0.0939113679835103,0.0,0.0,-0.5952930342560008,-0.3413061607100173,-0.61825915842895,0.0,0.0,-0.6656907870788062,0.0,0.0,-0.3961690613760585,-0.4783060543496862,0.0058442987152258,0.0,0.3177757487329006,0.7396027737658669,0.0,-0.0821922294170254,0.5074078322358888,0.0,-0.2452698674358479,-0.885491801265033,-0.7702158075399662,0.0,0.0,0.0759187517648558,0.0,0.0,-0.2909286476071758,0.1782486615928849,0.0,0.024728672316748,0.0,0.0,0.0,0.0,-0.0232477264103397,0.0,0.0,0.0,-0.7951944828823496,0.0,0.0,0.0,0.0092004570607985,0.0,0.0091263300820714,0.0,0.0,0.0,0.0,-0.5142507810384497,-0.0304183686214411,-0.940377132596173,-0.235564345086545,-0.1287864425108522,0.0,0.0,-0.2630528641748399,-0.9188353135771444,0.0,0.0,0.0,-0.2009791173744761,0.0,0.0,0.0,0.0,-0.2316922775863722,0.0,0.0,0.0,0.0,0.0
608,0.0,0.0,-0.6781189671976903,0.0,-0.2424775326760359,-0.6532103501673464,0.1750409317591288,0.2239683878957643,0.0,0.0,-0.4778630368304419,0.0,0.0,0.0,-0.0686100864472117,0.0,0.0,-0.594730729128064,-0.3479124024791929,-0.6366990496301835,0.0,0.0,-0.683812585870518,0.0,0.0,-0.4220342512169784,-0.5005616206336309,0.0,0.0,0.3157857981247963,0.6611092520755912,0.0,-0.1065499929937876,0.5095660094430403,0.0,-0.2612922261739366,-0.8845227436966723,-0.7692416881874422,0.0,0.0,0.0737056276477309,0.0,0.0,-0.2925128915142194,0.1724756951321639,0.0,0.0201962179580905,0.0,0.0,0.0,0.0,0.0,0.0,0.0,0.0,-0.7821380933667283,0.0,0.0,0.0,0.0105754784717817,0.0,0.0106378784809392,0.0,0.0,0.0,0.0,-0.5244523178039058,-0.0241009200100681,-0.9402268308339492,-0.2287943509105642,-0.1332547344192561,0.0106778561366154,0.0,-0.2383932804448482,-0.9188353135771444,0.0,0.0,0.0,-0.2197599830578309,0.0,0.0,0.0,0.0,-0.2317280648183051,0.0,0.0,0.0,0.0,0.0
609,0.0,0.0,-0.6945110069779055,0.0,-0.261786436536069,-0.6917434553034352,0.1612134427753433,0.1984879899635023,0.0,0.0,-0.4772664318098063,0.0,0.0,0.0,-0.0440106038866141,0.0,0.0,-0.5959650096203638,-0.3646809640200295,-0.6584109385770075,0.0,0.0,-0.6959133343914808,0.0,0.0059044810380646,-0.436238909903504,-0.5280429953004241,0.0,0.0,0.3174024140855995,0.6088626158805168,0.0,-0.1319762269522756,0.4979104538224445,-0.0180068250254123,-0.2574899907788996,-0.8843838112714,-0.768593696330154,0.0,0.0,0.0738764166986779,0.0,0.0,-0.2893369105220286,0.16904840745858,0.0,0.0154275301395099,0.0,0.0,0.0,0.0,0.0,0.0,0.0,0.0,-0.7756702973503679,0.0,0.0,0.0,0.0090969416192634,0.0,0.0144408784754723,0.0,0.0,0.0,0.0,-0.5406616655536749,-0.0081336508885501,-0.9402059106006728,-0.2323302365680301,-0.1376509593756883,0.0185055511178697,0.0,-0.2197355836941213,-0.9188353135771444,0.0,0.0,0.0,-0.2394712898663322,0.0,0.0,0.0,0.0,-0.2326021415467932,0.0,0.0,0.0,0.0,0.0
610,0.0,0.0,-0.7063170527545535,0.0,-0.2857807425488821,-0.7282501842355882,0.145082233830829,0.1705631592938047,0.0,0.0,-0.4622524108305495,0.0,0.0,0.0,-0.0197239620652914,0.0,0.0,-0.5971714736318232,-0.3633273346373911,-0.6726537096835327,0.0,0.0,-0.6969186201291271,0.0,0.0,-0.4335054045528174,-0.5473440621589514,0.018100227091148,0.0,0.3394057844000578,0.5452473980288195,0.0,-0.153610477840668,0.5000935140828857,-0.0327081552014776,-0.2530048357437656,-0.8849209380620726,-0.7678623672700673,0.0,0.0,0.0766660318004983,0.0,0.0,-0.3009687269232087,0.1719713760374033,0.0,0.012711240710655,0.0,0.0,0.0,-0.0123149586571303,0.0,0.0,0.0,0.0,-0.7752589312811581,0.0,0.0,0.0,0.0158436741196207,0.0,0.0123005237107111,0.0,0.0,0.0,0.0,-0.5460571090234164,0.0,-0.9395006507847334,-0.2301410780913012,-0.1423217909656342,0.0276223600222099,0.0,-0.2233987696354636,-0.9188353135771444,0.0,0.0,0.0,-0.2545086132857556,0.0,0.0,0.0,0.0,-0.233621765243867,0.0,0.0,0.0,0.0,0.0
611,0.0,0.0,-0.7024940201251632,0.0,-0.2980672281445243,-0.7641870881985775,0.1339641921707337,0.1550549104562772,0.0,0.0,-0.4200635795880192,0.0,0.0,0.0,0.0,0.0,0.0,-0.5962648675701187,-0.3280599838966289,-0.6815643791030117,0.0,0.0,-0.6885553699485126,0.0,0.0,-0.4224864353105359,-0.5706255876816759,0.0225852046669374,0.0,0.3548982333559328,0.5349362377299517,0.0,-0.1660938397090511,0.4887775217967428,-0.037537446008606,-0.2355784643202151,-0.8853509342225743,-0.7676282447435436,0.0,0.0,0.1035795501804551,0.0,0.0,-0.3098092862854025,0.1736808010391145,0.0,0.0115392907978012,0.0,0.0,0.0,-0.0356554108220949,0.0,0.0,0.0,0.0,-0.7780937466292626,0.0,0.0,0.0,0.0282710205930752,0.0,0.0084151494054259,0.0,0.0,0.0,0.0,-0.5509617996718943,0.0,-0.9375103885852538,-0.2214676666452729,-0.1502588020772524,0.0387134865104961,0.0,-0.2338337579995665,-0.9188353135771444,0.0,0.0,0.0,-0.2660094901159961,0.0,0.0,0.0,0.0,-0.2234245600473777,0.0,0.0,0.0296074902292662,0.0,0.0
612,0.0,0.0,-0.6961919608506977,0.0,-0.3037271482326664,-0.7958699331668837,0.1466408588558895,0.1470763172332242,0.0,0.0,-0.37269412394976,0.0,0.0,0.0,0.0,0.0,0.0,-0.5986328363877128,-0.3042968559004458,-0.6951568903101618,0.0,0.0,-0.6720247454981925,0.0,0.0062606021840832,-0.3937690500048885,-0.5842565387190041,0.0301047798756604,0.0,0.3667228200516086,0.5402099646143504,0.0,-0.1806868718368698,0.3431849643697075,-0.0269855916896119,-0.2151759990764829,-0.8861388071018022,-0.7670418728522699,0.0,0.0,0.1425438417988248,0.0,0.0,-0.3208791041235413,0.1768768844019958,0.0,0.0079375541015794,0.0,0.0,0.0,-0.0555362761226492,0.0,0.0,0.0,0.0,-0.7838680521508854,0.0,0.0,0.0,0.0429098278057787,0.0,0.0075388259440136,0.0,0.0,0.0,0.0,-0.5445303730227187,-0.0095656032237761,-0.9337439416064832,-0.2109704288185074,-0.1527139861255607,0.0501994709308096,0.0,-0.2646224489317524,-0.9188353135771444,0.0,0.0,0.0,-0.272911870092644,0.0,0.0,0.0,0.0,-0.2149715527849187,0.0,0.0,0.0363383668669078,0.0,0.0
613,0.0,0.0,-0.6845652539659831,0.0,-0.3003765790149088,-0.8198727029322527,0.1524754271500322,0.1509068291642372,0.0,0.0,-0.3310380031381931,0.0,0.0,0.0,0.0,0.0,0.0,-0.5967937842497194,-0.2728322859160318,-0.6956158305572346,0.0,0.0,-0.6574477531098526,0.0,0.0074905707668303,-0.3658529220333201,-0.5838237531083785,0.04544264462204,0.0,0.3611911587163676,0.578501064767609,0.0,-0.1812500681116471,0.2276785470296309,-0.0146356448249263,-0.1829307134531825,-0.8864693405445867,-0.767131035191689,0.0,0.0,0.183174435539244,0.0,0.0,-0.3256705796050165,0.1765274100527582,0.0,0.0,0.0,0.0,0.0,-0.0743236841175755,0.0,0.0,0.0,0.0,-0.793484414276869,0.0,0.0,0.0,0.0574768169672494,0.0,0.0098033937570382,0.0,0.0,0.0,0.0,-0.5290377375600049,-0.034832206307143,-0.9302945893501856,-0.1966462727928774,-0.1577706916187658,0.0362269244497667,0.0,-0.2943611958192291,-0.9188353135771444,0.0,0.0,0.0,-0.2737710348721216,0.0,0.0,0.0,0.0,-0.2154317106416046,0.0,0.0,0.0337619730339516,0.0,0.0
614,0.0,0.0,-0.6610953687722588,0.0,-0.261684011894101,-0.8383229030057008,0.1512733713175105,0.19560695907462,0.0,0.0,-0.288909387540592,0.0,0.0,0.0,0.0,0.0,0.0,-0.5954065097159242,-0.2343344149654686,-0.6900844572898485,0.0,0.0,-0.6443374804512125,0.0,0.0083416928212623,-0.3278823238878776,-0.5763882093480313,0.061539945098876,0.0,0.3396445668394685,0.5536148579590531,0.0,-0.1772641166356851,0.1340609502768423,0.0,-0.1445593958282513,-0.8873942898209597,-0.7679029521105365,0.0,0.0,0.1777452527443607,0.0,0.0,-0.3414995026202824,0.1807452646146888,0.0,0.0,0.0,0.0,0.0,-0.0924446776140295,-0.0127236239714879,0.0,0.0,0.0,-0.8060670257518451,0.0,0.0,0.0060508741523184,0.0731574183686984,-0.0475134102212479,0.0118877208699959,0.0,0.0,0.0,0.0,-0.5080265970891179,-0.0715698931991924,-0.9271237499797992,-0.1752684492624828,-0.1638058734114322,0.0271139337051024,0.0,-0.3186964502134228,-0.9188353135771444,0.0,0.0,0.0,-0.2726785889194301,0.0,0.0,0.0,0.0,-0.2183708474409811,0.0,0.0,0.0251743509265675,0.0,0.0
615,0.0,0.0,-0.6333528525524779,0.0,-0.2209293959596802,-0.8477321399436859,0.1439966732851839,0.2477399101722361,0.0,0.0,-0.2429619349408785,0.0,0.0,0.0,0.0,0.0,0.0,-0.5910221471391075,-0.1904866601053073,-0.6792342296380671,0.0,0.0,-0.6238667376786112,0.0,0.0063833569800651,-0.3029161558118983,-0.5628935487990042,0.0523212096511833,0.0,0.3383905924410708,0.5818056283854359,0.0,-0.1667353253280269,0.1476352752716419,0.0,-0.1227639992621349,-0.8876375020019474,-0.7682441287580659,0.0,0.0,0.1270233394920348,0.0,0.0,-0.3544119958266609,0.1616100954286192,0.0,0.0,0.0,0.0,0.0,-0.0997413089088697,-0.0125372116904596,0.0,0.0,0.0,-0.8262747047375859,0.0,0.0,0.010356038218086,0.0870136977339656,-0.0931262363264212,0.0134460245929683,0.0,0.0,0.0,0.0,-0.4903826571057832,-0.1142673638368547,-0.9235880507449163,-0.1616387329522724,-0.1628995579060563,0.0212743670210253,0.0,-0.3493635419822076,-0.9188353135771444,0.0,0.0,0.0,-0.2663974042757788,0.0,0.0,0.0,0.0,-0.2270845119989856,0.0,0.0,0.0180483380577464,0.0,0.0
616,0.0,0.0,-0.6074647109689036,0.0,-0.173991636825168,-0.8524492438037532,0.131111737684058,0.3005456896769747,0.0,0.0,-0.2240943436778403,0.0,0.0,0.0,0.0,0.0,0.0,-0.5871482065224687,-0.148716866709135,-0.6714178094244421,0.0,0.0,-0.61770057235031,0.0,0.0,-0.2901686050180693,-0.5431935015566511,0.0393389814375322,0.0,0.3470702443937901,0.5937891461959502,0.0,-0.1534246773189567,0.1701136609891393,0.0,-0.0994936125849403,-0.8875596426256167,-0.769091568035022,0.0,0.0,0.0935556765215431,0.0,0.0,-0.3646056947060223,0.1371767536271818,0.0,0.0,0.0,0.0,0.0,-0.102316100397406,-0.0032362000820476,0.0,0.0,0.0,-0.8435056128161638,0.0,0.0,0.0094629991844748,0.0974653943020331,-0.1297891682835268,0.014190632909265,0.0,0.0,0.0,0.0,-0.478527157123487,-0.1516029520230921,-0.9192248948144676,-0.1573960050739775,-0.162763058363475,0.0168793739903973,0.0,-0.3762879090980009,-0.9188353135771444,0.0,0.0,0.0,-0.2604786550213984,0.0,0.0,0.0,0.0,-0.229752073656365,0.0,0.0,0.0156509091622683,0.0,0.0
617,0.0,0.0,-0.5873738231717803,0.0,-0.1281362985275249,-0.8478695947496918,0.1147007172943061,0.3152002480904141,0.0,0.0,-0.212349680400506,0.0,0.0,0.0,-0.0062189088211259,0.0,-0.0215087079394079,-0.5847236229101035,-0.1204255688428409,-0.6651902804601796,0.0,0.0,-0.6238138528070892,0.0,0.0,-0.2764431196484816,-0.5160396770729057,0.0225107709591803,0.0,0.3727438336072156,0.5987886086638511,0.0,-0.1394459884269904,0.1857382186501337,0.0,-0.0872939973155876,-0.8887656919015763,-0.7689761608383532,0.0,0.0,0.0668054053294649,0.0,0.0,-0.365051038552304,0.0955880818282282,0.0,0.0,0.0,0.0,0.0,-0.1027794873088233,-0.0067711751765853,0.0,0.0,0.0,-0.8533118058859901,0.0,0.0,0.013647453371297,0.1027786304604106,-0.1500674981848839,0.013979060869171,0.0,0.0,0.0,0.0,-0.4676992540572722,-0.1954939301274209,-0.914145902939492,-0.1618543312699988,-0.1579697008992383,0.0124613890531456,0.0,-0.3932858954494449,-0.9188353135771444,0.0,0.0,0.0,-0.2531621986632465,0.0,0.0,0.0,0.0,-0.2307062075486189,0.0,0.0,0.0227365863975149,0.0,0.0
618,0.0,0.0,-0.5691237824769949,0.0,-0.0898027170057785,-0.8398821850681161,0.1217650421729515,0.3294200260521122,0.0,0.0,-0.2232313418968867,0.0,0.0,0.0,-0.0295133140145569,0.0,-0.049120820088425,-0.5717275206368894,-0.1055263868419096,-0.6692392747490801,0.0,0.0,-0.6335804795366512,0.0,0.0,-0.2692282525925457,-0.49120959742627,0.0160137513169747,0.0,0.4151767457783483,0.6124379752566357,0.0,-0.1325236330022034,0.195959759723511,0.0,-0.0805533318694781,-0.8888646994993978,-0.7693038904495342,0.0,0.0,0.0337690390549831,0.0,0.0,-0.3684332660870342,0.0686070448544455,0.0,0.0071506460710364,0.0,0.0,0.0,-0.0974319590162811,-0.0041041474508626,0.0,0.0,0.0,-0.8607409213000534,0.0,0.0,0.0194851771650591,0.1020119963422433,-0.1608683923285117,0.0128586394812028,0.0,0.0085893437254958,0.0,0.0,-0.4732499506173839,-0.2334838551770804,-0.909220673352184,-0.1740885739490821,-0.148391935875525,0.0115949714847608,0.0,-0.416289399544422,-0.9188353135771444,0.0,0.0,0.0,-0.2372853700466267,0.0,0.0,0.0,0.0,-0.2333169811878865,0.0,0.0,0.030168237621717,0.0,0.0
619,0.0,0.0,-0.5556996063742125,0.0,-0.0620323334953383,-0.8343480476267481,0.1001234910258885,0.3492004197263864,0.0,0.0,-0.2453927013979379,0.0,0.0,0.0,-0.0548524771571953,0.0,-0.0670026353546468,-0.5598370675442468,-0.1123823738192342,-0.677145983021782,0.0,0.0,-0.6563422799969588,0.0,0.0,-0.267312555050098,-0.4703857595468546,0.0119874422368642,0.0,0.4545909225426356,0.6136514806088126,0.0,-0.1300508829119858,0.1961752332781524,-0.006250922225483,-0.0873524324419823,-0.8899940450781458,-0.7697146397523783,0.0,0.0,0.0190958832853984,0.0,0.0,-0.3763779156992675,0.0617805078504675,0.0,0.0201089684220312,0.0,0.0,0.0,-0.0885348077000252,0.0,0.0,0.0,0.0,-0.8683054041222813,0.0,0.0,0.029068716406702,0.0951353040170165,-0.1439707372102536,0.011598612789598,0.0,0.014428163927546,0.0,0.0,-0.4891455984888705,-0.2642468299917105,-0.903796171716956,-0.1901294241800071,-0.1472177674272839,0.0117012483476416,0.0,-0.4253629147252373,-0.9188353135771444,0.0,0.0,0.0,-0.2251927311915901,0.0,0.0,0.0,0.0,-0.2191137671358993,0.0,0.0,0.0417694228911415,0.0,0.0
620,0.0,0.0,-0.5434493573401178,0.0,-0.0614202930009876,-0.8314456467521094,0.0684153278744344,0.3637002427468926,0.0,0.0,-0.2845838087655086,0.0,0.0,0.0,-0.0813776133864957,0.0,-0.089434840078486,-0.5476133363544201,-0.1433818214697943,-0.6897171888506753,0.0,0.0,-0.6870768010279997,0.0,0.0,-0.2751984550050935,-0.4568892283636734,0.0083197455820624,-0.0251246838032822,0.506873307940593,0.5941256322551439,0.0,-0.1395446973409913,0.1877900587797995,-0.0138346143492362,-0.0985317727712868,-0.891709248807592,-0.769821601315161,0.0069657760542104,0.0,0.0136346979956647,0.0,0.0,-0.3828265955721533,0.0642792958111374,0.0,0.0393747293959129,0.0,0.0061130979275883,0.0,-0.0792216824915146,0.0,0.0,0.0,0.0,-0.8751243009378946,0.0,0.0,0.0417392459245362,0.0836725068576494,-0.128463337117791,0.0113758102128397,0.0,0.0219416335977484,0.0,0.0,-0.5174008539553604,-0.292786606864757,-0.898220026060748,-0.2124793566019182,-0.1406890031257558,0.0120929071623445,0.0,-0.4295963272779714,-0.9188353135771444,0.0,0.0,0.0,-0.2159809139871157,0.0,0.0,0.0,0.0,-0.207482032484421,0.0,0.0,0.0554276274562284,0.0,0.0
621,0.0,0.0,-0.5404423901582425,0.0,-0.08165429817851,-0.8275460412868627,0.0428108564636886,0.3806972791797338,0.0,0.0,-0.3109247274693967,0.0,0.0,0.0,-0.1068480446651654,0.0,-0.1036393849452829,-0.5360142700497135,-0.1853179545503145,-0.7076879928234162,0.0,0.0,-0.7171288135626094,0.0,0.0056832499437436,-0.2857784551950468,-0.4497032731759887,0.0056917654320068,-0.0715688124312626,0.464831777539162,0.5883593049232865,0.0,-0.1540436897146239,0.1724814336359472,-0.0214941338399228,-0.1152929770703868,-0.8936495371528896,-0.7705844125451603,0.0074949851765137,0.0,0.0112330630085871,0.0,0.0,-0.3849283574315558,0.0772148962526587,0.0,0.0585052396399658,0.0,0.0123526766727325,0.0,-0.0748651729429902,0.0,0.0,0.0,0.0,-0.8820455236551572,0.0,0.0,0.0493320022864618,0.0692293492658285,-0.0945080994559098,0.0105558797727748,0.0,0.0251037156966552,0.0,0.0,-0.5599479389704697,-0.3023268408359386,-0.8923812187277429,-0.2435960915760083,-0.1281182596719075,0.0124518913254972,0.0,-0.432252245169712,-0.9188353135771444,0.0,0.0,0.0,-0.2087437767169425,0.0,0.0,0.0,0.0,-0.1819451581934319,0.0,0.0,0.0714052891383884,0.0,0.0
622,0.0,0.0,-0.5388346172716348,0.0053843300466233,-0.1084581800592688,-0.8300443367394649,0.0212972758666739,0.3644310043912632,0.0,0.0,-0.3366014348991611,0.0,0.0,0.0,-0.1324169953481305,0.0,-0.1244664159673594,-0.5213653127355022,-0.2317956439471666,-0.7303680762627629,0.0,0.0,-0.7444579669665816,0.0,0.0089422927215883,-0.2986792880872808,-0.4491671155274027,0.0,-0.0944568979389293,0.4189512953131913,0.5862150738063663,0.0,-0.1589133670176392,0.1535568114191103,-0.0266754475927514,-0.1300403268183848,-0.8958516595681241,-0.7711352083347086,0.0077866319289434,0.0,0.011284921485978,0.0,0.0,-0.3895827788149812,0.1004993581004641,0.0,0.0476277676807569,0.0,0.025865225334375,0.0,-0.0765943223150714,0.0,0.0,0.0,0.0,-0.8855621332234076,0.0,0.0,0.07319883377531,0.0538388617943069,-0.0622483922382319,0.0103232456283795,0.0,0.0290210847727099,-0.0332532662022493,-0.0332532662022493,-0.6140294145318917,-0.3076385052231413,-0.8865004021975165,-0.2743235184501589,-0.1186388922253245,0.0131120614282499,0.0,-0.439959901268758,-0.9188353135771444,0.0,0.0,0.0,-0.196546893463392,0.0,0.0,0.0,0.0,-0.157140243571364,0.0,0.0,0.0867828968113196,0.0,0.0
623,0.0,0.0,-0.5463507664266,0.0057159785704787,-0.1351832537568599,-0.8362694823684832,0.0127669391122438,0.3585233834067784,0.0,0.0,-0.3516882685757583,0.0,0.0,0.0,-0.1695207370400173,0.0,-0.1439333602535824,-0.5091157982819857,-0.2883670819358995,-0.7448786580890451,0.0,0.0,-0.7673816648173528,0.0,0.0132949918382277,-0.3168885631741761,-0.4571417431640153,0.0,-0.1028916719395662,0.3779884763175543,0.5371253159824605,0.0,-0.166856525622349,0.1344029248294224,-0.0177648390816347,-0.1346558022919854,-0.8979807254889689,-0.7713710147847301,0.007976713502062,0.0,0.0132324274751314,0.0,0.0,-0.3863776415953267,0.1208006757754393,0.0,0.0369978731644017,0.0,0.0397184960788276,0.0,-0.0775819548101848,0.0,0.0,0.0,0.0,-0.8887937994958337,0.0,0.0,0.1033279983944033,0.0383557081033983,-0.0364011000479745,0.0106984892168957,0.0,0.0342797730227899,-0.0953077714894183,-0.0953077714894183,-0.6743542790283963,-0.2928720978413635,-0.8819033191966286,-0.2980504737308815,-0.1153286382529728,0.0138097418854838,0.0,-0.4529801738396389,-0.9188353135771444,0.0,0.0,0.0,-0.1838916364115336,0.0,0.0,0.0,0.0,-0.1338912332182676,0.0,0.0,0.1011977949341146,0.0,0.0
624,0.0,0.0,-0.5559561293545574,0.0057379818676578,-0.1647097870310858,-0.8503069665270675,0.0060678601073163,0.3599607818925365,0.0,0.0,-0.3536983318734624,0.0,0.0,0.0,-0.1974567399496978,0.0,-0.1751066941800203,-0.500027197082524,-0.3406939738358768,-0.7580786627684634,0.0,0.0,-0.7821975537471598,0.0,0.0181466692424218,-0.3292735104385503,-0.4693570066324666,0.0,-0.0797131166072477,0.3401895671304165,0.4843789456588928,0.0,-0.1713360208991046,0.146720093385379,0.0,-0.1440125489277287,-0.8984972820062387,-0.7714544946968072,0.00808267869551,0.0,0.0149827874087746,0.0,0.0,-0.3930719917230879,0.1394747301895887,0.0,0.0357160931291687,0.0,0.057433532342487,0.0,-0.0833194495673902,0.0,0.0,0.0,0.0,-0.8891018814632261,0.0,0.0,0.1311834578569446,0.0239275869137511,-0.0116597113998933,0.0102304909369358,0.0,0.041320232972127,-0.1359296019962678,-0.1359296019962678,-0.731380499539266,-0.2940699194623427,-0.8775277650641615,-0.3018045694442514,-0.1097559611093836,0.0113212622204766,0.0,-0.4614531889688212,-0.9188353135771444,0.0,0.0,0.0,-0.1625588264246467,0.0,0.0,0.0,0.0,-0.1078353911621197,0.0,0.0,0.1111334903607009,0.0,0.0
625,0.0,0.0,-0.5698579794559794,0.0053510118499524,-0.1856149066811995,-0.8601228113836701,0.0,0.3441858066402388,0.0,0.0,-0.3415221998189573,0.0,0.0,0.0,-0.2245144107198656,0.0,-0.1985570233840011,-0.4970198517198854,-0.3908697156927629,-0.769810585664434,0.0,0.0,-0.7909857953897048,0.0,0.0230575205290682,-0.3469988587781619,-0.4818973253262067,0.0,-0.047849955533173,0.3501051695696484,0.4250143475537972,0.0,-0.1635738575978278,0.2196618975139888,0.0,-0.1420835557748326,-0.8984467564104777,-0.7707276978451838,0.0076133760735464,0.0,0.0184592720917408,0.0,0.0,-0.3947553538782206,0.1404621277664275,0.0,0.0331596757935699,0.0,0.0778609923687722,0.0,-0.091075592568272,0.0,0.0,0.0,0.0,-0.883847180617217,0.0,0.0,0.1574154541729958,0.0144155422612609,0.0,0.0116567738720543,0.0,0.0314907502066481,-0.1799465088192769,-0.1799465088192769,-0.7881853858107137,-0.2779469141334162,-0.8752963638860605,-0.2994551206036402,-0.1061685494448796,0.0104669640308156,0.0,-0.4624442611801885,-0.9188353135771444,0.0,0.0,0.0,-0.1508833616524558,0.0,0.0,0.0,0.0,-0.0913142537584412,0.0,0.0,0.1158577184275219,0.0,0.0
626,0.0,0.0,-0.5839232310780923,0.0,-0.2038870540448872,-0.8710251730250298,0.0,0.3478459994560751,0.0,0.0,-0.3084496310126973,0.0,0.0,0.0,-0.2581781561514317,0.0,-0.2312201368539706,-0.5006993097293709,-0.4435594012609292,-0.774804805461874,0.0,0.0,-0.7926734331742619,0.0,0.0275224769078069,-0.3652623281492284,-0.4889019775262076,0.0,-0.0183250738911371,0.3791918846747326,0.3719834116733131,0.0,-0.1590696669726909,0.1601173228769943,0.0,-0.1372489410074211,-0.8988986547398228,-0.7703316354581718,0.0067263273456638,0.0,0.0212234301500065,0.0,0.0,-0.4018981192421966,0.1471349457680329,0.0,0.0287529126247475,0.0,0.0976916783985139,0.0,-0.0868325086207176,0.0,0.0,0.0,0.0,-0.8794698518601276,0.0,0.0,0.1777159915011596,0.0057865241524101,0.0,0.0159225675937727,0.0,0.0233218188050352,-0.1969291709643965,-0.1969291709643965,-0.8366746876252279,-0.2471429671137037,-0.8754758105182918,-0.2858433390747988,-0.1059877404359587,0.012904264984716,0.0,-0.4652942235671575,-0.9188353135771444,0.0,0.0,0.0,-0.1369878276124439,0.0,0.0,0.0,0.0,-0.0914062919071285,0.0,0.0,0.0689254533562008,0.0,0.0
627,0.0,0.0,-0.5989889847663529,0.0,-0.2000047053273942,-0.8825964462651692,0.0061085016675875,0.3497431604748629,0.0,0.0,-0.257310076039873,0.0,0.0,0.0,-0.2980652958622037,0.0,-0.2495826962514262,-0.5096630262648728,-0.4604484833603004,-0.7691649731080127,0.0,0.0,-0.7799945182165449,0.0,0.0306827077981512,-0.3761148784724451,-0.4919693495304496,0.0,0.0,0.4035335167932329,0.3310087260709609,0.0,-0.1401575453320353,0.100881527744202,0.0,-0.1376482035521797,-0.895804820110667,-0.7707493791438669,0.0056218492531432,0.0,0.0234003269616212,0.0,0.0,-0.3997634847077257,0.1516627863310717,0.0,0.0244305071711516,0.0,0.1141791547285294,0.0,-0.0875400306047352,0.0,0.0,0.0,0.0,-0.8736466014971596,0.0,0.0,0.1893075719180723,0.0,0.0,0.0222310378498106,0.0,0.0197794263614888,-0.2243601676625523,-0.2243601676625523,-0.8656980796223301,-0.2232604842606469,-0.8786160826089207,-0.2618335101898849,-0.114818337059039,0.011303723225069,0.0,-0.4598952013292814,-0.9188353135771444,0.0,0.0,0.0,-0.1219903206931597,0.0,0.0,0.0,0.0,-0.0938017444785094,0.0,0.0,0.0381843916040017,0.0,0.0
628,0.0,0.0,-0.6077865700339664,0.0,-0.1804848779997744,-0.8942348973203904,0.0116341243358439,0.3468095956979611,0.0,0.0,-0.1920958829595588,0.0,0.0,0.0,-0.3357374487384151,0.0,-0.2554778050883013,-0.5228654172936736,-0.4723200966758819,-0.7618240805724442,0.0,0.0,-0.7542502967946986,0.0,0.0320530353892912,-0.3874408876838052,-0.4900573839959298,0.0,0.0,0.3458861653446117,0.3979360585586654,0.0,-0.1174007011372072,0.0589712874154752,0.0,-0.1495221138502779,-0.8928661404375644,-0.7708048285818353,0.0,0.0,0.0387133287792219,0.0,0.0,-0.396354699984784,0.1560610934367121,0.0,0.0174860426229228,0.0,0.1042012832723692,0.0,-0.0877992551810795,0.0,0.0,0.0,0.0,-0.8667588811992752,0.0,0.0,0.1930362700651386,0.0,0.0,0.0286746669697967,0.0,0.0162227445988168,-0.2223433347287399,-0.2223433347287399,-0.8790786468992096,-0.179405903534883,-0.8826082681335032,-0.2357102268072614,-0.1265291454250322,0.0089751823359403,0.0,-0.4512395067099621,-0.9188353135771444,0.0,0.0,0.0,-0.112944579274841,0.0,0.0,0.0,0.0,-0.1032221298926758,0.0,0.0,0.0274738214522396,0.0,0.0
629,0.0,0.0,-0.6213069226694552,0.0,-0.1629033558227758,-0.9042725025636608,0.036495564188166,0.3435479669893539,0.0,0.0,-0.1292520371086988,0.0,0.0,0.0,-0.3829851611998081,0.0,-0.2574088381039492,-0.5384576129459759,-0.4736799954803048,-0.7453813394140314,0.0,0.0,-0.7283531415953944,0.0,0.0313961939294771,-0.4050291975288539,-0.4716724771567142,0.0,0.0,0.3048842264709746,0.4543647620448771,0.0,-0.0928679804064595,0.0523557979458461,0.0,-0.1701967835345628,-0.8896810495292606,-0.7712329898223812,0.0,0.0,0.0502111236125088,0.0,0.0,-0.3908581077257366,0.1552228781795063,0.0,0.0122189099770941,0.0,0.0936824732311903,0.0,-0.0769942032548307,0.0,0.0,0.0,0.0,-0.8586254716822208,0.0,0.0,0.1468887056748032,0.0,-0.0178418666080326,0.0538112523289142,0.0,0.0113972795980858,-0.2265096379188075,-0.2265096379188075,-0.8884760866651162,-0.1338679781969848,-0.8885305793011202,-0.2134254113627736,-0.1397289210565868,0.0069509341054247,0.0,-0.4448049268729828,-0.9188353135771444,0.0,0.0,0.0,-0.1083701828426873,0.0,0.0,0.0,0.0,-0.1128644408987855,0.0,0.0,0.0193385245219519,0.0,0.0
630,0.0,0.0,-0.6347866403603543,0.0,-0.1489645724032442,-0.9112083470996052,0.1007679266437074,0.3416466117416594,0.0,0.0,-0.0734995397741057,0.0,0.0,0.0,-0.4303759046128728,0.0,-0.2446412128835655,-0.5563996904167352,-0.4658022926031241,-0.7335127634820238,0.0,0.0,-0.7019617495053623,0.0,0.0295697021377119,-0.4059890117834794,-0.4547942627151726,0.0,0.0,0.2713867644844235,0.5149650250794222,0.0,-0.0721279190045811,0.0606711237730392,0.0,-0.1961393568625175,-0.8866663025885226,-0.7723661574425678,0.0,0.0,0.0676300127768523,0.0,0.0,-0.3790131622222449,0.1530634716474702,0.0,0.0066203103399498,0.0,0.0862205122870778,0.0,-0.0732627999084987,0.0,-0.0308158762277904,0.0,0.0,-0.8519934436921925,0.0,0.0,0.1169765076738654,0.0,-0.0447160628004445,0.0447762664889194,0.0,0.0084041837265422,-0.2220518953402316,-0.2220518953402316,-0.8916940545868988,-0.0993039420470244,-0.8954919183166927,-0.1915108809974919,-0.1573484128235214,0.0,0.0,-0.4355488620964473,-0.9188353135771444,0.0,0.0,0.0,-0.1038479854214436,0.0,0.0,0.0,0.0,-0.1244332181682882,0.0,0.0,0.0127685246281393,0.0,0.0
631,0.0,0.0,-0.6384328475020561,0.0,-0.1372642035127344,-0.9175000835422292,0.1532099387773756,0.3401297077232603,0.0,0.0,-0.0206980317461592,0.0,0.0,0.0,-0.4750096382653813,0.0,-0.2284183234415129,-0.5732669188278244,-0.4572827976455514,-0.7208844061476323,0.0,0.0,-0.6772038792015651,0.0,0.028098078338108,-0.4060121206304786,-0.4272028601978844,0.0,0.0,0.2654597127608508,0.5791513042214733,0.0,-0.0557658473496695,0.0935314452279329,0.0,-0.238291999673042,-0.8841967022038251,-0.7742592648770515,0.0,0.0,0.1077222635028126,0.0,0.0,-0.3647737949021167,0.1475441915809916,0.0,0.0,0.0,0.0834334060230705,0.0,-0.0717451350156803,0.0,-0.0489597351454592,0.0,0.0,-0.8447189070207479,0.0,0.0,0.0955443038473282,0.0,-0.0723065130160205,0.0430047012375384,0.0,0.0058043434374183,-0.2078968066838737,-0.2078968066838737,-0.892050438078039,-0.066044577008704,-0.9029696528262878,-0.1762017916733315,-0.1740938558314679,0.0,0.0,-0.4323127011203783,-0.9188353135771444,0.0,0.0,0.0,-0.1017211320836452,0.0,0.0,0.0,0.0,-0.1424777636190675,0.0,0.0,0.0094404698797441,0.0,0.0
632,0.0,0.0,-0.6352904636218822,0.0,-0.1372442530310059,-0.9229517634873234,0.1601284452281798,0.3368331258428396,0.0,0.0,0.0,0.0,0.0,0.0,-0.5139619667216627,0.0,-0.2014318736455314,-0.5875788653788525,-0.447573710233564,-0.7087165621117621,0.0,0.0,-0.6536978173779716,0.0,0.0336982061239923,-0.4090976482983948,-0.3995261962090292,0.0,0.0,0.267168071243722,0.6390986960294893,0.0,-0.0504557282910046,0.1279405175423425,0.0,-0.2877940588389441,-0.8819345793950824,-0.7771283791488336,0.0,0.0,0.1562570065809456,0.0,0.0,-0.3595074668380505,-0.0975563906755645,0.0,0.0,0.0,0.0826703443856866,0.0,-0.0731448733860116,0.0,-0.0761445118636279,0.0,0.0,-0.8407679143632905,0.0,0.0,0.0859941431471487,0.0,-0.1080670524658967,0.040459527016901,0.0,0.0,-0.1882506965766227,-0.1882506965766227,-0.8888897545753873,-0.0280092821842093,-0.9099682629546084,-0.1703660055677229,-0.1865207758470566,0.0,0.0,-0.434151088326506,-0.9188353135771444,0.0,0.0,0.0,-0.1047401772209685,0.0,0.0,0.0,0.0,-0.1563034461107354,0.0,0.0,0.0097621647120734,0.0,0.0
633,0.0,0.0,-0.628720686926041,0.0,-0.1508134235271662,-0.9242799216004536,0.1566368829402182,0.3328624692421055,0.0,0.0,0.0,0.0,0.0,0.0,-0.5385352098231875,0.0,-0.1748893435162894,-0.6042649843495723,-0.4358220217068916,-0.6975205115100168,0.0,0.0,-0.638274462184037,0.0,0.0259625322711808,-0.4123926914631984,-0.3731189483376101,0.0,0.0,0.224967561186784,0.660896335836135,0.0,-0.0427586826677633,0.1638359345012914,0.0,-0.3398832165594841,-0.8778285617553254,-0.7795646218265994,0.0,0.0,0.2089326008401359,0.0,0.0,-0.3428640874813409,-0.1298695931695267,0.0,0.0,0.0,0.0820309951358653,0.0,-0.0805107362501339,0.0,-0.1037252629146863,0.0,0.0,-0.8418418819083047,0.0,0.0,0.0883575251075705,0.0103010567586443,-0.143373141959085,0.0366278427864296,0.0,0.0,-0.1647537962720277,-0.1647537962720277,-0.8837213853017474,0.0,-0.915025595024344,-0.1746565899514941,-0.1962243645599348,0.011782590908938,0.0,-0.4390311303913297,-0.9188353135771444,0.0,0.0,0.0,-0.1219986462608636,0.0,0.0,0.0,0.0,-0.1599616370249555,0.0,0.0,0.0166216990124831,0.0,0.0
634,0.0,0.0,-0.6243350610308386,0.0,-0.1814264745918981,-0.9218835096651096,0.1585962058645906,0.2757617011383148,0.0,0.0,0.0,0.0,0.0,0.0,-0.5561344943571781,0.0,-0.1606365846323683,-0.6100754499245916,-0.4284026575286289,-0.6884042399569742,0.0,0.0,-0.6316387001994179,0.0,0.0194439655675408,-0.4123656715064202,-0.3507974058845598,0.0,0.0,0.2325582373343806,0.5882430191351711,0.0,-0.0408775336492625,0.1994567778183315,0.0,-0.3878555549138367,-0.8752162851775491,-0.7812828382935997,0.0,0.0,0.2351908142937801,0.0,0.0,-0.3170026152571267,-0.1555800322295141,0.0,0.0,0.0,0.0782861564040017,0.0,-0.095311824629512,0.0,-0.105088371986921,0.0,0.0,-0.847881054443113,0.0,0.0,0.0973349939112816,0.013709985429767,-0.1617851219790785,0.0322314861634626,0.0,0.0,-0.1256388252749239,-0.1256388252749239,-0.8779676278861461,0.0,-0.9193145107190568,-0.1931766141245388,-0.2056135889650885,0.013283502628163,0.0,-0.4511275079684805,-0.9188353135771444,0.0,0.0,0.0,-0.1430083447428592,0.0,0.0,0.0,0.0,-0.1533227037299254,0.0,0.0,0.0149820518378662,0.0,0.0
635,0.0,0.0,-0.6242964489259952,0.0,-0.2132488060613943,-0.9185844028433195,0.1626480170749175,0.2227027072972379,0.0,0.0,0.0,0.0,0.0,0.0,-0.5552316059712368,0.0,-0.153420171630048,-0.6141625238510016,-0.4249541613037293,-0.6815150343889809,0.0,0.0,-0.6332597869896585,0.0,0.0137184627391252,-0.4066301390482693,-0.3333394162813457,0.0,0.0,0.2882607010709136,0.5137376982610538,0.0,-0.0355769520455972,0.1868113699397993,0.0,-0.4318042021981901,-0.8738612693014969,-0.7830693230702559,0.0,0.0,0.2472719892713178,0.0,0.0,-0.2989884475181236,-0.180880817114313,0.0,0.0,0.0,0.0788440134001042,0.0,-0.1082920711587112,0.0,-0.1134661883533585,0.0,0.0,-0.8518285439810223,0.0,0.0,0.0643290717604675,0.0222543644121859,-0.1716049492992885,0.0263513674685828,0.0,0.0,-0.1082485131582009,-0.1082485131582009,-0.8664523309283081,0.0,-0.922125329447648,-0.2071913912149365,-0.2090375376298495,0.0081420725560698,0.0,-0.463771337716451,-0.9188353135771444,0.0,0.0,0.0,-0.1686743284101885,0.0,0.0,0.0,0.0,-0.1374288770757317,0.0,0.0,0.0,0.0,0.0
636,0.0,0.0,-0.6230789900621715,0.0,-0.2475193433595152,-0.9127051229387866,0.1662495945990143,0.1777648596389564,0.0,0.0,0.0,0.0,0.0,0.0,-0.5356098989423133,0.0,-0.14536617641362,-0.6178488126301194,-0.4230048957355743,-0.676313383215342,0.0,0.0,-0.637954549913193,0.0,0.0109689025351481,-0.4020960987194021,-0.3244341955395376,0.0,0.0,0.2453530093072662,0.5503425254920987,0.0,-0.0448823496842768,0.2187425832942977,0.0,-0.463092287539357,-0.871939247349137,-0.7827775995593506,-0.0164356922426323,0.0,0.2534725032924553,0.0,0.0,-0.2922692772602952,-0.1971084284858108,0.0,0.0,0.0,0.0786778911669545,0.0,-0.1255082651397383,0.0,-0.1127809292181457,0.0,0.0,-0.8557811276343057,0.0,0.0,0.0665817052944448,0.046703177985036,-0.1730911135674448,0.0215355949105312,0.0,0.0,-0.0570995721121438,-0.0570995721121438,-0.852589671707559,0.0,-0.9231669499965518,-0.2278411276253975,-0.2158412394356405,0.005366547866194,0.0,-0.4748680378424539,-0.9188353135771444,0.0,0.0,0.0,-0.1862363391994265,0.0,0.0,0.0,0.0,-0.1296986447875684,0.0,0.0,0.0,0.0,0.0
637,0.0,0.0,-0.6300644546033333,0.0,-0.2858822526324096,-0.9070464535090892,0.1795864025263752,0.1818702764707891,0.0,0.0,-0.016379082656282,0.0,0.0,0.0,-0.5002696872930144,0.0,-0.140086339525438,-0.6195316058647602,-0.4302880749728678,-0.6593179508497059,0.0,0.0,-0.6510830447254319,0.0,0.0113496842622042,-0.390526331684593,-0.3213762928885796,0.0,0.0,0.2587765913974154,0.5895753163817542,0.0,-0.0632246671244578,0.1540799940032811,0.0,-0.4874486700325129,-0.8689103765835582,-0.7820836698250507,-0.0265931704577468,0.0,0.2250971310243966,0.0,0.0,-0.2822990307737907,-0.204995723417576,0.0,0.0,0.0,0.0687453097869347,0.0,-0.1343375298210706,0.0,-0.0932543360239793,0.0,0.0,-0.8600152389040243,0.0,0.0,0.076225167288724,0.0509327737258398,-0.1641416310137621,0.0172586997718681,0.0,0.0,-0.0079013481579812,-0.0079013481579812,-0.8187613723289525,0.0,-0.9232628370496654,-0.2455567479438732,-0.2173313743022374,0.0073726234335594,0.0,-0.484188692986241,-0.9188353135771444,0.0,0.0,0.0,-0.2101826935861847,0.0,0.0,0.0,0.0,-0.1118190470110925,0.0,0.0,0.0,0.0,0.0
638,0.0,0.0,-0.6357548428854778,0.0079611278091512,-0.3293874459736304,-0.9005928935371377,0.2245844479391513,0.2015824331812272,0.0,0.0,-0.0350382257837094,0.0,0.0,0.0,-0.4445106278045906,0.0,-0.1495791001896275,-0.6212569656707153,-0.4332382198324999,-0.6497708775708941,0.0,0.0,-0.6624053078932141,0.0,0.0137666194798929,-0.3780436459325277,-0.3195596563544005,0.0,0.0,0.2714506947948607,0.565241494879147,0.0,-0.0729956218353183,-0.044954121373983,-0.0202335592706003,-0.4984273829363368,-0.8656948285813004,-0.7803714020268823,-0.0365983900453823,0.0,0.2042423086496031,0.0,0.0,-0.2872623269349669,-0.2009814423890253,0.0,0.0,0.0,0.0583505427068559,0.0,-0.1429956187741823,0.0,-0.068351324234865,0.0,0.0,-0.8622988745304538,0.0064294745824745,0.0,0.0854279523718012,0.0481018059721808,-0.1356009605846568,0.0162614179341519,0.0,0.0,0.0,0.0,-0.7841395034417241,0.0,-0.9212926136916232,-0.2583149145364962,-0.2180567867445973,0.0,0.0,-0.4869534610316478,-0.9188353135771444,0.0,0.0,0.0,-0.2369419120879118,0.0,0.0067310124573704,0.0,0.0,-0.096089646016666,0.0,0.0,0.0,0.0,0.0
639,0.0,0.0,-0.6428335831572384,0.0128498856551928,-0.3628511561747692,-0.8932212426290431,0.2266127714188722,0.2214933022436724,0.0,0.0,-0.0401961798207462,0.0,0.0,0.0,-0.3867711234614207,0.0,-0.1573961461139892,-0.6205237031770432,-0.4256787769234673,-0.6318312497170891,0.0,0.0,-0.6724437718473565,0.0,0.0085020984444855,-0.362281888184611,-0.3214697158252549,0.0,0.0,0.2910514847186283,0.5030732243577414,0.0,-0.0857960010830223,-0.0436396411253296,-0.0300414672555631,-0.494828443274743,-0.8631016826061693,-0.7775635666755412,-0.0423466901503395,0.0,0.1923225421580186,0.0,0.0,-0.2958472250133726,-0.1962554459884594,0.0,0.0,0.0,0.0475425943635557,0.0,-0.1450489885540463,0.0,-0.032313831843215,0.0,0.0,-0.8642151148632133,0.0103729582420255,0.0,0.0926889612561962,0.0437803398917391,-0.1009000691100039,0.017271169908289,0.0,0.0,0.0,0.0,-0.748538579249425,0.0,-0.9200864087261422,-0.2695811635978249,-0.2207974372291342,0.0,0.0,-0.4804976685605669,-0.9188353135771444,0.0,0.0,0.0,-0.2610330315034365,0.0,0.0086905466333605,0.0,0.0,-0.0784582578717349,0.0,0.0,0.0,0.0,0.0
640,0.0,0.0,-0.6468212521158085,0.0176534215285919,-0.3883931225477323,-0.8840241068530865,0.2487926521797853,0.258718276357426,0.0,0.0,-0.0235576396286174,0.0,0.0,0.0,-0.3397576203718124,0.0,-0.1642425172011412,-0.6197340754584741,-0.4282173399781397,-0.6115956764661881,0.0,0.0,-0.6784706051315889,0.0,0.0,-0.3404543605040582,-0.3291887799977456,0.0,0.0,0.312753489428239,0.443785881809574,0.0,-0.0979351136007116,-0.0472114219678655,-0.0336572251336641,-0.4768306661149339,-0.8611430300869998,-0.7748148796404766,-0.0443021178874825,0.0,0.1812467484460906,0.0,0.0,-0.309040826842075,-0.188082614205705,0.0,0.0,0.0,0.0375995606808151,0.0,-0.138348096631217,0.0,0.0,0.0,0.0,-0.8663824875712627,0.0128196055341337,0.0,0.0782926773917228,0.0399255650363634,-0.0501161331952494,0.0186028837904082,0.0,0.0,0.0,0.0,-0.7108665378274783,0.0,-0.9195650735401916,-0.2727770821628686,-0.2260041453647817,0.0,0.0,-0.4701585432500178,-0.9188353135771444,0.0,0.0,0.0,-0.2734722591635516,0.0,0.0104598884488717,0.0,0.0,-0.0645691592835685,0.0,0.0,0.0,0.0,0.0
641,0.0,0.0,-0.6509392626078431,0.0227007930224152,-0.4110387711282116,-0.8745114186753562,0.2632792691927644,0.3072561488617087,0.0,0.0,0.0,0.0,0.0,0.0,-0.2867423490533308,0.0,-0.1681291823672365,-0.6156820184651252,-0.4110558571794442,-0.5809417771404337,0.0,0.0,-0.6733172910435571,0.0,0.0,-0.3203341147452649,-0.3336986052848435,0.0,0.0,0.3315115132074355,0.3952729780860504,0.0,-0.1030765917443173,-0.0503493319902797,-0.0428832725716441,-0.4516709710009731,-0.8592357496135312,-0.7722236456542543,-0.0449003418659134,0.0,0.180239294406041,0.0,0.0,-0.3288157422261825,-0.181423584999996,0.0,0.0,0.0,0.0299699530455638,0.0,-0.1366156991208696,0.0,0.0,0.0,0.0,-0.8647939294642679,0.0161673241026784,0.0,0.0540578237944562,0.0370607718208572,0.0,0.0186275084939406,0.0,0.0,0.0,0.0,-0.6749235306393944,0.0,-0.9186670377083396,-0.2738378276750733,-0.2204720970694595,0.0,0.0,-0.4505356503140871,-0.9188353135771444,0.0,0.0,0.0,-0.2770501082195968,0.0,0.0117360365716654,0.0,0.0,-0.0490873451038427,0.0,0.0,0.0,0.0,0.0
642,0.0,0.0,-0.647419054091969,0.0273320727729342,-0.4362312901282076,-0.8669252667662701,0.2655297741170547,0.3166926676321075,0.0,0.0,0.0,0.0,0.0,0.0,-0.2459474763465145,0.0,-0.1638143804227583,-0.6126703292303721,-0.3897411632613607,-0.5467993149622488,0.0,0.0,-0.6621204716308001,0.0,0.0,-0.303995578562307,-0.345532576710533,0.0,0.0,0.3372124745436975,0.3494953382334233,0.0,-0.1096618493171047,-0.0664634502737051,-0.0530678038533708,-0.4280504908845992,-0.8608693453269045,-0.7698864636964157,-0.0383537107862614,0.0,0.1854793893476719,0.0,0.0,-0.3467698702425409,-0.1813134488166361,0.0,0.0094453658457152,0.0,0.0238705957945708,0.0,-0.1257578598965244,0.0,0.0,0.0,0.0,-0.8634194170819742,0.0187048598562949,0.0,0.0368697003581948,0.0345212715893814,0.0,0.0184825996699023,0.0,0.0,0.0,0.0,-0.648478888620498,0.0,-0.918985714173786,-0.2799934202153334,-0.2172916344191384,0.0,0.0,-0.4371292924236591,-0.9188353135771444,0.0,0.0,0.0,-0.2736800865338153,0.0,0.0122752881124289,0.0,0.0,-0.046024551458154,0.0,0.0,0.0,0.0,0.0
643,0.0,0.0,-0.6395939299883371,0.030821039451543,-0.4600159367414583,-0.8607955479306022,0.2763249131635385,0.3285521638602248,0.0,0.0,0.0,0.0,0.0,0.0,-0.2106395645439804,0.0,-0.1622661537911022,-0.6114016584079871,-0.3627053682107927,-0.5149434795513514,0.0,0.0,-0.6446331759944565,0.0,0.0,-0.2850260791708347,-0.3517208495728103,0.0,0.0,0.3621563197787277,0.401143814760754,0.0,-0.1180191074241273,-0.0704642858733938,-0.0568562245730382,-0.4047708953980316,-0.86296177528541,-0.7684457300042691,-0.0190192828678461,0.0,0.1957012720729716,0.0,0.0,-0.3723927993495521,-0.1766288857629298,0.0,0.0215489557185069,0.0,0.0220933377284017,0.0,-0.1188144070322118,0.0,0.0,0.0,0.0,-0.8617197488539787,0.0220637838477183,0.0,0.0316626772522116,0.0323956438985282,0.0,0.0195406794430222,0.0,0.0,0.0,0.0,-0.6281625541201348,0.0,-0.920124059887888,-0.2772505304552571,-0.2108507955118775,0.0,0.0,-0.4185224238317854,-0.9188353135771444,0.0,0.0,0.0,-0.264154787999575,0.0,0.0119690399850815,0.0,0.0,-0.0437194887064001,0.0,0.0,0.0,0.0,0.0
644,0.0,0.0,-0.6229081141452241,0.0325590270341771,-0.4787867603532298,-0.8551370812098482,0.3304485711527379,0.337558711648817,0.0,0.0,0.0,0.0,0.0,0.0,-0.18498592549943,0.0,-0.1616617253363252,-0.6088411316394962,-0.3326134819543076,-0.4864391331879825,0.0,0.0,-0.6185127687602353,0.0,0.0,-0.2804875093986275,-0.3485430198489124,0.0,0.0,0.4095640458219738,0.4644953572863884,0.0,-0.1167463910328876,-0.0786373824416699,-0.0696838566991244,-0.3824893471635396,-0.8658419110439737,-0.7681711562352346,0.0,0.0,0.2058424531451665,0.0,0.0,-0.3863356733092695,-0.1749820190773592,0.0,0.032188775557413,0.0,0.012759369085991,0.0,-0.123462830439026,0.0,0.0,0.0,0.0,-0.861372988513788,0.0242674246864465,0.0,0.0308104474908544,0.0307658980879683,0.0,0.0194442246324951,0.0,0.0,0.0,0.0,-0.6080946310277682,0.0,-0.9220307849123324,-0.2703939472919139,-0.2008755469209445,0.0,0.0,-0.4055229017941059,-0.9188353135771444,0.0,0.0,0.0,-0.2518671192043689,0.0,0.0108794250424075,0.0,0.0,-0.0508760931095633,0.0,0.0,0.0,0.0,0.0
645,0.0,0.0,-0.5991933036423047,0.0327548847965781,-0.4820082911650464,-0.851844862454243,0.3948597159504207,0.3435359297116646,0.0,0.0,0.0,0.0,0.0,0.0,-0.1651458804850632,0.0,-0.1612441142258911,-0.5995953316434366,-0.3096168580488334,-0.4615397953646849,0.0,0.0,-0.5884197312894183,0.0,0.0,-0.2871351239735514,-0.3421057081363441,0.0,0.0,0.4820019030844882,0.4920806994186437,0.0,-0.114144123544845,-0.0792718427936137,-0.0841885038979132,-0.3619439615994146,-0.870068889788798,-0.7688135783296423,0.0,0.0,0.2182733412531948,0.0,0.0,-0.3954085514110497,-0.1723503205622357,0.0,0.0448751422455142,0.0,0.006371848344397,0.0,-0.1330537817560969,0.0,0.0,0.0,0.0,-0.861791426787025,0.0230824826366133,0.0,0.0194918774377924,0.0268138139275992,0.0,0.0212404628499957,0.0,0.0,0.0,0.0,-0.6029895919377422,0.0,-0.9240002852004752,-0.2681420742873813,-0.1863475344855666,0.0,0.0,-0.392857929233143,-0.9188353135771444,0.0,0.0,0.0,-0.233785967135245,0.0,0.0091673043584688,0.0,0.0,-0.0584568786912214,0.0,0.0,0.0,0.0,0.0
646,0.0,0.0071773541286869,-0.5761020244384196,0.0277606311695287,-0.4841451147959263,-0.8484718129208446,0.3849399562129278,0.3621385993432406,0.0,0.0,0.0,0.0,0.0,0.0,-0.1462447922028572,0.0,-0.1659450828476823,-0.5943413801981839,-0.2864444633712388,-0.449366071324679,0.0,0.0,-0.5571426287635292,0.0,0.0,-0.2977236557443488,-0.3489596341236687,0.0,0.0,0.5328059516985277,0.5150262898169874,0.0,-0.110491379607747,-0.084860682869546,-0.1068472859259294,-0.3488973865338063,-0.8759030234536476,-0.77007475266387,0.0,0.0,0.2310312056166939,0.0,0.0,-0.3999691764455493,-0.1619859138067541,0.0,0.0582293216684304,0.0,0.0,0.0,-0.1424088115520277,0.0,0.0,0.0,0.0,-0.8619714758308765,0.0234421038951285,0.0,0.0144119208723607,0.0258176289014545,0.0,0.0227567115155281,0.0,0.0,0.0,0.0,-0.5999092770235901,0.0,-0.9238772466782716,-0.2582584463767211,-0.1714784670994177,0.0,0.0,-0.3842234138987996,-0.9188353135771444,0.0,0.0,0.0,-0.2150772126967338,0.0,0.0066377945322357,0.0,0.0,-0.0652389775113522,0.0,0.0,0.0,0.0,0.0
647,0.0,0.0093697372629009,-0.5507810246337677,0.0207567512027501,-0.4821903271070464,-0.8420878903233533,0.3457906256577643,0.3778080225806652,0.0,0.0,0.0,0.0,0.0,0.0,-0.1282309088359012,0.0,-0.1845519850013806,-0.589308719594504,-0.2754014508816331,-0.4504319570070805,0.0,0.0,-0.5355600178020551,0.0,0.0073888725792055,-0.3145509168104032,-0.3565118964381982,0.0066687752197646,0.0,0.5173713971850468,0.5332311010504326,0.0,-0.0951969443711192,-0.0876464650510704,-0.131605789502073,-0.344503255642642,-0.8811265480628236,-0.7718980516839667,0.0,0.0,0.2402448110321283,0.0,0.0,-0.3824257096914801,-0.1536789579539592,0.0,0.0707868655423385,0.0,0.0,0.0,-0.1467342767753996,0.0,0.0,0.0,0.0,-0.8626716179258889,0.022805629658857,0.0,0.0176457607322327,0.0245750724861468,0.0,0.030072334140062,0.0,0.0,0.0,0.0,-0.5989297203392953,0.0,-0.9223575655189712,-0.2500268110970552,-0.1565549355123145,0.0,0.0,-0.3851990876461474,-0.9188353135771444,0.0,0.0,0.0,-0.1940105086124965,0.0,0.0,0.0,0.0,-0.0777728469244899,0.0,0.0,0.0,0.0,0.0
648,0.0,0.0113950476625584,-0.5321575717717364,0.0155360705409382,-0.4714023303127811,-0.8360932268245218,0.3276461993069905,0.3758232907771073,0.0,0.0,0.0,0.0,0.0,0.0,-0.1061936799264919,0.0,-0.2028309945881602,-0.5847915389096557,-0.278481077965821,-0.4625090237031588,0.0,0.0,-0.514027696940908,0.0,0.0174018459367731,-0.3379838391087036,-0.3613750649169421,0.0090487018255614,0.0,0.4932098263882645,0.5441215640334893,0.0,-0.0936841024241953,-0.0844270723456096,-0.1587183170858836,-0.3486080401636854,-0.8861869590642342,-0.7743953984057096,0.0,0.0,0.2492642456727797,0.0,0.0,-0.3701807728203826,-0.1390699220874968,0.0,0.0803647215544837,0.0,0.0,0.0,-0.1584203052340833,0.0,0.0,0.0,0.0,-0.8630779498331895,0.0214971290063213,0.0,0.0112334632437799,0.0222228360631448,0.0,0.0309939339656941,0.0060490242188538,0.0,0.0,0.0,-0.5917629378390546,0.0,-0.9199808614677578,-0.2355613403752156,-0.1439773152432674,0.0,0.0,-0.3878899788033758,-0.9188353135771444,0.0,0.0,0.0,-0.1766938525998173,0.0,0.0,0.0,0.0,-0.0969315753848547,0.0,0.0,0.0,0.0,0.0
649,0.0,0.0129105851388156,-0.5113951307069706,0.0099569888419078,-0.4589982768110401,-0.833371229497576,0.3571765238806104,0.363747652473212,0.0,0.0,0.0,0.0,0.0,0.0,-0.0716080839690033,0.0,-0.2168869825313939,-0.5812059910441131,-0.2913078290166891,-0.4866806324204277,0.0,0.0,-0.5030951325917777,0.0,0.026475861114588,-0.3632621629700076,-0.3696591665142315,0.0093413927962305,0.0,0.5093536323454313,0.540673001356369,0.0,-0.0864140048428199,-0.091944767256369,-0.1880300435102653,-0.3602776317475973,-0.888475667229891,-0.7758461067413998,0.0,0.0,0.2602410278172308,0.0,0.0,-0.353952424110761,-0.1315605431342008,0.0,0.0853242466842997,0.0,0.0,0.0,-0.1681924383050794,0.0,0.0,0.0,0.0,-0.8634207182554885,0.0177666030943009,0.0,0.0064549017638212,0.0197320680182033,0.0,0.0310329507267116,0.0,0.0,0.0,0.0,-0.5829861296958669,0.0,-0.914777806361033,-0.2151599904128112,-0.1324564550002999,0.0,0.0,-0.3840760206498283,-0.9188353135771444,0.0,0.0,0.0,-0.1636244045952852,0.0,0.0,0.0,0.0,-0.1174880875499786,0.0,0.0,0.0,0.0,0.0
650,0.0,0.0136279944818142,-0.5054195209475939,0.0058320856819105,-0.4515283136466663,-0.8265310756353544,0.3866028242204961,0.3425150376285467,0.0,0.0,0.0,0.0,0.0,0.0,-0.0441605775544416,0.0,-0.2347671099965698,-0.576865388310639,-0.3105615305839262,-0.5104141177403327,0.0,0.0,-0.4908459166859924,0.0,0.0220833801808711,-0.3950262652183588,-0.3809069501503076,0.0,0.0,0.5018364652081341,0.5238922528572115,0.0,-0.0888674792038701,-0.0983466778323184,-0.2088877061481087,-0.3795200714126701,-0.8899973055868284,-0.7766584901971872,0.0,0.0,0.2636770710361188,0.0,0.0,-0.329276371298049,-0.1167432772929952,0.0,0.0857019039225517,0.0,0.0,0.0,-0.170935731047356,0.0,0.0,0.0,0.0,-0.864755154156307,0.0121715871670726,0.0,0.0,0.0169262514141011,0.0,0.0319401138639222,0.0,0.0,0.0,0.0,-0.5789046610792269,0.0,-0.9091399204096152,-0.2013680188348024,-0.1325912953162141,0.0,0.0,-0.3792034480869301,-0.9188353135771444,0.0,0.0054343802694787,0.0,-0.1577391135925854,0.0,0.0,0.0,0.0,-0.1244940755658227,0.0,0.0,0.0,0.0,0.0
651,0.0,0.0122774610566152,-0.5077601157453757,0.0,-0.4503349092560305,-0.8210938106307122,0.4039414135977011,0.3161099504534773,0.0,0.0,0.0,0.0,0.0,0.0,-0.0202164038698017,0.0,-0.2588598299803705,-0.5750964712470877,-0.3400828425239305,-0.5433007503277386,0.0,0.0,-0.4848628319419298,0.0,0.0169326668391807,-0.4211081644921792,-0.39121667707337,0.0,0.0,0.5393391783063951,0.5230229972155166,0.0,-0.0898284715035921,-0.0982220669199038,-0.2177654380420191,-0.3978356516886123,-0.8910515477707461,-0.7762914505778599,0.0,0.0,0.2675653130298002,0.0,0.0,-0.3116045476436402,-0.1046359859669713,0.0,0.0802689850976302,0.0,0.0,0.0,-0.1678186623882777,0.0,0.0,0.0,0.0,-0.8646106734778645,0.0089720185437314,0.0,0.0,0.0130899158913387,0.0,0.0245262384999405,0.0,0.0,0.0,0.0,-0.5556159134918063,0.0,-0.9028674942966246,-0.1843464640594027,-0.1318985946256932,0.0,0.0,-0.3762231357446922,-0.9188353135771444,0.0,0.0,0.0,-0.158368527252817,0.0,0.0,0.0,0.0,-0.1212178760261696,0.0,0.0,0.0063799064504727,0.0,0.0
652,0.0,0.0074575029974596,-0.5163143767909973,0.0,-0.442108904717361,-0.8117453784675432,0.4059801919278676,0.2810367325596288,0.0,0.0,0.0,0.0,0.0,0.0,0.0,0.0,-0.2679343110259628,-0.5767748989502247,-0.3704605095616222,-0.5695855532632711,0.0,0.0,-0.4755550319706594,0.0,0.0128329756307699,-0.4467507003188474,-0.4032084220056566,0.0067849177184203,0.0,0.5655876095136639,0.5135829578864073,0.0,-0.0974409237626236,-0.1065617194438996,-0.2297564465425218,-0.4194302904189251,-0.8919876951431807,-0.7737312687702311,0.0,0.0,0.2830592261341554,0.0,0.0,-0.2966631002039849,-0.1078164687859288,0.0,0.0708109963037158,0.0,0.0,0.0,-0.1598395629282963,0.0,0.0,0.0,0.0,-0.8633652002949113,0.0075908465828716,0.0,0.0,0.0101476686529008,0.0,0.0230299149931829,0.0,0.0,0.0,0.0,-0.5434943428378817,0.0,-0.897271928348911,-0.1625319575803593,-0.1296392588704713,0.0,0.0,-0.3689479892524824,-0.9188353135771444,0.0169241824438113,-0.0098373818946005,0.0169241824438113,-0.1569704581078074,0.0,0.0,0.0,0.0,-0.1168452095515767,0.0,0.0,0.0071384677339044,0.0,0.0
653,0.0,0.0066965968590854,-0.5322936179936816,0.0,-0.4388775325137172,-0.8021182226594737,0.3063850150636777,0.2472868174179738,0.0,0.0,0.0,0.0,0.0,0.0,0.0,0.0,-0.2610153765439036,-0.5796161069020199,-0.4015791670223453,-0.5733931028185775,0.0,0.0,-0.4678721153997165,0.0,0.0096876895378176,-0.4539302739056063,-0.4157897445297158,0.0149975855175336,0.0,0.5772210127985413,0.5165233512170821,0.0,-0.0993134355135684,-0.1170354904278389,-0.2370197408397093,-0.4338425811209908,-0.892523701963047,-0.7704821945126906,0.0,0.0,0.2950027253322737,0.0,0.0,-0.2810605945755429,-0.1112222457392565,0.0,0.05910299045765,0.0,0.0,0.0,-0.1470576412705129,0.0,0.0,0.0,0.0,-0.8632981316622521,0.0060035983909116,0.0,0.0,0.0074789558435698,0.0,0.0187083160168529,0.0,0.0,0.0,0.0,-0.5258867791830465,0.0,-0.8939047678189946,-0.1430497649077744,-0.1232871485072121,0.0,0.0,-0.3672336529533345,-0.9188353135771444,0.0200692128460107,-0.0162894069907301,0.0200692128460107,-0.1542373200391598,0.0,0.0,0.0,0.0,-0.0989881052991038,0.0,0.0,0.0,0.0,0.0
654,0.0,0.0055970005793904,-0.5536511019578424,0.0,-0.4399100840139648,-0.7997843383972494,0.2601598429524365,0.2134243042147349,0.0,-0.0234569320546681,0.0,0.0,0.0,0.0,0.0,0.0,-0.2417892661860756,-0.5844446270545091,-0.432862428398571,-0.5727785843446014,0.0,0.0,-0.4614594101882682,0.0,0.0081866508781302,-0.4511618095219263,-0.418305074873585,0.0135324939509619,0.0,0.5645981565419484,0.5010228141500938,0.0,-0.1080415587801826,-0.1219396680743899,-0.2460025704477117,-0.4435318103663715,-0.8927947031678789,-0.7650741194334808,0.0077984063446141,0.0,0.3075717634012908,0.0,0.0,-0.2690345971602059,-0.1047162561281872,0.0,0.0483176951355819,0.0,0.0067937057304625,0.0,-0.1394060080864845,0.0,0.0,0.0,0.0057820034914833,-0.8627560075786014,0.0,0.0,0.0,0.0,0.0,0.0178207203057317,0.0,0.0,0.0,0.0,-0.5178293625883258,0.0,-0.8926433700687846,-0.1342670616848435,-0.1204115361068057,0.0,0.0,-0.3702892846135097,-0.9188353135771444,0.0216195390730158,-0.0123605179650093,0.0216195390730158,-0.1506801261575386,0.0,0.0,0.0,0.0,-0.0830743708769475,0.0,0.0,0.0,0.0,0.0
655,0.0,0.0,-0.5741352957066279,0.0,-0.4440056504959364,-0.7986542373440635,0.2518618900910387,0.1847588420255866,0.0,-0.0674173878026764,0.0,0.0,0.0,0.0,0.0,0.0,-0.2206973874199083,-0.5902673795106391,-0.4435857929875251,-0.5619527521213388,0.0,0.0,-0.4461253639868023,0.0,0.0081491418047797,-0.4451918140601257,-0.4178813611692037,0.0121125221958167,0.0,0.5715577629164745,0.4835082671113005,0.0,-0.1216796698930411,-0.13150588607789,-0.2515408855052933,-0.4467610698985893,-0.8939783781535913,-0.7601176816361105,0.0092147527800639,0.0,0.3302475205592813,0.0,0.0,-0.2531607090600818,-0.1052943889246324,0.0,0.03801224947218,0.0,0.0,0.0,-0.1263010954633032,0.0,0.0,0.0,0.0,-0.8624359034445614,0.0,0.0,0.0,0.0,0.0,0.0191212990206849,0.0,0.0,0.0,0.0,-0.516348394262467,0.0,-0.8936979942150991,-0.1264567329371544,-0.1107597760761067,0.0,0.0,-0.3715277401324131,-0.9188353135771444,0.0219487223247793,0.0,0.0219487223247793,-0.1446016335921077,0.0,0.0,0.0,0.0,-0.0551073183609499,0.0,0.0,0.0,0.0,0.0
656,0.0,0.0,-0.5851529378883977,0.0,-0.4454726020300339,-0.7968894542833618,0.2406996494178614,0.1710323987944575,0.0,-0.1145163782493028,0.0,0.0,0.0,0.0,0.0,0.0,-0.1928766963989901,-0.5999289921321791,-0.4671534994492404,-0.5460560208245611,0.0,0.0,-0.4281490200983245,0.0,0.010818085215299,-0.441629618371228,-0.4149678650233802,0.0109029543561969,0.0,0.5653447683319245,0.4885348227346581,0.0,-0.1249485566501828,-0.1313191217197572,-0.2543681276186783,-0.4428140338522752,-0.8959702150207756,-0.7550040201260264,-0.0192904923345537,0.0,0.3713977319730709,0.0,0.0,-0.2254490539259768,-0.1097889227484183,0.0,0.0279343711770064,0.0,0.0,0.0,-0.1131851429983036,0.0,0.0,0.0,0.0,-0.8632156307615322,0.0,0.0,0.0,0.0,0.0,0.0203171903261767,0.0,0.0,0.0,0.0,-0.5138512397903443,0.0,-0.8968467294338578,-0.122211952722983,-0.1031972888175415,0.0,0.0,-0.3757265489485041,-0.9188353135771444,0.0210985972854815,0.0,0.0210985972854815,-0.146072504177773,0.0,0.0,0.0,0.0,-0.0217540926335369,0.0,0.0,0.0,0.0,0.0
657,0.0,0.0,-0.5993287831961343,0.0,-0.4452348954761572,-0.7962312164044184,0.2246485480593623,0.1597400088825945,0.0,-0.1439287129005827,0.0,0.0,0.0,0.0,-0.0081789482963695,0.0,-0.152945486212266,-0.6070999866256674,-0.4712663892437054,-0.521439388334618,0.0,0.0,-0.4083646551926063,0.0,0.0104368787359916,-0.4329536724077976,-0.4054805535706555,0.0095443177912464,0.0,0.5455366425044865,0.5187324840201087,0.0,-0.1200215529946395,-0.1237786490308317,-0.2656198534579285,-0.4263218871929433,-0.8986261891999066,-0.750184627592233,-0.0366039530442271,0.0,0.4015018823487185,0.0,0.0,-0.2110541005349387,-0.0949591444522088,0.0,0.0227022933435869,0.0,0.0,0.0,-0.099270046743864,0.0,0.0,0.0,0.0,-0.8648385360656299,0.0,0.0,0.0,0.0,0.0,0.0270578032737934,0.0,0.0,0.0,0.0,-0.4777941072134821,0.0,-0.8988123554212475,-0.1232915478267259,-0.0933672929769742,0.0,0.0,-0.3837187639022477,-0.9188353135771444,0.0208423268244705,0.0,0.0208423268244705,-0.1335827568348988,0.0,0.0,0.0,0.0,0.0214135417362475,0.0,0.0,0.0,0.0,0.0
658,0.0,0.0,-0.6082059058535335,0.0,-0.4464045011501072,-0.7940195388163608,0.2018931331002789,0.1487756339356337,0.0,-0.1593059651664341,0.0,0.0,0.0,0.0,-0.0213406813533995,0.0,-0.1249993836513387,-0.6129723285045278,-0.4748937214907799,-0.4995260638257163,0.0,0.0,-0.3855939235693519,0.0,0.0123041877454661,-0.423047510873543,-0.397929914764176,0.0087249958271613,0.0,0.5182025374389173,0.4364136365773547,0.0,-0.1081353861076103,-0.1096234571038551,-0.292443817901777,-0.4072657816968512,-0.9009711010479142,-0.7466240689628448,-0.0501296678256982,0.0067001101383311,0.4366844164021479,0.0,0.0,-0.1773606646536297,-0.082256359992535,0.0,0.0265209828547563,0.0,0.0,0.0,-0.0918719103788608,0.0,0.0,0.0,0.0,-0.8672745182594448,0.0,0.0,0.0,0.0066533197715796,0.0,0.0335267092438843,0.0,0.0,0.0,0.0,-0.4655910770833635,0.0,-0.9023272811650078,-0.1345692898808833,-0.0819047213228081,0.0,0.0,-0.4021896043014863,-0.9188353135771444,0.0193834063489787,0.0552703913553087,0.0193834063489787,-0.1230465609312085,0.0,0.0,0.0,0.0,0.0106813717032551,0.0,0.0,0.0055541409635835,0.0,0.0
659,0.0,0.0,-0.6027876422831903,0.0,-0.4484163962097975,-0.7941965017791501,0.1692483905866483,0.1446250820293367,0.0,-0.1595838488233845,0.0,0.0,0.0,0.0,-0.0292868462615959,0.0,-0.1060048992993418,-0.619581460702701,-0.478082784760128,-0.4896067002508763,0.0,0.0,-0.3543737692319194,0.0,0.0149941482035586,-0.4107904621158308,-0.400709701576892,0.0078598228094774,0.0,0.4829729015518076,0.38356952493467,0.0,-0.1048094254674895,-0.0907916366783722,-0.3214860002339259,-0.3897001806111885,-0.90370065672138,-0.7449022077670973,-0.0513017592806143,0.0094614568760724,0.484019872255833,-0.0181803096785556,0.0,-0.1569472874082094,-0.0658852828968943,0.0,0.0313468053734068,0.0,0.0,0.0,-0.0802189402857897,0.0,0.0,0.0,0.0,-0.8679966239444927,0.0,0.0,0.0,0.023688392464491,0.0,0.0431836199209944,0.0,0.0,0.0,0.0,-0.445861507139985,0.0,-0.902500813366946,-0.140967391504121,-0.0724372873961738,0.0,0.0,-0.4121760213370385,-0.9188353135771444,0.0179576607155752,0.0772985430778901,0.0179576607155752,-0.1135136413787518,0.0,0.0,0.0,0.0,0.0,0.0,0.0,0.0,0.0,0.0
660,0.0,0.0,-0.5927375091382444,0.0,-0.4489401061476587,-0.7848282882148496,0.1432255864261095,0.1451170189605477,0.0,-0.1495757254916003,0.0,0.0,0.0,0.0,-0.0316086493734557,0.0,-0.098221753116129,-0.631035525297032,-0.4761182766735271,-0.4897118811560159,0.0,0.0,-0.3288836729312375,0.0,0.0169936965544135,-0.4062604930648129,-0.4013710614993347,0.0078910647845321,0.0,0.4439433794111473,0.3499322248920913,0.0,-0.0873157153233013,-0.0743706612693663,-0.3539807335053118,-0.3765340370489828,-0.9058844552218625,-0.7445041075274159,-0.0421531130975479,0.0124497056621697,0.5215203304883594,-0.0210650686328957,0.0,-0.1392256314618791,-0.0405057813656191,0.0,0.0347975700196122,0.0,0.0,0.0,-0.0677874201986288,0.0,0.0,0.0,0.0,-0.8683843896065322,0.0,0.0,0.0,0.0491147118434934,0.0,0.0488072511430827,0.0,0.0,0.0,0.0,-0.4117592760077934,0.0,-0.9006072494407169,-0.1512854980985646,-0.0765333928911019,0.0,0.0,-0.4234788648501454,-0.9188353135771444,0.0167562215721965,0.0694819355056467,0.0167562215721965,-0.1010565040990119,0.0,0.0,0.0,0.0,0.0,0.0,0.0,0.0058154106710772,0.0,0.0
661,0.006101645526883,0.0,-0.5672654107204546,0.0,-0.459470602337489,-0.7790140752709717,0.1181094864663743,0.1495554172178008,0.0,-0.1465962068835705,0.0,0.0,0.0,0.0,-0.0250832040729894,0.0,-0.0930492357641492,-0.6398037434698782,-0.4747372768170622,-0.5044403485090239,0.0,0.0,-0.3035009529214675,0.0,0.0198733089102054,-0.4064823497349034,-0.389004566466061,0.0079361581857223,0.0,0.423592723342346,0.3264931740527032,0.0,-0.0727748966353709,-0.0496882627824571,-0.3814697898852191,-0.3656662152258186,-0.9068144562935284,-0.746382666814827,-0.020266759184691,0.0152650217847187,0.5530951408247842,-0.0182874186479957,0.0,-0.1230045749588687,-0.0267640045980062,0.0,0.0362464527163493,0.0,0.0,0.0,-0.0597645724367534,0.0,0.0,0.0,0.0,-0.8642484650092843,0.0,0.0,0.0,0.1071763118632784,0.0,0.0438148713855006,0.0,0.0,0.0,0.0,-0.3739917093526319,0.0,-0.8978221176022112,-0.1660562026201184,-0.0856200162502333,0.0,0.0,-0.437421633265794,-0.9188353135771444,0.015786708495372,0.0578741929321784,0.015786708495372,-0.0963159674626868,0.0,0.0,0.0,0.0,0.0,0.0,0.0,0.0080799524865171,0.0,0.0
662,0.0077337310725842,0.0,-0.5403234848993268,0.0,-0.4603596114999853,-0.7736427016627621,0.094580724278511,0.1532973835826182,0.0,-0.1347039919598521,0.0,0.0,0.0,0.0,-0.0061132378607696,0.0,-0.1028739731930935,-0.6466135321187324,-0.473123943274433,-0.5302958228417588,0.0,0.0,-0.2722131905116733,0.0,0.0234106039387661,-0.4121292749982145,-0.3848250957155036,0.0085340668443565,0.0,0.3843816831580267,0.3098402576443925,0.0,-0.058588797420886,0.0638378244145216,-0.3991255740213483,-0.3586995980592127,-0.9083616125444832,-0.7493308776885286,0.0132674807388561,0.0174415257334155,0.5400610653132287,-0.0082616934607599,0.0,-0.1264174834041028,0.0304015318351283,0.0,0.0354388776530599,0.0,0.0,0.0,-0.0560568357792105,0.0,0.0,0.0,0.0,-0.8613401706729245,0.0,0.0,0.0,0.1267451243459176,0.0,0.0417157779673778,0.0,0.0,0.0,0.0,-0.3363392604474551,0.0,-0.8899453706201532,-0.1749820255798929,-0.1023132177886413,0.0,0.0,-0.4373869132894203,-0.9188353135771444,0.0132902461301345,0.0456452730008762,0.0132902461301345,-0.0977886680555083,0.0,0.0,0.0064132331723441,0.0,0.0,0.0,0.0,0.0113581578446082,0.0,0.0
663,0.0,0.0,-0.5091873303819971,0.0,-0.4666531749363107,-0.7651178827244846,0.0729464979648424,0.1584563654722894,0.0,-0.1277939843973403,0.0,0.0,0.0,0.0,0.0,0.0,-0.1206815131947872,-0.6508793053361859,-0.4713131751584228,-0.561360017495726,0.0,0.0,-0.253469683822181,0.0,0.0270403584641426,-0.4232532469201468,-0.3782311101589385,0.0085526364007929,0.0,0.3842167950433545,0.3111055408821246,0.0,-0.0373374516043233,0.0807991727436248,-0.4081214225534054,-0.3613602436185331,-0.9085625098220956,-0.7526504749419082,0.0107342947682058,0.018570803342345,0.5373069871384398,0.0,0.0,-0.1444581970428805,0.0374038780941708,0.0,0.0334032392710643,0.0,0.0,0.0,-0.0509613243589468,0.0,0.0,0.0,0.0,-0.8576855600534197,0.0,0.0,0.0,0.1035241370227441,0.0,0.0448168840470109,0.0,0.0,0.0,0.0,-0.3036773218451513,0.0,-0.8801409051668485,-0.1918462577642289,-0.1263406982632122,0.0105905897613711,0.0,-0.4403151953535593,-0.9188353135771444,0.0126533992289719,0.0336304121013053,0.0126533992289719,-0.092038838813115,0.0,0.0,0.0,0.0,0.0,0.0,0.0,0.0152065952893443,0.0,0.0
664,0.0,0.0,-0.4789522782859113,0.0,-0.4660663099750789,-0.7565009317035685,0.0534277924618395,0.1661772281921939,0.0,-0.1242212283702156,0.0,0.0,0.0,0.0,0.0,0.0,-0.1474446118993709,-0.6541956578239357,-0.4711666932174196,-0.5954937580575567,0.0,0.0,-0.2388331953965954,0.0,0.0289006259534508,-0.4381905156838314,-0.3691585589686313,0.0079880321626999,0.0,0.399478592977739,0.3599457539288077,0.0,-0.0217049592253177,0.100340279685507,-0.4022485381426547,-0.3737776984307653,-0.906264352710504,-0.7565804341791741,0.0083580152460325,0.0184266127492248,0.540524692683887,0.0,0.0,-0.1823132656135431,0.0365008755455432,0.0,0.0294003545866621,0.0,0.0,0.0,-0.0515854698003329,0.0,0.0,0.0,0.0,-0.8517328212844997,0.0066803785101933,0.0,0.0,0.1144772748747766,0.0,0.0338868519389625,0.0,0.0,0.0,0.0,-0.2785270302358348,0.0,-0.8710444363198366,-0.2001938988258955,-0.1474031001374553,0.0211030052487043,0.0,-0.4404469341345711,-0.9188353135771444,0.0104042743259191,0.0231517695715325,0.0104042743259191,-0.1021040522438992,0.0,0.0,0.0,0.0,0.0055644572629338,0.0,0.0,0.0189502465701389,0.0,0.0
665,0.0,0.0,-0.4428462261230041,0.0,-0.4583012511403521,-0.7542599051584271,0.0338341669220084,0.1980852498342229,0.0,-0.1295712038647943,0.0,0.0,0.0,0.0,0.0,0.0,-0.1715252799177127,-0.6585900821760352,-0.4630733246631829,-0.6294607707418081,0.0,0.0,-0.2320250531933699,0.0,0.0309195062971282,-0.4365674222477324,-0.3540675234327345,0.0069529900555388,0.0,0.4303457653391326,0.4125774116812947,0.0,0.0,0.1217422946187311,-0.4022723888695023,-0.3911684084784349,-0.9042767720394074,-0.7590334840256648,0.0060800774679999,0.0170387299243973,0.5602401562527172,0.0,0.0,-0.2313226770873344,0.037618815527646,0.0,0.0246419663102166,0.0,0.0,0.0,-0.0617901376215913,0.0,0.0,0.0,0.0,-0.8408250637700436,0.0081227215505717,0.0,0.0,0.1283022010340174,0.0066729789790636,0.023676586292455,0.0,0.0,0.0,0.0,-0.2644264401837129,0.0,-0.8598025223448484,-0.2106351366326375,-0.1657169317639519,0.0209659722665683,0.0,-0.4286856520419621,-0.9188353135771444,0.0057593523766302,0.0131781620086255,0.0057593523766302,-0.1107179522084848,0.0,0.0,0.0,0.0,0.0075993147155064,0.0,0.0,0.0189788989460722,0.0,0.0
666,0.0,0.0,-0.410283611574792,0.0,-0.4389090429135381,-0.756096525495435,0.0241822471408842,0.2139715775982578,0.0,-0.1391487069122423,0.0,0.0,0.0,0.0,0.0,0.0,-0.1850111104179243,-0.6562669491575052,-0.4599093967771913,-0.6516069198161619,0.0,0.0,-0.2290617967757374,0.0,0.0227225362304802,-0.4368781551011297,-0.3389876244643588,0.0056401445987085,0.0,0.4513752087835851,0.4330916895939452,0.0,0.0,0.1318595853462985,-0.3902853722876643,-0.4087838113808574,-0.9018561126639106,-0.7619652371180962,0.02816893344055,0.0146829358338557,0.5566395887143057,0.0,0.0,-0.2847062403252352,-0.0225176002360007,0.0078300965606333,0.020193199051968,0.0,0.0,0.0,-0.0730099280696484,0.0,0.0,0.0,0.0,-0.8281948692700868,0.0099428746152314,0.0,0.0,0.148528008361164,0.0086631644014155,0.0161928352117086,0.0,0.0,0.0,0.0,-0.267292386706187,0.0,-0.8475137776384547,-0.2168430162612482,-0.1851074195549938,0.0194119833475718,0.0,-0.4173568819462325,-0.9188353135771444,0.0,0.0,0.0,-0.1223202351413875,0.0,0.0,0.0,0.0,0.00976860962852,0.0,0.0,0.0178051628741824,0.0,0.0
667,0.0,0.0,-0.3860040112881307,0.0,-0.4123175757281282,-0.7579494761543155,0.0151102091005111,0.1994696976681111,0.0,-0.1526181009638212,0.0,0.0,0.0,0.0,0.0,0.0,-0.1965993747836253,-0.6535458609098925,-0.4566378515850421,-0.6758888512632734,0.0,0.0,-0.2255209815830608,0.0,0.0119396028407589,-0.4344092035049728,-0.3193133443532154,0.0,0.0,0.4113927317018248,0.4168077036769738,0.0,0.0,0.1077088738099236,-0.3706096177341224,-0.4239432104263415,-0.8994189074551229,-0.7639284818949306,0.0208892313680309,0.0117917523909606,0.5277937195524672,0.0,0.0,-0.3411575797063718,-0.0367103871806077,0.017218213002464,0.0163220342005025,0.0,0.0,0.0,-0.0845330752933094,0.0,-0.0535083493602089,0.0,0.0,-0.8156691783588871,0.0107194724623304,0.0,0.0,0.1698515563800042,0.0104845893431402,0.0106638663196291,0.0,0.0,0.0,0.0,-0.2743767746681299,0.0,-0.8270450038140383,-0.2269417182483927,-0.1956831983719939,0.0167499982424721,0.0,-0.4060935460371843,-0.9188353135771444,0.0,0.0,0.0,-0.1325657770246869,0.0,0.0,0.0,0.0,0.0118091519996334,0.0,0.0,0.0154626778814752,0.0,0.0
668,0.0,0.0,-0.3639189158802486,0.0,-0.3781767594832069,-0.7658026399291802,0.0084855126843998,0.180338281303739,0.0,-0.175771055942644,0.0,0.0,0.0,0.0,0.0,0.0,-0.1911436788733446,-0.6487101766951126,-0.4583111581071147,-0.6860839119890179,0.0,0.0,-0.2262187481396568,0.0,0.0099262989031648,-0.4345559795853324,-0.2930659789912965,0.0,0.0,0.3673382694343629,0.4061148345530318,0.0,0.0,0.0911038075826785,-0.3587970831040405,-0.4451262636728907,-0.8965121001264436,-0.7639715946394859,0.0176166497234883,0.0088254737344043,0.5099331327242097,0.0,0.0,-0.3897187718737526,-0.0503041985483748,0.0,0.0132352135721527,0.0,0.0,0.0,-0.1040134787828095,0.0,-0.1029945547251424,0.0,0.0,-0.8044587782932849,0.0130318523640976,0.0,0.0,0.1856075241637033,0.0118323098891361,0.0057810877793997,0.0,0.0,0.0,0.0,-0.2886669599549261,0.0,-0.8132742275081508,-0.2354761328067973,-0.1983896806018123,0.0134695777657501,0.0,-0.3894956075706067,-0.9188353135771444,0.0,0.0,0.0,-0.1445857311721404,0.0,0.0,0.0,0.0,0.0132500103296421,0.0,0.0,0.0127232794223165,0.0,0.0
669,0.0,0.0,-0.3528620528585394,0.0,-0.3378986500118148,-0.7728118208352015,0.0,0.1577634324965061,0.0,-0.1999002002178464,0.0,0.0,0.0,0.0,0.0,0.0,-0.1779938905666041,-0.6440779364731151,-0.4604803623151638,-0.68646173401146,0.0,0.0,-0.2314955901274064,0.0,0.0,-0.429979512974703,-0.2787774772144726,0.0,0.0,0.3247943635199327,0.4173118278402919,0.0,0.0,0.079665160226726,-0.3566983600264637,-0.4600647068035025,-0.8937299137110695,-0.7650056819651966,0.0094941690483526,0.0061559488176371,0.5008744414065438,0.0,0.0,-0.4272086572683681,-0.0719728180005001,0.0,0.0089226905765732,0.0,0.0,0.0,-0.1215746092841524,0.0,-0.1431156265423825,0.0,0.0,-0.8006024176278153,0.0120860840675625,0.0,0.0,0.2052270990355906,0.0124559965597542,0.0,0.0,0.0,0.0,0.0,-0.2883912194755541,0.0,-0.8050820538261321,-0.2383834453149508,-0.199216253119884,0.0120472204613458,0.0,-0.3800629087780648,-0.9188353135771444,0.0,0.0,0.0,-0.1499833935857138,0.0,0.0,0.0,0.0,0.0138432170795753,0.0,0.0,0.0097627945259676,0.0,0.0
670,0.0,0.0,-0.3513500294755093,0.0,-0.2874917332956554,-0.7850688142953698,0.0,0.1374792701148893,0.0,-0.2204379048698009,0.0,0.0,0.0,0.0,0.0,0.0,-0.1554904840265765,-0.6389103924655012,-0.467226293343308,-0.6727492874687991,0.0,0.0,-0.2348828391604834,0.0,0.0,-0.4268899326946642,-0.2642783751145834,0.0,0.0,0.2774917694324805,0.417768449746537,0.0,0.0,-0.0461842266794172,-0.3590996880306438,-0.4740299915675704,-0.8906277389359483,-0.7647800703506802,0.0,0.0,0.4843644870475108,0.0,0.0,-0.4492876708791641,-0.0733327455283153,0.0,0.0086692293745289,0.0,0.0,0.0,-0.1396453732887295,0.0,-0.1629792543399429,0.0,0.0,-0.7997846497851674,0.0100326053794231,0.0,0.0,0.218951013559327,0.0122363275680751,0.0,0.0,0.0,0.0,0.0,-0.2925810845246703,0.0,-0.8030273375982113,-0.2441882237796704,-0.1940948504390784,0.021870308169302,0.0,-0.3646488561925492,-0.9188353135771444,0.0,0.0,0.0,-0.1567610548395171,0.0,0.0,0.0,0.0,0.0135086268068419,0.0,0.0,0.0069842565784502,0.0,0.0
671,0.0,0.0,-0.3581850789854338,0.0,-0.241925786363179,-0.8001894279025844,0.0052929541319785,0.1123567249781376,0.0,-0.2312634044487811,0.0,0.0,0.0,0.0,0.0,0.0,-0.1354036097460913,-0.6314355366005456,-0.4705873503436452,-0.6633355071681603,0.0,0.0,-0.2482034658065606,0.0,0.0,-0.4176119528381469,-0.2638435983675269,0.0179937707237261,0.0,0.2417542948276354,0.4188287551051648,0.0,0.0,-0.0698692978702466,-0.3756590425559482,-0.483852180645181,-0.8879316009475895,-0.7653743834290023,0.0,0.0,0.4642322335919461,0.0,0.0,-0.4649989980166915,-0.0767620951761126,0.0,0.0076583005236749,0.0,0.0,0.0,-0.1404548220431728,0.0,-0.1711982565684795,0.0,0.0,-0.7946689710106157,0.0084114041104257,0.0,0.0,0.2324734049701672,0.0112224592727451,0.0,0.0,0.0,0.0,0.0,-0.2934770945114858,0.0,-0.807929382426195,-0.2521358847919271,-0.1843394163981903,0.0331274190329742,0.0,-0.3510921252192131,-0.9188353135771444,0.0,0.0,0.0,-0.1569434385211641,0.0,0.0,0.0,0.0,0.0123304831857215,0.0,0.0,0.0,0.0,0.0
672,0.0,0.0,-0.3625675124774565,0.0,-0.2021360904446568,-0.8157316899385859,0.0189051696411864,0.1007158785030861,0.0,-0.2441882033349465,0.0,0.0,0.0,0.0,0.0,0.0,-0.1205781887256978,-0.6277603600372921,-0.4787106172680678,-0.6556102847715354,0.0,0.0,-0.247786593483295,0.0,0.0,-0.4184499709635091,-0.266369255770174,0.0412075161366226,0.0,0.2156209302831598,0.4035617567014093,0.0,0.0,-0.0974252301111614,-0.3963662011302944,-0.4945941384475014,-0.8838382628749542,-0.7667671015880808,-0.0227069697832666,0.0,0.4607200006072601,0.0,0.0,-0.4560260082880575,-0.0901023459641113,0.0,0.0059124251538145,0.0,0.0,0.0,-0.1484162792714187,0.0,-0.1620426473404655,0.0,0.0,-0.788111318930756,0.0122294680152,0.0,0.0,0.2245086861836819,0.0096143465874237,0.0,0.0,0.0,0.0,0.0,-0.3082302708859855,0.0,-0.8208499283467413,-0.2530414304852191,-0.1756182740791722,0.0482014335168035,0.0,-0.3390086789859395,-0.9188353135771444,0.0,0.0,0.0,-0.1584621576118041,0.0,0.0,0.0,0.0,0.0145054802418957,0.0,0.0,0.0,0.0,0.0
673,0.0,0.0,-0.3713806656260742,0.0,-0.1758020273846855,-0.8326242222265531,0.0320851857815766,0.0904080484840244,0.0,-0.2449435252842087,0.0,0.0,0.0,0.0,0.0,0.0,-0.0849141815020754,-0.6274063878119477,-0.4883067532930419,-0.6447762248061801,0.0,0.0,-0.2610275805496008,0.0,0.0,-0.4249897160423718,-0.2696328443039468,0.0558257312194089,0.0,0.2043159935042796,0.3719971958753759,0.0,0.0,-0.1293229447096006,-0.4206126785209511,-0.5050593101059204,-0.8806933416024942,-0.7683171133503086,-0.0351632382114179,0.0,0.4456166836749149,0.0,0.0,-0.441216592572015,-0.0882383731723492,0.0,0.0,0.0,0.0,0.0,-0.1416257405914674,0.0,-0.1509181502027419,0.0,0.0,-0.7798851305610061,0.0124771211122873,0.0,0.0,0.2085941995366847,0.0,0.0,0.0,0.0,0.0,0.0,-0.2866120793487612,0.0,-0.8356338777417512,-0.259010176527742,-0.1740065481288925,0.0681918626632071,0.0,-0.3310796216799173,-0.9188353135771444,0.0,0.0,0.0,-0.1562318220544233,0.0,0.0,0.0,0.0,0.0207569378174695,0.0,0.0,0.0,0.0,0.0
674,0.0,0.0,-0.3899558803182154,0.0,-0.1576908893746513,-0.8460533373768887,0.0463336384724832,0.0825155989446102,0.0,-0.2386939748448769,0.0,0.0,0.0,0.0,0.0,0.0,-0.0572012175472619,-0.6270768550082111,-0.497115782670435,-0.6341447302146862,0.0,0.0,-0.2711816933679286,0.0,0.0,-0.4325492189767348,-0.2829860615482574,0.0625731605247487,0.0,0.2134983136762755,0.3445867364081277,0.0,0.0,-0.1532432371710687,-0.4427283344626243,-0.5177229775028989,-0.8741120677025833,-0.7704300930708214,-0.0399007391008005,0.0,0.419365855765661,0.0,0.0,-0.4224970845727631,-0.0795943057951395,0.0,0.0,0.0,0.0,0.0,-0.1439749175688047,0.0,-0.1385037218359329,0.0,0.0,-0.7738430360699734,0.0136691461901037,0.0072091564666877,0.0,0.1939628127498319,0.0,0.0,0.0,0.0,0.0,0.0,-0.2620995966326448,0.0,-0.8544943188725456,-0.2715868518867447,-0.1741753177909169,0.0878051361625561,0.0,-0.327781649987421,-0.9188353135771444,0.0,0.0,0.0,-0.1551119030007526,0.0,0.0,0.0,0.0,0.0184016412477962,0.0,0.0,0.0,0.0,0.0
675,0.0,0.0,-0.409177071213726,0.0,-0.1426305717472637,-0.8549860033413212,0.0688134953889932,0.0794641186218009,0.0,-0.2164473065058928,0.0,0.0,0.0,0.0,0.0,0.0,-0.0454767822971691,-0.6297184939925398,-0.5095545010503751,-0.6305462511896391,0.0,0.0,-0.2795153601654234,0.0,0.0,-0.4265185576768784,-0.2948346323778908,0.0640760299471964,0.0,0.275027946750316,0.364100871679587,0.0,-0.0041215809653818,-0.1704485810619535,-0.4514021122212239,-0.5313428948441943,-0.8684544507640761,-0.7732453850322675,-0.0338767853192708,0.0,0.4001770914527989,0.0,0.0,-0.4045067011297996,-0.0729314428249612,0.0,0.0,0.0,0.0,0.0,-0.1440661986865539,0.0,-0.1345230216684539,0.0,0.0,-0.7670506656944944,0.0140470945528375,0.0099620153794617,0.0,0.182985123558174,0.0,0.0,0.0,0.0,0.0064003000960889,0.0064003000960889,-0.2417224236148514,0.0,-0.8658132924160986,-0.2778642702365477,-0.1775180874437029,0.1060804412409467,0.0,-0.3204325821089637,-0.9188353135771444,0.0,0.0,0.0,-0.1568072920720193,0.0,0.0,0.0,0.0,0.0170176618649722,0.0,0.0,0.0,0.0,0.0
676,0.0,0.0,-0.427141445443363,0.0,-0.138680088310651,-0.8614061146823544,0.0958023764981959,0.0862528820236946,0.0,-0.1913230951522229,0.0,0.0,0.0,0.0,0.0,0.0,-0.0492679734810248,-0.6330669987089407,-0.5205269574675849,-0.6324178605840656,0.0,0.0,-0.287981007144098,0.0,0.0,-0.4174838229640851,-0.3090515591845816,0.062803258219253,0.0,0.3463625624813907,0.3710916484234431,0.0,-0.0170207868457959,-0.1828201252742867,-0.4534761045728009,-0.5432478580860458,-0.8624709291204833,-0.774968176652491,-0.0051589276820156,0.0,0.3708284347815169,0.0,0.0,-0.397979843829703,-0.0472647784697281,0.0,0.0,0.0,0.0,0.0,-0.1500421488851655,0.0,-0.1127131171641982,0.0,0.0,-0.7597778792478228,0.0134672093385974,0.0162862785602416,0.0,0.2220626359608552,0.0,0.0,0.0,0.0,0.0082273251582139,0.0082273251582139,-0.2330653385922904,0.0,-0.8759770119241486,-0.2918981680836874,-0.1837873630589681,0.1223928183001919,0.0,-0.3160284705199162,-0.9188353135771444,-0.0114131013260842,0.0,-0.0114131013260842,-0.1469352870013521,0.0,0.0,0.0,0.0,0.0165815664813553,0.0,0.0,0.0,0.0,0.0
677,0.0,0.0,-0.4411115615085444,0.0,-0.145426082448067,-0.8684786643028706,0.1252785873467557,0.0756990535942553,0.0,-0.1742684476009017,0.0,0.0,0.0,0.0,0.0,0.0,-0.0575073655450456,-0.6357294924535185,-0.5259809360087401,-0.6422711866106426,0.0,0.0,-0.3081562784506065,0.0,0.0,-0.4071050934335495,-0.3152542226537117,0.0598696061861108,0.0,0.4325557756474653,0.3845828256532052,0.0,-0.0240150229817336,-0.1923868643605839,-0.4493818668242122,-0.5537656095222457,-0.8558412627486569,-0.7770784957054958,0.0,0.0,0.350197071247082,0.0,0.0,-0.3958027930888558,0.0499709794558597,0.0,0.0,0.0,0.0,0.0,-0.1599037240335094,0.0,-0.1111411852615695,0.0,0.0,-0.7437250423235694,0.0120377530001947,0.0209547379426017,0.0,0.3131952969727662,0.0,0.0,0.0,0.0074735888630164,0.0098436794907693,0.0098436794907693,-0.2292333776876438,0.0,-0.8862313720823445,-0.3016469093309221,-0.1849232244324048,0.1336033585438833,0.0,-0.3220936175610454,-0.9188353135771444,-0.0324488050180016,0.0,-0.0324488050180016,-0.1466438064785944,0.0,0.0,0.0,0.0,0.0151154126215785,0.0,0.0,0.0,0.0,0.0
678,0.0,0.0,-0.4500864452202971,0.0,-0.1465250187885063,-0.8762921907766579,0.1537259937972525,0.0621921041257872,0.0,-0.1471826827923864,0.0,0.0,0.0,0.0,0.0,0.0,-0.068687346389673,-0.6396122360169413,-0.5332721477752662,-0.6569293261185764,0.0,0.0,-0.3216668588349646,0.0,0.0,-0.3875296155326858,-0.314493419337166,0.0588349444850048,0.0,0.4909747985490147,0.4032656055232568,0.0,-0.0328488627383633,-0.1954776705304723,-0.4320109304797283,-0.5596455232201117,-0.844796503320735,-0.7787324904921076,0.0,0.0,0.3189040767991405,0.0,0.0,-0.3997871056624436,0.0575391086690283,0.0,0.0,0.0,0.0,0.0,-0.1635682603625429,0.0,-0.1214661308391401,0.0,0.0,-0.7358041068178065,0.0099938538597537,0.0240047962414438,0.0,0.4036365268575324,0.0,0.0,0.0,0.0092363602348984,0.0122747824308983,0.0122747824308983,-0.2289641733798337,0.0,-0.8918138217405658,-0.3105369346046366,-0.1873273572274531,0.1317975187202127,0.0,-0.3240745941458968,-0.9188353135771444,-0.0533906360882272,0.0,-0.0533906360882272,-0.1449237385989606,0.0,0.0,0.0,0.0,0.0135576658416219,0.0,0.0,0.0,0.0,0.0
679,0.0,0.0,-0.4622877915675031,0.0,-0.1561199876498864,-0.8838156989680024,0.1799135706082576,0.0616199299912582,0.0,-0.1196072936304287,0.0,0.0,0.0,0.0,0.0,0.0,-0.0927312122166077,-0.6415453757450464,-0.5356553515302458,-0.6702602607454053,0.0,0.0,-0.3341473742385227,0.0,0.0,-0.3612879351850441,-0.3053379823347876,0.0701819790687009,0.0,0.4753269540335799,0.4215418613789377,0.0,-0.0400555810384478,-0.1905021478577674,-0.4100138639569993,-0.5596427355241089,-0.8363681944026649,-0.7797630366908397,0.0,0.0,0.2972629999308618,0.0,0.0,-0.4090570444768742,0.068199693960281,0.0,0.0,0.0,0.0,0.0,-0.1791563218840358,0.0,-0.131811403825961,0.0,0.0,-0.7336440764908255,0.0077297410633357,0.0256642104792617,0.0,0.5015320755173048,0.0,0.0,0.0,0.0096071211614143,0.0129175405314038,0.0129175405314038,-0.2410398874971684,0.0,-0.8906912904290598,-0.3222545640016818,-0.1965353189734682,0.1128672337175668,0.0,-0.3306397567520235,-0.9188353135771444,-0.0680942178934781,0.0,-0.0680942178934781,-0.1451446073013849,0.0,0.0,0.0,0.0,0.0157821319232492,0.0,0.0,0.0,0.0,0.0
680,0.0,0.0,-0.4729385467305991,0.0,-0.1716867359029692,-0.8911932916034688,0.2055461859731549,0.0597831640753376,0.0,-0.0969451197048494,0.0,0.0,0.0,0.0,0.0,0.0,-0.1173840982891533,-0.6407845663071067,-0.5447212818360124,-0.6831911693100583,0.0,0.0,-0.3487480310587061,0.0,0.0,-0.3418666479632473,-0.300023788814143,0.083936656025713,0.0,0.4590638200945138,0.461006351984939,0.0,-0.0516304765676948,-0.1752358136242475,-0.3693811636575705,-0.5561574918895199,-0.829607073523911,-0.781098447683647,0.0,0.0,0.2722768097176782,0.0,0.0,-0.4157482161083327,0.0679818117044716,0.0,0.0,0.0,0.0,0.0,-0.194511635453569,0.0,-0.157804144496868,0.0,0.0,-0.7347096376020534,0.0055968942406072,0.0263550245547265,0.0,0.625624469939905,0.0,0.0,0.0,0.0127345809694602,0.0120880882817038,0.0120880882817038,-0.2572179753254565,0.0,-0.8883034528110296,-0.3273766951409442,-0.2031868389260986,0.1189491245954572,0.0,-0.3369572084653977,-0.9188353135771444,-0.083265283267723,0.0,-0.083265283267723,-0.1491775831835346,0.0,0.0,0.0,0.0,0.0197146256610351,0.0,0.0,0.0,0.0,0.0
681,0.0,0.0,-0.4876730240572882,0.0055949496081482,-0.1885823242554846,-0.8990333159717121,0.2238470790793672,0.0687689658293577,0.0,-0.0834225140607577,0.0,0.0,0.0,0.0,0.0,0.0,-0.1482231725447414,-0.6427240716110979,-0.5439742503471321,-0.6981561618726322,0.0,0.0,-0.3515840329362312,0.0,0.0,-0.3216016659486061,-0.2943742140080823,0.0849596976036135,0.0,0.4581918029022908,0.5136718633918539,0.0,-0.0627200695823657,-0.1458507466216378,-0.3229673263432738,-0.5537848302094683,-0.8287502814519813,-0.7813337226644373,0.0,0.0096419833596315,0.2581834544212568,0.0,0.0,-0.4275796220125509,0.0701607923117764,0.0,0.0,0.0,0.0,0.0,-0.2063796759657493,0.0,-0.1726509400854524,0.0,0.0,-0.7413790316895164,0.0,0.0295059653771366,0.0,0.6711630470424885,0.0,0.0,0.0,0.0158192538255095,0.0,0.0,-0.2816281434454411,0.0,-0.8842794779639434,-0.3300363311162714,-0.2022290238968023,0.1029564974637463,0.0,-0.3386173140736842,-0.9188353135771444,-0.0933875630980631,0.0,-0.0933875630980631,-0.1468050628935505,0.0,0.0,0.0,0.0,0.0230403167607572,0.0,0.0,0.0,0.0,0.0
682,0.0,0.0,-0.5029149326838721,0.0,-0.2106528087747548,-0.9085203594711726,0.1589220213945841,0.0834858972129738,0.0,-0.0749902396092931,0.0,0.0,0.0,0.0,0.0,0.0,-0.1817408847200301,-0.6355790075738642,-0.5495015710053175,-0.7087100353183684,0.0,0.0,-0.3550945824404652,0.0,0.0,-0.3079979878149355,-0.2950860934897537,0.0799657180277391,0.0,0.4428100272635381,0.5322656419455626,0.0,-0.0731807018471688,-0.1220178031108789,-0.2774976848248197,-0.5505033043927438,-0.8341234639252638,-0.7819372573442777,0.0,0.0289859335945582,0.248919540589964,0.0,0.0,-0.4362675008247239,0.0972677494733469,0.0,0.0,0.0,0.0,0.0,-0.2140146910799082,0.0,-0.1865210692186363,0.0,0.0,-0.7483287843900686,0.0,0.0287536674947395,0.0,0.6797264725435942,0.0,0.0,0.0,0.0188073732472552,0.0,0.0,-0.2955201300024078,0.0,-0.8750241312632507,-0.3370916017591059,-0.2050437003849835,0.0844472197815779,0.0,-0.3394066059655746,-0.9188353135771444,-0.0881444068730563,0.0,-0.0881444068730563,-0.1471308182262567,0.0,0.0,0.0,0.0,0.0256769829533357,0.0,0.0,0.0,0.0,0.0
683,0.0,0.0,-0.5219087915750235,0.0,-0.2335171540324276,-0.9168227488611652,0.1254240992307366,0.1011087297255182,0.0,-0.072248918905396,0.0,0.0,0.0,0.0,0.0,0.0,-0.2156128421799719,-0.628666962975201,-0.5491451409009156,-0.7210724808089177,0.0,0.0,-0.356107823614785,0.0,0.0,-0.3051298922299503,-0.3025453410000219,0.0786674802117579,0.0,0.4139572736157083,0.5331332055307948,0.0,-0.088860884249461,-0.1022108916228414,-0.2320910073687893,-0.5440503166807472,-0.8462410930809011,-0.7828152179936698,0.0,0.0445122217724532,0.2366489447526863,0.0,0.0,-0.4402812131385605,0.129996071751525,0.0,0.0096348067207006,0.0,0.0065711424233893,0.0,-0.2026447826039649,0.0,-0.1919436475581845,0.0,0.0,-0.7517588278933295,0.0,0.0298370027493207,0.0,0.7338446999056822,0.0120511212522604,0.0,0.0,0.0208833193575641,0.0,0.0,-0.3131703020816999,0.0,-0.8649754470020983,-0.3390326190060088,-0.2013234397404009,0.0700896819168415,0.0,-0.3283576940147603,-0.9188353135771444,-0.0714849176555385,0.0,-0.0714849176555385,-0.1425652994973125,0.0,0.0,0.0,0.0,0.0274588433246032,0.0,0.0,0.0,0.0,-0.00923371316803
684,0.0,0.0,-0.540357200353097,0.0,-0.2597777997012962,-0.9252150667283376,0.1413671098283569,0.1216094863336434,0.0,-0.0831331290416013,0.0,0.0,0.0,0.0,0.0,0.0,-0.2422346408733091,-0.6125942931488612,-0.5500865428180276,-0.7245966592141858,0.0,0.0,-0.3545782282213336,0.0,0.0,-0.3167878510265833,-0.3002912834936255,0.0820774545184584,0.0,0.3851714355754985,0.517071494501037,0.0,-0.1073160169322996,-0.0729250894873668,-0.1925629964256207,-0.539175100877994,-0.8567958937601903,-0.7833482157851691,0.0,0.063704508793034,0.2237371855071529,0.0,0.0,-0.4322117828563966,0.1519411659605918,0.0,0.0120356921357488,0.0,0.0065611320727798,0.0,-0.1845070851766304,0.0,-0.2031620467008355,0.0,0.0,-0.7567339305586263,0.0,0.0280184542336241,0.0,0.7949521497684898,0.0199823244073704,0.0,0.0,0.021657419189831,0.0,0.0,-0.3384689192239046,0.0,-0.8543391106302796,-0.3393243622388319,-0.1955377484017189,0.053565408118655,0.0,-0.3150663116884448,-0.9188353135771444,-0.0552795343727391,0.0,-0.0552795343727391,-0.1513158131010803,0.0,0.0,0.0,0.0,0.0280961941810164,0.0,0.0,0.0,0.0,-0.0419967236925009
685,0.0,0.0,-0.5614094305163396,0.0,-0.2819389368890775,-0.9327128959192544,0.1494047447355924,0.130106769620818,0.0,-0.098674961154828,0.0,0.0,0.0,0.0,0.0,0.0,-0.2547711415305523,-0.5990236324442628,-0.5525309149288637,-0.7351448299622411,0.0,0.0,-0.3578709599073278,0.0,0.0,-0.3285583528754378,-0.3032318716030325,0.0815474515924246,0.0,0.3545135328872074,0.5136734910195804,0.0,-0.1163967910434687,-0.0556792064625283,-0.1518610623715379,-0.5365652398907235,-0.865901799609111,-0.7842783078008891,0.0,0.0849689526330644,0.2162500044387908,0.0,0.0,-0.4314471625393653,0.1770524131960371,0.0,0.0116115797596873,0.0,0.0099392661958763,0.0,-0.1644326734898977,0.0,-0.2053929277236378,0.0,0.0053553513385503,-0.757322515999158,0.0,0.0237908467115595,-0.0130703510882974,0.8545384204189359,0.0298725261465253,0.0,0.0,0.0209772466413893,0.0,0.0,-0.3253619426356784,0.0,-0.8411458835152379,-0.3426852993487715,-0.198532117300371,0.0477168138894569,0.0,-0.3067821913949504,-0.9188353135771444,-0.0402773810431877,0.0,-0.0402773810431877,-0.1506635714350975,0.0,0.0,0.0,0.0,0.0274456264097261,0.0,0.0,0.0,0.0,-0.0622182210213989
686,0.0,0.0,-0.5849401352899454,0.0,-0.2992431487117803,-0.9395844534452236,0.1245347408172385,0.1216901453860066,-0.0043704850947893,-0.117062731348276,0.0,0.0,0.0,0.0,0.0,0.0,-0.2567562935454254,-0.5859173848347216,-0.5587027830763462,-0.7406774530807341,0.0,0.0,-0.3496055892454855,0.0,0.0,-0.3407407959569281,-0.3104212399380185,0.0748351830947369,0.0,0.3066166434946613,0.4943052939625599,0.0,-0.1345090186473778,0.1095531285427009,-0.1076582804517103,-0.5379897359333671,-0.874476712865556,-0.7857388923665273,0.0,0.1056205420373046,0.2056364524230909,0.0,0.0,-0.4213576114642884,0.1815967492309615,0.0,0.0104268236397933,0.0,0.0103962999483011,0.0,-0.144192998214709,0.0,-0.2015028733862333,0.0,0.0,-0.7636834330544529,0.0,0.0188389032593512,-0.0327457217014487,0.6682581123796131,0.0446162471576313,0.0,0.0,0.0142246569403162,0.0,0.0,-0.3127421391903093,0.0,-0.8295892899661031,-0.3422094523344803,-0.2013901374206008,0.0561048365341624,0.0,-0.2923286543853495,-0.9188353135771444,-0.0150461752399694,0.0,-0.0150461752399694,-0.1415092584632187,0.0,0.0,0.0,0.0,0.0255536682843242,0.0,0.0,0.0,0.0,-0.0740641064998638
687,0.0,0.0,-0.6115261063296652,0.0,-0.3013356367376156,-0.9450875068224414,0.1705240705602542,0.1102052881070711,-0.0162917683317093,-0.1183908497592504,0.0,0.0,0.0,0.0,0.0,0.0,-0.2504757629411638,-0.5721192394029678,-0.5589129685317129,-0.741599190852394,0.0,0.0,-0.3625951484993613,0.0,0.0,-0.3530492035416114,-0.3182415144741851,0.0610492230459642,0.0,0.2852068677400712,0.4811780254813488,0.0,-0.1527775544721293,0.0909118045306491,-0.0659524564740589,-0.5433518603758878,-0.8794917024254416,-0.7875003973403027,0.0,0.1223578867613361,0.1946023415373008,0.0,0.0,-0.405175373650963,0.184441235535118,0.0,0.0087147157251894,0.0,0.0120228227710209,0.0,-0.1160104519990226,0.0,-0.2014540665474196,0.0,0.0,-0.7628239881268769,0.0,0.0127090273054447,-0.0404396858948791,0.479869265742664,0.0578221697050442,0.0,0.0,0.0093803702240815,0.0,0.0,-0.2869524280148642,0.0,-0.8255408130668157,-0.3425616952291264,-0.1985140065357836,0.0649804153552017,0.0,-0.2816777409216032,-0.9188353135771444,0.0,0.0,0.0,-0.143402751828654,0.0,0.0,0.0,0.0,0.0226050358895376,0.0,0.0106975518076373,0.0,0.0,-0.0796571517951586
688,0.0,0.0,-0.630017377146493,0.0,-0.2857358560706808,-0.9493890906544928,0.175222743716882,0.0984572522741796,-0.0167186747496711,-0.1317692338674994,0.0,0.0,0.0,0.0,0.0,0.0,-0.2400827311445728,-0.5586858989039593,-0.5608471435522804,-0.7351133287799249,0.0,0.0,-0.3618819232295106,0.0,0.0,-0.3641860919958106,-0.3306576580453205,0.0454769962169105,0.0,0.2708763074145143,0.4673907744417457,0.0,-0.1598442770523973,0.0695963935848475,-0.0282510340370235,-0.5528319552429174,-0.8832821382017828,-0.7890715217563471,0.0,0.1337288649063548,0.1851008103125966,0.0,0.0,-0.400092024583176,0.1907242214400168,0.0,0.0067794568490624,0.0,0.0088574224047901,0.0,-0.0956816151668561,0.0,-0.1984780737900136,0.0,0.0,-0.7626762110415377,0.0,0.0091463100705747,-0.0316551204153856,0.404183217203079,0.0705071731715545,0.0,0.0,0.0061972952423788,0.0,0.0,-0.2564161252186352,0.0,-0.8243996003895897,-0.3433340808109649,-0.1935510206826448,0.0656323968371038,0.0,-0.2735483002428195,-0.9188353135771444,0.0,0.0,0.0,-0.1391449249463862,0.0,0.0,0.0,0.0,0.01897608482793,0.0,0.0065557705694884,0.0,0.0,-0.0750675313342495
689,0.0,0.0,-0.6444354500091081,0.0,-0.2603456476018563,-0.9512013269137568,0.1676660845555604,0.0844764383846243,0.0,-0.1348200050041302,0.0,0.0,0.0,0.0,0.0,0.0,-0.2220433129200781,-0.5497576695704225,-0.5545037496069056,-0.7276619201902964,0.0,0.0,-0.3679136823208208,0.0,0.0,-0.3598642823850383,-0.3354487423449769,0.0414893906260823,0.0,0.2588472721260761,0.4531155241851181,0.0,-0.163160757119359,0.0501702151649844,0.0,-0.5598331357182177,-0.883966573954631,-0.7900502912036481,0.0,0.1268237555552358,0.1774673298222405,0.0,0.0,-0.3934611791641778,0.1968194493078392,0.0,0.0,0.0,0.0066780113244053,0.0,-0.0786706179917359,0.0,-0.2061412385523887,0.0,0.0,-0.7633053135710413,0.0091997584931302,0.0061282653288428,-0.021800908292545,0.4605730604968748,0.075304054192447,0.0,0.0,0.0,0.0,0.0,-0.2215303051413716,0.0,-0.8236787408779147,-0.3400264072350866,-0.1879219216164073,0.0581699469244772,0.0,-0.2722212188119775,-0.9188353135771444,0.0,0.0,0.0,-0.1374387196828755,0.0,0.0,0.0,0.0,0.0141776600361692,0.0,0.0,0.0,0.0,-0.0648597224357975
690,0.0,0.0,-0.6508373923261274,0.0,-0.2212202191351581,-0.9521646529057772,0.1543581020755642,0.0712340007851676,0.0,-0.1288742070770825,0.0,0.0,0.0,0.0,0.0,0.0,-0.1953898057118412,-0.5451584242388158,-0.5507915290231606,-0.7207189990501811,0.0,0.0,-0.377244019835573,0.0,0.0,-0.3613172484456513,-0.3427062129706567,0.0718311854405613,0.0,0.2577939064726923,0.4037161430529488,0.0,-0.1699417912149579,-0.0177408060099861,0.0,-0.5679986189023085,-0.8801668991788159,-0.7904535183757517,0.0,0.113782368497976,0.1747722682690497,0.0,0.0,-0.3907607584190481,0.2058237225437769,0.0,0.0,0.0,0.0,0.0,-0.0732375748991898,0.0,-0.2241615919147124,0.0,0.0,-0.7642394632537048,0.0134794256282221,0.0,0.0,0.5200348232426271,0.0465280686992881,0.0,0.0,0.0,0.0,0.0,-0.1643631189223554,0.0,-0.8255331092531738,-0.3405224735988258,-0.1798680319931005,0.0495058584269735,0.0,-0.2869600601168011,-0.9188353135771444,0.0,-0.003858263165256,0.0,-0.1373390749886582,0.0,0.0,0.0,0.0,0.0102575249121885,0.0,0.0,0.0,0.0,-0.0486994550844755
691,0.0,0.0,-0.6518619469527981,0.0061049079371921,-0.1468583916208228,-0.9488217378284304,0.1339417041014676,0.0592713478290173,0.0,-0.1059968347146749,0.0,0.0,0.0,0.0,0.0,0.0,-0.1630626362543776,-0.5449186612075382,-0.5438646780601569,-0.7068346981623049,0.0,0.0,-0.3884468819394702,0.0,0.0,-0.3479994478578932,-0.3531451242902102,0.0682885354809696,0.0,0.3097139417422383,0.386718776872215,0.0,-0.1650701474878832,-0.0108082498980973,0.0,-0.5766052702791711,-0.8745040308210683,-0.7901461838500086,0.0,0.0988214066664113,0.175015812414935,0.0,0.0,-0.3916995248132623,0.203124219444456,0.0,0.0,0.0,0.0,0.0,-0.0844604024265905,0.0,-0.258985630940677,0.0,0.0,-0.7754741319740339,0.0147012406621004,0.0,0.0,0.5686868275781667,0.0205290779888397,0.0,0.0,0.0,0.0,0.0,-0.1208814542578262,0.0,-0.8323647717017714,-0.3370253573524626,-0.171623368613907,0.0439056928114648,0.0,-0.3055818631717851,-0.9188353135771444,0.0,-0.0156252620401588,0.0,-0.1424628389482864,0.0,0.0,0.0,0.0,0.0074172643865199,0.0,0.0,0.0,0.0,-0.0348726166764245
692,0.0,0.0,-0.6461434045148977,0.009077203120592,-0.0803784770842772,-0.9447185161807914,0.1124451736895082,0.071836166385169,0.0,-0.0657725850845074,0.0,0.0,0.0,0.0,0.0,0.0,-0.1423931438190469,-0.5513811634636286,-0.5352342811449411,-0.6723861005970881,0.0,0.0,-0.3983570648498156,0.0,0.0,-0.3259881494181029,-0.3623523608628743,0.0570777961754527,0.0,0.3709683028607506,0.3643568017388472,0.0,-0.1659240542421162,0.005794267796284,0.0,-0.5826429213352657,-0.8679889714119859,-0.7874590993053614,0.0,0.0848429896558469,0.1689998501644613,0.0,0.0,-0.3998883105543248,0.1962570888501582,0.0,0.0,0.0,0.0,0.0,-0.0977168001605421,0.0,-0.2894552974964041,0.0,0.0,-0.7899868159279926,0.0168622010741317,0.0,0.0092994499309234,0.5779521568698499,0.0130158963875286,0.0,0.0,0.0,0.0,0.0,-0.0818963261329729,0.0,-0.839117665238168,-0.340934092455685,-0.1657606355179237,0.0375397256635875,0.0,-0.3251868961215186,-0.9188353135771444,0.0,-0.0243010777283326,0.0,-0.1436522566193838,0.0,0.0,0.0,0.0,0.0,0.0,0.0,0.0,0.0,-0.0255360392325465
693,0.0,0.0,-0.6391072301419277,0.0077481721414012,-0.0151597118754409,-0.9405311959726492,0.0901175818634658,0.1270679189668333,0.0,-0.0316034470967332,0.0,0.0,0.0,0.0,0.0,0.0,-0.1248522350654899,-0.5601717742068056,-0.5242440379750062,-0.6442511021263904,0.0,0.0,-0.4081061264799961,0.0,0.0,-0.2964226353458137,-0.3779218697221028,0.052494158252302,0.0,0.4491917128042926,0.356152271306893,0.0,-0.15989922043016,0.0,0.0,-0.580970255173643,-0.8628790899545917,-0.7848443935880896,0.0,0.0662918131469649,0.175205703177112,0.0,0.0,-0.3914557203001773,0.2139287183126416,0.0,0.0,0.0,0.0,0.0,-0.1145227741812591,0.0,-0.3168680642822161,0.0,0.0,-0.8027135618777942,0.0188575501087279,0.0,0.0140530952353929,0.5506943459449861,0.0,0.0,0.0,0.0,0.0,0.0,-0.0606274068932512,0.0,-0.8502491235415772,-0.3359747437235194,-0.1484602569973349,0.0311397769670899,0.0,-0.3548264573239754,-0.9188353135771444,0.0,-0.0307430818823228,0.0,-0.1503790775989966,0.0,0.0,0.0,0.0,0.0,0.0,0.0,0.0,0.0,-0.0154972974704782
694,0.0,0.0,-0.6248747159479562,0.0056102396804903,0.0,-0.9368867184682732,0.0836632655528257,0.1198167710433456,0.0,0.0,0.0,0.0,0.0,0.0,0.0,0.0,-0.1018802882195579,-0.5713671571285586,-0.5145279967559703,-0.6155019518403928,0.0,0.0,-0.4078852756738128,0.0,0.0,-0.2793042636985494,-0.399181430836612,0.0600809667339373,0.0,0.5326726794430021,0.3568479840826075,0.0,-0.1527867051209049,0.0,0.0,-0.5764080104239989,-0.8574871679555827,-0.7813324209723177,0.0,0.056683384312817,0.1819743832761315,0.0,0.0,-0.3972312506023624,0.2195328978423118,0.0,0.0,0.0,0.0,0.0,-0.1275556855361184,0.0,-0.3491445365324616,0.0,0.0,-0.8165262403579461,0.0212674552064317,0.0,0.0156655970749297,0.50598928419323,0.0,0.006723246303948,0.0,0.0,0.0,0.0,-0.0426864645223616,0.0,-0.8591963032078236,-0.336715922599919,-0.1321877244209533,0.0239429964302778,0.0,-0.3827828870412897,-0.9188353135771444,0.0,-0.030944096892102,0.0,-0.1477086376589941,0.0,0.0,0.0,0.0,0.0,0.0,0.0,0.0,0.0,0.0250224968407426
695,0.0,0.0,-0.6100928485491837,0.0,0.0,-0.9342604838252616,0.1081060497778227,0.1153941599379029,0.0,0.0,0.0,0.0,0.0,0.0,0.0,0.0,-0.090540571289574,-0.5831954469761925,-0.5044550329701648,-0.5903897342375021,0.0,0.0,-0.4118307576363087,0.0,0.0,-0.2631437596010668,-0.4030669149527306,0.0535892283920451,0.0,0.5993874860898353,0.3528119892567619,0.0,-0.1398878444218075,0.0052972723640218,0.0,-0.5738483996368299,-0.8549204841581459,-0.7769526946625689,0.0,0.0407861406809562,0.1857599950204766,0.0,0.0,-0.4038245775488779,0.2164983033265508,0.0,0.0,0.0054115463879444,0.0,0.0,-0.1368337090128439,0.0,-0.3707129639633944,0.0,0.0,-0.8333145395010856,0.0241318390836147,0.0,0.0220395838182523,0.4695942024827562,0.0,0.0086881122831357,0.0,0.0,0.0,0.0,-0.0475219349747401,0.0,-0.8670274268308722,-0.336250569534636,-0.1182858835784153,0.0574134675775662,0.0,-0.4078124303056975,-0.9188353135771444,0.0,-0.0301925052555205,0.0,-0.1546725522867222,0.0,0.0,0.0,0.0,0.0,0.0,0.0,0.0,0.0,0.0261512648956924
696,0.0,0.0,-0.5939592884457756,0.0,0.0,-0.9330197349124592,0.1346385852027015,0.0927874277772164,0.0,0.0,0.0,0.0,0.0,0.0,0.0,0.0,-0.0842364236812104,-0.5937584191378305,-0.4886929555176996,-0.5668984099975339,0.0,0.0,-0.41803313484333,0.0,0.0,-0.2543565085449903,-0.4093357048817791,0.0605185821861685,0.0,0.6152479681079056,0.3689353971056767,0.0,-0.1241330192462853,0.0070380428543102,0.0,-0.5675686819929119,-0.855156813932739,-0.7718101317920459,0.0,0.0230983069662115,0.188925190923689,0.0,0.0,-0.4066184670971941,0.2063747415412077,0.0,0.0,0.0,0.0,0.0,-0.1430931662326393,0.0,-0.3791932778531262,0.0,0.0,-0.8477704939168593,0.0268381558139793,0.0,0.0271206613102843,0.4437268740160541,0.0091015938203422,0.0104648091408367,0.0,0.0,0.0,0.0,-0.0520649697014272,0.0,-0.8751771899348606,-0.3452086373304097,-0.1070269400863647,0.066624638155695,0.0,-0.4236613003031206,-0.9188353135771444,0.0,-0.0226784251444162,0.0,-0.1563315422567699,0.0,0.0,0.0,0.0,0.0,0.0,0.0,0.0,0.0,0.0240419297156831
697,0.0,0.0,-0.5804881515860307,0.0,0.0,-0.9338015745142304,0.1592537675106641,0.0816361705297523,0.0,0.0,0.0,0.0,0.0,0.0,0.0,0.0,-0.0818657939726443,-0.6057679251210434,-0.4565287235029072,-0.5534579523043812,0.0,0.0,-0.4170067051821997,0.0,0.0,-0.2491764456609215,-0.4124856686828147,0.0706270470132602,0.0,0.6449037933251853,0.4332446457157085,0.0,-0.1036225239000659,0.0087146239421469,0.0,-0.5625557169509583,-0.857596110654542,-0.7674422542445226,0.0,0.0087778910703138,0.1981788653528282,0.0,0.0,-0.4081805643469003,0.1963840182048023,0.0,0.0,0.0084076997994694,0.0,0.0,-0.1436221822836497,0.0,-0.3831890588579688,0.0,0.0,-0.8575281386877616,0.026074956234976,0.0059052820109196,0.0251379371656485,0.4390406322779952,0.0065778306733478,0.0119052385919418,0.0,0.0,0.0,0.0,-0.0719999452343595,0.0,-0.8857079083685782,-0.3510502572379154,-0.0961232472364565,0.0606569805022306,0.0,-0.4362000264739689,-0.9188353135771444,0.0,-0.016921959800379,0.0,-0.1441612070547157,0.0,0.0,0.0,0.0,0.0,0.0,0.0,0.0,0.0,0.0209068576190107
698,0.0,0.0,-0.5689959600924793,0.0,0.0,-0.93650043641385,0.1807859088964861,0.0789965563549121,0.0,0.0,0.0,0.0,0.0,0.0,0.0,0.0,-0.0861724419498174,-0.6137262149522464,-0.4317528176807724,-0.5518624581589634,0.0058870453311544,0.0,-0.4047043761177176,0.0,0.0090569902005865,-0.2426866018647354,-0.4040614916919456,0.0828487965239411,0.0,0.6744796619615112,0.4847660242087049,0.0,-0.0885774584196203,0.0100564404162387,0.0,-0.5598320260054357,-0.8617825275681485,-0.7638279667782097,0.0063082031503772,0.0077254350803691,0.2018837496747902,0.0,0.0,-0.4147508494619055,0.1840062779751052,0.0,0.0,0.0155212547415102,0.0,0.0,-0.1474507985928977,0.0,-0.3749728693166264,0.0,0.0,-0.8600361265261056,0.0201030215464148,0.010702620102149,0.0235405262193414,0.4377624684645333,0.0,0.012068614870597,0.0,0.0,0.0,0.0,-0.096274008222913,0.0,-0.8959710489131556,-0.361024074848186,-0.0949822092793839,0.0536651279849528,0.0,-0.4475524541490814,-0.9188353135771444,0.0,-0.0056622904063987,0.0,-0.1324854529776481,0.0,0.0,0.0,0.0,0.0,0.0,0.0,0.0,0.0,0.0172588623869262
699,0.0,0.0,-0.5577762062370735,0.0,0.0,-0.9407793282939028,0.1953096529627005,0.0839549899850625,0.0,0.0,0.0,0.0,0.0,0.0,0.0,0.0,-0.0875143748655406,-0.6249132575221752,-0.4028355984222114,-0.5611192985739534,0.0104879989766449,0.0,-0.3923585919275639,0.0,0.0107381790284295,-0.2424126539895224,-0.4034122394386318,0.0867402057113931,0.0,0.6855591461209296,0.3871097020552834,0.0,-0.0693102642724298,0.014034614174705,0.0,-0.5599984318118179,-0.8661285095223361,-0.7608940951224067,0.0084274491408128,0.0065469554970854,0.2102306676982927,0.0,0.0,-0.4272474356116181,0.1735037720866734,0.0,0.0,0.0232642975711148,0.0,0.0,-0.1405908060557734,0.0,-0.3533514645407257,0.0,0.0,-0.8567235016543604,0.0149793203345009,0.0185717535332877,0.0224863580506226,0.4493659336770602,0.0,0.0115539237632713,0.0,0.0,0.0,0.0,-0.1295240474646364,0.0,-0.9072771953961972,-0.3697023983270369,-0.0957031148715153,0.0553243621794666,0.0,-0.4490618302015289,-0.9188353135771444,0.0,0.0,0.0,-0.1104312628229601,0.0,0.0,0.0,0.0,0.0,0.0,0.0,0.0,0.0,0.0163071020085962
700,0.0,0.0,-0.5426712580647587,0.0,0.0,-0.9459355794053352,0.2056184836938112,0.0873258758885408,0.0,0.0,0.0,0.0,0.0,0.0,-0.0128890480629254,0.0,-0.0932452281387195,-0.6295977605835049,-0.3684337721409111,-0.5811129801093728,0.0062387976356721,0.0,-0.3830526006737555,0.0,0.012531040161011,-0.2481791610850277,-0.391270352231219,0.0760939365376384,0.0,0.6706319039298176,0.3367595716979494,0.0,-0.0529973851758139,0.0223475354335232,0.0,-0.5645510328419916,-0.8710014459415198,-0.7596924100572982,0.0105119238187454,0.0075803106873483,0.2244481540395186,0.0,0.0,-0.4424203311459967,0.1614804220663263,0.0,0.0,0.0324766281844569,0.0,0.0,-0.1311334711081582,-0.0109386883971737,-0.3378593302609077,0.0,0.0,-0.8555913989002826,0.0104122813531245,0.0196076553051177,0.0466838854674206,0.4419352275800343,0.0,0.0158550131856666,0.0,0.0,0.0,0.0,-0.1793793885782779,0.0,-0.9165151207569592,-0.3689893317818899,-0.097052205448219,0.0561917710921332,0.0,-0.450685687353219,-0.9188353135771444,-0.025222293800465,0.0,-0.025222293800465,-0.0879036900607767,0.0,0.0,0.0,0.0,0.0,0.0,0.0,0.0,0.0,0.0154459074354045
701,0.0,0.0,-0.5323044999935039,0.0,0.0,-0.9516596243101064,0.2056657106188713,0.0892983384553708,0.0,0.0,0.0,0.0,0.0,0.0,-0.0171449917592645,0.0,-0.1025059105386118,-0.6332838246043513,-0.3333647214085937,-0.6036249741368597,0.0,0.0,-0.3762101589071847,0.0,0.0135219763631134,-0.263102168759087,-0.3754437814107844,0.065876381658648,0.0,0.6365216963194151,0.3138777702590881,0.0,-0.0432355387568927,0.0554822184130727,0.0,-0.5718000949066042,-0.875336909240001,-0.7589828485678488,0.0122442971726832,0.008592566494157,0.241317091694604,-0.0050572915120734,0.0,-0.4681508470716895,0.1445967338865025,0.0,0.0078107554262728,0.0308497090533369,0.0,0.0,-0.1234238414902079,-0.0223458114140543,-0.3274398301184381,0.0,0.0,-0.8504008188137111,0.0078612103859985,0.0173194613756626,0.0491917787690043,0.4711825381750688,0.0,0.0147236589534063,0.0,0.0,0.0,0.0,-0.1933209821462487,0.0,-0.9232981391812398,-0.3719045635734696,-0.1092300951784107,0.053210782628169,0.0,-0.4561254543431621,-0.9188353135771444,-0.0555972786882329,0.0,-0.0555972786882329,-0.0762019322303535,0.0,0.0,0.0,0.0,0.0,0.0,0.0,0.0,0.0,0.0143741930632568
702,0.0,0.0,-0.5164487221453248,0.0,0.0,-0.9574141231306044,0.206541246064851,0.0874983488598768,0.0,0.0,0.0,0.0,0.0,0.0,-0.0172787239190092,0.0,-0.1114544367895554,-0.6381628062574232,-0.3082951662225415,-0.6308118734285855,0.0,0.0,-0.3578499115404701,0.0,0.0145774638544913,-0.2777230731626244,-0.3641466059726272,0.0564261930535323,0.0,0.5805929972421938,0.3263638005202388,0.0,-0.0350692129940712,0.0213550162147669,0.0,-0.5812199768647385,-0.8779934741102444,-0.7591281861743796,0.0133203844240088,0.0092696994118014,0.2579972753379445,-0.0087942134104636,0.0,-0.5025861157326084,0.1271578908242392,0.0,0.0115472097153727,0.0241571478107444,0.0,0.0,-0.1189389951394833,-0.0292629837746593,-0.3215076982194308,0.0,0.0,-0.8451412650589634,0.0055625190424354,0.0187818070937136,0.0440230741529418,0.418290204697203,0.0,0.0092341198781342,0.0,0.0,0.0,0.0,-0.20328202838861,0.0,-0.9275153667797612,-0.370102682501286,-0.1254207393031582,0.0394854260573261,0.0,-0.4601241291876214,-0.9188353135771444,-0.086771607114858,0.0,-0.086771607114858,-0.0517185738454585,0.0,0.0,0.0,0.0,0.0,0.0,0.0,0.0,0.0,0.0139850274066206
703,0.0,0.0,-0.5050252896142636,0.0,0.0,-0.9627035986136048,0.2013361247948997,0.0841846924344129,0.0,0.0,0.0,0.0,0.0,0.0,-0.0129950737786316,0.0,-0.1216826366944181,-0.6435032641139733,-0.2849444050132761,-0.6545821054293017,0.0,0.0,-0.3493636230869598,0.0,0.0156692628586807,-0.2860906851290361,-0.3599869453560884,0.0538231789505991,0.0,0.5223929585372175,0.3546291770378734,0.0,-0.0308174353464244,0.012184351915844,0.0,-0.5904382970464184,-0.8770158195842623,-0.7596574256419669,0.0135360140795093,0.0077204552487687,0.2729207996846217,-0.011001785368457,0.0,-0.5290543752603671,0.1027883656192778,0.0,0.015909747326403,0.0249464218327572,0.0,0.0,-0.1253477674595139,-0.0378979338938977,-0.3174843563267114,0.0,0.0,-0.836354939831275,0.0,0.0339467232505272,0.0369757375086013,0.3502713206184227,0.0,0.0065517812980079,0.0,0.0,0.0,0.0,-0.2060503542525186,0.0,-0.9319037452785648,-0.3654864430324279,-0.1420513876929507,0.0357588875052819,0.0,-0.4698468809602455,-0.9188353135771444,-0.1064968722445407,0.0,-0.1064968722445407,-0.0314523412200811,0.0,0.0,0.0,0.0,0.0,0.0,0.0,0.0,0.0,0.0165943055815972
704,0.0,0.0,-0.4858923573499946,0.0,0.0,-0.9683315608013388,0.1992878890569122,0.0801757687211981,0.0,0.0,0.0,0.0,0.0,0.0,-0.0125036842419474,0.0,-0.1162990254029147,-0.647086501600839,-0.2742811867624614,-0.6682833260860821,0.0,0.0,-0.3456123638033073,0.0,0.0166852422304779,-0.3111007821762729,-0.3578952468437963,0.04990791400918,0.0,0.4705719490309632,0.3757367137825909,0.0,-0.0251676915015876,-0.0064344537440078,0.0,-0.6025297935363009,-0.8737202144452625,-0.7599500258489381,0.0182313411326718,0.0058563285186572,0.3066485453027513,-0.0056068914644937,0.0,-0.5607760766765358,-0.0828621859867672,0.0,0.0154540191588346,0.0243383622999718,0.0,0.0,-0.1270308958753399,-0.0461290429178032,-0.3238746194095049,0.0,0.0,-0.8308001398510837,0.0,0.0400948195509956,0.0291434754056984,0.3013541740182037,0.0,0.0,0.0,0.0,0.0,0.0,-0.2104750031832916,0.0,-0.9348777340819834,-0.3644209871000417,-0.1629445583142834,0.0312771844222585,0.0,-0.4787062083125308,-0.9188353135771444,-0.1152566829201442,0.0,-0.1152566829201442,-0.0145358174985957,0.0,0.0,0.0,0.0,0.0,0.0,0.0,0.0,-0.0129790800069093,0.0
705,0.0,0.0,-0.4680226974935576,0.0,0.0,-0.971600984703739,0.2029100902417858,0.0827357707752374,0.0,0.0,0.0,0.0,0.00597847710445,0.0,-0.0042052474702971,0.0,-0.1070462266384647,-0.647472991973104,-0.2682788515930777,-0.6707275690439717,0.0,0.0,-0.3319552530129798,0.0,0.0192611902303726,-0.3295258494500147,-0.3664451483148441,0.050411926115699,0.0,0.4193225362589031,0.4381737603130699,0.0,-0.0334744015885912,0.0,-0.0088546654621369,-0.6142173938146022,-0.870707613829683,-0.7593036965053764,0.030297849704329,0.0,0.3164186250762059,-0.0048841961736578,0.0,-0.593308071452719,-0.1176605189157798,0.0,0.0104527128034185,0.0237877187392878,0.0,0.0082415160944275,-0.129193260125925,-0.0624455780664032,-0.3342970505834537,0.0,0.0,-0.8322861578550351,0.0,0.0307977602758651,0.0225574861272867,0.30409771573278,0.0,0.0,0.0,0.0,0.0,0.0,-0.2045836480154364,0.0,-0.9357167304329508,-0.3601373543906015,-0.1764744192357172,0.0274579568458374,0.0,-0.4741404725108396,-0.9188353135771444,-0.1248574488620819,0.0,-0.1248574488620819,0.0,0.0,0.0,0.0,0.0,0.0,0.0,0.0,0.0,-0.0575959464474848,-0.0139822484188609
706,0.0,0.0,-0.4515003538885892,0.0,0.0,-0.9737957454484653,0.2499898426524093,0.0828783822327539,0.0,0.0,0.0,0.0,0.0082567363226549,0.0,0.0,0.0,-0.092322297859906,-0.6495078341472985,-0.2756468244683188,-0.6709595616098011,0.0,0.0,-0.3201208087528759,0.0,0.0208508631490474,-0.3513047492762464,-0.384426519489371,-0.0446636371197506,0.0,0.401642512475859,0.4700999469505617,0.0,-0.0418624465131294,0.0,-0.0323093892858779,-0.6231389522793852,-0.866167414795846,-0.7577953329543496,0.0550540859768959,0.0,0.2922324339340122,0.0,0.0,-0.6168429523735185,-0.127332827062674,0.0,0.0064454354090751,0.0287201619964543,0.0,0.0130545556396749,-0.1224356236127698,-0.0828518604392972,-0.3488818713088452,0.0,0.0,-0.8385614177153512,0.0,0.0226123522554309,0.0206318381336488,0.3325559614372966,0.0,0.0,0.0,0.0,0.0,0.0,-0.1652944983607432,0.0,-0.9343982238963816,-0.3566850931068629,-0.1800516910490008,0.0277764908998362,0.0,-0.4724819950427166,-0.9188353135771444,-0.1132893728768308,0.0,-0.1132893728768308,0.0,0.0,0.0,0.0,0.0,0.0,0.0,0.0,0.0,-0.0869213881986219,-0.0270640400666752
707,0.0,0.0,-0.4318008387190402,0.0,0.0,-0.9751909037187154,0.3499643576194408,0.0852521060113254,0.0,0.0,0.0,0.0,0.0108240279703816,0.0,0.0,0.0,-0.0749099556039493,-0.6470989920321428,-0.2834547248174068,-0.6766482935698765,0.0,0.0,-0.3193590785402035,0.0,0.0190101574171844,-0.3687584524488154,-0.4043408070341415,-0.0757657008780145,0.0,0.3878233185060639,0.4351432840250777,0.0,-0.0499409055964477,0.0,-0.0482403441064226,-0.6265319779240887,-0.8617647528112542,-0.7554623155788674,0.0829594676350459,0.0,0.2644717699328767,0.0,0.0,-0.6339080941778347,-0.1234728603955483,0.0,0.0,0.0368821798177317,0.0,0.0188923206051582,-0.1173737964303124,-0.0936492496776093,-0.3644093422804345,0.0,0.0,-0.8506329742292884,0.0,0.0161386350965066,0.0209060717861849,0.3705709377772547,0.0,0.0,0.0,0.0,0.0,0.0,-0.122796074861679,0.0,-0.9338967004095462,-0.352576513596871,-0.1834947043930209,0.0278339870556325,0.0,-0.4658228539017213,-0.9188353135771444,-0.0925447811471336,0.0,-0.0925447811471336,0.0,0.0,0.0,0.0,0.0,0.0061130321981762,0.0,0.0,0.0,-0.1150417310689464,-0.026358709513449
708,0.0,0.0,-0.4080877457267916,0.0,-0.0076373863616944,-0.9759488623519664,0.3289876017587617,0.0855160872321525,0.0,0.0,0.0,0.0,0.0130341865482925,0.0,0.0,0.0,-0.0440129003067067,-0.6424515247916465,-0.2748501391512215,-0.666413440013767,0.0,0.0,-0.3140559395198385,0.0,0.015923869374989,-0.3843846859609957,-0.4294411247122661,-0.1025754987210197,0.0,0.3913909321475072,0.4145016917399932,0.0,-0.0572192246935898,0.0,-0.0453493637527847,-0.6288800451917912,-0.8582634572104646,-0.7509847718832484,0.1153820550698067,0.0,0.2455097134450901,0.0,0.0,-0.6559677258216898,-0.101652468281223,0.0,0.0,0.0442142555659552,0.0,0.0240576836738528,-0.1146995636782481,-0.0988943389337289,-0.3790931297381242,0.0,0.0,-0.8588399924313044,0.0,0.0220487594946134,0.0279118361499314,0.4673102200306234,0.0,0.0,0.0,0.0,0.0,0.0,-0.0904124335134114,0.0,-0.9325130660889288,-0.3600089130105871,-0.1862938040073287,0.0246091964807358,0.0,-0.4486617058788976,-0.9188353135771444,-0.0734337289842601,0.0,-0.0734337289842601,0.0,0.0,0.0,0.0,0.0,0.0092978795793724,0.0,0.0,0.0,-0.1501001704092069,-0.0315521706015776
709,0.0,0.0,-0.3947913696245795,0.0,-0.0551137126574007,-0.9755594303649656,0.3020376672067497,0.0729934793340149,0.0,0.0,0.0,0.0,0.0146393291392213,0.0,0.0,0.0,-0.0183171585364623,-0.637537976430417,-0.2679440404725926,-0.6596543823889511,0.0,0.0,-0.3154645758020384,0.0,0.009087868780943,-0.3760508462037467,-0.446835444900079,-0.1091722259106744,0.0,0.3962092691916329,0.4025034335049255,0.0,-0.0634535420045501,0.0,-0.0389495836495642,-0.6260971457631205,-0.8543330788143959,-0.7466806034991051,0.1543755516425748,0.0,0.2268928559808308,0.0,0.0,-0.6486116652489261,-0.0642135374520824,0.0,0.0,0.0498098679312847,0.0,0.0101697487646196,-0.1005632365482667,-0.1013936225997871,-0.3771394708119501,0.0,0.0,-0.8690716662869078,0.0,0.063075184848047,0.0419214704380899,0.5333664903026114,0.0,0.0,0.0,0.0,0.0,0.0,-0.0608444779027966,0.0,-0.9309464674408964,-0.3654979625196936,-0.1822149306049275,0.0261801961782028,0.0,-0.4262694287424388,-0.9188353135771444,-0.0399235648486781,0.0,-0.0399235648486781,0.0,0.0,0.0,0.0,0.0,0.0138720384938678,0.0,0.0061422071287459,0.0,-0.1667138363942338,-0.0361682619062041
710,0.0,0.0,-0.3850008736049901,0.0,-0.1121899014165831,-0.9743480487329474,0.2793044084510018,0.0666070574752127,0.0099380064612468,0.0,0.0,0.0,0.0153454530219858,0.0,0.0,0.0,0.0,-0.6319729577878772,-0.2579311483989127,-0.6563830687381108,0.0,0.0,-0.3056356439128344,0.0,0.0070736796296285,-0.3670577997374059,-0.4776876632504248,-0.109229659935013,0.0,0.4099762505148614,0.4113309543925362,0.0,-0.0769075220261754,0.0063237146312134,-0.0279578381630437,-0.6152102864366213,-0.8538918066731451,-0.7427229819445426,0.1606599981410351,0.0,0.2115098547686581,0.0,0.0,-0.6433356452498067,0.0757203455096583,0.0,0.0,0.0531714809570862,0.0,0.0173003441037058,-0.0846160149161815,-0.0885712488646321,-0.3685099415373987,0.0,0.0,-0.8785078634671994,0.0,0.0903381332785902,0.0512847730727611,0.5048872199738522,0.0,0.0,0.0,0.0,0.0,0.0,-0.0298626552742512,0.0,-0.925967375429834,-0.3755891832432685,-0.1783998171338091,0.0309739456036063,0.0,-0.4027855269088638,-0.9188353135771444,0.0,0.0,0.0,0.0,0.0,0.0,0.0,0.0,0.0204187153937642,0.0,0.0,0.0,-0.1817948083934212,-0.0286341750434443
711,0.0,0.0,-0.3814551530125246,0.0,-0.1643946121728093,-0.9725160292593252,0.248434678810131,0.0656099543709437,0.0,0.0,0.0,0.0,0.0150250690895277,0.0,0.0,0.0,0.0,-0.624863650022281,-0.247457674982222,-0.6582724792614811,0.0,0.0,-0.2991418598861218,0.0,0.0,-0.3533774368368551,-0.4991416036168439,-0.0985439474930233,0.0,0.4173533476853219,0.4296228427135394,0.0,-0.0837390407254709,0.012389694955406,-0.0097891560409399,-0.6044929821890281,-0.8557310904911573,-0.7403524243975957,0.0735812774172865,0.0,0.2072377774687512,0.0,0.0,-0.6227484860938594,0.070500277215281,0.0,0.0,0.0528130687844174,0.0,0.0383816672752879,-0.0723521432042813,-0.0646503658486778,-0.3511516822951085,0.0,0.0,-0.8869773848125759,0.0,0.0839597486114522,0.0368575220238275,0.5245691724795732,0.0,0.0,0.0,0.0,0.0,0.0,-0.0217943620876264,0.0,-0.9203775880635648,-0.3813199892112177,-0.1701218525524339,0.0395924298403629,0.0,-0.382063344669593,-0.9188353135771444,0.0,0.0,0.0,0.0070479221048782,0.0,0.0,0.0,0.0,0.0260988899640927,0.0,0.0,0.0,-0.1982249031298047,-0.0136004525784317
712,0.0,0.0,-0.372479968782807,0.0,-0.2172256544223385,-0.9696540673183254,0.287385370932865,0.0642171358413454,0.0,0.0,0.0,0.0,0.0137556760472163,0.0,0.0,0.0,0.0,-0.6197821291653478,-0.2406982762745735,-0.6611353521265358,0.0,0.0,-0.287250768812145,0.0,0.0,-0.3400002897843655,-0.5208984763505367,-0.0832198476939587,0.0,0.378532163831225,0.5027372206451172,0.0,-0.0831407413373096,0.0193883622335603,0.0,-0.5931543064193852,-0.8600458577060683,-0.738479150995796,0.033219869858335,0.0,0.1970953361160234,0.0,0.0,-0.6115033796898613,0.0679766023822386,0.0,0.0,0.0563044053337782,0.0,0.0440855875105732,-0.0531534881450411,-0.0228190938483844,-0.3139708010692811,0.0,0.0,-0.893936966272765,0.0,0.0734996478916334,0.0166411090786446,0.538750896536329,0.0,0.0,0.0,0.0,0.0,0.0,-0.0066667589802421,0.0,-0.9145091578635314,-0.3906996630166242,-0.1706406281160654,0.0489761843561707,0.0,-0.362775144079013,-0.9188353135771444,0.0,0.0,0.0,0.0054828046366981,0.0,0.0,0.0,0.0,0.0317260438421372,0.0,0.0,0.0,-0.2214001490911906,0.0110706331213632
713,0.0,0.0,-0.3698923204666868,0.0,-0.2412176092578686,-0.9658534969278691,0.3171256181624313,0.0620675424996784,0.0,0.0,0.0,0.0,0.011790569650431,0.0,0.0,0.0,0.0,-0.6161364361741599,-0.2003935939417088,-0.6702400591352473,0.0,0.0,-0.2860446050405894,0.0,0.0,-0.3262410780566142,-0.5464844283753291,-0.0647050974032691,0.0,0.3840039927278724,0.5014227896469098,0.0,-0.0777346602224935,0.0278479939122036,0.0,-0.5820535074652298,-0.8653664962289676,-0.7378169124047186,0.0,0.0,0.1683861318136195,0.0,0.0,-0.5910384437091922,0.0700452649852069,0.0,0.0115747590342102,0.0590038691837773,0.0,0.0458914313763366,-0.0420408248696522,0.0,-0.2640016805769117,0.0,0.0,-0.9019095332090172,0.0,0.0608705135510881,0.0108722905746776,0.5810228001811852,0.0,0.0,0.0,0.0,0.0,0.0,0.0,0.0,-0.9076716837241054,-0.3950263111664511,-0.1682358806509142,0.056441235159933,0.0,-0.353608550201797,-0.9188353135771444,0.0,0.0,0.0,0.0,0.0,0.0,0.0,0.0,0.0373563496500843,0.0,0.0065942624126543,0.0,-0.2446246053061035,0.0170780339416822
714,0.0,0.0,-0.3625376537465001,0.0,-0.2543906136925002,-0.96113428275912,0.3494594614471634,0.0560197274430798,0.0,0.0,0.0,0.0,0.0094765928048394,0.0,0.0,0.0,0.0,-0.6129476932399682,-0.1679118182586158,-0.6707480921995597,0.0,0.0,-0.2870226659600901,0.0,0.0,-0.3117122761821568,-0.5594987156224638,-0.0571128668822637,0.0,0.4135340937050412,0.4919150335317734,0.0,-0.0684186668086361,0.0361259042450881,0.0,-0.5721094519895649,-0.8720704771221035,-0.7395620968570313,0.005502658816182,0.0,0.1341938342239283,0.0,0.0,-0.5743951664606266,0.073076032636963,0.0,0.0262963253742281,0.0594346342002627,0.0,0.042593258241977,-0.0290976893776205,0.0,-0.2083371379419744,0.0,0.0,-0.9059780923366684,0.0,0.048005324306942,0.0081925284455245,0.5545795938889843,0.0,0.0,0.0,0.0,0.0,0.0,0.0,0.0,-0.900815350638378,-0.4095356113098026,-0.1738601483377081,0.0570721264145636,0.0,-0.3492824698016411,-0.9188353135771444,0.0,0.0,0.0,0.0,0.0,0.0,0.0,0.0,0.0412137909407781,0.0,0.0104001185021712,0.0,-0.2709877426424805,0.0242664066655809
715,0.0,0.0,-0.3693581964487856,0.0,-0.2617763179387961,-0.952979019486619,0.3782942576327969,0.052095184050409,0.0,0.0,0.0,0.0,0.007155348420075,0.0,0.0,0.0,0.0,-0.6115651095340394,-0.1511959901563039,-0.6662649806089171,0.0,0.0,-0.2743699422210779,0.0,0.0,-0.3067056547324246,-0.5676183215331901,-0.0471602321285635,0.0,0.4551871804868948,0.4922963590475925,0.0,-0.0605107731454215,0.0439678996838401,0.0,-0.5620211740429069,-0.8777699747305521,-0.7427125777951891,0.0211857769874852,0.0,0.108678578084568,0.0,0.0,-0.5552146684268602,0.0801770540026417,0.0,0.0247020384434133,0.0326021524160258,0.0,0.0406587603678192,-0.0268048563819019,0.0091877014071638,-0.1535181808919774,0.0,0.0,-0.9056828789820308,0.0,0.0348513510215531,0.0058265408459256,0.5215223599855785,0.0,0.0,0.0,0.0,0.0,0.0,0.0,0.0,-0.8945362233997609,-0.427830139816287,-0.1851324351715458,0.0520287722688577,0.0,-0.349076786165847,-0.9188353135771444,0.0,0.0,0.0,0.0,0.0,0.0,0.0,0.0,0.0176651787768873,0.0,0.0081252842858214,0.0,-0.2904705810067881,0.0262082842321294
716,0.0,0.0,-0.3726542056806228,0.0,-0.2645562064348353,-0.9448319592659572,0.4024868979432923,0.0459195431303866,0.0,0.0,0.0,0.0,0.0054123776551312,0.0,0.0,0.0,0.0,-0.6121118445101156,-0.1398435169981377,-0.6675202758108709,0.0,0.0,-0.267622225335781,0.0,0.0076532864949574,-0.3078026439099525,-0.574826584424956,-0.0323112704504473,0.0,0.4707766556236405,0.4902552960314179,0.0,-0.0449158138198478,0.0502266555698101,0.0,-0.5539830915747158,-0.8840966569732078,-0.7475487546347035,0.0113275484634938,0.0,0.096435049398253,0.0,0.0,-0.5447036566260486,0.0903645390798791,0.0,0.0222784102210837,0.0141915635472779,0.0,0.0373227304957331,-0.0184165209582225,0.0078438667608377,-0.1008233404794022,0.0,0.0,-0.9048161435688128,0.0,0.0250246323680971,0.0,0.461866794536393,0.0,0.0,0.0,0.0,0.0,0.0,-0.0155466270923983,0.0,-0.8893728316402618,-0.4446127025373415,-0.1942555312848523,0.0458249524477947,0.0,-0.3493424980586952,-0.9188353135771444,0.0,0.0,0.0,0.0,0.0,0.0,0.0,0.0,0.0115928411538594,0.0,0.0059278998692365,0.0,-0.304762816442327,0.0232393906198704
717,0.0,0.0,-0.3825117893751965,0.0,-0.261284341334644,-0.9363692468225202,0.4081324012709706,0.0400111954578914,0.0,0.0,0.0,0.0,0.0,0.0,0.0,0.0,0.0,-0.6118580712963363,-0.1311716732350848,-0.6638645765050832,0.0,0.0,-0.2605546885452985,0.0,0.0056242770400825,-0.3129999375997521,-0.5763749354876815,-0.0234353656877921,0.0,0.4179126737388403,0.4935941170555447,0.0,-0.0243708159317928,0.0394799862712086,0.0,-0.5444522756249658,-0.8905102350799896,-0.7513672559070325,0.0125205331506856,0.0,0.0876620245601445,0.0,0.0,-0.540727165402831,0.1002189305591524,0.0,0.019246127952987,0.0081824573759801,0.0,0.0397588559358388,-0.0141619711263499,0.0063443605180547,-0.0525378656511224,0.0,0.0,-0.9026657395947012,0.0,0.0255418943924329,0.0,0.4177136802331074,0.0,0.0,0.0,0.0,0.0,0.0,-0.0149335842019604,0.0,-0.8853582467723178,-0.4612868912415157,-0.2032101449495714,0.0398685962183524,0.0,-0.3563989546980421,-0.9188353135771444,0.0,0.0,0.0,0.0090295822620115,0.0,0.0,0.0,0.0,0.0076368840402661,0.0,0.0,0.0,-0.3117757882415809,0.0192580585283507
718,0.0,0.0,-0.3925624564774028,0.0,-0.2546881308275967,-0.9280311371522624,0.4040476154600625,0.0328900919598039,0.0,0.0,0.0,0.0,0.0,0.0,0.0,0.0084544516806403,-0.0299451752812364,-0.6127157829473477,-0.1307464705982142,-0.6568593863181115,0.0,0.0,-0.2489622486310113,0.0,0.0,-0.3315462811566125,-0.5660198445286831,-0.0360884034720143,0.0,0.3682928937026113,0.4778415608691027,0.0,-0.013555107027362,0.0157320537894989,0.0,-0.5362536409775631,-0.892455029424033,-0.7557729122919721,0.0428500139015459,0.0,0.0815914922630037,0.0,0.0,-0.5506959853083533,0.1121464766927652,0.0,0.0158688430526622,0.0,0.0,0.0337316347234152,-0.0149465603016643,0.0,-0.0267826104760181,0.0,0.0,-0.9005349922591845,0.0,0.0190486073337071,0.0,0.4696908890545803,0.0,0.0,0.0,0.0,0.0,0.0,-0.0158367328905018,0.0,-0.8816294028447631,-0.4781574442316355,-0.2102772095504841,0.0431657270196538,0.0,-0.3566224314875371,-0.9188353135771444,-0.0251962052065538,0.0,-0.0251962052065538,0.0162513360360517,0.0,0.0,0.0,0.0,0.0,0.0,0.0,0.0,-0.3068308236185955,0.0156719639612716
719,0.0,0.0,-0.4084699294568295,0.0,-0.2603054603185015,-0.9204088874399554,0.2956358663647577,0.0256556477815376,0.0,0.0,0.0,0.0,0.0,0.0,0.0,0.0154479709529316,-0.063977064747137,-0.6151030583601331,-0.1357531257762449,-0.6500211178016543,0.0,0.0,-0.2327803426363055,0.0,0.0,-0.3444170606837784,-0.5534258049230574,-0.0552786910560071,0.0,0.3275067246385107,0.4505747500337545,0.0,-0.0119962641871309,0.0,0.0,-0.5219738102307236,-0.894917248942479,-0.7594942045161026,0.0822313930141297,0.0,0.0940152778494328,0.0,0.0,-0.5568303684140229,-0.0732698336899167,0.0,0.0105991407253531,0.0,0.0,0.0268337643843899,-0.0278429447693132,0.0,-0.010257020994186,0.0,0.0,-0.8966635303000965,0.0,0.016051112792914,0.0,0.5251016129119691,0.0,0.0,0.0,0.0,0.0,0.0,-0.0155670215189038,0.0,-0.8810248921873294,-0.4916838580941242,-0.207368065715745,0.0353406145910154,0.0,-0.3568064843975903,-0.9188353135771444,-0.0485675032082145,0.0,-0.0485675032082145,0.0,0.0,0.0,0.0,0.0,0.0,0.0,0.0,0.0,-0.2934531795696475,0.021580301944968
720,0.0,0.0,-0.4291696395115652,0.0,-0.2792372707394915,-0.9140016837883084,0.2085658102841818,0.0181316372590705,0.0,0.0,0.0,0.0,0.0,0.0,0.0,0.0164968330617823,-0.093406038152673,-0.6167551002177059,-0.1414796437775921,-0.646487554503048,0.0,0.0,-0.2125583449364593,0.0,0.0,-0.3617849464007488,-0.5254908538646634,-0.0716233179758939,0.0,0.320430877716813,0.4184206438394286,0.0,-0.0029523647026458,0.0,0.0,-0.5056436866672593,-0.8931086695958372,-0.7618663452919612,0.1209746556443592,0.0,0.0927018455923582,0.0,0.0,-0.5691453136365997,-0.0881430163998781,0.0,0.00816260389105,0.0,0.0,0.020741685593655,-0.0381182069705766,0.0,-0.0144302095732523,0.0,0.0,-0.8932461785437056,0.0,0.0164078177675664,0.0,0.5735236574328032,0.0,0.0,0.0,0.0,0.0,0.0,-0.0227908637533033,0.0,-0.8808383916745046,-0.5027624333250102,-0.2062572831438895,0.0291269047209488,0.0,-0.3575605620691142,-0.9188353135771444,-0.0656333514174912,0.0,-0.0656333514174912,0.0,0.0,0.0,0.0,0.0,0.0,0.0,0.0,0.0,-0.2727049635177153,0.0485726632030295
721,0.0,0.0,-0.4480266362200091,0.0,-0.2994944296337099,-0.90994171975683,0.2350167233421042,0.0291929179444387,0.009940540167574,0.0,0.0,0.0,0.0,0.0,0.0,0.0130393295331342,-0.1223416862744708,-0.6161474711937721,-0.1324764799072695,-0.6490706076510817,0.0,0.0,-0.1853277134702059,0.0,0.0,-0.3708240226271146,-0.500755725977104,-0.0860134092701352,0.0,0.3179926295582665,0.3852536579520416,0.0,0.0,0.0082733120889054,0.0,-0.4869031532526802,-0.8876542848094657,-0.7626218264588647,0.1677071656578048,0.0,0.0868459531912621,0.0,0.0,-0.5839628036807613,-0.1085352701990993,0.0,0.0068454561488461,0.0,0.0,0.0147717069115779,-0.0537932067125051,0.0,-0.0293494820126374,0.0,0.0,-0.8899085675739142,0.0,0.020090996585582,0.0,0.5027933254912759,0.0,0.0,0.0,0.0,0.0,0.0,-0.0381910107860165,0.0,-0.8806551679411401,-0.4997785536004105,-0.207404500142108,0.0242867716487959,0.0,-0.3445663143417788,-0.9188353135771444,-0.0784905692963777,0.0,-0.0784905692963777,0.0,0.0,0.0,0.0,0.0,0.0,0.0,0.0,0.0,-0.2233435359162575,0.0467602828397764
722,0.0,0.0,-0.468990339016697,0.0,-0.3215028784379672,-0.9082203216574448,0.2467351582976481,0.0262480984187864,0.0064577498620461,0.0,0.0,0.0,0.0,0.0,0.0,0.009785857533293,-0.1369355057269741,-0.6155357115750719,-0.1368521525874209,-0.6615256165942945,0.0,0.0,-0.1568696024332708,0.0,0.0,-0.3785621087864584,-0.4795702983086035,-0.1026602440783243,0.0,0.3209231225506612,0.3589013221004822,0.0,-0.005839223081417,0.0134826637194535,-0.0066236679971348,-0.4628594379995627,-0.8828662406566439,-0.7630006298341039,0.1724323008495221,0.0,0.0985139578771039,0.0,0.0,-0.5973500923396847,-0.1285300456519719,0.0,0.0117781115962422,0.0,0.0,0.0092895599036058,-0.0772960651781361,0.0,-0.0483949565686617,0.0,0.0,-0.886890545192029,0.0,0.0253001420774512,0.0,0.4204518714138957,0.0,0.0,0.0,0.0,0.0,0.0,-0.0667310600839625,0.0,-0.880859685683931,-0.4888636565363642,-0.1952712238629756,0.0191952235020659,0.0,-0.3293672840903698,-0.9188353135771444,-0.0858290698438724,0.0,-0.0858290698438724,0.0,0.0,0.0,0.0,0.0,0.0,0.0,0.0,0.0,-0.1583059325388123,0.0416992588512633
