,1-2Dichloroethane0,1-2Dichloroethane1,1-2Dichloroethane2,1-chlorodecane0,2A10,2A11,4-octylphenol0,4-octylphenol1,124-Trichlorobenzene0,124-Trichlorobenzene1,A7360,A7361,A7362,Acetone0,Acide Acrylique0,Acide Acrylique1,Acide Acrylique2,alphaEndosulfan0,alphaEndosulfan1,alphaEndosulfan2,Anthracene0,Anthracene1,Benzene0,Benzo(a)pyrene0,Benzo(a)pyrene1,betaEndosulfan0,betaEndosulfan1,betaEndosulfan2,Biphenyl0,Carbaryl0,Carbaryl1,Chlorothanolil0,Chlorothanolil1,Chlorothanolil2,Chlorpyrifos0,Chlorpyrifos1,Cypermethrine0,Cypermethrine1,DDD(2-4)0,DDD(2-4)1,DDD(2-4)2,Dicofol0,Dicofol1,Dieldrin0,Dieldrin1,H400,H401,H402,Hydrazine0,Hydrazine1,Ibuprofen0,Isodrin0,Isodrin1,L10000,L10001,Lindane0,Methomyl0,Methomyl1,Methomyl2,Methomyl3,Methomyl4,Methomyl5,Methomyl6,Nitric Acid0,Pentachlorophenol0,Pentachlorophenol1,PiperonylButoxide0,PiperonylButoxide1,Quinoxyfen0,Quinoxyfen1,Quinoxyfen2,Tebufenozide0,Tebufenozide1,Tetrachloroethylene0,Tetrachloroethylene1,Trichlorobenzene(123)0,Trichlorobenzene(123)1,Trichlorobenzene(123)2,Trichlorobenzene(123)3,Trichloroethylene0,Trichloroethylene1,Trichloroethylene2,Trifluralin0,Trifluralin1,Trifluralin2,Trifluralin3,Verapamil0,Verapamil1,Verapamil2
0,0.0,0.0,0.0,0.0,-0.1228191005553193,-0.1228191005553193,0.0,0.0,0.0,0.0862932974313716,0.0,0.0,0.0,0.0,0.0,0.0,0.0,0.0,-0.0984599768125148,0.0,0.0,0.0,0.0,0.0,0.0,0.0,0.0,0.0,0.0,0.4693303257545075,0.0,0.0,0.0,0.0,0.0,0.0,0.0,0.0,0.2283329788427712,0.1158968221791359,0.5845617565717134,0.0,0.0932819753960888,0.0,0.3953461988531366,0.0,0.0,0.0,0.1769295070321292,0.0,0.0,0.0,0.0,0.0,0.0,0.0,0.0,0.0,0.0,0.0,0.0,0.0,0.0,0.0,0.0,0.0,0.0,0.0,0.417354890103688,0.0,0.0,0.0,0.0,0.0,0.0,0.0,0.0,0.0,0.0,-0.0439269373972192,0.0664263554941251,0.0,0.0,0.0,0.077991634941063,0.0,0.0,0.0,0.0
1,0.0,0.0,0.0,0.0,-0.1567408464793807,-0.1567408464793807,0.0,0.0,0.0,0.1336910880524355,0.0,0.0,-0.0916516172988308,0.0,0.0,0.0,0.0,0.0,-0.1755422300486558,0.0,0.0,0.0,0.0,0.0,0.0,0.0,0.0,0.0,0.0,0.4657083738675648,0.0,0.0,0.0,0.0,0.0,0.0,0.0,0.0,0.2736297213175598,0.0934764037953294,0.6031916323733442,0.0,0.0961440524468296,0.0,0.3707398197611103,0.0,0.0,0.0,0.1405272700969121,0.0,0.0,0.0,0.0,0.0,0.0,0.0,0.0,0.0,0.0,0.0,0.0,0.0,0.0,0.0,0.0,0.0,0.0,0.0,0.3723947763677687,0.0,0.0,0.0,0.0,0.0,0.0,0.0,-0.1251966098906944,0.0,0.0,-0.080931129673438,0.074111030994858,-0.0680495022952129,0.0,0.0,0.0781980174850093,0.0,0.0,0.0,0.0
2,0.0,0.0,0.0,0.0,-0.1816439976747092,-0.1816439976747092,0.0,0.0,0.0,0.1090555407825927,0.0,0.0,-0.1269619346799904,0.0,0.0,0.0,0.0,0.0,-0.2337291318144913,0.0,0.0,0.0,0.0,0.0,0.0,0.0,0.0,0.0,0.0,0.4517282614687715,0.0,0.0,0.0,0.0,0.0,0.0,0.0,0.0,0.3477131183753138,0.0781756636684485,0.6114334012651598,0.0,0.104063513078748,0.0,0.3470134130911209,0.0,-0.0485581106607972,0.0,0.1021097950082859,0.0,0.0,0.0,0.0,0.0,0.0,0.0,0.0,0.0,0.0,0.0,0.0,0.0,0.0,0.0,0.0,0.0,0.0,0.0,0.3577211446143218,0.0,0.0,0.0,0.0,0.0,0.0,0.0,-0.2056000644792659,0.0,0.0,-0.1170950815762896,0.0699397190115873,-0.1123981944992777,0.0,0.0,0.078808299938344,0.0,0.0,0.0,0.0
3,0.0,0.0,0.0,0.0,-0.194093167078674,-0.194093167078674,0.0,0.0,0.0,0.0832401408073459,0.0,0.0,-0.1358348889048401,0.0,0.0,0.0,0.0,0.0,-0.2823193770803465,0.0,0.0,0.0,0.0,0.0,0.0,0.0,0.0,0.0,0.0,0.4386779508788999,0.0,0.0,0.0,0.0,0.0,0.0,0.0,0.0,0.426538391562099,0.0682585117697963,0.5620110774784147,0.0,0.1064088421184179,0.0,0.3372263469297323,0.0,-0.0973188672343888,0.0,0.0780488417458368,0.0,0.0,0.0,0.0,0.0,0.0,0.0,0.0,0.0,0.0,0.0,0.0,0.0,0.0,0.0,0.0,0.0,0.0,0.0,0.3581582267496416,0.0,0.0,0.0,0.0,0.0,0.0,0.0,-0.2362778264232348,0.0,0.0,-0.1545463354475638,0.0640952531203929,-0.1411213416830016,0.0,0.0,0.0796971521553506,0.0,0.0,0.0,0.0
4,0.0,0.0,0.0,0.0,-0.1816645405078568,-0.1816645405078568,0.0,0.0,0.0,0.0,0.0,0.0,-0.1421923598864348,0.0,0.0,0.0701974784852204,0.0,0.0,-0.315596829955221,0.0,0.0,0.0,0.0,0.0,0.0,0.0,0.0,0.0,0.0,0.4211786278635741,0.0,0.0,0.0652566683182514,0.0,0.0,0.0,0.0,0.0,0.5007834996620946,0.0,0.5228166746279846,0.0,0.119420492952432,0.0,0.3381125163438172,0.0,-0.1187201900376209,-0.1589429422430046,0.0,0.0,0.0,0.0,0.0,0.0,0.0,0.0,0.0,0.0,0.0,0.0,0.0,0.0,0.0,0.0,0.0,0.0,0.0,0.0,0.3475285991315217,0.0,0.0,0.0,0.0,0.0,0.0,0.0,-0.220678346776827,0.0,0.0,-0.1975919977016479,0.0691766983542034,-0.1659443827465851,0.0,0.0,0.0763798286269129,0.0,0.0,0.0,0.0
5,0.0,0.0,0.0,0.0,-0.1684296637263154,-0.1684296637263154,0.0,0.0,0.0,0.0,0.0,0.0,-0.1245301258564979,0.0,0.0,0.0695633238068246,0.0,0.0,-0.3352972356547553,0.0,0.0,0.0,0.0,0.0,0.0,0.0,0.0,0.0,0.0,0.4012237805145779,0.0,0.0,0.0736235042693798,0.0,0.0,0.0,0.0,0.0,0.5588196788361964,0.0,0.4825058016734097,0.0,0.118205712760276,0.0,0.3416665069569852,0.0,-0.1217319924491563,-0.2607293635781623,0.0710420958463754,0.0,0.0,0.0,0.0,0.0,0.0,0.0,0.0,0.0,0.0,0.0,0.0,0.0,0.0,0.0,0.0,0.0,0.0,0.0,0.3450893030587177,0.0,0.0,0.0,0.0,0.0,0.0,0.0,-0.1862365451098876,0.0,0.0,-0.2438206876995325,0.0709660012442979,-0.1850410880788459,0.0,0.0,0.0807678877055896,0.0,0.0,0.0,0.0
6,0.0,0.0,0.0,0.0,-0.1459227103596989,-0.1459227103596989,0.0,0.0799431982899207,0.0,0.0,0.0,0.0,-0.1115882681385125,0.0,0.0,0.0619783762764198,0.0,0.0,-0.3527701395898975,0.0,0.0,0.0,-0.048755626390505,0.0,0.0,0.0,0.0,0.0,0.0,0.3790769679937704,0.0,0.0,0.0795996770213505,0.0,0.0,0.0,0.0,0.0,0.6036876997102003,0.0,0.4510737808293115,0.0,0.1015107683398453,0.0,0.3624288032002278,0.0,-0.1167821260144823,-0.3455784306311261,0.1021684087072087,0.0,0.0,0.0,0.0,0.0,0.0,0.0,0.0,0.0,0.0,0.0,0.0,0.0,0.0,0.0,0.0,0.0,0.0,0.0,0.319231543039952,0.0,0.0,0.0,0.0,0.0,0.0,0.0,-0.1373620289880115,0.0,0.0,-0.2987132282236321,0.0931879326478349,-0.1864594887321549,0.0,0.0,0.0806955133117683,0.0,0.0,0.0,0.0
7,0.0,0.0,0.0,0.0,-0.1234210131242543,-0.1234210131242543,0.0,0.0948544094881462,0.0,0.0,0.0,0.0,-0.0952694466588991,0.0,0.0,0.0,0.0,0.0,-0.3583660112494529,0.0,0.0,0.0821854541756704,-0.043649029560493,0.0,0.0,0.0,0.0,0.0,0.0,0.3497244013228,0.0,0.0,0.0767690427240572,0.0,0.0,0.0,0.0,-0.0857543475252165,0.6289202063078205,0.0,0.4276123009201709,0.0,0.085929372043629,0.0,0.3822259305975411,0.0,-0.0972893046105226,-0.4126652395185776,0.1325191038112348,0.0,0.0,0.0,0.0,0.0,0.0,0.0,0.0,0.0,0.0,0.0,0.0,0.0,0.0,0.0,0.0,0.0,0.0,0.0,0.2853419977134013,0.0,0.0,0.0,0.0,0.0,0.0,0.0,-0.0799401256244868,0.0,0.0,-0.3465983501050638,0.0926086096785381,-0.1924000547010727,0.0,0.0,0.0774464656532223,0.0,0.0,0.0,0.0
8,0.0,0.0,0.0,0.0,-0.0914530258270388,-0.0914530258270388,0.0,0.1082698072963548,0.0,0.0,0.0,0.0,-0.091631272655515,0.0,0.0,0.0,0.0,0.0,-0.3576354399267059,0.0,0.0,0.1061482049556139,0.0,0.0,0.0,0.0,0.0,0.0,0.0,0.3232420770324854,0.0,0.0,0.0,0.0,0.0,-0.0649848496885812,0.0,-0.1341897064650215,0.6426838513341826,0.0,0.410627097498204,0.0,0.0904961335796196,0.0,0.4001827073261799,0.0,-0.0768134300629469,-0.4426818218782133,0.1710485646357544,0.0,0.0,0.0,0.0,0.0,0.0,0.0,0.0,0.0,0.0,0.0,0.0,0.0,0.0,0.0,0.0,0.0,0.0,0.0,0.2533870251163794,0.0,0.0,0.0,0.0,0.0,0.0,0.0,0.0,0.0,0.0,-0.3937429065454564,0.101878951607835,-0.200280079841469,0.0,0.0,0.0715517045351534,0.0,0.0,0.0,0.0
9,0.0,0.0,0.0,0.0,-0.0623261367260154,-0.0623261367260154,0.0,0.1258716250136742,0.0,0.0,0.0,0.0,-0.0883065430177978,0.0,0.0,0.0,0.0,0.0,-0.3464678615070166,0.0,0.0,0.1273688496457677,0.0,0.0,0.0,0.0,0.0,0.0,0.0,0.301131248470513,0.0,0.0,0.0,0.0,0.0,-0.110324594389354,0.0,-0.1760688125974891,0.6296355241167226,0.0,0.4045847232351707,0.0,0.1032246491263465,0.0,0.3637336729143439,0.0,-0.0576750283306273,-0.4601505554040065,0.2119899065838474,0.0,0.0,0.0,0.0,0.0,0.0,0.0,0.0624510355440476,0.0,0.0,0.0,0.0,0.0,0.0,0.0,0.0,0.0,0.0,0.0,0.2433957979458663,0.0,0.0,0.0,0.0,0.0,0.0,0.0,0.0,0.0,0.0,-0.4324085323994638,0.1160954775492688,-0.2057267561922654,0.0,0.0,0.06365125023292,0.0,0.0,0.0,0.0
10,0.0,0.0,0.0,0.0,-0.0464171965904634,-0.0464171965904634,0.0,0.145801530992613,0.0,0.0,0.0,0.0,-0.0970928795767742,0.0,0.0,0.0,0.0,0.0,-0.3328516021448736,0.0,0.0,0.1332127159103196,0.0,0.0,0.0,0.0,0.0,0.0,0.0,0.2880797965494207,0.0,0.0,0.0,0.0,0.0,-0.1453442427900568,0.0,-0.196052523252756,0.6566045826344755,0.0,0.4054183594726641,0.0,-0.067679116647523,0.0,0.369314400163935,0.0,0.0849799763835942,-0.4595418084562825,0.2507153237079009,0.0,0.0,0.0,0.0,0.0,0.0,0.0,0.0,0.0,0.0,0.0,0.0,0.0,0.0,0.0,0.0,0.0,0.0,0.0,0.2393945863204504,0.0,0.0,0.0,0.0,0.0,0.0,0.0,0.0,0.0,0.0,-0.4572839280336965,0.1250823178027652,-0.2259380775364509,0.0,0.0,0.0,0.0,0.0,0.0,0.0
11,0.0,0.0,0.0,0.0,0.0,0.0,0.0,0.1659724993516838,0.0,0.0,0.0,0.0,-0.1186678250929294,0.0,0.0,0.0,0.0,0.0,-0.3206856043178027,0.0,0.0,0.1226432797436022,0.0,0.0,0.0,0.0,0.0,0.0,0.0,0.2854188650011385,0.0,-0.0532413699782775,0.0,0.0,0.0,-0.1679187966053804,0.0,-0.1991803827569074,0.7133984062873223,0.0,0.455719385980685,0.0625083910478884,-0.1005606100978354,0.0,0.3812124986904551,0.0,0.1013668941945145,-0.4512696929182451,0.2797089783960308,0.0,0.0,0.0,0.0,0.0,0.0854907747079884,0.0,0.0,0.0,0.0,0.0,0.0,0.0,0.0,0.0,0.0,0.0,0.0,0.0,0.2505360757875096,0.0,0.0751570038819061,0.0,0.0,0.0,0.0,0.0,0.0,0.0,0.0,-0.4724694595517461,0.1286593184784527,-0.2560170782585562,0.0,0.0,0.0,0.0,0.0,0.0,0.0
12,0.0,0.0,0.0,0.0,-0.0519320923912345,-0.0519320923912345,0.0669818730895446,0.1849687672512866,0.0,0.0,0.0,0.0,-0.1454882239168863,0.0,0.0,0.0,0.0,0.0,-0.3036909181406415,0.0,0.0,0.1017785150500589,0.0,0.0,0.0,0.0,0.0,0.0,0.0,0.2912208348367796,0.0,-0.0785830210459632,0.0,0.0,0.0656500491730294,-0.1719552036622275,0.0,-0.1651861397711477,0.7985930349916504,0.0629411049516562,0.5075201875997265,0.0648101023233503,-0.1395465411413294,0.0,0.380037916426364,0.0,0.1152910322339301,-0.4421084879021716,0.2941592501212556,0.0,0.0,0.0,0.0,0.0,0.130077467297899,0.0,0.0,0.0,0.0,0.0,0.0,0.0,0.0,0.0,0.0,0.0,0.0,0.0,0.2756138484945088,0.0,0.0934197446488608,0.0,0.0,0.0,0.0,0.0,0.0,0.0,0.0,-0.489484754674273,0.1158283081135796,-0.2970838750794741,0.0,0.0,0.0,0.0,0.0,0.0,0.0
13,0.0,0.0,0.0,0.0,-0.0665263401166378,-0.0665263401166378,0.0840095856626989,0.2153915780793205,0.0,0.0,0.0,0.0,-0.1729172497543852,0.0,0.0,0.0,0.0,0.0,-0.2827322824193036,0.0,0.0,0.0795239495192621,0.0,0.0,0.0,0.0,0.0,0.0,0.0,0.2934633815323887,0.0673464783826264,-0.1167600290458891,0.0,0.0,0.0831204941479344,-0.1630538340591661,0.0,-0.1205603997577244,0.9174485622434476,0.0653832965434692,0.5593356586643398,0.0680979134989105,-0.179156816379695,0.0,0.3771377565954141,0.0,0.0809380567437882,-0.4284394692846431,0.2942317239566652,0.0,0.0,0.0,0.0,0.0,0.1451611658984893,0.0,0.0,0.0,0.0,0.0,0.0,0.0,0.0,0.0,0.0,0.0,0.0,0.0,0.3007185580892009,0.0,0.1247747919886867,0.0,0.0,0.0,0.0,-0.0502061592423935,0.0,0.0,0.0,-0.492913815955015,0.1033772256063593,-0.3478000195784095,0.0,0.0,0.0,0.0,0.0,0.0,0.0
14,0.0,0.0,0.0,0.0,-0.0796307967316833,-0.0796307967316833,0.0982984215241683,0.2384467457258942,0.0,0.0,0.0,0.0,-0.2023826989313202,0.0,0.0,0.0,0.0,0.0,-0.2554217649669113,0.0699939436464883,0.0,0.0,0.0,0.0,0.0,0.0,0.0,0.0,0.0,0.303593820174061,0.0705380634950479,-0.1509386471539211,0.0,0.0,0.1085257659794262,-0.1557167059932907,0.0,-0.0499760636951095,1.065624959278324,0.0,0.5552798071614964,0.0,-0.2135951414872349,0.0,0.3785638151930712,0.0,-0.0582031552463579,-0.4130704309598446,0.2778430521437494,0.0,0.0,0.0,0.0,0.0,0.1533874595941215,0.0,0.0,0.0,0.0,0.0,0.0,0.0,0.0,0.0,0.0,0.0,0.0,0.0,0.3342084605383025,0.0,0.1355769377099795,0.0,0.0,0.0,0.0,-0.0539159332663867,0.0,0.0,0.0,-0.498876815087823,0.0960204584252522,-0.3962811107690052,0.0,0.0628500225398802,0.0,0.0,0.0,0.0,0.0
15,-0.0554957816803789,0.0,0.0,0.0,-0.089772452670272,-0.089772452670272,0.1073083194142249,0.2634142032103196,0.0,0.0,0.0,0.0,-0.2157339240588636,0.0,0.0,0.0,0.0,0.0,-0.2293929064392051,0.071496609330269,0.0,0.0,0.0,0.0,0.0,0.0,0.0,0.0,0.0,0.3114782967745346,0.070981202622339,-0.1806852997484486,0.0754436163715434,0.0,0.138823231306899,-0.1342774753364255,0.0,0.0,1.2449177581595725,0.0,0.5188377505320025,0.0,-0.2250411395148576,0.0,0.3936081900766313,0.0,-0.0691430593988457,-0.4010141126219025,0.2476751017342724,0.0,0.0,0.0,0.0,0.0,0.1521427056927887,0.0,0.0,0.0,0.0,0.0,0.0,0.0,0.0,0.0,0.0,0.0,0.0,0.0,0.3730616970803973,0.0,0.1390674811794643,0.0,0.0,0.0,0.0,-0.0499804300510497,0.0,0.0,0.0,-0.5061470549383766,0.0906518000979574,-0.4488939024153393,0.0,0.0,0.0,0.0,0.0,0.0,0.0
16,-0.1746001562497377,0.0,0.0,0.0,-0.1012269786451956,-0.1012269786451956,0.1092975430815437,0.2831684312871121,0.0,0.0,0.0,0.0,-0.2181628168350626,0.0,0.0,0.0,0.0,0.0,-0.2168340106334965,0.068418932535068,0.0,0.0,0.0,0.0,0.0,0.0,0.0,0.0,0.0,0.3147561968414808,0.067684461756212,-0.2003804865908899,0.0882013572749547,0.0,0.1645954338278856,-0.1096419364405323,0.0,0.0,1.2834573142273924,0.0,0.494963142428054,0.0,-0.2322035473442391,0.0,0.4632716547265247,0.0,-0.0734488537949647,-0.3914368278806392,0.2096302419152347,0.0,0.0,0.0,0.0,0.0,0.1242336370608071,0.0,0.0,0.0,0.0,0.0,0.0,0.0,0.0,0.0,0.0,0.0,0.0,0.0,0.3707621721770318,0.0,0.1348998893438172,0.0,0.0,0.0,0.0,0.0,0.0,0.0,0.0,-0.5118482922285681,0.0709528423225027,-0.4952240394484029,0.0,0.0,0.0,0.0,0.0,0.0,0.0
17,-0.2767555002950232,0.0,0.0,0.0,-0.0980671486506422,-0.0980671486506422,0.1038714947904717,0.2791865078707048,0.0,0.0,0.0,0.0,-0.2022978647933693,0.0,0.0,0.0,0.0,0.0,-0.1983325656450783,0.0627209695487844,0.0,0.0,0.0,0.0,0.0765746505025265,0.0,0.0,0.0,0.0,0.3213650997203745,0.0651636208074574,-0.2161774641015564,0.0975398052756085,0.0,0.1928675806933723,-0.0909953900238276,0.0,0.0,1.245072321422286,0.0,0.500549812043743,0.0,-0.2272500107409485,0.0,0.4656635792500813,0.0,-0.0832935620207651,-0.3841386654965193,0.1693136298609229,0.0,0.0,0.0,0.0,0.0,0.0952776093182062,0.0,0.0,0.0,0.0,0.0,0.0,0.0,0.0,0.0,0.0,0.0,0.0,0.0,0.3789935059844467,0.0,0.1213941878978479,0.0,0.0,0.0,0.0,0.0,0.0,0.0,0.0,-0.5169906233049207,0.0,-0.538562098651269,0.0,0.0,0.0,0.0,0.0,0.0,0.0
18,-0.3551222916382212,0.0,0.0710399081722589,0.0,-0.0948917992280495,-0.0948917992280495,0.0921102130593647,0.2772940600172924,0.0,0.0758456626460774,0.0,0.0,-0.1700630427774106,0.0,0.0,0.0651621192375115,0.0,0.0,-0.1725434376905648,0.0,0.0,0.0,0.0,0.0719204394327214,0.0790411331546112,0.0,0.0,0.0,0.0,0.3126251387469174,-0.1087900509743064,-0.2359712521536504,0.101994064556395,0.0,0.2192928754193394,-0.0806990539058922,0.0,0.0,1.2585298952621031,0.0,0.5448627399188246,0.0,-0.2045949279884915,0.0,0.4628353266984126,0.0,-0.089764737492906,-0.3754839277393531,0.1334786275149707,0.0,0.0,0.0,0.0,0.0,0.0738831829568548,0.0,0.0,0.0,0.0,0.0,0.0,0.0,0.0,0.0,0.0,0.0,0.0,0.0,0.3868414868491578,0.0,0.1049112631482684,0.0,0.0,0.0,0.0,0.0,0.0,0.0,0.0,-0.5296018745795176,0.0,-0.5765740371183401,0.0,0.0,0.0,0.0,0.0,0.0,0.0
19,-0.4376277533958289,0.0,-0.0856249007182609,0.0,-0.0788002729691238,-0.0788002729691238,0.0762181719892035,0.2807831520085737,0.0,0.0784933539448537,0.0,0.0,-0.1213003073065915,0.0,0.0,0.065349184254604,0.0,0.0,-0.1597030927086254,0.0,0.0,0.0,0.0,0.0805804523116916,0.0820552776071674,0.0,0.0,0.0,0.0,0.2908833941596142,-0.1624158781693672,-0.2494537030810517,0.1008845537080013,0.0,0.2422262910513555,-0.0745405354757194,0.0,0.0,1.2829373460162512,0.0,0.5965113239362083,0.0,-0.1776648122906671,0.0,0.4685918190114977,0.0,-0.1024124356629712,-0.3654625857983791,0.0986840587872019,0.0,0.0,0.0,0.0,0.0,0.0,0.0,0.0,0.0,0.0,0.0,0.0,0.0,0.0,0.0,0.0,0.0,0.0,0.0,0.3984700944942742,0.0,0.0854199595191727,0.0,0.0,0.0,0.0,0.0,0.0,0.0,0.0,-0.5466998099229398,0.0,-0.6054388841310343,0.0,0.0,0.0,0.0,0.0,0.0,0.0
20,-0.5146264009651519,0.0,-0.2093698288309418,0.0,-0.047662298057553,-0.047662298057553,0.0,0.2851294959095775,0.0,0.0,0.0,0.0,-0.0712599414297297,0.0,0.0,0.0,0.0,0.0,-0.1544595074345612,0.0,0.0,0.0,0.0,0.0882271927189976,0.0859496253620985,0.0,0.0,0.0,0.0,0.262747441946584,-0.2075120069523721,-0.2621730862904086,0.09420247401257,0.0,0.2630755485815997,-0.0787371807223175,0.0,0.0,1.3277936209719845,0.0,0.6457639158040389,0.0,-0.1443825559062309,0.0,0.4769920029959212,0.0,-0.1105505436086828,-0.3593707003974065,0.1161373442775595,0.0,0.0,0.0,0.0,0.0,0.0,0.0,0.0,0.0,0.0,0.0,0.0,0.0,0.0,0.0,0.0,0.0,0.0,0.0,0.4171734587285159,0.0,0.0657715648176057,0.0,0.0,0.0,0.0,0.0,0.0,0.0,0.0,-0.5635076218848405,0.0695369503150568,-0.6227898706155325,0.0,0.0,0.0,0.0,0.0,0.0,0.0
21,-0.5685810561677846,0.0,-0.3205168366681275,0.0,0.0,0.0,0.0,0.2892929311596413,0.0,0.0,0.0,0.0,0.0,0.0,0.0,0.0,0.0,0.0,-0.1401435953576742,0.0,0.0,0.0,0.0,0.0955556890850248,0.0862579083951307,0.0,0.0,0.0,0.0,0.2329655053507638,-0.2373025524870455,-0.2623913268276475,0.0831180201924744,0.0,0.2790440266923294,-0.0899783421393777,0.0,0.0,1.361452110063697,0.0,0.6278836348790106,0.0,-0.1185629440782057,0.0,0.4752749194446189,0.0,-0.1190365758626846,-0.3521963226135582,0.186626297559183,0.0,0.0,0.0,0.0,0.0,0.0,0.0,0.0,0.0,0.0,0.0,0.0,0.0,0.0,0.0,0.0,0.0,0.0,0.0,0.455453541856272,0.0,0.0646653707018622,0.0,0.0,0.0,0.0,0.0,0.0,0.0,0.0,-0.578689124071837,0.0815429740363082,-0.6387400077691672,0.0,0.0,0.0,0.0,0.0,0.0,0.0
22,-0.6017298585065239,0.0,-0.4155228725850162,0.0,0.0,0.0,0.0,0.2878584450348343,0.0,0.0,0.0,0.0,0.0,0.0,0.0,0.0,0.0,0.0,-0.1331012001289785,0.0,0.0,0.0,0.0,0.1016457136703451,0.0851222256092818,0.0,0.0,0.0,0.0,0.2015618485759975,-0.252687589432264,-0.2584564922747232,0.069222490946191,0.0,0.2812385510811986,-0.1194774209422866,0.0,0.0,1.3969564244778945,0.0,0.6211677532517641,0.0,-0.0849186767758065,0.0,0.483098676736194,0.0,-0.1267181936665175,-0.3521809138229118,0.1942295063471045,0.0,0.0,0.0,0.0,0.0,0.0,0.0675422027513223,0.0,0.0,0.0,0.0,0.0,0.0,0.0,0.0,0.0,0.0,0.0,0.0,0.4934274353021874,0.0,0.0676935289776395,0.0,0.0,0.0,0.0,0.0,0.0,0.0,0.0,-0.5910938113715175,0.0881434502303735,-0.6486249863310861,0.0,0.0,0.065054644150917,0.0,0.0,0.0,0.0
23,-0.6267925573677476,0.0,-0.5044078545601447,0.0,0.0,0.0,0.0,0.3096968104164266,0.0,0.0,0.0,0.0,0.0,0.0,0.0,0.0,0.0,0.0,-0.1341653966813217,0.0,0.0,0.0,0.0,0.125160340053709,0.0763080944693982,0.0,0.0,0.0,0.0,0.1676809042197183,-0.2379687514881865,-0.2571555094382692,0.0,0.0,0.2827205815326957,-0.1375873361103391,0.0,0.0,1.3981097293154632,0.0,0.6071321143634293,0.0,-0.0676516579306021,0.0,0.4919013346697694,0.0,-0.1315251065126583,-0.3525769105593896,0.2021288666269229,0.0,0.0,0.0,0.0,0.0,0.0,0.0816209835080675,0.0,0.0,0.0,0.0,0.0,0.0,0.0,0.0,0.0,0.0,0.0,0.0,0.4883597315023572,0.0,0.0677796532965632,0.0,0.0,0.0,0.0,0.0,0.0,0.0,0.0,-0.5919992292351467,0.090444754116803,-0.6530004563029795,0.0,0.0,0.0781248383444399,0.0,0.0,0.0,0.0
24,-0.64544806242546,-0.0463985796096297,-0.5693346801247593,0.0,0.0,0.0,0.0,0.3279210811722686,0.0,0.0,0.0,0.0,0.0,0.0,0.0,0.0,0.0,0.0,-0.1319442179662602,0.0,0.0,0.0,0.0,0.173588674563708,0.0830950312227862,0.0,0.0,0.0,0.0,0.1520953319879806,-0.213062182915992,-0.2508120730406313,0.0,0.0,0.2480239665893174,-0.1532136571583687,0.0,0.0,1.3876297242935969,0.0,0.5967286278084126,0.0,-0.0482496299978186,0.0,0.4806424259274369,0.0,-0.1239666465495395,-0.3543533131078414,0.2229382289148894,0.0,0.0,0.0,0.0,0.0,0.0,0.0927911383145938,0.0,0.0,0.0,0.0,0.0,0.0,0.0,0.0,0.0,0.0,0.0,0.0,0.514983016700827,0.0,0.0655057054482051,0.0,0.0,0.0,0.0,-0.0517833706693884,0.0,0.0,0.0,-0.5940730918186338,0.0886243290984394,-0.6503545806309414,0.0,0.0,0.0876679296960443,0.0,0.0657176615239844,0.0,0.0
25,-0.6565295805397048,-0.1179553371166007,-0.6166372093143196,0.0,0.0,0.0,0.0,0.3145974572447237,0.0,0.0,0.0,0.0,0.0,0.0,0.0,0.0,0.0,0.0,-0.1383141072600417,0.0,0.0,0.0,0.0,0.2079892786263254,0.0866013589547358,0.0,0.0,0.0,0.0,0.1819498586027431,-0.1676755267676759,-0.2140795197085427,0.0,0.0,0.1380702031506691,-0.1609150523735031,0.0,0.0,1.3305057219613212,0.0,0.5974986708204539,0.0,-0.0476623272861888,0.0,0.4775607383968887,0.0,-0.1066869297990535,-0.3582232799103005,0.2474269910975037,0.0,0.0,0.0,0.0,0.0,0.0,0.0977759505859667,0.0,0.0,0.0,0.0,0.0,0.0,0.0,0.0,0.0,0.0,0.0,0.0,0.4878822769688052,0.0,0.0,0.0,0.0,0.0,0.0,-0.0977588972940518,0.0,0.0,0.0,-0.5964063545428077,0.0816381083968491,-0.6361776685949868,0.0,0.0,0.0920579299196453,0.0,0.0855396572636724,0.0,0.0
26,-0.6627367252840256,-0.1971175043108362,-0.6502724814304781,0.0,0.0,0.0,0.0,0.322181825166789,0.0,0.0,0.0,0.0,0.0,0.0,0.0,0.0,0.0,0.0,-0.1459941381585356,0.0,0.0,0.0,0.0,0.2578862027644569,0.0943744717218216,0.0,0.0,0.0,0.0,0.2046577338551827,-0.1216380028643982,-0.1747952536154451,0.0,0.0,0.0,-0.1628596020615756,0.0,0.0,1.2639009471584035,0.0,0.6130016526471184,0.0,-0.0523482560801125,0.0,0.4929499789270077,0.0,-0.0868448670383202,-0.353080127107449,0.2564269559115656,0.0,0.0,0.0,0.0,0.0,0.0,0.0962157977006213,0.0,0.0,0.0,0.0,0.0,0.0,0.0,0.0,0.0,0.0,0.0,0.0,0.4624257803550169,0.0,0.0,0.0,0.0,0.0,0.0,-0.1436236019862211,0.0,0.0,0.0,-0.5953856857418018,0.077152335315277,-0.6102825674521407,0.0,0.0,0.0909645318159936,0.0,0.1075905044458144,0.0,0.0
27,-0.6757607243692179,-0.2770242223858059,-0.6572969217267627,0.0,0.0,0.0,0.0,0.3374586250577859,0.0,0.0,0.0,0.0,0.0,-0.0454309793843762,0.0,0.0,0.0,0.0,-0.1634662538829945,0.0,0.0,0.0,0.0,0.3128585084212109,0.0951387497713368,0.0,0.0,0.0,0.0,0.2219478962197584,-0.0737131218322455,-0.1216750846189462,0.0,0.0,0.0,-0.1535685966342025,0.0,0.0,1.1726704227634506,0.0,0.6448035085180581,0.0,-0.0562275687545256,0.0,0.5107789079148751,0.0,-0.0513734998223381,-0.3478147102894732,0.2588692454298981,0.0,0.0,0.0,0.0,0.0,0.0,0.0894431355947874,0.0,0.0,0.0,0.0,0.0,0.0,0.0,0.0,0.0,0.0,0.0,0.0,0.427255046752214,0.0,0.0,0.0,0.0,0.0,0.0,-0.1761298686763508,0.0,0.0,0.0,-0.5900276812574254,0.0703084684081664,-0.5811827457986324,0.0,0.0,0.0843419186584778,0.0,0.1259413215445033,0.0,0.0
28,-0.6830779517538941,-0.3488097702554435,-0.6578626337119217,0.0,0.0,0.0,0.0,0.3469365536838269,0.0,0.0,0.0,0.0,0.0,-0.0504948029006307,0.0,0.0,0.0,0.0,-0.1880234965375986,0.0,0.0,0.0,0.0,0.3767060387094838,0.0961661001599104,0.0,0.0,0.0,0.0,0.2335970741748872,0.0,-0.0448916295308562,0.0643468708776331,0.0,0.0,-0.1375905448784557,0.0,0.0,1.108987577433773,0.0,0.7124316156383631,0.0,-0.057346419272466,0.0,0.514429705999103,0.0,0.0643356267892883,-0.3349462576313473,0.2637783207687035,0.0,0.0,0.0,0.0,0.0,0.0,0.0777744620102848,0.0,0.0,0.0,0.0,0.0,0.0,0.0,0.0,0.0,0.0,0.0,0.0,0.4054908768950641,0.0,0.0,0.0,0.0,0.0,0.0,-0.1923747915163265,0.0,0.0,0.0,-0.5882496867554667,0.0802846360545185,-0.5407186470771058,0.0,0.0,0.0735656008284593,0.0,0.1399430174525132,0.0,0.0
29,-0.6878286789397866,-0.4199243807291021,-0.6597021975006089,0.0,0.0,0.0,0.0,0.3499978011387635,0.0,0.0,0.0,0.0,0.0,-0.060732251236448,0.0,0.0,0.0,0.0,-0.2127653009027671,0.0,0.0,0.0,0.0,0.4486371077881474,0.0959984120995079,0.0,0.0,0.0,0.0,0.2313086111357608,0.0,0.0,0.0739000312412305,0.0,0.0,-0.103385734910859,0.0,0.0,1.0718050278046072,0.0,0.7853959603147642,0.0,-0.0568184073127052,0.0,0.5300089360073349,0.0,0.0,-0.3133360373877032,0.2772124914328505,0.0,0.0,0.0,0.0,0.0,0.0,0.0639624907189645,0.0,0.0,0.0,0.0,0.0,0.0,0.0,0.0,0.0,0.0,0.0,0.0,0.3748686539524082,0.0,0.0,0.0,0.0,0.0,0.0,-0.1879644013215413,0.0,0.0,0.0,-0.5892426196553622,0.1001577443071308,-0.5021566484885116,0.0,0.0,0.0,0.0,0.1478355445501869,0.0,0.0
30,-0.6833900691707041,-0.4909172805714283,-0.657200454043833,0.0,0.0,0.0,0.0,0.3733112470884968,0.0,0.0,0.0,0.0,0.0,-0.0727581387766965,0.0,0.0,0.0,0.0,-0.2322576674509887,0.0,0.0,0.0,-0.0718678863896304,0.4981063763401557,0.0947899250416838,0.0,0.0,0.0,0.0,0.2198829616389685,0.0,0.0,0.078930174527367,0.0,0.0,-0.0798882912643473,0.0,0.0,1.052211979994453,0.0,0.8344915244518123,0.0,0.0,0.0,0.5541310702731744,0.0,0.0,-0.2782585298357996,0.2939589029721854,0.0,0.0,0.0,0.0,0.0,0.0,0.0,0.0,0.0,0.0,0.0,0.0,0.0,0.0,0.0,0.0,0.0,0.0,0.0,0.3458020728534403,0.0,0.0,0.0,0.0,0.0,0.0,-0.1549191538259091,0.0,0.0627031207332272,0.0,-0.5929632879708129,0.1182391621968914,-0.4538726062941943,0.0,0.0,0.0,0.0,0.1486177231559192,0.0,0.0
31,-0.67341128111095,-0.5451917142479196,-0.6513477129324016,0.0,0.0,0.0,0.0,0.4313089266750196,0.0,0.0,0.0,0.0,0.0,-0.084151853879026,0.0,0.0,0.0,0.0,-0.2412174049700086,0.0,0.0,0.0,-0.1123475777611162,0.5272933087280143,0.0961881888030465,0.0,0.0,0.0,0.0,0.2018363354979607,0.0,0.0,0.0840510246951247,0.0,0.0,-0.0620182726358217,0.0,0.0,0.9738674418120888,0.0,0.8197264457960999,0.0,0.0,0.0,0.5888970078415116,0.0,0.0,-0.2416052697954534,0.3237217912733985,0.0,0.0,0.0,0.0,0.0,0.0,0.0,0.0,0.0,0.0,0.0,0.0,0.0,0.0,0.0,0.0,0.0,0.0,0.0,0.3362975825556175,0.0,0.0,0.0,0.0,0.0,0.0,-0.1007616558573126,0.0,0.0638760873121913,0.0,-0.5971934818702327,0.132887210092851,-0.4099367831187387,0.0,0.0,0.0,0.0,0.1400675093126615,0.0,0.0
32,-0.6674683996119233,-0.5947055527351792,-0.6452715611916879,0.0,0.0,0.0,0.0,0.4233930391939683,0.0,0.0,0.0,0.0,0.0,-0.0881562649006201,0.0,0.0,0.0,0.0,-0.247868046873801,0.0,0.0,0.0,-0.1320289311473916,0.543875988234871,0.0998552745627265,0.0,0.0,0.0,0.0,0.1799477100069233,0.0,0.0,0.0955336466628824,0.0,0.0,-0.0466397262143025,0.0,0.0,0.909250557299913,0.0,0.7986220862374958,0.0,0.0,0.0,0.6184220591446181,0.0,0.0,-0.2027576260945178,0.3601610833417016,0.0,0.0,0.0,0.0,0.0,0.0,0.0,0.0,0.0,0.0,0.0,0.0,0.0,0.0,0.0,0.0,0.0,0.0,0.0,0.3427183480939407,0.0,0.0,0.0,0.0,0.0,0.0,0.0,0.0,0.0653585037120558,0.0,-0.6092238115901848,0.1430889159984494,-0.3797375171148535,0.0,0.0,0.0,0.0,0.1152797100816889,0.0,0.0
33,-0.657357381797727,-0.6363514385900166,-0.6363970072328803,0.0,0.0,0.0,0.0776552938550139,0.3902321051473574,0.0,0.0,0.0,0.0,0.0,-0.0810314716054633,0.0,0.0,0.0,0.0,-0.2472484383963755,0.0,0.0,0.0,-0.1450361093607822,0.5269212689113716,0.098145642707799,0.0,0.0,0.0,0.0,0.1517629335031239,0.0,0.0,0.1045391620594399,0.0,0.0,0.0,0.0,0.0,0.905981790147712,0.0,0.7796246186709053,0.0,0.0659096117709166,0.0,0.632171740785383,0.0,0.0620925073344127,-0.1679387213013853,0.3585151243395001,0.0,0.0,0.0,0.0,0.0,0.0,0.0,0.0,-0.0431555759132123,0.0,0.0,-0.0431555759132123,0.0,0.0,0.0,0.0,0.0,0.0,0.0,0.3643988155067947,0.0,0.0,0.071067461005334,0.0,0.0,-0.0889500531422187,0.0,0.0,0.0627269636196451,0.0,-0.6170056868220831,0.1466962652292897,-0.3566775373298551,0.0,0.0,0.0,0.0,0.0895502434555567,0.0,0.0
34,-0.6428553592550074,-0.6551882050477006,-0.6250370579349819,0.0,0.0,0.0,0.103480100433975,0.3607727480311598,0.0,0.0,0.0,0.0,0.0,-0.0754649491375814,0.0,0.0,0.0,0.0,-0.2379954055977381,0.0,0.0,0.0726083187872988,-0.149751463382657,0.5069185977956625,0.0959498658442156,0.0,0.0,0.0,0.0,0.1283576637943575,0.0,0.0,0.1143201098601904,0.0,0.0,0.0,0.0,0.0,0.9044838094711736,0.0,0.7344095533160113,0.0,0.0689895497234687,0.0,0.6613578923512129,0.0,0.0740962510737802,-0.1308600837254747,0.3506130357205968,0.0,0.0,0.0,0.0,0.0,0.0,0.0,0.0,0.0,0.0,0.0,0.0,0.0,0.0,0.0,0.0,0.0,0.0,0.0,0.3781691745359977,0.0,0.0,0.0790711351724325,0.0,0.0,-0.114965629160288,0.0,0.0,0.0639579519673825,0.0,-0.6215135387308869,0.1437411014429473,-0.345775203782418,0.0,0.0,0.0,0.0,0.0648611162006605,0.0,0.0
35,-0.6317527072201979,-0.6781945743270856,-0.6182774452820907,0.0,0.0,0.0,0.0996896338972001,0.350666037054922,0.0,0.0,0.0,0.0,0.0,-0.0683852082829045,0.0,0.0,0.0,0.0,-0.2258923873346307,0.0,0.0,0.0648469664643916,-0.1512586986228635,0.4733374449016147,0.0846625978602182,0.0,0.0,0.0,0.0,0.1041667168072373,0.0,0.0,0.1286702268680742,0.0,0.0,0.0,0.0,0.0,0.9521181473378236,0.0,0.6842220473146606,0.0,0.0740337498553251,0.0,0.6729151902798902,0.0,0.1016891361379741,-0.1033352215279975,0.3526039075266595,0.0,0.0,0.0,0.0,0.0,0.0,0.0,0.0,0.0,0.0,0.0,0.0,0.0,0.0,0.0,0.0,0.0,0.0,0.0,0.4138942394579769,0.0,0.0,0.0881931475225939,0.0,0.0,-0.1058157023142585,0.0,0.0,0.0,0.0,-0.6260790701264279,0.135187078647752,-0.3542894252709561,0.0,0.0,0.0,0.0,0.0,0.0,0.0
36,-0.6225650756620627,-0.6876659918109873,-0.6113781733899158,0.0,0.0,0.0,0.1013454195919935,0.3656636799309571,0.0,0.0,0.0,0.0,0.0,-0.0560316471157096,0.0,0.0,0.0,0.0,-0.2166347155837235,0.0,0.0,0.0857261692191831,-0.1489391908128708,0.4327236341928441,0.0779029098227843,0.0,0.0,0.0,0.0,0.0804248740157621,0.0,0.0,0.1412948433918825,0.0,0.0,0.0,0.0,0.0,0.939486572138968,0.0,0.6473266594573545,0.0,0.0753154822625413,0.0,0.6792743003488784,0.0,0.1227677325207379,-0.0794263325162556,0.3630503575378636,0.0,0.0,0.0,0.0,0.0,0.0,0.0,0.0,0.0,0.0,0.0,0.0,0.0,0.0,0.0,0.0,0.0,0.0,0.0,0.4429670085598918,0.0,0.0,0.096062880767752,0.0,0.0,-0.0773565740900268,0.0,0.0,0.0,0.0,-0.6211599827933737,0.1219888485259888,-0.3753559012278681,0.0,0.0,0.0,0.0,0.0,0.0,0.0
37,-0.623917289495474,-0.6882105962280088,-0.6097326464339622,0.0,0.0,0.0,0.102819930880245,0.3736781601134222,0.0,0.0,0.0,0.0,0.0,0.0,0.0,0.0,0.0,0.0,-0.2003642673212489,0.0,0.0,0.0854743039746062,-0.1456775183444131,0.3919728713425779,0.0733463400458797,0.0,0.0,0.0,0.0,0.0661949116640255,0.0,0.0,0.1535707538590148,0.0,0.0,0.0,0.0,0.0,0.9248893539374512,0.0,0.6069925434834692,0.0,0.0770177089105016,0.0,0.6763466810378143,0.0,0.1605120640304924,-0.063791611108643,0.387212920750455,0.0,0.0,0.0,0.0,0.0,0.0,0.0,0.0,0.0,0.0,0.0,0.0,0.0,0.0,0.0,0.0,0.0,0.0,0.0,0.4786919671703153,0.0,0.0,0.1043209988938854,0.0,0.0,0.0,0.0,0.0,0.0,0.0,-0.6147625652386048,0.1255441578801297,-0.4053886681609401,0.0,0.0,0.0,0.0,0.0,0.0,0.0
38,-0.6311919803102246,-0.6862291912296915,-0.6087332001087266,0.0,0.0,0.0,0.1343165897866957,0.3864019395191473,0.0,0.0,0.0,0.0,0.0,0.0,0.0,0.0,0.0,0.0,-0.1904853691878104,0.0,0.0,0.0715253004458339,-0.1286273332583412,0.3363363941907479,0.0693840436201194,0.0,0.0,0.0,0.0,0.0644287462136362,0.0,0.0,0.16260980369818,0.0,0.0,0.0,0.0,0.0,0.9054432840131246,0.0,0.5756474245002363,0.0,0.0805245352595674,0.0,0.6674017280245687,0.0,0.2117973678539219,-0.0467004273811284,0.4189977027282239,0.0,0.0,0.0,0.0,0.0,0.0,0.0,0.0,0.0,0.0,0.0,0.0,0.0,0.0,0.0,0.0,0.0,0.0,0.0,0.5450053328683558,0.0,0.0,0.1069266502859092,0.0,0.0,0.0,0.0,0.0,0.0,0.0,-0.6096155955580145,0.1485925440211171,-0.4405069790105184,0.0,0.0,0.0,0.0,0.0,0.0,0.0
39,-0.6471110125676224,-0.6715041612249188,-0.6178676860212595,0.0,0.0,0.0,0.175271044066022,0.403657237212541,0.0,0.0,0.0,0.0,0.0,0.0,0.0,0.0,0.0,0.0,-0.1646463668319139,0.0,0.0,0.0,-0.1145750395159097,0.2748112759782026,0.0644044156566464,0.0,0.0,0.0,0.0,0.0,0.0,0.0,0.1683018132880915,0.0,0.0,0.0,0.0,0.0,0.8822843036841629,0.0,0.55428775840758,0.0,0.0814612045046986,0.0,0.6515143254772986,0.0,0.2629514662169753,0.0,0.458595124119263,0.0,0.0,0.0,0.0,0.0,0.0,0.0,0.0,0.0,0.0,0.0,0.0,0.0,0.0,0.0,0.0,0.0,0.0,0.0,0.6504055036583046,0.0,0.0654119326993292,0.1084163423537616,0.0,0.0,0.0,0.0,0.0,0.0,0.0,-0.5993010370690537,0.1460719506974168,-0.4826060990356186,0.0,0.0,0.0,0.0,0.0,0.0,0.0
40,-0.6689222891500786,-0.6553540241827944,-0.6262206411735672,0.0,0.0,0.0,0.2137909436894246,0.4345079133310876,0.0,0.0,0.0,0.0,0.0,0.0,0.0,0.0,0.0,0.0,-0.145526918638167,0.0,0.0,0.0,-0.0872871116229314,0.2557723941339538,0.0623051557200603,0.0,0.0,0.0,0.0,0.0,0.0,0.0,0.176346932063624,0.0,0.0,0.0,0.0,0.0,0.8350394950140373,0.0,0.5465766681497601,0.0,0.0826620955812693,0.0,0.6334359895134833,0.0687842838211798,0.2973081864363951,0.0,0.4990226327985174,0.0,0.0,0.0,0.0,0.0,0.0,0.0,0.0,0.0,0.0,0.0,0.0,0.0,0.0,0.0,0.0,0.0,0.0,0.0,0.7462274792276751,0.0,0.082257241809598,0.1046717040158556,0.0,0.0,0.0,0.0,0.0,0.0,0.0,-0.5869162044486036,0.1397521169627938,-0.5239411475224467,0.0,0.0,0.0,0.0,0.0,0.0,0.0
41,-0.6947700905559974,-0.637702103325524,-0.6418558187817467,0.0,0.0,0.0,0.246069849382432,0.4638372730658811,0.0,0.0,0.0,0.0,0.0,0.0,0.0,0.0,0.0,0.0,-0.1232192430891406,0.0,0.0,0.0,-0.0588366626179409,0.2458059423713947,0.0,0.0,0.0,0.0,0.0,0.0,0.0,0.0,0.172108805386864,0.0,0.0,0.0,0.0,0.0,0.7670395887973276,0.0,0.5407723128058042,0.0,0.084869592314338,0.0,0.595274085399754,0.0760510556386167,0.2977439449578483,0.0,0.5261632092501235,0.0,-0.0497523366762672,0.0,0.0,0.0,0.0,0.0,0.0,0.0,0.0,0.0,0.0,0.0,0.0,0.0,0.0,0.0,0.0,0.0,0.7762397901097381,0.0,0.1346864855029849,0.0963425355019939,0.0,0.0,0.0,0.0,0.0,0.0,0.0,-0.5790345534824181,0.1329641771957658,-0.5598743227110721,0.0,0.0,0.0,0.0,0.0,0.0,0.0
42,-0.7186687401212922,-0.6227858299366983,-0.6622471755242282,0.0,0.0,0.0,0.2664770219067742,0.5035401125750323,0.0,0.0,0.0,0.0,0.0,0.0,0.0,0.0,0.0,0.0,-0.0840291585465681,0.0,0.0,0.0,0.0,0.2345332121212505,0.0,0.0,0.0,0.0,0.0,0.0,0.0,0.0,0.1894512959714026,0.0,0.0,0.0,0.0,0.0,0.6777081956180507,0.0,0.5627659811424038,0.0,0.0847311226218928,0.0,0.5656226618466688,0.0818339496290864,0.2948196162365357,0.0761656536471903,0.5427438406848536,0.0,-0.1015530114558437,0.0,0.0,0.0,0.0,0.0,0.0,0.0,0.0,0.0,0.0,0.0,0.0,0.0,0.0,0.0,0.0,0.0,0.8273855887194725,0.0,0.1982241087649735,0.0843512407145707,0.0,0.0,0.0,0.0,0.0,0.0,0.0,-0.5750889554155789,0.1318357437459681,-0.5894294946503951,0.0,0.0,0.0,-0.0748470329431559,0.0,0.0,0.0
43,-0.7440698158373564,-0.6091686239265656,-0.6866897567827985,0.0,0.0,0.0,0.2721475288503175,0.5053345506961372,0.0,0.0,0.0,0.0,0.0,0.0,0.0,0.0,0.0,0.0,0.0,0.0,0.0,0.0,0.0,0.2250409006182003,0.0,0.0,0.0,0.0,0.0,0.0,0.0,0.0,0.1922030648401366,0.0,0.0,0.0,0.0,0.0,0.586523794255361,0.0,0.584968566431068,0.0798840035451785,0.084025535449829,0.0,0.5375003761120374,0.0762957827312549,0.2828402485446947,0.1292895442670392,0.5410636556035144,0.0,-0.1299112615350327,0.0,0.0,0.0,0.0,0.0,0.0,0.0,0.0,0.0,0.0,0.0,0.0,0.0,0.0,0.0,0.0,0.0,0.8834139662830225,0.0,0.2511962691802545,0.0696467286475202,0.0,0.0,0.0,0.0,0.0,0.0,0.0787047960386616,-0.5780316079401362,0.1342334601773065,-0.6105045815377236,0.0,0.0,0.0,-0.1122676202825362,0.0,0.0,0.0
44,-0.7714693893342379,-0.5970009637993203,-0.7030635127517375,0.0,0.0,0.0,0.284711835954373,0.5025678488126678,0.0,0.0,0.0,0.0,0.0,0.0,0.0,0.0,0.0,0.0,0.0,0.0,0.0,0.0,0.0,0.218090119927505,0.0,0.0,0.0,0.0,0.0,0.0,0.0,0.0,0.192465891180246,0.0,0.0,-0.0519335689682985,0.0,0.0,0.4849034489720522,0.0,0.6195328395291677,0.0895190923910527,0.0791224523695136,0.0,0.5059934411691933,0.0,0.269044807716037,0.2118312763608054,0.5286948166301944,0.0,-0.1456387141830967,0.0,0.0,0.0,0.0,0.0,0.0,0.0,0.0,0.0,0.0,0.0,0.0,0.0,0.0,0.0,0.0,0.0,0.9549274751633412,0.0,0.3252452427199027,0.0,0.0,0.0,0.0,0.0,0.0,0.0,0.0938904757518605,-0.5812013492002615,0.1416011229993691,-0.6215756308124722,0.0621178515440333,0.0,0.0,-0.1542248164614773,0.0,0.0,0.0
45,-0.7891347026235647,-0.5927343535637267,-0.7234511667470337,0.0,0.0,0.0,0.3026862743494793,0.5025567346005768,0.0,0.0,0.0,0.0,0.0,0.0,0.0,0.0,0.0,0.0,0.0,0.0,0.0,0.0,0.0,0.2260335090600726,0.0,0.0,0.0,0.0,0.0,0.0,0.0,0.0,0.2014454196511718,0.0,0.0,-0.0839191115442626,0.0,0.0,0.3692063650812008,0.0,0.6402257553842562,0.1010471366644431,0.0742720262843063,0.0,0.475997838484601,0.0,0.2448532560078205,0.3155355269796727,0.5022142559605542,0.0,-0.1218923025957513,0.0,0.0,0.0,0.0,0.0,0.0,0.0,0.0,0.0,0.0,0.0,0.0,0.0,0.0,0.0,0.0,0.0,1.0273697496015537,0.0,0.4080975942889983,0.0,0.0,0.0,0.0,0.0,0.0,0.0,0.1094661520838835,-0.5824199528859637,0.1671854858865377,-0.6311876283551081,0.0648724216155348,0.0,0.0,-0.2036342751753135,0.0,0.0,0.0
46,-0.8028454877925991,-0.5932781366179928,-0.7436832159303429,0.0,0.0,0.0,0.221703657323586,0.5037523069662326,0.0,0.0,0.0,0.0,0.0,-0.046573537988244,0.0,0.0,0.0,0.0,0.0,0.0,0.0,0.0,0.0,0.2286350691117434,0.0,0.0,0.0,0.0,0.0,0.0,-0.0717965496891889,0.0,0.2135859512123619,0.0,0.0,-0.1263693900991712,0.0,0.0,0.2929601878921489,0.0,0.5987518900994497,0.1134736519068923,0.0694029451100169,0.0,0.448481452885234,0.0,0.2322098573569561,0.436421386492215,0.4632638653811452,0.0,0.0,0.0,0.0,0.0,0.0,0.0,0.0,0.0,0.0,0.0,0.0,0.0,0.0,0.0,0.0,0.0,0.0,0.0,1.1008993243642462,0.0,0.4680213221106042,0.0,0.0,0.0,0.0,0.0,0.0,0.0,0.1209769074850792,-0.5815379391695811,0.1903132249842789,-0.6344801007034381,0.0683088174741499,0.0,0.0,-0.229659611010087,0.0624108240399428,0.0,0.0
47,-0.8106120202512188,-0.5985023881596809,-0.7591714234361947,0.0,0.0,0.0,0.2227383589009598,0.5189585327577884,0.0,0.0,0.0,0.0,0.0,-0.0789261387792542,0.0,0.0,0.0,0.0,0.0,0.0,0.0,0.0,0.0,0.2205332719262244,0.0,0.0,0.0,0.0,0.0,0.0,-0.1041354733001009,0.0672807496797868,0.2245475637728811,0.0644730309506678,0.0,-0.1652770837388381,0.0,0.0,0.2279304591518559,0.0,0.587195048212198,0.1135983758487417,0.0649283842890135,0.0,0.4306333609075631,0.0,0.241630035234325,0.5700383914121153,0.4108598397631464,0.0,0.0,0.0,0.0,0.0,0.0,0.0,0.0,0.0,0.0,0.0,0.0,0.0,0.0,0.0,0.0,0.0,0.0,0.0,1.1782534620535554,0.0,0.4867179730897047,0.0,0.0,0.0,0.0,0.0,0.0,0.0,0.1210838852814841,-0.5789135704100119,0.2050344633942956,-0.6333515326659129,0.0,0.0,0.0,-0.2391296236236063,0.0644281561456154,0.0,0.0
48,-0.817535073844445,-0.6010935927455731,-0.7700909923323402,0.0,0.0,0.0,0.2264029337074974,0.5755964370214031,0.0,0.0,0.0,0.0,0.0,-0.1158422110520124,0.0,0.0,0.0,0.0,0.0,0.0,0.0,0.0659711389362385,0.0,0.2146313504311161,0.0,0.0,0.0,0.0,0.0,0.0,-0.1118616662998437,0.0948024577456002,0.2473804038612187,0.0690658159527334,0.0,-0.1943867663417857,0.0,0.0,0.185165019082127,0.0,0.5963866770732827,0.1014305692693912,0.0759613580369204,0.0,0.4264215877194907,0.0,0.250497207992383,0.5660594704472446,0.3768593290033019,0.0,0.0,0.0,0.0,0.0,0.0,0.0,0.0,0.0,0.0,0.0,0.0,0.0,0.0,0.0,0.0,0.0,0.0,0.0,1.216862630578146,0.0,0.4713592064980168,0.0,0.0,0.0,-0.0668018378825594,0.0,0.0,0.0,0.1054562423361502,-0.5714559071071874,0.1949368258900341,-0.632202768097817,0.0,0.0,0.0,-0.2252189968572867,0.0650402065847871,0.0,0.0
49,-0.8204257312144599,-0.6112932635512199,-0.7832807987626836,0.0,0.0,0.0,0.2204165534056495,0.5900918166855308,0.0,0.0,0.0,0.0,0.0,-0.1528302091901842,0.0,0.0,0.0,0.0,0.0,0.0,0.0,0.073589166731619,0.0,0.1972307016595257,0.0,0.0,0.0,0.0,0.0,0.0,-0.0863101227879603,0.1069052480168758,0.260278456144739,0.0725501280059336,0.0,-0.2111981633172932,0.0,0.0,0.171986016102271,0.0,0.6039095455512843,0.0729913114746452,0.0835238811502303,0.0,0.4099990621340137,0.0,0.2572603165717037,0.5146526802343803,0.3172164201747167,0.0,0.0,0.0,0.0,0.0,0.0,0.0,0.0,0.0,0.0,0.0,0.0,0.0,0.0,0.0,0.0,0.0,0.0,0.0,1.2392764307390047,0.0,0.4254439542934257,0.0,0.0,0.0,-0.1057697125314855,0.0,0.0,0.0,0.0899161793633976,-0.5570696185360181,0.1923287602398005,-0.6307672289641989,0.0,0.0,0.0,-0.2041676961467573,0.0639083730090299,0.0,0.0
50,-0.822536368133675,-0.6151364974218236,-0.7872454415174496,0.0,0.0,0.0,0.2099798827354098,0.5884888337258944,0.0,0.0,0.0,0.0,0.0,-0.1896379938073864,0.0,0.0,0.0,0.0,0.0,0.0,0.0,0.0706946545695234,0.0,0.1745971343466704,0.0,0.0,0.0,0.0,0.0,0.0,-0.0442325883545162,0.0808872241716711,0.2769792284975048,0.0742148820219774,0.0,-0.2180362525386028,0.0,0.0,0.1896893043618951,0.0,0.6005911284985423,0.0,0.0929013802837916,0.0,0.4190473947884079,0.0,0.2873382079308532,0.4710349283632484,0.2502545370957178,0.0,0.0,0.0,0.0,0.0,0.0,0.0,0.0,0.0,0.0,0.0,0.0,0.0,0.0,0.0,0.0,0.0,0.0,0.0,1.2650016354320253,0.0,0.3575870559879026,0.0,0.0,0.0,-0.1479022470620307,0.0,0.0,0.0,0.0773372884886726,-0.5426583186257158,0.2532593175421171,-0.6296260098161321,0.0,0.0,0.0,-0.1592151921484628,0.0,0.0,0.0
51,-0.8301303636797747,-0.6228587589480569,-0.7855055292432136,0.0,0.0,0.0,0.1920903676200967,0.5744623117859093,0.0,0.0,0.0,0.0,0.0,-0.2217169323746472,0.0,0.0,0.0,0.0,0.0,0.0,0.0,0.0644716793551908,0.0,0.1523257410162476,0.0,0.0,0.0,0.0,0.0,0.0,0.0,0.0,0.2866035529622746,0.0739739878398858,0.0,-0.2107900273967272,0.0,0.0,0.2386814374503348,0.0,0.5801058511386167,0.0,0.1134842681516161,0.0,0.4350935544917618,0.0,0.3217024119901763,0.4240431163111065,0.2477844385528447,0.0,0.0,0.0,0.0,0.0,0.0,0.0,0.0,0.0,0.0,0.0,0.0,0.0,0.0,0.0,0.0,0.0,0.0,0.0,1.272725733960563,0.0,0.2801122380707845,0.0,0.0,0.0,-0.1734354810452216,0.0,0.0,0.0,0.0641486301599859,-0.5271718675236645,0.30192546650575,-0.6293731775939416,0.0,0.0,0.0,-0.1177740819185815,0.0,0.0,0.0
52,-0.8321258989635216,-0.633802057216941,-0.7822233289626873,0.0,0.0,0.0,0.1734570788041405,0.5926380894239185,0.0,0.0,0.0,0.0,0.0,-0.2620336075340324,0.0,0.0,0.0,0.0,0.0,0.0,0.0,0.0691172736090382,0.0,0.1302545017317182,0.0,0.0,0.0,0.0696600034552194,0.0,0.0,0.0,0.0,0.2969919924466192,0.0735601832056773,0.0,-0.1770171559956905,0.0,0.0,0.2993007203468363,0.0,0.5438730491921444,0.0,0.1321894829938419,0.0,0.4477527798659574,0.0,0.3615003042853927,0.4003144826302177,0.2645905607168841,0.0,0.0,0.0,0.0,0.0,0.0,0.0,0.0,0.0,0.0,0.0,0.0,0.0,0.0,0.0,0.0,0.0,0.0,0.0,1.2448841179953838,0.0,0.2045132281040124,0.0,0.0,0.0,-0.1986138116791911,0.0,-0.0690108794331236,0.0,0.0,-0.512072362071976,0.2907337044541082,-0.6320511647626579,0.0,0.0,0.0,-0.0634801473277048,0.0,0.0704378242831378,0.0
53,-0.83866676738216,-0.6398630993848173,-0.7774878730579993,0.0,0.0,0.0,0.1522894857735917,0.6130928829587533,0.0,0.0,0.0,0.0,0.0,-0.2796019574743413,0.0,0.0,0.0,0.0,0.0,0.0,0.0,0.0634315372853699,0.0,0.1164145312963182,0.0,0.0,0.0,0.066396514467807,0.0,0.0,0.0,0.0,0.2961714573977129,0.0837465130784547,0.0,-0.1405262904055792,0.0,0.0,0.3721311873645101,0.0,0.4876036229086679,0.0,0.1484262207495036,0.0,0.4662131718715243,0.0,0.3894538800083441,0.4045301963014642,0.2718146090863588,0.0,0.0,0.0,0.0,0.0,0.0,0.0,0.0,0.0,0.0,0.0,0.0,0.0,0.0,0.0,0.0,0.0,0.0,0.0,1.0775241415113084,0.0,0.1423733820591874,0.0,0.0,0.0,-0.2210390312786246,0.0,-0.121554806696733,0.0,0.0,-0.4977900435168372,0.2561972691003024,-0.6383166554670487,0.0,0.0,0.0,0.0,0.0,0.0799075652487915,0.0
54,-0.8485270894240141,-0.6512946295334086,-0.7679443439227398,0.0,0.0,0.0,0.139960730560492,0.6475141364211126,0.0,0.0,0.0,0.0,0.0,-0.2850251667115385,0.0,0.0,0.0,0.0,-0.0553309280450509,0.0,0.0,0.0,0.0,0.1057743971356,0.0,0.0,0.0,0.0,0.0,0.0,0.0,0.0,0.2777777195102811,0.1081831667421794,0.0,-0.0919904348033553,0.0,0.0,0.4366461490169271,0.0,0.3779595422041841,0.0,0.162079306632144,0.0,0.4818793860195713,0.0,0.4067314695026463,0.409518682482162,0.2666329037625223,0.0,0.0,0.0,0.0,0.0,0.0,0.0,0.0,0.0,0.0,0.0,0.0,0.0,0.0,0.0,0.0,0.0,0.0,0.0,0.937115056860266,0.0,0.0933577409615968,0.0656170311054645,0.0,0.0,-0.2314154257183195,0.0,-0.1512233750640561,0.0,0.0,-0.4860606481949133,0.224989927181748,-0.6417522688388255,0.0,0.0,0.0,0.0,0.0,0.0906576360034872,0.0
55,-0.8559091758663224,-0.6605970273348049,-0.7597262047213584,0.0,0.0,0.0,0.1630549971318505,0.6766742676684612,0.0,0.0,0.0,0.0,0.0,-0.2749041470056838,0.0,0.0,0.0,0.0,-0.0787241444032849,0.0,0.0,0.0,0.0,0.099585724105376,0.0,0.0,0.0,0.0,0.0,0.0,0.0,0.0,0.2776176660048053,0.132085963074924,0.0,-0.0463295308701204,0.0,0.0,0.4593592164455859,0.0,0.2917550739276027,0.0,0.1739148549051753,0.0,0.4995178329108234,0.0,0.4419230281817234,0.4235663025965602,0.2582393175275992,0.0,0.0,0.0,0.0,0.0,0.0,0.0,0.0,0.0,0.0,0.0,0.0,0.0,0.0,0.0,0.0,0.0,0.0,0.0,0.8033953940868894,0.0,0.0,0.0863990906836707,0.0,0.0,-0.2350822380647213,0.0,-0.168620746852893,0.0,0.0,-0.4780999307017683,0.2016569049925207,-0.6463234512571578,0.0,0.0,0.0,0.0,0.0,0.0995639898982844,0.0
56,-0.8632294611042104,-0.668545382910493,-0.7478541064396158,0.0,0.0,0.0,0.1521605708826897,0.7062492665609738,0.0,0.0,0.0,0.0,0.0,-0.2514740112857442,0.0,0.0,0.0,0.0,-0.097535054005022,0.0,0.0,0.0658794429959254,0.0,0.0936489543483674,0.0,0.0,0.0,0.0,0.0,0.0,0.0,0.0,0.2637656688121407,0.1585342801783995,0.0,0.0,0.0,0.0,0.4711194030396213,0.0,0.2549531018362267,0.0,0.1725090352070492,0.0,0.5181179136750521,0.0,0.4690142884593565,0.4331225104445486,0.2563768976966756,0.0,0.0,0.0,0.0,0.0,0.0,0.0,0.0,0.0,0.0,0.0,0.0,0.0,0.0,0.0,0.0,0.0,0.0,0.0,0.7186142696454724,0.0,0.0,0.1064460886501539,0.0,0.0,-0.2325474893247174,0.0,-0.1823853442998985,0.0,0.0,-0.4755170192508703,0.2061652569954121,-0.6526437680919985,0.0,0.0,0.0,0.0,0.0,0.1063509979780231,0.0
57,-0.8693136869418159,-0.6760876227137583,-0.7357348168582027,0.0,0.0,0.0,0.1615900507805247,0.7373632068667973,0.0,0.0,0.0,0.0,0.0,-0.1970329009773462,0.0,0.0,0.0,0.0,-0.1074668184179972,0.0,0.0,0.0736177335626279,0.0,0.103964578879655,0.0657865931442076,0.0,0.0,0.0,0.0,0.0,0.0,0.0,0.2283624424076674,0.2048731224162689,0.0,0.0,0.0,0.0,0.4775272150639282,0.0,0.2884158482519099,0.0,0.1655048779263479,0.0,0.5395504763964234,0.0,0.4971199037482109,0.4605996346877981,0.2462091502282281,0.0,0.0,0.0,0.0,0.0644360936109391,0.0,0.0,0.0,0.0,0.0,0.0,0.0,0.0,0.0,0.0,0.0,0.0,0.0,0.0,0.7102205919688791,0.0,0.0882381340869178,0.1250830005399802,0.0,0.0,-0.2259924797857572,0.0,-0.1768765448006278,0.0,0.0836809097652086,-0.4775971267378176,0.2059695965001604,-0.6516916623741773,0.0,0.0,0.0,0.0,0.0,0.0877810052870411,0.0
58,-0.8741071808105652,-0.6889934563461417,-0.7267716122810715,0.0,0.0,0.0,0.1871909898136104,0.744599264573221,0.0,0.0,0.0,0.0,0.0,-0.1168357760648694,0.0,0.0,0.0,0.0,-0.1023300822212735,0.0,0.0769302770684194,0.0792602023662953,0.0,0.1094708651027806,0.0762463991079262,0.0,0.0,0.0,0.0,0.0,0.0,0.0,0.2067507558346483,0.2545725450986296,0.0,0.0,0.0,0.0,0.4895624329145089,0.0,0.3705962692675811,0.0,0.1518876047942252,0.0,0.5545153314691637,0.0,0.5056281107694653,0.5084670086202129,0.2457181483404129,0.0,0.0,0.0,0.0,0.0850823313424557,0.0,0.0,0.0,0.0,0.0,0.0,0.0,0.0,0.0,0.0,0.0,0.0,0.0,0.0,0.7282059440815563,0.0,0.1231739058639953,0.1394616074108879,0.0,0.0,-0.2175924788503414,0.0,-0.1611952262237731,0.0,0.088710541699132,-0.4731381318206409,0.1974377516595374,-0.6535502573107245,0.0,0.0,0.0,0.0,0.0,0.0836985904638311,0.0
59,-0.8762889099974176,-0.6978093867886066,-0.7160991400874506,0.0,0.0,0.0,0.214292007751968,0.7599802834507488,0.0,0.0,0.0,0.0,0.0,0.0,0.0,0.0,0.0,0.0,-0.098013669364703,0.0,0.0893158691869015,0.0800695450334918,0.0,0.1109533413892652,0.0728046912122338,0.0,0.0,0.0,0.0,0.0,0.0,0.0,0.1803489317813414,0.3063901543322953,0.0,0.0,0.0,0.0,0.501601234299032,0.0,0.4928686519408146,-0.0921184529349357,0.1461862699139207,0.0,0.5620664092727128,0.0,0.4657789275046647,0.5246938256806758,0.2822896171230108,0.0,0.0,0.0,0.0,0.1051977796817276,0.0,0.0,0.0,0.0,0.0,0.0,0.0,0.0,0.0,0.0,0.0,0.0,0.0,0.0,0.7922180142744661,0.0,0.1631324112735265,0.1482708004481905,0.0,0.0,-0.2138830987391411,0.0,-0.1357920433815184,0.0,0.0915799547598041,-0.4747974217192272,0.1841718553980191,-0.6521841362750761,0.0,0.0,0.0,0.0,0.0,0.0795801608423979,0.0
60,-0.8818933592217144,-0.7052314728292222,-0.7086219822220272,0.0,0.0,0.0,0.240271994440727,0.7587090170448245,0.0,0.0,0.0,0.0,0.0,0.0,0.0,0.0,0.0,0.0,-0.0779576395437108,0.0,0.0997378955562151,0.0762721957320967,0.0,0.1069009604985842,0.0697071623759147,-0.0763734389916103,0.0,0.0,0.0,0.0,0.0,0.0,0.1503513686705754,0.3501076152200467,0.0,0.0,0.0,0.0,0.5200481820753509,0.0,0.5660220151225134,-0.095681719152991,0.1340370772488131,0.0,0.5375878562284586,0.0,0.46728830529069,0.5054432223817787,0.3340918705432732,0.0,0.0,0.0,0.0,0.1242746392344949,0.0,0.0,0.0,0.0,0.0,0.0,0.0,0.0,0.0,0.0,0.0,0.0,0.0,0.0,0.8438850057545424,0.0,0.2065303303356125,0.1479438761412378,0.0,0.0,-0.2106644628644092,0.0,-0.0973013517239274,0.0,0.0891890626116682,-0.4806112432177549,0.1728986499035497,-0.6506079118912772,0.0,0.0,0.0718092403979922,0.0,0.0,0.0734627773133659,0.0
61,-0.8827223125906065,-0.7110630882917235,-0.7025774079762922,0.0,0.0,0.0,0.2670350797499921,0.7501211153237516,0.0,0.0,0.0,0.0,0.0,0.0,0.0,0.0,0.0,0.0,-0.0690897570284162,0.0,0.1067023052675924,0.0673043693955696,0.0,0.0974499924159578,0.070833437605545,-0.0791414360034806,0.0,0.0,0.0,0.0,0.0,0.0,0.1214913909500202,0.3873030393199917,0.0,0.0,0.0,0.0,0.5264239445657385,0.0,0.6644407990276262,-0.0623944845304431,0.1281474441786598,0.0,0.5454442909457495,0.0623573188390721,0.4611574282640932,0.4927387599783934,0.3991406534102503,0.0,0.0,0.0,0.0,0.1377074252367292,0.0,0.0,0.0,0.0,0.0,0.0,0.0,0.0,0.0,0.0,0.0,0.0,0.0,0.0,0.9252431080225532,0.0,0.2463415106137363,0.139152228825573,0.0,0.0,-0.2145544625572179,0.0,-0.056411355324634,0.0,0.0864899515356583,-0.4881173275835991,0.1554762349834881,-0.6370471043415604,0.0,0.0,0.0807472674201266,0.0,0.0,0.0825378433055199,0.0
62,-0.8797508156981522,-0.7135553847915634,-0.6993437290966777,0.0,0.0,0.0,0.2635198754857563,0.7280246404228634,0.0,0.0,0.0,0.0,0.0,0.0,0.0,0.0,0.0,0.0,-0.0704156994777986,0.0,0.1104180510927271,0.0,0.0,0.0834290573696881,0.0803028748393075,-0.0937544733033199,0.0,0.0,0.0,0.0,0.0,0.0,0.1070398963716876,0.4129824138129893,0.0,0.0,0.0,0.0,0.5358903132491836,0.0,0.77807753830936,0.0,0.1314069155837215,0.0,0.5488027479805989,0.0793949032562815,0.4646298906235843,0.479720066175972,0.4494068147470513,0.0,0.0,0.0,0.0,0.150318098701506,0.0,0.0,0.0,0.0,0.0,0.0,0.0,0.0,0.0,0.0,0.0,0.0,0.0,0.0,1.0515075489162138,0.0710203940635561,0.2809013226676853,0.1243681643378996,0.0,0.0,-0.227691178012849,0.0,0.0,0.0,0.082954722272663,-0.4963336101007517,0.1311697550478134,-0.6264933139832826,0.0,0.0,0.0970340268073239,0.0,0.0,0.0805783614450075,0.0
63,-0.8779621377767253,-0.7173730887102611,-0.7033051211603203,0.0,0.0,0.0,0.2514099474470886,0.722740239899202,0.0,0.0,0.0,0.0,0.0,0.0,0.0,0.0,0.0,0.0,-0.0634593138344289,0.0676902474634907,0.1116310118094085,0.0,0.0,0.0694347781739322,0.0712714357884317,-0.1030103340677806,0.0,0.0,0.0,0.0,0.0,0.0,0.1188992233187275,0.4081816751652015,0.0,0.0,0.0,0.0,0.542988852270142,0.0,0.743818222845438,0.0,0.1182051882228563,0.0,0.5632551661678401,0.0954220096161354,0.4573103560032955,0.4609483679334096,0.4410706264745003,0.0,0.0,0.0,0.0,0.1664731201402622,0.0,0.0,0.0,0.0,0.0,0.0,0.0,0.0,0.0,0.0,0.0,0.0,0.0,0.0,1.1085327854282945,0.0937051564063399,0.3051550784184189,0.1056216775703539,0.0,0.0,-0.2365708782090466,0.0,0.0,0.0658889619798687,0.0798987914572868,-0.5094966969001454,0.1329981743247651,-0.6185293208756257,0.0,0.0,0.1216140114024429,0.0,0.0,0.0805714837211123,0.0
64,-0.87624106605716,-0.7215825035302801,-0.7066246253871032,0.0,0.0732213634826102,0.0732213634826102,0.2488155250379159,0.71634425066653,0.0,0.0,0.0,0.0,0.0,0.0,0.0,0.0,0.0,0.0,-0.0650455788842537,0.0754191138408965,0.1086422187518681,0.0,0.0,0.0,0.0683441692217577,-0.1108921161501224,0.0,0.0,0.0,0.0,0.0,0.0,0.124886742888685,0.4090530536458248,0.0,0.0,0.0,0.0,0.5449359464751378,0.0,0.6744370780995207,0.0,0.1296417241759123,0.0,0.5608686406401715,0.1090982415837528,0.4587790890454755,0.4453405637757857,0.4152617408534287,0.0,0.0,0.0,0.0,0.1735805572226398,0.0,0.0,0.0,0.0,0.0,0.0,0.0,0.0,0.0,0.0,0.0,0.0750858929473473,0.0,0.0,1.1474285893674834,0.1314194439322523,0.3230815293396171,0.0855106894644635,0.0,0.0,-0.2466113221259403,0.0,0.0,0.0771445334894598,0.0733889157070261,-0.533022537639184,0.1279441359153068,-0.6104723018048627,0.0,0.0,0.13623779953953,0.0,0.0,0.0788313420068139,0.0
65,-0.8761124090227477,-0.7261904576625963,-0.7125448511721583,0.0,0.0758927920932079,0.0758927920932079,0.2931101340505593,0.7282699973972788,0.0,0.0,0.0,0.0,0.0,0.0,0.0,0.0,0.0,0.0,-0.062703959048889,0.0768999223474801,0.1030671526865619,0.0,0.0,0.0,0.081788891959857,-0.1105929808255454,0.0,0.0,0.0,0.0,0.0,0.0,0.1243322005287186,0.384585463553457,0.0,0.0,0.071929407404293,0.0,0.5320231934604565,0.0,0.6429201310117446,0.0,0.1385989622453671,0.0,0.5724601177512832,0.1187725095948229,0.4720846981083928,0.4426440418216542,0.4220976847941794,0.0,0.0,0.0,0.0,0.1918180912919922,0.0,0.0,0.0,0.0,0.0,0.0,0.0,0.0,0.0,0.0,0.0,0.0935361857419227,0.0,0.0,1.2116827123481009,0.1512005355515014,0.3389940675348554,0.0676490844002873,0.0,0.0,-0.2549043257359139,0.0,0.0,0.0879921947694217,0.0,-0.5504307423677613,0.1205410188241481,-0.6009556587704891,0.0,0.0,0.1472571499025588,0.0,0.0,0.0844435805459208,0.0
66,-0.8767398251118195,-0.7312225942575183,-0.7212116519697347,0.0,0.0787212713599019,0.0787212713599019,0.372272350052335,0.7443236128657649,0.0,0.0,0.0,0.0,0.0,0.0,0.0,0.0,0.0,0.0,-0.0679271526851532,0.0677286827933024,0.0963092220314989,0.0,0.0,0.0,0.1175457849808511,-0.102609957093275,0.0,0.0,0.0,0.0,0.0,0.0,0.1166605369527755,0.3471955942586052,0.1283711241994996,0.0,0.0808799703361261,0.0,0.5055697803695528,0.0,0.627542069454697,0.0,0.148004370356137,0.0,0.5697492551212946,0.1271592103921901,0.4967969791173611,0.4319508678303054,0.3881373596363149,0.0,0.0,0.0,0.0,0.1859863494923232,0.0,0.0,0.0,0.0,0.0,0.0,0.0,0.0,0.0,0.0,0.0,0.1170050315954908,0.0,0.0,1.1681553312611848,0.1725316032538674,0.3435289541859311,0.0,0.0,0.0,-0.2684836815563103,0.0,0.0,0.0992601676068861,0.0,-0.5777364892513589,0.1344923621105942,-0.594430821685155,0.0,0.0,0.1227091527677376,0.0,0.0,0.0960863694851126,0.0
67,-0.8780960078734803,-0.7382242735160202,-0.7294280089473723,0.0,0.0822836685713602,0.0822836685713602,0.3203742103403082,0.7702432070304216,0.0,0.0,0.0,0.0,0.0,0.0,0.0,0.0,0.0,0.0,-0.0739566411467065,0.0,0.0833544990081949,0.0,0.0,0.0,0.0941993570585765,-0.0878145974527276,0.0,0.0,0.0,0.0,0.0,0.0,0.1044562913206344,0.3042048111430887,0.194719049630631,0.0,0.0899582716839439,0.0,0.4859237705194011,0.0,0.6208277674958445,0.0,0.1769450414665154,0.0,0.5529080353018364,0.1294007239485612,0.521744555912502,0.4178123781808777,0.3648880715543403,0.0,0.0,0.0,0.0,0.1591963592107905,0.0,0.0,0.0,0.0,0.0,0.0,0.0,0.0,0.0,0.0,0.0,0.1308407226100677,0.0,0.0,1.0802811948668436,0.1885925780985279,0.2718308240129531,0.0,0.0,0.0,-0.2664246959978276,0.0,-0.0446268877913301,0.1124247565663166,0.0,-0.5991917332356077,0.1442727072321149,-0.5899207210535029,0.0,0.0,0.101767707358511,0.0,0.0,0.11654303812188,0.0
68,-0.881655346881574,-0.7482213129505745,-0.7326554954206305,0.0,0.084435018759482,0.084435018759482,0.2829917061752144,0.806108222690736,0.0,0.0,0.0,0.0,0.0,0.0,0.0,0.0,0.0,0.0,-0.0594215262082069,0.0,0.0772163676464022,0.0,0.0,0.0,0.0950908007487822,-0.0836667810662844,0.0,0.0,0.0,0.0,0.0,0.0,0.0932756180095895,0.2560658927841107,0.3724376841742272,0.0,0.0922755228791535,0.0,0.4643419436498019,0.0,0.6867628276955952,0.0,0.1872677133898112,0.0,0.5470785242654193,0.1276718169529574,0.4834556376942376,0.4220474601929061,0.3529618829495399,0.0,0.0,0.0,0.0,0.1229413860166177,0.0,0.0,0.072927468143236,0.0,0.0,0.0,0.0,0.0,0.0,0.0,0.0,0.1409615238870878,0.0,0.0,0.9906974019043308,0.2184118948821914,0.1687355573779135,0.0,0.0,0.0,-0.2600749932471234,0.0,-0.065768174243466,0.0977172938989497,0.0,-0.6164692021182323,0.1494614611011254,-0.5887686721139337,0.0657804233064373,0.0,0.0816959151522687,0.0,0.0,0.1096234081754419,0.0
69,-0.8854500014470292,-0.754667283256182,-0.7311908844511286,0.0,0.0829780037489069,0.0829780037489069,0.2575970641905787,0.7799549118980409,0.0,0.07554944262696,0.0,0.0,0.0,0.0,0.0,0.0,0.0,0.0,-0.0465309843718542,0.0,0.074204560857274,0.0,0.0,0.0,0.0744763068951285,-0.0906188246098378,0.0,0.0,0.0,0.0,0.0,0.0,0.0843510318951984,0.219512715189098,0.470731883649876,0.0,0.0,0.0,0.4443393719958638,0.0,0.7587394473692043,0.0,0.2061021973361416,0.0,0.5370959249522235,0.1281731461575701,0.4352408990942208,0.4613519249159229,0.340504629556268,0.0,0.0,0.0,0.0,0.1086277868169035,0.0,0.0,0.0714918829163477,0.0,0.0,0.0,0.0,0.0,0.0,0.0,0.0,0.1536063306278008,0.0,0.0,0.8798760616134333,0.2331132209627099,0.2397024408667936,0.0,0.0,0.0,-0.2506772456608512,0.0,-0.0976923311241684,0.0794607180801108,0.0,-0.6263658140557191,0.1505907110072787,-0.5936140094930898,0.0,0.0,0.063523854646922,0.0,0.0,0.0820328255008868,0.0
70,-0.8899410396326863,-0.7556930070346364,-0.7251264592741163,0.0,0.0773174265836691,0.0773174265836691,0.238806080919891,0.7854857175864138,0.0,0.0916681887275574,0.0,0.0,0.0,0.0,0.0,0.0,0.0,0.0,0.0,0.0,0.0714508452198565,0.0,0.0,0.0,0.0647841514723102,-0.1060042870282756,0.0,0.0,0.0,0.0,0.0,0.0,0.0776997633117018,0.2021721203618961,0.4511249639728148,0.0,0.0,0.0,0.4393744179452407,0.0,0.7779205969976025,0.0,0.2266504368969711,0.0,0.5282634274289822,0.1375808280235352,0.3790513674522685,0.5055290703117287,0.3385751688297103,0.0,0.0,0.0,0.0,0.0900296278045536,0.0,0.0,0.0630516134552365,0.0,0.0,0.0,0.0,0.0,0.0,0.0,0.0,0.1640227137347524,0.0,0.0,0.7788081903559705,0.2542259319543992,0.3094145614438298,0.0,0.0,0.0,-0.2445066479050843,0.0,-0.1141219010321043,0.0658043419056407,0.0,-0.633624573117279,0.1561396266659414,-0.594382926906575,0.0,0.0,0.0,0.0,0.0,0.0895622956687333,0.0
71,-0.8936350229105878,-0.7521964164716096,-0.7056734253089327,0.0,0.0679384846587549,0.0679384846587549,0.2135089472881458,0.8240000344195534,0.0,0.1119036995267642,0.0,0.0,0.0,0.0,0.0,0.0,0.0,0.0,0.0,0.0,0.070715960611156,0.0,0.0,0.0,0.0,-0.1299122198658625,0.0,0.0,0.0,0.0,0.0,0.0,0.0,0.2026374099158897,0.4230162967710785,0.0,0.0,-0.045656430103893,0.4498802687071536,0.0,0.8433548771523198,0.0,0.2395449136642348,0.0,0.5060278784276254,0.1458901941011412,0.313185562617281,0.5243031182522427,0.3367990548247924,0.0,0.0,0.0,0.0,0.084243040435398,0.0,0.0,0.0,0.0,0.0,0.0,0.0,0.0,0.0,0.0,0.0,0.1756508014531564,0.0,0.0,0.6949103598037711,0.270631756662923,0.3117768713830258,0.073817335808094,0.0,0.0,-0.2357958151407148,0.0,-0.1136720756821683,0.0,0.0,-0.6306771174750042,0.1599137155231709,-0.5961436539613277,0.0,0.0,0.0,0.0,0.0,0.0976577860070997,0.0
72,-0.8980126567702258,-0.7421959083431549,-0.6812935852419193,0.0,0.0,0.0,0.213671603010461,0.9129507296803544,0.0,0.1240124771611882,0.0,0.0,0.0,0.0,0.0,0.0,0.0,0.0,0.0,0.0,0.0726202925095119,0.0,0.0,0.0,0.0,-0.1589652140029267,0.0,0.0,0.0,0.0,0.065171947417199,0.0,0.0725886043531105,0.2042647346644036,0.3875656509533512,0.0,0.0,-0.0699393049435655,0.4606113001887446,0.0,0.9218305888660648,0.0,0.2134043000935208,0.0,0.4960034407201781,0.1500545997759016,0.2524034222879526,0.554706579366958,0.3481134798836414,0.0,0.0,0.0,0.0,0.073127615020795,0.0,0.0,0.0,0.0,0.0,0.0,0.0,0.0,0.0,0.0,0.0,0.1820982595111396,0.0,0.0,0.6500915501420406,0.2834414785870994,0.2193935008232266,0.0957408852769166,0.0,0.0,-0.2329835913487108,0.0,-0.1131411488443494,0.0,0.0,-0.6187262593719399,0.1642975700722722,-0.6044221014024144,0.0,0.0,0.0,-0.083294541870336,0.0,0.1052485138105105,0.0
73,-0.900925831522025,-0.7245038195051057,-0.6483623690462527,0.0,0.0,0.0,0.213715361947933,0.9332005113319708,0.0,0.128944903009647,0.0639164975766446,0.0,0.0,0.0,0.0,0.0,0.0,0.0,0.0,0.0,0.0762588048044863,0.0,0.0,0.0,0.0,-0.1917057235170089,0.0,0.0,0.0,0.0,0.0,0.0,0.1325147186056618,0.2451663764886236,0.3469774867862868,0.0,0.0,-0.0750479083214106,0.4993152367017308,0.0,0.9820913882137926,0.0677928424518873,0.2063380938008309,0.0,0.4749146318023717,0.1661450456140517,0.2101609545515709,0.5810027970745052,0.3653986454127802,0.0,0.0,0.0,0.0,0.0,0.0,0.0,0.0,0.0,0.0,0.0,0.0,0.0,0.0,0.0,0.0,0.1914299171751909,0.0,0.0,0.679964532274407,0.274592220760889,0.1687807248111232,0.1142410138369582,0.0,0.0,-0.2279978855459476,0.0,-0.0915214151035067,0.0,0.0,-0.607916595516046,0.1675689926538165,-0.6050334018397934,0.0,0.0,0.0,-0.1312780952815763,0.0,0.0973406333427554,0.0
74,-0.902361888817958,-0.705567410233719,-0.6199915087380794,0.0,0.0,0.0,0.2139365447964672,0.9423344286131042,0.0,0.1276243541062107,0.0681408245871907,0.0,0.0,0.0,0.0,0.0,0.0,0.0,0.0,0.0,0.0846043522211666,0.0,0.0,0.0,0.0,-0.2294210696814597,0.0,0.0,0.0,0.0,0.0,0.0,0.1892507563340365,0.2980942996224169,0.2995434060519968,0.0,0.0,-0.081681736994887,0.5457069744512979,0.0,0.985722379522866,0.07363687424705,0.1763366239500523,0.0,0.4653706999459093,0.1777223465960584,0.177417477305449,0.6257077573151658,0.4225797734621282,0.0,0.0,0.0,0.0,0.0,0.0,0.0,0.0,0.0,0.0,0.0,0.0,0.0,0.0,0.0,0.0,0.2021954086836032,0.0,0.0,0.7112691087531134,0.2543002203081203,0.1763097523156724,0.1315198633456591,0.0,0.0,-0.2242300223263265,0.0,-0.0505015730643645,0.0,0.0,-0.5925438540415655,0.1766628293054922,-0.6101808675988938,0.0,0.0,0.0,-0.1798863891354838,0.0,0.0747911434750766,0.0
75,-0.9002867172911051,-0.6802653257443867,-0.5907410057768391,0.0,0.0,0.0,0.2328791998530972,0.968863042847196,0.0,0.1183676042948821,0.0706329214210314,0.0,0.0,0.0,0.0,0.0,0.0,0.0,0.0,0.0,0.0952614985528527,0.0,0.0,0.0,0.0,-0.2622295097568056,0.0,0.0,0.0,0.0,0.0,0.0,0.2558448792389933,0.3701427826247402,0.2536002285700919,0.0,0.0,-0.0837974134958852,0.5939931826919265,0.0,0.9086242479700424,0.0746590636832351,0.1605840583337769,0.0,0.4626218340018326,0.1884590659462098,0.1787127775675519,0.6725493335541955,0.5009310447829604,0.0,0.0,0.0,0.0,0.0,0.0,0.0,0.0,0.0,0.0,0.0,0.0,0.0,0.0,0.0,0.0,0.206202808910486,0.0,0.0,0.7717972956764693,0.2253971054153191,0.1780838890093294,0.1485351528211602,0.0,0.0,-0.2149027681415374,0.0,0.0,0.0,0.0,-0.5671635597503129,0.1865667166893581,-0.6168512525231741,0.0,0.0,0.0,-0.2193726028435984,0.0,0.0855290532076621,0.0
76,-0.8981576292608713,-0.6571650460604862,-0.5665027970903005,0.0,0.0,0.0,0.2458754746196949,1.003739349792817,0.0700002328511689,0.1029319852233123,0.0724357797122737,0.0,0.0,0.0,0.0,0.0,0.0,0.0,0.0,0.0,0.1115914559804091,0.0,0.0,0.0,0.0,-0.3092898745526877,0.0,0.0,0.0,0.0,0.0,0.0,0.3030372218056578,0.4500763377217655,0.2108207694269942,0.0,0.0,-0.0885348007734125,0.6370018045585046,0.0,0.8947354857570599,0.0710980908793116,0.1664789112910983,0.0,0.472951793802753,0.1680726837466991,0.1911208194527895,0.614833617892869,0.5743550199936109,0.0,0.0,0.0,0.0,0.0,0.0,0.0,0.0,0.0,0.0,0.0,0.0,0.0,0.0,0.0,0.0,0.2053882045751708,0.0,0.0,0.869682430478009,0.2055970951126385,0.1706127515490361,0.1608491116927899,0.0,0.0,-0.2021313527714735,0.0,0.0,0.0,0.0631249411348887,-0.5479550656559431,0.1983765514993942,-0.628299378599429,0.0,0.0,0.0,-0.2621286443651848,0.0,0.0746342373230258,0.0
77,-0.8873075409030298,-0.6339505986418955,-0.5526210547250396,0.0,0.0,0.0,0.2574710805131376,1.0177681358490718,0.0821021486578765,0.0839266009425205,0.0711925893294856,0.0,0.0,0.0,0.0,0.0,0.0,0.0,0.0,0.0,0.1251528411146729,0.0,0.0,0.0,0.0,-0.3324105451629568,0.0,0.0,0.0,0.0,0.0,0.0,0.3045370603391689,0.5013572296554465,0.1664810255324654,0.0,0.0,-0.0942478996193774,0.6663886083619914,0.0,0.910131110650273,0.063581745161067,0.1657068218800551,0.0,0.4993823530957922,0.1350199114411132,0.2308789651122688,0.6046258692763211,0.5226559698158989,0.0,0.0,0.0,0.0,0.0,0.0,0.0,0.0,0.0,-0.0542059659343141,0.0,0.0,0.0,0.0,0.0,0.0,0.2048322530136059,0.0,0.0,0.9711032618198832,0.194374970484762,0.154615879948874,0.1685751375535349,0.0,0.0,-0.1855093799880205,0.0,0.0,0.0732233049153422,0.0749051878657664,-0.5260249099898225,0.2132980826689929,-0.6333661090300178,0.0,0.0,0.06638783982716,-0.2895739435404859,0.0,0.0631260004997125,0.0
78,-0.872817396435368,-0.6153564132011532,-0.535882629877124,0.0,0.0,0.0,0.3782968695864475,1.038100812986674,0.0913397305556778,0.0629526539515074,0.0647581020740333,0.0,0.0,0.0,0.0,0.0,0.0,0.0,0.0,0.0,0.1390454189890079,0.0,0.0,0.0,0.0,-0.342379934656274,0.0,0.0,0.0,0.0,0.0,0.0,0.3026495172984548,0.5180945597306863,0.1345821648075092,0.0,0.0,-0.0977527355492917,0.6868920400262138,0.0,0.9368019028599704,0.0,0.1831504445013744,0.0,0.5242420030027051,0.1204357067710904,0.2805653716046165,0.6034073914582241,0.5341729475439009,0.0,0.0,0.0,0.0,0.0,0.0,0.0,0.0,0.0,-0.043521113172582,0.0,0.0,0.0,0.0,0.0,0.0,0.2031767499203481,0.0,0.0,1.0759021133102789,0.1869844396961411,0.1463382425699159,0.1715615061256039,0.0,0.0,-0.1699300897289509,0.0,0.0,0.1062612583065271,0.0867227354737393,-0.509670412764108,0.1839943851890728,-0.6402820938452299,0.0,0.0,0.0689175501550905,-0.3098407400850539,0.0,0.0,0.0
79,-0.8598885151657378,-0.5998256312872065,-0.5335049256571651,0.0,0.0,0.0,0.3779490598077585,1.0590477712401185,0.0962773917754367,0.0,0.0,0.0,0.0,0.0,0.0,0.0,0.0,0.0,0.0,0.0,0.1591799492924828,0.0,0.0,0.0,0.0,-0.3443477732449517,0.0,0.0,0.0,0.0,0.0,0.0,0.2906514771350578,0.5159574088879825,0.1036757205553429,0.0,0.0,-0.1071786632307835,0.6846864679987995,0.0,0.9487047806290488,0.0,0.198351837009202,0.0,0.6041844711085462,0.1179999211943897,0.3518730444120435,0.6328802726047935,0.5707390025954333,0.0,0.0,0.0,0.0,0.0,0.0,0.0,0.0,0.0,0.0,0.0,0.0,0.0,0.0,0.0,0.0,0.2045326657628107,0.0,0.0,1.1516512692817016,0.1887903502493518,0.1300588177067783,0.168013349933685,0.0,0.0,-0.1499719398030394,0.0,0.0,0.1497416112456011,0.097805843958638,-0.4856721801481622,0.1607100464294516,-0.6522603225228185,0.0,0.0,0.0693717265435105,-0.3289885802682689,0.0,0.0,0.0
80,-0.8386850837098304,-0.5919277032994106,-0.5423270407420885,0.0,0.0,0.0,0.2555715784799696,1.053749627942015,0.0956054961586085,0.0,0.0,0.0,0.0,0.0,0.0,0.0,0.0,0.0,-0.0739211097425314,0.0,0.1796086014716372,0.0,0.0,0.0,0.0,-0.3429601200661218,0.0,0.0,0.0,0.0,0.0,0.0,0.2897171023127681,0.4920967884802364,0.0776596039757391,0.0,0.0,-0.1212598840032001,0.6467278432723739,0.0,0.8819910492610686,0.0654114991200463,0.2026744065810015,0.0,0.6586301206613384,0.1207701303040577,0.3950847093120606,0.6798168548074939,0.6009605871952977,0.0,0.0,0.0,0.0,0.0,0.0672361436706958,0.0,0.0,0.0,0.0,0.0,0.0,0.0,0.0,0.0,0.0,0.2016630752724568,0.0,0.0,1.1864721600165768,0.2049293650898457,0.1166100931543195,0.1633187693465302,0.0,0.0,-0.1294320850948493,0.0,0.0,0.2145533068832749,0.1049387045239982,-0.4642458712733084,0.1265814287099456,-0.6645511607007092,0.0,0.0,0.067342246820118,-0.3457713868537799,0.0,0.0,0.0
81,-0.8073170382449213,-0.5899521951190108,-0.5512347437419808,0.0,0.0,0.0,0.2141713857642751,1.0496066542021354,0.0891982865414664,0.0,0.0,0.0,0.0,0.0,0.0,0.0,0.0,0.0,-0.1012614296314354,0.0,0.1997997563777057,0.0784078508087575,0.0,0.0,0.0,-0.3416567099124921,0.0,0.0,0.0,0.0,0.0,0.0,0.3097532709073715,0.4719495043249815,0.0,0.0,0.0,-0.1257682253089121,0.6033784796032012,0.0,0.8149553385444489,0.071418275699197,0.1969222297714054,0.0,0.6398103032832884,0.1251286450298639,0.4063530840519155,0.7298423691620769,0.6158058003547989,0.0,0.0,0.0,0.0,0.0,0.0693396402490047,0.0,0.0,0.0,0.0,0.0,0.0,0.0,0.0,0.0,0.0,0.2015096800544521,0.0,0.0,1.1517572059696388,0.2408449614918136,0.2763498178078051,0.1525683929687972,0.0,0.0,-0.1071094768257222,0.0,0.0,0.255183533545074,0.1091465757244356,-0.4456172027120444,0.1171508999777199,-0.6700230298760951,0.0,0.0,0.0628911700534189,-0.354923367336639,0.0,0.0,0.0
82,-0.7809397687318206,-0.5874832908620574,-0.559528047941772,0.0,0.0,0.0,0.2038991510772152,1.0328480991164726,0.0771210033352357,0.0,0.0,0.0,0.0,0.0,0.0,0.0,0.0,0.0,-0.1450768716994385,0.0,0.2260960318212862,0.0769049831188509,0.0,0.0,0.0,-0.336834673680885,0.0,0.0,0.0,0.0,0.0,0.0,0.288184082430164,0.4467559106031133,0.0,0.0,0.0,-0.1347584633508837,0.5578166528806187,0.0,0.7502163906267495,0.068161219140509,0.1809234138899604,0.0,0.6266667140038796,0.1132076104721392,0.4329528723785572,0.7977036840742321,0.6359504017133591,0.0,0.0,0.0,0.0,0.0,0.0668962577455668,0.0,0.0,0.0,0.0,0.0,0.0,0.0,0.0,0.0,0.0,0.1950487157974699,0.0,0.0,1.0802574694251066,0.2900904309740298,0.3764452154618368,0.1440719016993823,0.0,0.0,-0.1045437858452466,0.0,0.0,0.2333041704563219,0.1076841871344904,-0.4365651323150166,0.1184494098695592,-0.6746810458326615,0.0687131046327157,0.0,0.0,-0.3538659531727185,0.0,0.0,-0.0571892125849739
83,-0.7630527614188575,-0.586308041770842,-0.5628785256482991,0.0,0.0,0.0,0.2024515133602223,1.036440847238822,0.0633832215189845,0.0770386748590287,0.0,0.0,0.0,0.0,0.0,0.0,0.0,0.0,-0.1911206587880439,0.0,0.2485840316253743,0.0728337690435107,0.0,0.0,0.0,-0.3186448193497626,0.0,0.0,0.0,0.0,0.0,-0.0515381404754301,0.3275742543725766,0.4196737509562853,0.0,0.0,0.0,-0.1484265688677858,0.4748095756420672,0.0,0.6898029422524409,0.0655435765811548,0.1565575809799859,0.0,0.6272967665505179,0.1095320489730137,0.4615970250355603,0.839332477519497,0.6514402504032653,0.0,0.0,0.0,0.0,0.0,0.0,0.0,0.0,0.0,0.0,0.0,0.0,0.0,0.0,0.0,0.0,0.1860729578633839,0.0,0.0,0.9901947453537367,0.3436942984287183,0.4011395384047678,0.1334274161997019,0.0,0.0,-0.0968269871941643,0.0,0.0,0.2055552104754382,0.100995323899809,-0.4323628165478314,0.1282245560062779,-0.6735130161027535,0.0885104678281458,0.0,0.062972539222558,-0.3366181261667769,0.0,0.0,-0.0707580218410802
84,-0.7560518437561933,-0.5786784512901031,-0.5661233176703734,0.0,0.0,0.0,0.2042792912556339,1.0705933172679614,0.0,0.0949960267112147,0.0,0.0,0.0,0.0,0.0,0.0,0.0,0.0,-0.2247936118958851,0.0,0.27796448575006,0.0663420074152352,0.0,0.0,0.0,-0.310318721219132,0.0,0.0,0.0,0.0,0.0,-0.0707201364873679,0.3626855178512834,0.3857228169798788,0.0,0.0,0.0,-0.1535767416726188,0.4125012115437442,0.0,0.6428891856806385,0.0,0.1315973815474751,0.0,0.6175001757236661,0.0912004346083267,0.4805329411799645,0.860118031158684,0.6337575794386707,0.0,0.0,0.0,0.0,0.0,0.0,0.0,0.0,0.0,0.0,0.0,0.0,0.0,0.0,0.0,0.0,0.1772366949416149,0.0,0.0,0.9066523739790048,0.3975734690640136,0.4100325552205165,0.1263235068367016,0.0,0.0,-0.1003752135476259,0.0,0.0,0.1803643733596291,0.0902184553256664,-0.4313918358767924,0.1430601367651927,-0.6709185365320728,0.1071454848654674,0.0,0.0669581226413685,-0.3096115946290399,0.0,0.0,-0.0627503512476312
85,-0.7622238246471665,-0.5783117734395771,-0.5693634713888596,0.0,0.0,0.0,0.2000869421199987,1.0819042136703407,0.0,0.1031677728080606,0.0,0.0,0.0,0.0,0.0,0.0,0.0,0.0,-0.2500511862599626,0.0,0.3077376009742293,0.0,0.0,0.0,0.0,-0.3048378735326243,0.0,0.0,0.0,0.0,0.0,-0.0907753770514825,0.2867360583073831,0.3550794218014269,0.0,0.0,0.0,-0.1507789556282954,0.3443888341437341,0.0,0.6086102332342231,0.0,0.1067074215642238,0.0,0.5905850913802535,0.0786752478293328,0.4915182096263842,0.8656167340304829,0.5885480009566755,0.0,0.0,0.0,0.0,0.0,0.0,0.0,0.0,0.0,0.0,0.0,0.0,0.0,0.0,0.0,0.0,0.1586852384185768,0.0,0.0,0.8368635379692738,0.4615058329328445,0.4419352645697079,0.1184047302388102,0.0,0.0,-0.1020380622304229,0.0,0.0,0.1576428144716721,0.0768755625895423,-0.432730970645469,0.1481441385702198,-0.668045363085348,0.1209370855051003,0.0,0.0690673130823093,-0.2755705895544491,0.0,0.0,0.0
86,-0.7822801134760877,-0.5775526915979864,-0.5750204823105424,0.0,0.0,0.0,0.2078452291986739,1.0739476573681608,0.0,0.1170333071562806,0.0,0.0,0.0,0.0,0.0,0.0,0.0,0.0,-0.2443631291536049,0.0,0.3386908321001448,0.0,0.0,0.0,0.0,-0.3032001254819582,0.0,0.0,0.0,0.0,0.0,-0.1175642203035007,0.2585349859408711,0.3199699403673814,0.0,0.0,0.0,-0.1365700481229229,0.2896869311385274,0.0,0.587014870383408,0.0,0.1064496304619289,0.0,0.6052234545621542,0.0807540331793988,0.4890712983803239,0.8523509393973673,0.582373680925226,0.0,0.0,0.0,0.0,0.0,0.0,0.0,0.0,0.0,0.0,0.0,0.0,0.0,0.0,0.0,0.0,0.1527126829281439,0.0,0.0,0.7936720156073039,0.4932927764456569,0.4622587478327667,0.1125447216814304,0.0,0.0,-0.1081132827775331,0.0,0.0,0.1320799480300326,0.0648683073377221,-0.4414526711437234,0.1682161298306766,-0.6585840469148544,0.1309574297889366,0.0,0.0677243740689981,-0.2234651008478407,0.0,0.0,0.0
87,-0.8109904691851125,-0.5723241522499151,-0.5749036927706354,0.0,0.0,0.0,0.2189606793672335,1.1077844134150083,0.0,0.1362546055631355,0.0,0.0,0.0,0.0,0.0,0.0,0.0,0.0,-0.2602512956977901,0.0,0.3585904414660929,0.0,0.0,0.0,0.0,-0.3044644880590936,0.0,0.0,0.0,0.0,0.0,-0.1216148146869103,0.2579295082213719,0.2852411817378621,0.0,0.0,0.0,-0.1065584254678349,0.248833314817954,0.0,0.5808271651523875,0.0,0.0800992880994408,0.0,0.6274850336914902,0.0981000360933036,0.4855301526821307,0.8192671322878748,0.6214213108819551,0.0,0.0,0.0,0.0,0.0,0.0,0.0,0.0,0.0,0.0,0.0,0.0,0.0,0.0,0.0,0.0,0.147961310970764,0.0,0.0,0.7347885993477726,0.4906338447909804,0.4681902579544133,0.1311696382405805,0.0,0.0,-0.1047238024899051,0.0,0.0,0.1227121377268893,0.0,-0.4590299281485546,0.1810354001207156,-0.6464957852580964,0.147600509835116,0.0,0.071241187412153,-0.1684339037087878,0.0,0.0,0.0
88,-0.8449976559821282,-0.5630099067532158,-0.580349986662309,0.0,0.0,0.0,0.2284637521406745,1.0753574943300883,0.0,0.1410229714827265,0.0,0.0,0.0,-0.0630912449605316,0.0,0.0,0.0,0.0,-0.2559517496997376,0.0,0.3697628239539294,0.0,0.0,0.0,0.0,-0.3133625203311455,0.0,0.0,0.0,0.0,0.0,-0.1197691087624027,0.2768089992816323,0.2641415208953578,0.0,0.0,0.0,-0.0728084732425624,0.2021036041709013,0.0,0.602547736674432,0.0,0.0702469398918494,0.0,0.634632650284578,0.1177834600915753,0.4656812118863652,0.7668977435977329,0.6470482857142126,0.0,0.0,0.0,0.0,0.0,0.0,0.0,0.0,0.0,0.0,0.0,0.0,0.0,0.0,0.0,0.0,0.1439025422952355,0.0,0.0,0.6418080632171098,0.4281765203415791,0.475710896584682,0.1597833995533635,0.0,0.0,-0.1064271768764168,0.0,0.0,0.1242038728895102,0.0,-0.481813998024553,0.182878575625681,-0.6344327793092444,0.1658755227085985,0.0,0.0765571188471334,-0.1029020474709062,0.0,0.0,0.0
89,-0.8643205757474846,-0.5617406789937277,-0.5854827318321335,0.0,0.0,0.0,0.245280408344919,1.042697054248267,0.0,0.132172571737077,0.0,0.0,0.0,-0.1221209066267296,0.0,0.0,0.0,0.0,-0.2522325430117724,0.0,0.3748617641368224,0.0,0.0,0.0,0.0,-0.309332895161627,0.0,0.0,0.0,0.0,0.0,-0.1216081659757567,0.3210583092038954,0.2386976008023772,0.0,0.0,0.0627260333617711,0.0,0.1501962502429182,0.0,0.6328340405176569,0.0,0.0,0.0,0.5800263738741943,0.1167385145482127,0.4436075031539191,0.6748367397966492,0.6347027165831844,0.0,0.0,0.0,0.0,0.0,0.0,0.0,0.0,0.0,0.0,0.0,0.0,0.0,0.0,0.0,0.0,0.1468056960097806,0.0,0.0,0.5977563915792633,0.3567967164788609,0.4731096103608906,0.2222601937499001,0.0,0.0,-0.0960088726814529,0.0,0.0,0.1223303690410912,0.0,-0.5018952049132356,0.1745582568573149,-0.6124972571305691,0.152202506460743,0.0,0.0788048242435751,0.0,0.0,0.0,0.0
90,-0.8801840158973318,-0.5672971576791334,-0.593901601479839,0.0,0.0,0.0,0.2672090629889092,1.0772461682325585,0.0,0.1262964060421186,0.0,0.0,0.0,-0.1785913357763633,0.0,0.0,0.0,0.0,-0.2493959396375385,0.0,0.3264133828599688,0.0,0.0,0.0,0.0,-0.3054357207974618,0.0,0.0,0.0,0.0,0.0,-0.0978320566264652,0.3919868007182797,0.2133119665348001,0.0,0.0,0.0,0.0,-0.0923199045572919,0.0,0.6111649031752832,0.0,0.0,0.0,0.5046664960609712,0.1281103255171645,0.4117305568522188,0.6171626699164015,0.6226927646655868,0.0,0.0,0.0,0.0,0.0,0.0,0.0,0.0,0.0,0.0,0.0,0.0,0.0,0.0,0.0,0.0,0.1619879903963207,0.0,0.0,0.5909863386932848,0.3035481611400418,0.5195640132220145,0.2876005280331126,0.0,0.0,-0.0953201017978538,0.0,0.0,0.128573445019855,0.0,-0.5338972426193036,0.1575645448546529,-0.590689770049056,0.1423254880917186,0.0,0.0826744810393871,0.0,0.0,0.0,0.0
91,-0.8929994135938837,-0.5757723677759409,-0.608821843689714,0.0,0.0,0.0,0.2900515149933677,1.0402794199639802,0.0626319239381712,0.125244572873389,0.0,0.0,0.0,-0.2092712642808779,0.0,0.0,0.0,0.0,-0.2386808460153688,0.0,0.3032390134019751,0.0,0.0,0.0,0.0,-0.2978622182739607,0.0,0.0,0.0,0.0,0.0,-0.0806982452551372,0.3790465088600607,0.1869566449092909,0.0,0.0,0.0,0.0,-0.0687199114955467,0.0,0.601027873674104,0.0710129276985718,0.0,0.0,0.4526685071224127,0.1463069757754153,0.3940867619889774,0.6453611181586352,0.6118301195118178,0.0,0.0,0.0,0.0,0.0,0.0,0.0,0.0,0.0,0.0,0.0,0.0,0.0,0.0,0.0,0.0,0.1694813295692259,0.0,0.0,0.5828831433199936,0.2860126735011152,0.5298174639932776,0.3495893018558325,0.0,0.0,-0.0841291910116123,0.0,0.0,0.1422379462317889,0.0,-0.5548591264822179,0.140184201485628,-0.5685284204100545,0.1241065360111825,0.0,0.0,0.0,0.0,0.0,0.0
92,-0.9081413984667006,-0.5857609866290061,-0.6229535900919139,0.0,0.0,0.0,0.4300054718064679,1.0159700037246624,0.0751453264515791,0.1270017686447566,0.0,0.0,0.0,-0.2357369085530432,0.0,0.0,0.0,0.0,-0.2337361491387208,0.0,0.320455141513448,0.0,0.0,0.0,0.0,-0.2740258252674501,0.0,0.0,0.0,0.0,0.0,-0.0502913044247664,0.3421684670237698,0.1640738072288526,0.0,0.0,0.0,0.0,0.0900045405802002,0.0,0.6144988681007592,0.072953202962303,0.0,0.0,0.4257274480963068,0.1554041371292448,0.3624987445257179,0.6766404840847206,0.6081784295268762,0.0,0.0,0.0,0.0,0.0,0.0,0.0,0.0,0.0,0.0,0.0,0.0,0.0,0.0,0.0,0.0,0.1915078572651179,0.0,0.0,0.5714370668062255,0.3079087341314525,0.5395689170230089,0.3693025643032501,0.0,0.0,-0.0726493715489465,0.0,0.0,0.1512427366110521,0.0,-0.5819118806355814,0.1579885123634477,-0.5430321981129186,0.1246115966566254,0.0,0.0,0.0,0.0,0.0,0.0
93,-0.9160318007356708,-0.5998915194119364,-0.6432035790003066,0.0,0.0,0.0,0.6074141008039473,0.9866381350357524,0.0882886713797203,0.1039838319388657,0.0,0.0,0.0,-0.2577539803987977,0.0,0.0,0.0,0.0,-0.2307933143946358,0.0,0.3688884217753839,0.0,0.0,0.0,0.0757248095354228,-0.2550034155161969,0.0,0.0,0.0,0.0,0.0,0.0,0.2722011263697965,0.1469011120462433,0.0,0.0,0.0682999090780709,0.0,0.0826731379053628,0.0,0.6482891337505085,0.0713297930907518,0.0,0.0,0.4117552505947418,0.1762730326043498,0.3410601878357725,0.7445964938816386,0.6225495195963346,0.0,0.0,0.0,0.0,0.0,0.0,0.0,0.0,0.0,0.0,0.0,0.0,0.0,0.0,0.0,0.0,0.2107439325879477,0.0,0.0,0.571083694340325,0.3895229143390723,0.5596720999911924,0.3807470264392565,0.0,0.0,-0.0665522482771723,0.0,0.0,0.1431842911564757,0.0,-0.6036494569019395,0.1787776886410298,-0.5098629172641463,0.1352844878482524,0.0,0.0,0.0,0.0,0.0,0.0
94,-0.9181876303692982,-0.6125323744253385,-0.6498242279617238,0.0,-0.0477739201369198,-0.0477739201369198,0.633794183638073,0.9779106038417346,0.1122934967801993,0.08544643132412,0.0,0.0,0.0,-0.2689664610198323,0.0,0.0,0.0,0.0,-0.240553075338144,0.0,0.3872334328472738,0.0,0.0,0.0,0.0910260991189507,-0.2358724402871889,0.0,0.0,0.0,0.0,0.0,0.0,0.2294670775860836,0.1429854993319638,0.0,0.0,0.0,0.0,0.0837695268530256,0.0,0.68368163481989,0.0677316296885625,0.0,0.0,0.4269945879267985,0.1854565650213357,0.3312147830945342,0.8206746399194437,0.6215906184236014,0.0,0.0,0.0,0.0,0.0,0.0,0.0,0.0,0.0,0.0,0.0,0.0,0.0,0.0,0.0,0.0,0.2134357107809869,0.0,0.0,0.5774529454576431,0.4647462457495272,0.5735061239202965,0.3942649564501791,0.0,0.0,-0.0705638167779255,0.0,0.0,0.151617838352141,0.0,-0.6254206824123085,0.1912100339449146,-0.474136335463741,0.1450263224661027,0.0,0.0,0.0,0.0,0.0,0.0
95,-0.9212587090551408,-0.6178136729379182,-0.6546323655731026,0.0,-0.09562871375314,-0.09562871375314,0.637014386045739,0.985826352993232,0.1350406127074291,0.0675190749811921,0.0,0.0,0.0,-0.2560555577756018,0.0,0.0,0.0,0.0,-0.2460316591803379,0.0,0.3854987342352581,0.0,0.0,0.0,0.0908346054846946,-0.2125024976374649,0.0,0.0,0.0,0.0,0.0,0.0,0.2049835741526996,0.1521799219387583,0.0,0.0,0.0,0.0,0.0849248996969904,0.0,0.6252879998848122,0.0,0.0,0.0,0.4685815098594503,0.189394642671317,0.3223331517072636,0.900987191890112,0.632558435414036,0.0,0.0,0.0,0.0,0.0,0.0735957381853056,0.0,0.0,0.0,0.0,0.0,0.0,0.0,0.0,0.0,0.0,0.2074065632113372,0.0,0.0,0.5712652873566191,0.492111683167299,0.6016630438736905,0.4000908725220129,0.0,0.0,-0.0763274656758014,0.0,0.0,0.1633432545603886,0.0,-0.6481138607688841,0.1939029005980579,-0.440009134770243,0.1505820354439105,0.0767798124679957,0.0,0.0,0.0,0.0,0.0
96,-0.9228720680348252,-0.6202021844718256,-0.6568029242404859,0.0,-0.1321816893754621,-0.1321816893754621,0.6505547906318684,0.992592709265248,0.1572367530015714,0.0,0.0,0.0,0.0,-0.2428311084962475,0.0,0.0,0.0,0.0750439095690161,-0.2601137341784327,0.0,0.3835001255646868,0.0,0.0,0.0,0.0929025273361892,-0.1944011277744331,0.0,0.0,0.0,0.0,0.0,0.0624065491923964,0.1830805169596253,0.1600764485328495,0.0,0.0,0.0,0.0,0.086360578688401,0.0,0.5734823014643382,0.0,0.0,0.0,0.4847270099560525,0.1949965003309912,0.3230525282075291,0.9506263713005828,0.6548519460218647,0.0,0.0,0.0,0.0,0.0,0.090943001248332,0.0,0.0,0.0,0.0,0.0,0.0,0.0,0.0,0.0,0.0,0.202879742985493,0.0,0.0,0.5655250229979252,0.4261513841713866,0.6141393359120088,0.4027777085506127,0.0,0.0,-0.0931497302902474,0.0,0.0,0.1704275137700129,0.0,-0.6647434649524078,0.1850735863221326,-0.4137826029554633,0.1511323960087167,0.0779516157643539,0.0,0.0,0.0,0.0,0.0
97,-0.924556098225354,-0.6177377871767828,-0.6533177890961611,0.0,-0.1531664165516713,-0.1531664165516713,0.6599576858959532,0.9963212746508548,0.1532245856172561,0.0,0.0,0.0,0.0,-0.2095359901543829,0.0,0.0,0.0,0.078953731005362,-0.2595117073114915,0.0,0.3856800812155252,0.0702521522257781,0.0,0.0,0.0934295246759985,-0.1895420092545306,0.0,0.0,0.0,0.070123408416257,0.0,0.0696126924428057,0.1915725149800697,0.1835825664763776,0.0,0.0,0.0,0.0,0.1305420384332807,0.0,0.5633707529769333,0.0,0.0,0.0,0.4866037059049168,0.2049910760216104,0.3283138098088224,0.8389204498124949,0.6611337210874988,0.0,0.0,0.0,0.0,0.0,0.1035060391489979,0.0,0.0,0.0,0.0,0.0,0.0,0.0,0.0,0.0,0.0,0.1962603891843108,0.0,0.0,0.5548998320001393,0.2841737479474079,0.4131504219108278,0.3904216475227647,0.0,0.0,-0.1111337710253317,0.0,0.0,0.1753414137993447,0.0,-0.6772844537274356,0.1722447668293775,-0.3837592075598746,0.1552623428814805,0.0745151801381333,0.0,0.0,0.0,0.0,0.0
98,-0.925988917876318,-0.6056215661287182,-0.6517065076901327,0.0,-0.1626409898413429,-0.1626409898413429,0.5468903911043,0.9990227796719784,0.136887748164857,0.0,0.0,0.0,0.0,-0.1667581408606535,0.0,0.0,0.0,0.0695882004704103,-0.2542224459728501,0.0,0.3976695723318095,0.0947809218406274,0.0,0.0,0.0915130506372596,-0.1974535681921461,0.0,0.0,0.0,0.0795502094059889,0.0,0.0766079184563801,0.2233972710785152,0.2128958154567896,0.0,0.0,0.0,0.0,0.1928701249798258,0.0,0.5903559699969432,0.0,0.0,0.0,0.4797999133067514,0.1884432022821445,0.3255480093637975,0.9462381131623688,0.6736195549401452,0.0,0.0,0.0,0.0,0.0,0.0839664323621207,0.0,0.0,0.0,0.0,0.0,0.0,0.0,0.0,0.0,0.0,0.1995771223908384,0.0,0.0,0.6067639364809692,0.1659743962331037,0.275111276118235,0.3683589231284427,0.0,0.0,-0.1349338278018833,0.0,-0.0459477130792874,0.174267882652915,0.0,-0.6888694765556529,0.1522931431127351,-0.3648759144075847,0.1694044118887867,0.0671024227299453,0.0,0.0,0.0,0.0,0.0
99,-0.92729095869678,-0.5918835947238889,-0.6406121542154409,0.0,-0.1500474671982585,-0.1500474671982585,0.5735465980969533,0.9810305463218236,0.1190064710809133,0.0,0.0,0.0,0.0,-0.0975905565571857,0.0,0.0,0.0,0.0,-0.2325649577978394,0.0,0.4105148595814532,0.1185452696473668,0.0,0.0,0.0876053864023152,-0.2135224738878281,0.0,0.0,0.0,0.0815074623164044,0.0,0.0820379723182736,0.2532703613106869,0.2481993139144628,0.0,0.0,0.0,0.0,0.2523073530650668,0.0,0.6224335758855719,0.0,0.0,0.0,0.4804127767235848,0.1700372654614034,0.3292733002756393,0.9041284102575452,0.6751285104093385,0.0,0.0,0.0,0.0,0.0,0.070027185285389,0.0,0.0,0.0,0.0,0.0,0.0,0.0,0.0,0.0,0.0,0.1793739712105611,0.0,0.0,0.7414134280632616,0.0837925590707499,0.2148328925335527,0.3295246115791333,0.0,0.0,-0.1559675938531911,0.0,-0.064483498230621,0.1646015021774663,0.0,-0.6973967365726823,0.1308146714027859,-0.349136638455469,0.1800061788857423,0.0,0.0,0.0,0.0,0.0,0.0
100,-0.9286140155735608,-0.5656184645101281,-0.6320919441799224,0.0,-0.1226411501624264,-0.1226411501624264,0.6073918912170421,0.964439070919947,0.1138217808026385,0.0,0.0,0.0,0.0,0.0,0.0,0.0,0.0,0.0,-0.2097978482090713,0.0678955108857675,0.4338846828026376,0.1194681634509063,0.0,0.0,0.08552607471018,-0.2406814079705394,0.0,0.0,0.0,0.0814961830166641,0.0,0.0836961677683383,0.2699286948991239,0.2865460947416592,0.0,0.0,0.0,0.0,0.3094258564976226,0.0,0.6742259842560699,0.0,0.0,0.0,0.5305269077114627,0.1581548083472041,0.3303923748851786,0.9106526759772666,0.6629488895139982,0.0,0.0,0.0,0.0,0.0,0.0,0.0,0.0,0.0,0.0,0.0,0.0,0.0,0.0,0.0,0.0,0.1472133869352465,0.0,0.0,0.874481160558797,0.0,0.1221085683721107,0.2832432232986063,0.0,0.0,-0.1770988277189422,0.0,-0.0669212737930564,0.1419212680302099,0.0,-0.6971675871217378,0.1093881051422303,-0.3428055399799871,0.1891911177952467,0.0,0.0,0.0,0.0,0.0,0.0
101,-0.9294886220108408,-0.5430205558968998,-0.6285079182187037,0.0,-0.0920056105823664,-0.0920056105823664,0.6388161207412835,0.9290436088375954,0.1104383718726489,0.0,0.0,0.0,0.0,0.0,0.0,0.0,0.0,0.0,-0.1724201584845593,0.0828632932982808,0.4661914466858708,0.1133175277324288,0.0,0.0,0.0824262592056916,-0.2704761871931111,0.0,0.0,0.0,0.076193976337343,0.0,0.0830509583489756,0.2761821439588686,0.3161920921160987,0.0,0.0,0.0,0.0,0.3783576249347546,0.0,0.739758931707935,0.0,0.0,0.0,0.5646162142302176,0.1462380491525669,0.3126167217084253,0.9426391492417292,0.6505847317047427,0.0,0.0,0.0,0.0,0.0,0.0,0.0,0.0,0.0,0.0,0.0,0.0,0.0,0.0,0.0,0.0,0.1207705429474031,0.0,0.0,0.9926685368200758,0.0886499840275235,0.1186045115367636,0.22553687934337,0.0,0.0,-0.1956794749654354,0.0,-0.0535573073011903,0.1226372015001939,0.0,-0.6988460720861643,0.0914965046896447,-0.3405744020956766,0.2006037513958652,0.0,0.0,0.0,0.0,0.0,0.0
102,-0.9304382804346032,-0.5201372885529962,-0.6324201740990827,0.0,-0.0549460687856515,-0.0549460687856515,0.6549218651106393,0.8745635276052569,0.1081303106848126,0.0,0.0,0.0,0.0,0.0,0.0,0.0,0.0,0.0,-0.1100164401922457,0.0863626694480138,0.5045828041346027,0.1005904946411502,0.0,0.0,0.077711214891463,-0.2995292627754297,0.0,0.0,0.0,0.0692855825384992,0.0,0.0819549589989512,0.2644832840399596,0.3423601603769938,0.0,0.0,0.0,0.0,0.4107439665914665,0.0,0.8050404442276095,0.0,0.0865142178242228,0.0,0.5838224560846897,0.1380093240509689,0.2585922031508361,0.8789053744002957,0.6407962618989752,0.0,0.0,0.0,0.0,0.0,0.0,0.0,0.0,0.0,0.0,0.0,0.0,0.0,0.0,0.0,0.0,0.0934607876262725,0.0,0.0,1.0639776248775523,0.1251984095246756,0.1623201679500456,0.1750322957971053,0.0,0.0,-0.2146441711664319,0.0,0.0,0.0985788330747067,0.0,-0.6977129071302591,0.0884000083110582,-0.3374390181342009,0.2168049624825919,0.0,0.0,0.0,0.0,0.0,0.0
103,-0.9317826931317574,-0.5025458103287072,-0.6301499590999549,0.0,0.0,0.0,0.6350022477782287,0.819253061341482,0.1060385825043015,0.0,0.0,0.0,0.0,0.0,0.0,0.0,0.0,0.0,-0.0477444375405582,0.078368149346078,0.5528777143188724,0.0992545155772603,0.0,0.0,0.0,-0.3229073189837033,0.0,0.0,0.0,0.0619284182214911,0.0,0.0812486199134513,0.2333676863235066,0.3721435622268874,0.0651897198914136,0.0,0.0,0.0,0.4396553390300725,0.0,0.7336940956461558,0.0,0.0812516856418565,0.0,0.5844380563949976,0.1408037255567271,0.2629756683898406,0.775393557903349,0.6377992551749475,0.0,0.0,0.0,0.0,0.0,0.0,0.0,0.0,0.0,0.0,0.0,0.0,0.0,0.0,0.0,0.0,0.0706769986325776,0.0,0.0,1.020519607498083,0.178542021274752,0.198332120873936,0.123647000412578,0.0,0.0,-0.2178856654863016,0.0,0.0,0.0744422996352479,0.0,-0.6977156650589557,0.0920328837971415,-0.3390926994693286,0.2293216194907999,0.0,0.0,0.0,0.0,0.0654630132609208,0.0
104,-0.932535850412342,-0.484074332011202,-0.6322525452985513,0.0,0.0,0.0,0.5487882931509416,0.7823418287880946,0.102035054384733,0.0,0.0,0.0,0.0,0.0,0.0,0.0,0.0,0.0,0.0,0.076296845896583,0.5918140375613307,0.0963527123076286,0.0,0.0,0.0,-0.3512352362343498,0.0,0.0,0.0,0.0,0.0,0.078522352433131,0.2304382079534983,0.3968614572224845,0.075108336599212,0.0,0.0,0.0,0.464156914825554,-0.0545663491748407,0.6641188296494172,0.0,0.0743011255711564,0.0,0.5655738266116592,0.1428762005908804,0.2734383408418842,0.6472097613922555,0.6311693572387634,0.0,0.0,0.0,0.0,0.0,0.0,0.0,0.0,0.0,0.0,0.0,0.0,0.0,0.0,0.0,0.0,0.0,0.0,0.0,0.8852555351763459,0.2387312141571964,0.2499564855155708,0.0861901767391159,0.0,0.0,-0.2208814648990276,0.0,0.0,0.0,0.0,-0.7011261963208401,0.0957030696992424,-0.3404271277787755,0.2378596556273479,0.0655947043963656,0.0,0.0,0.0,0.0625064898217057,0.0
105,-0.932570466726418,-0.4725914619365731,-0.6407579463828689,0.0,0.0,0.0,0.5972880401131142,0.739136633850153,0.1000961121149389,0.0,0.0,0.0,0.0,0.0,0.0,0.0,0.0,0.0,0.0,0.0717498587137596,0.6255672531281844,0.0902166740331476,0.0,0.0,0.0,-0.3641608026437082,0.0,0.0,0.0,0.0,0.0,0.0911400341348423,0.2131323813051646,0.4210939575465685,0.084054839176158,0.0,0.0,0.0,0.4976125567109409,-0.0573299182824135,0.6206643089278593,0.0,0.0697261156313939,0.0,0.5276412969564216,0.1423595981498578,0.2606142824584911,0.5855083057641074,0.6274932278018519,0.0,0.0,0.0,0.0,0.0,0.0,0.0,0.0,0.0,0.0,0.0,0.0,0.0,0.0,0.0,0.0,0.0,0.0,0.0,0.7782731755790303,0.2417117184694165,0.1901770886947183,0.0,0.0,0.0,-0.2005246604439128,0.0,0.0,0.0,0.0,-0.7038226256122865,0.1186889031516355,-0.3364432357072921,0.2414515256313419,0.0906340375510512,0.0,0.0,0.0,0.0660339808335729,0.0
106,-0.9324273648906448,-0.4685894723754539,-0.643573249892251,0.0,0.0,0.0,0.5734194691747787,0.7164946132504082,0.0965013159424876,0.0,0.0,0.0,0.0,0.0,0.0,0.0,0.0,0.0,0.0,0.0675941796176824,0.655986055142117,0.0949296475743926,0.0,0.0,0.0,-0.3646728176232017,0.0,0.0,0.0,0.0,0.0,0.1053249534029098,0.1928866550703966,0.4442099335760905,0.1079296161343828,0.0,0.0,0.0,0.534935435587565,-0.0439851218878506,0.5861366091381398,0.0,0.0716921279118813,0.0,0.471994852885673,0.1449146650220028,0.2482894863509384,0.5593436463903304,0.6319033849885997,0.0,0.0,0.0,0.0,0.0,0.0,0.0,0.0640967448035028,0.0,0.0667430294143669,0.0,0.0,0.0,0.0,0.0,0.0,0.0,0.0,0.0,0.699391223855926,0.1940180261780771,0.1808739014513143,0.0,0.0,0.0,-0.184022919140572,0.0,0.0,0.0,0.0,-0.7139686352049177,0.1386806716300185,-0.3211636810631481,0.2427885279283264,0.0745181470603933,0.0,-0.0589894158638639,0.0,0.0653394875595197,0.0
107,-0.9323053330565738,-0.476728773197299,-0.6375493115679318,0.0,0.0,0.0,0.5712292655113926,0.7170459397906274,0.090111694722953,0.0,0.0,0.0,0.0,0.0,0.0,0.0,0.0,0.0,0.0,0.0,0.6740524596046475,0.0982190780325166,0.0,0.0,0.0,-0.3708834085571952,0.0,0.0,0.0,0.0,0.0,0.1131795568426345,0.1737407503635523,0.4646948691224288,0.128348427454102,0.0,0.0,0.0,0.5631832415221115,0.0,0.5718908311991633,0.0,0.0865432089576986,0.0,0.4113544983973414,0.1440698510806214,0.2463104928560237,0.5698485644934392,0.6380318437293154,0.0,0.0,0.0,0.0,0.0,0.0,0.0,0.0685357735693039,0.0,0.0913215616589488,0.0,0.0,0.0,0.0,0.0,0.0,0.0,0.0,0.0,0.6378990823334325,0.1454195838345422,0.1707341205992125,0.0,0.0,0.0,-0.1693346035588478,0.0,0.0,0.0,0.0,-0.7253893077979983,0.1616581496700599,-0.308064533134143,0.2385386928758536,0.0,0.0,-0.1026596853576001,0.0,0.0637482384038317,0.0
108,-0.932072393618717,-0.488695309767158,-0.6248973783332153,0.0,0.0,0.0,0.5762436762263097,0.7374464360253576,0.0854840255214699,0.0,0.0,0.0,0.0,0.0,0.0,0.0,0.0,0.0,0.0,0.077130820940972,0.6729694154401793,0.0973201505809655,0.0,0.0,0.0,-0.3663293820316107,0.0,0.0,0.0,0.0,0.0,0.120679725576688,0.1544129812819847,0.4946532935102669,0.1480809050529075,-0.0812181783745422,0.0,-0.0474592108873498,0.5831128226441001,0.0,0.5614111623448138,0.0,0.0888934731513699,0.0,0.4179844781782393,0.1371872652671985,0.2493732237447443,0.5904764005668072,0.6761206662896725,0.0,0.0,0.0,0.0,0.0,0.0,0.0,0.0783831503902717,0.064098935485393,0.1225897154478765,0.0,0.064098935485393,0.0,0.0,0.0,0.0,0.0,0.0,0.0,0.6087702136957107,0.1580550620744746,0.1750692336118403,0.0880081682710858,0.0,0.0,-0.1487185941611941,0.0,0.0,0.0,0.0,-0.7418264961768569,0.1940371508970744,-0.2913332617478829,0.228874105508969,0.0,0.0,-0.1363251069800768,0.0,0.0760940450131495,0.0
109,-0.9314208369013728,-0.5091924192619609,-0.6084664806350695,0.0,0.0,0.0,0.6023293004951327,0.7775427571273245,0.0770235983214877,0.0724843156510779,0.0,0.0,0.0,0.0,0.0,0.0,0.0,0.0,0.0,0.0787202140181998,0.6747548970337083,0.0955502068151422,0.0,0.0,0.0,-0.3528965728832539,0.0,0.0,0.0,0.0,0.0,0.1222310219234193,0.1392375299238787,0.5188915718804079,0.1617859197500641,-0.120480065061274,0.0,-0.067059226012703,0.5693822552869621,0.0,0.5517710132737372,0.0,0.0762048901626514,0.0,0.4223268468399112,0.1275046503894939,0.2572718037417778,0.5573569695378796,0.5442973870866715,0.0,0.0,0.0,0.0,0.0,0.0,0.0,0.0844244424817091,0.0725995554278719,0.1201976414097275,0.0,0.0725995554278719,0.0,0.0,0.0,0.0,0.0,0.0,0.0,0.5701731190652292,0.362903884293801,0.1827843170043306,0.1060453439487409,0.0,0.0,-0.1229007694479716,0.0,0.0,0.0,0.0,-0.7588015560417557,0.2007956558461032,-0.2691309047564236,0.2213624341499686,0.0,0.0,-0.1686248902043787,0.0,0.0820165882804905,0.0
110,-0.9303448276425104,-0.5305482100999999,-0.5819142119015784,0.0,0.0,0.0,0.6158268520043144,0.7875038053810395,0.0714898818840213,0.0885626463611667,0.0,0.0,0.0,0.0,0.0,0.0,0.0904863963816943,0.0,0.0,0.0,0.6566417067298638,0.0949238102306293,0.0,0.0,0.0,-0.3420779569512764,0.0,0.0,0.0,0.0,0.0,0.0985696113079463,0.1191517914400764,0.539069349491893,0.1721215331469834,-0.1634651790789879,0.0,-0.0731168701825301,0.550564665476813,0.0,0.5631205796457492,0.0,0.0650759658557062,0.0,0.4275417325343427,0.1204797057554495,0.2653992513544669,0.5636786208715976,0.4211267209653375,0.0,0.0,0.0,0.0,0.0,0.0,0.0,0.0854060697065277,0.0817871515709081,0.1094240906546546,0.0,0.0817871515709081,0.0,0.0,0.0,0.0,0.0,0.0,0.0,0.578191009692434,0.3844422909462586,0.2056312183898492,0.1200505563231482,0.0,0.0,-0.1042025922749808,0.0,0.0,0.0,0.0,-0.7681243722915277,0.1918747955579819,-0.2461107778605408,0.2148033231806755,0.0,0.0,-0.1944234203140117,0.0,0.0978934917570996,0.0
111,-0.928846422655393,-0.5517878422252965,-0.5561030958188393,0.0,0.0,0.0,0.5925709603510211,0.7613206708456516,0.065092111432876,0.1022561662548432,0.0,0.0,0.0,0.0,0.0,0.0,0.0983605854373658,0.0,0.0,0.0,0.6369283575175533,0.0945912493722847,0.0,0.0,0.0,-0.3276369019012652,0.0,0.0,0.0,0.0,0.0,-0.0821227883029692,0.1169116824545374,0.5211462383164704,0.1780063339536743,-0.1940401490013036,0.0,-0.0725294917344874,0.514918178744694,0.0,0.5618888498390874,0.0,0.0,0.0,0.4298785746128963,0.1123583334007937,0.2718211349538755,0.6492112717271137,0.3353006671335748,0.0,0.0,0.0,0.0,0.0,0.0,0.0,0.0809727531395818,0.092808368403018,0.1016732376438798,0.0,0.092808368403018,0.0,0.0,0.0,0.0,0.0,0.0,0.0,0.5641317952382505,0.3720703099497438,0.2458063876912633,0.13143274313574,0.0,0.0,-0.0907206886435953,0.0,0.0,0.0,0.0698273480612442,-0.7802502585789994,0.177454378763271,-0.2276821444986601,0.2092373842403893,0.0,0.0,-0.2101138614123606,0.0,0.1408795373846041,0.0
112,-0.9257173067625396,-0.5721633262022269,-0.5265026589257883,0.0,0.0,0.0,0.5974840403374854,0.7519402785127638,0.0,0.1111421726029916,0.0,0.0,0.0,0.0,0.0,0.0,0.0959483782390445,0.0,0.0,0.0,0.6173681253332093,0.0920375579037199,0.0,0.0,0.0,-0.314132926646557,0.0,0.0,0.0,0.0,0.0,-0.1385376597994372,0.1113463419329431,0.5356086726827893,0.1758698143422965,-0.2164423334539455,0.0,-0.0669786244024246,0.4693225630703958,0.0,0.5427953264070879,0.0,0.0687291102895748,0.0,0.4276644026447384,0.1058604428645526,0.2662079446535952,0.6873678434819083,0.2817902390042683,0.0,0.0,0.0,0.0,0.0,0.0,0.0,0.0718252195469695,0.103392128715328,0.094548887394108,0.0,0.103392128715328,0.0,0.0,0.0,0.0,0.0,0.0,0.0,0.5635256825172767,0.3534853455004202,0.3052021208464352,0.1399220263355618,0.0,0.0,-0.0856179362484337,0.0,0.0,0.0,0.0799586754681733,-0.7870030195390924,0.1571442433903513,-0.2224306257309313,0.201792000049796,0.0,0.0,-0.2126210784244995,0.0,0.1493107552756319,0.0
113,-0.9225823652828328,-0.5858679740336514,-0.4976228406450423,0.0,0.0,0.0,0.5904837096106386,0.7648231195742649,0.0,0.117050368807382,0.0,0.0,0.0,0.0,0.0,0.0,0.0933647170764902,0.0,0.0,0.0,0.5984830698935832,0.093209443488146,0.0,0.0,0.0,-0.3024087148871207,0.0,0.0,0.0,0.0,0.0721793348649101,-0.1926910296203758,0.1077220858526765,0.5661841070136814,0.1710432907092015,-0.236773139360881,0.0755544813231898,-0.0658897790029197,0.4312551019934275,0.0,0.5125183215463235,0.0,0.0914301484421905,0.0,0.4282506659530388,0.1024700499034631,0.2669907121353846,0.6873455666173848,0.2520155444212765,0.0,0.0,0.0,0.0,0.0,0.0,0.0,0.0,0.1143681598860798,0.0869950472507175,0.0,0.1143681598860798,0.0,0.0,0.0,0.0,0.0,0.0,0.0,0.5714051157016747,0.3111395656149344,0.3847180428371208,0.1423798518384798,0.0,0.0,-0.0958272784834333,0.0,0.0,0.0,0.0882401394739451,-0.791626548206051,0.1362783897907644,-0.2160429328366689,0.1887336291955065,0.0,0.0,-0.1973578283961721,0.0,0.1286429291230464,0.0
114,-0.9182034707751394,-0.5998480232141372,-0.4719722297214848,0.0,0.0,0.0,0.575488308856009,0.7895936520164591,0.0,0.1301370870595488,0.0,0.0,0.0,0.0,0.0,0.0,0.0860077827702506,0.0,0.0,0.0,0.5858279784108041,0.0974815355442605,0.0,0.0,0.0,-0.2860875325602758,0.0,0.0,0.0,0.0,0.0820810319989099,-0.2431605403337122,0.1132391429785751,0.6089096651404098,0.1643108378371486,-0.2358950051228472,0.0940554623777253,-0.0678664319016733,0.379736639272016,0.0,0.4817416245870867,0.0,0.1152052025006909,0.0,0.4329162392880447,0.1031605449487979,0.2585961976008691,0.7251640010537801,0.2741839260987309,0.0,0.0,0.0,0.0,0.0,0.0,0.0,0.0,0.1253533912870923,0.0939257043775413,0.0,0.1253533912870923,0.0,0.0,0.0,0.0,0.0,0.0,0.0,0.605254870776053,0.2965345647974814,0.4745111349416736,0.1432449499954126,0.0,0.0,-0.1123084914409177,0.0,0.0,0.0,0.0946278841507929,-0.7931017224661759,0.1120312401888805,-0.2076877476936359,0.1895001960897903,0.0,0.0,-0.1761824046368158,0.0,0.1053723177382899,0.0
115,-0.9138704547018666,-0.5994689675418269,-0.4517339759907003,0.0,0.0,0.0,0.5535552470590107,0.8440801706102411,0.0,0.1409411065171984,0.0,0.0,0.0,0.0,0.0,0.0,0.0726139175891462,0.0,0.0,0.0,0.5853820196053625,0.0774053355481496,0.0,0.0,0.0,-0.2725630251244437,0.0,0.0,0.0,0.0,0.0885285757043745,-0.2877696869406929,0.1107813237672286,0.6355676984648394,0.0865368094587306,-0.2403800838549581,0.1081758778619523,-0.0643165397849889,0.3295384871259839,0.0,0.4461556935912281,0.0,0.1375421687549481,0.0,0.4222984341675651,0.120631596041321,0.2546484295440315,0.6944052548295601,0.3125120262784756,0.0,0.0,0.0,0.0,0.0,0.0,0.0,0.0,0.1341339557641234,0.1042871987412236,0.0,0.1341339557641234,0.0,0.0,0.0,0.0,0.0,0.0,0.0,0.6483791889620238,0.3059108164975854,0.5609275150031251,0.1378058932174641,0.0,0.0,-0.1407072377909452,0.0,0.0,0.0,0.1018072655303651,-0.7898308242092079,0.094923921872472,-0.2110112079437589,0.2054753631964542,0.0,0.0,-0.1569489279201754,0.0,0.0921199320014883,0.0
116,-0.9070287794367008,-0.5856354854563417,-0.4447388347020285,0.0,0.0,0.0,0.5284274719567527,0.928872992183002,0.0,0.146905676732049,0.0,0.0,0.0,0.0,0.0,0.0,0.0,0.0,0.0,0.0800278685634842,0.6009294176935209,0.0,0.0,0.0,0.0,-0.2628955814280929,0.0,0.0,0.0,0.0,0.0889893049816365,-0.3186756080245711,0.1185636663121331,0.660387963305812,0.0,-0.2231193691837743,0.1035888306167803,-0.047577581423549,0.2906458825617573,0.0,0.4300769402990238,0.0,0.1536235754930167,0.0,0.4159829401789961,0.1461264581131486,0.2443377403242033,0.7535376509788402,0.402090674977081,0.0,0.0,0.0,0.0,0.0,0.0,0.0,0.0,0.1411551562369675,0.1121866150139057,0.0,0.1411551562369675,0.0,0.0,0.0,0.0,0.0,0.0,0.0,0.7075618717037859,0.3603937330540604,0.6383009808082345,0.1302749223129361,0.0,0.0,-0.1746161563005758,0.0,0.0,0.0,0.1089419956424479,-0.7826847634960015,0.0778965501495304,-0.2201796614657715,0.2244675626556246,0.0,0.0,-0.1343972399486801,0.0,0.0782973249480059,0.0
117,-0.9013936910621898,-0.5746548864574963,-0.4347871685450058,0.0,0.0,0.0,0.5138751634201465,0.886165446289882,0.0,0.1490477374111959,0.0,0.0,0.0,0.0,0.0,0.0,0.0,0.0,0.0,0.1015017532258396,0.62186606137299,0.0,0.0,0.0,0.0,-0.25810144837825,0.0,0.0,0.0,0.0,0.0832135443875016,-0.336356777887612,0.1345559156479482,0.6762258095266308,0.0,-0.1953086770983988,0.0960565217564689,-0.0458679877875518,0.2697634991164244,0.0,0.4191610298908597,0.0,0.0706260778975543,0.0,0.4065481765085339,0.1658979940917574,0.2571855160311361,0.72573097300314,0.5266883923212721,0.0,0.0,0.0,0.0,0.0,0.0,0.0,0.0,0.1116917520712014,0.1191339757354188,0.0,0.1116917520712014,0.0,0.0,0.0,0.0,0.0,0.0,0.0,0.7515584621834716,0.4280399430373493,0.6947297983299144,0.1209086435648296,0.0,0.0,-0.2137780580737167,0.0,0.0,0.0,0.113414531499018,-0.7707302024882239,0.0751268179970839,-0.2241466316456215,0.2535130429421445,0.0,0.0,-0.116831270948003,0.0,0.0674478420267946,0.0
118,-0.8949047382693642,-0.5621322131384442,-0.4303885820775047,0.0,0.0,0.0,0.5073797364022197,0.9011906192402964,0.0639322636358755,0.1475305243919499,0.0,0.0,0.0,0.0,0.0,0.0,0.0,0.0,0.0,0.1068946754736741,0.6611780624053909,0.0,0.0,0.0,0.0,-0.2552023282209482,0.0,0.0,0.0,0.0,0.0783296742715619,-0.3379428785491459,0.1418221526389226,0.6792665471908917,0.0,-0.1638766832677923,0.0861468517036248,0.0,0.2429515968058632,0.0,0.4120068462531142,0.0,0.0,0.0,0.4398366187729871,0.1848685782210223,0.2625918033808742,0.7959451898590345,0.5686545574116398,0.0,0.0,0.0,0.0,0.0,0.0,0.0,0.0,0.0975977176354366,0.1195630566446015,0.0,0.0975977176354366,0.0,0.0,0.0,0.0,0.0,0.0,0.0,0.7279870052002854,0.5145904209372165,0.7314783631650358,0.1112239185311766,0.0,0.0,-0.2552525878473609,0.0,0.0,0.0,0.1172640165966326,-0.762729670400045,0.0723961885086485,-0.2280851724271123,0.303139542089737,0.0,0.0,-0.0936584252596286,0.0,0.0852288418996669,0.0
119,-0.8895599867287487,-0.5487129146889658,-0.4316067103139352,0.0,0.0,0.0,0.4469207565712506,0.864202707605111,0.0792035032195599,0.1426874777258648,0.0,0.0,0.0,0.0,0.0,0.0,0.0,0.0,0.0,0.0927685787438266,0.7146868599941963,0.0662166672988783,0.0,0.0,0.0,-0.257230837818759,0.0,0.0,0.0,0.0,0.0684735394902124,-0.3206610414842188,0.1410187467942421,0.6715913226941411,0.0,-0.1301397552544805,0.0745953312368041,0.0,0.2007614289041462,0.0,0.4172857267901668,0.0,0.0,0.0,0.4792148105201047,0.1969008634871573,0.2812715503161809,0.8388268507174182,0.5460533358433469,0.0,0.0,0.0,0.0,0.0,0.0,0.0,0.0,0.0933885828660422,0.1127175544873351,0.0,0.0933885828660422,0.0,0.0,0.0,0.0,0.0,0.0,0.0,0.7283466035594196,0.5957817893821908,0.7335572218136153,0.1022161746120038,0.0,0.0,-0.2911703432705695,0.0,0.0,0.0,0.1241034003771709,-0.7550414225559813,0.0714957579731552,-0.2272356966911373,0.3459599230508812,0.0,0.0,-0.0643004205030145,0.0,0.1090360553440511,0.0
120,-0.8837602247986687,-0.5427635733425857,-0.4326872932499885,0.0,0.0,0.0,0.4639761357416597,0.786160091144179,0.1291498096708652,0.1370711934830374,0.0,0.0,0.0,0.0,0.0,0.0,0.0,0.0,0.0,0.0821954476631609,0.6576019674356254,0.0775919146031774,0.0,0.0,0.0,-0.2663832167233789,0.0,0.0,0.0,0.0,0.0,-0.2907227962690489,0.1429850079698286,0.6686571528758583,0.0,-0.0912987761154686,0.0,0.0,0.1702726745160792,0.0,0.4198332241120353,0.0,0.0,0.0,0.5018475322610907,0.2066160559551474,0.3013280404172579,0.8525149997888943,0.5229022398549603,0.0,0.0,0.0,0.0,0.0,0.0,0.0,0.0,0.0991021814978076,0.1004953845594704,0.0,0.0991021814978076,0.0,0.0,0.0,0.0,0.0,0.0,0.0,0.7479830516980184,0.5969636727055796,0.7203023748879792,0.0922769184230271,0.0,0.0,-0.3264021707320088,0.0,0.0,0.0,0.1314836603308575,-0.7493897263049708,0.0744758105668082,-0.2288819819250906,0.297073193890116,0.0,0.0,-0.0527306431251788,0.0,0.1301568702876908,0.0
121,-0.878750008188574,-0.5443653654007823,-0.4380961093585979,0.0,0.0,0.0,0.3862889374911249,0.7776729701484955,0.1668042409381102,0.1297371629594242,0.0,0.0,0.0,0.0,0.0,0.0,0.0,0.0,0.0,0.0712058868507989,0.5858934311367546,0.0857281632247609,0.0,0.0,0.0,-0.2778776327300487,0.0,0.0,0.0,0.0,0.0,-0.2508774777869218,0.1393409811925644,0.6777411475183827,0.0,-0.0572897964171387,0.0638712302846521,0.0,0.168785631845629,0.0,0.4277761890510531,0.0,0.0,0.0,0.5072611521491862,0.2199239827616301,0.329459995944338,0.8786820855396695,0.5037687306761925,0.0,0.0,0.0,0.0,0.0,0.0,0.0,0.0,0.1156936441523216,0.0856321115726369,0.0,0.1156936441523216,0.0,0.0,0.0,0.0,0.0,0.0,0.0,0.7980595524545616,0.5390939587766754,0.6883643593706784,0.0878762080920481,0.0,0.0,-0.3423395952997212,0.0,0.0,0.0,0.1386989302977711,-0.7439566270631099,0.0796348822162633,-0.2301599531863629,0.255017245243631,0.0,0.0,0.0,0.0,0.1459702034795605,0.0
122,-0.8744780287227911,-0.5441608880547997,-0.453291808893434,0.0,0.0,0.0,0.2965425567125617,0.8052083432917018,0.1442291387497515,0.1165825985933961,0.0,0.0,0.0,0.0,0.0,0.0,0.0,0.0,0.0,0.0,0.5493338881199344,0.0801536155380701,0.0,0.0,0.0,-0.2845620166866139,0.0,0.0,0.0,0.0,0.0,-0.2110458738397064,0.1283632148007804,0.683875222511984,0.0,0.0,0.0658826902250429,0.0,0.1869866579329087,0.0,0.4308675524238653,0.0,0.0680174702581459,0.0,0.4944990737433462,0.2341128448501693,0.3624226820620009,0.8422330360806971,0.4984043201799955,0.0,0.0,0.0,0.0,0.0,0.0,0.0,0.0,0.1308990635615975,0.0692273449855503,0.0,0.1308990635615975,0.0,0.0,0.0,0.0,0.0,0.0,0.0,0.8418724925785378,0.5092663127040596,0.6394222907431875,0.0871690363533961,0.0,0.0,-0.3446997986546963,0.0,0.0,0.0,0.1387142340198985,-0.7412290692741603,0.0891629328272558,-0.2202414463026353,0.2188605267591774,0.0,0.0,0.0,0.0,0.1596636121915547,0.0
123,-0.8704566291437232,-0.5567836267217607,-0.4686975903734702,0.0,0.0,0.0,0.1980242052216343,0.8317590784172496,0.1552895472899168,0.1018615134560662,0.0,0.0,0.0,0.0,0.0,0.0,0.0,0.0,0.0,0.0,0.548614717025159,0.0687123593151384,0.0,0.0,0.0,-0.2931629750710905,0.0,0.0,0.0,0.0,0.0,-0.1767763028489098,0.1366534450671359,0.7006713989224395,0.0,0.0,0.0,0.0,0.2020148892431587,0.0,0.4316077019114951,0.0,0.0,0.0,0.4671188220120383,0.2300614348934272,0.4082057086347092,0.719873612932614,0.3829336918686928,0.0,0.0,0.0,0.0,0.0,0.0,0.0,0.0,0.142131690193257,0.0,0.0,0.142131690193257,0.0,0.0,0.0,0.0,0.0,0.0,0.0,0.8810870239196205,0.4829904077165114,0.5848443989380429,0.0855815017564794,0.0,0.0,-0.3433825129021042,0.0,0.0,0.0,0.1410910336850648,-0.7325183792232498,0.0968527703325831,-0.2128409157113067,0.2028828218202652,0.0,0.0,0.0,0.0,0.180231893920102,0.0
124,-0.8659538166049687,-0.566170334467578,-0.4886682238988686,0.0,0.0,0.0,0.2553024741314553,0.8908640112011137,0.1696928626930894,0.1108261589629355,0.0,0.0,0.0,0.0,0.0,0.0,0.0,0.0,0.0,0.0,0.5910140340742815,0.0,0.0,0.0,0.0,-0.2966741487325033,0.0,0.0,0.0,0.0,0.0,0.2764140226301704,0.1448708757781409,0.717385303003421,0.0,0.0,0.0,0.0,0.1981063812748235,0.0,0.4203835387873091,0.0,0.0,0.0,0.3952024482558793,0.2094211989596923,0.4271911852714081,0.6284907223625765,0.3074381646578416,0.0,0.0,0.0,0.0,0.0,0.0,0.0,0.0,0.1496515287937334,0.0,0.0,0.1496515287937334,0.0,0.0,0.0,0.0,0.0,0.0,0.0,0.9086136395283074,0.4501685232653006,0.5361272149266962,0.0886940233007996,0.0,0.0,-0.3295608190271397,0.0,0.0,0.0,0.1406709671890979,-0.7292966556658277,0.0994975234907735,-0.2043635579662847,0.1934606933475256,0.0,0.0,0.0,0.0,0.197197598609801,0.0
125,-0.8530681882463025,-0.5702473130518063,-0.5191126848946276,0.0,0.0,0.0,0.3770681593916404,0.896360948004212,0.1793359886850297,0.1100417316244734,0.0,0.0,0.0,0.0,0.0,0.0,0.0,0.0,0.0,0.0,0.6723274663587889,0.0,0.0,0.0,0.0,-0.2973168832453486,0.0,0.0,0.0,0.0,0.0,0.2406086265990539,0.1502115207160188,0.7575064139596106,0.0,0.0,0.0,0.0,0.1969330601652019,0.0,0.4092268330232542,0.0,0.0,0.0,0.371114578878124,0.2035485682814261,0.3983851041101239,0.5434582819769448,0.292365183091283,0.0,0.0,0.0,0.0,0.0,0.0,0.0,0.0,0.1579984402108938,0.0,0.0,0.1579984402108938,0.0,0.0765273065063517,0.0,0.0,0.0,0.0,0.0,0.915593402728227,0.4185717443013546,0.4960889366371616,0.0907160850077788,0.0,0.0,-0.3034815814942739,0.0,0.0,0.0,0.1327127614535865,-0.7240273185692753,0.1058670407084718,-0.1968155797549473,0.2020595366692281,0.0,0.0,0.0,0.0,0.2217122533183984,0.0
126,-0.8406001188125422,-0.5634305816530942,-0.5525613917489811,0.0,0.0,0.0,0.4465463974676535,0.8754780247412194,0.1809819343066084,0.1088368559552681,0.0,0.0,-0.0691541447369172,0.0,0.0,0.0,0.0,0.0,0.0,0.0,0.7052688952663039,0.0,0.0,0.0,0.0,-0.294751560527545,0.0,0.0,0.0,0.0,0.0,-0.1510662463390159,0.1480629690641655,0.8035879459125908,0.0,0.0,0.0,0.0,0.1946422733593863,0.0,0.4085465018539232,0.0,0.0725453610943066,0.0,0.3244412953552525,0.2215178572692283,0.3863428935481971,0.5733001418737333,0.2954426416779577,0.0,0.0,0.0,0.0,0.0,0.0,0.0,0.0,0.1633991965658057,0.0,0.0,0.1633991965658057,0.0,0.0988988596826718,0.0,0.0,0.0,0.0,0.0,0.9080230068296928,0.3946455902089345,0.4742340167338162,0.0940211006336598,0.0,0.0,-0.2676299688048977,0.0,0.0,0.0,0.119634322999741,-0.707750428674073,0.1119855136305342,-0.1830422979565855,0.2248328100421991,0.0,0.0,0.0,0.0,0.2506359933193434,0.0
127,-0.8169996938761834,-0.5532277567355856,-0.591285597188545,0.0,0.0,0.0,0.4226167395551912,0.8430269109984694,0.1751511837997472,0.1139161049445116,0.0,0.0,-0.0965292275875431,0.0,0.0,0.0,0.0,0.0,0.0,0.0,0.7390348840249289,0.0,0.0,0.0,0.0,-0.2762135607729328,0.0,0.0,0.0,0.0,0.0,-0.1562777789813278,0.139065332828605,0.8500388709483723,0.0,0.0,0.0,0.0,0.1886542094115029,0.0,0.4004546868869335,0.0,0.0961331681215765,0.0,0.2821224169360645,0.2489978249580003,0.3859219378412463,0.6269044716190815,0.3015155340131522,0.0,0.0,0.0,0.0,0.0,0.0,0.0,0.0,0.1661853888441762,0.0,0.0,0.1661853888441762,0.0,0.1205415430801382,0.0,0.0,0.0,0.0,0.0,0.9017553354689576,0.3709274757851683,0.4519021074537345,0.1005603529175096,0.0,0.0,-0.2257518663014337,0.0,0.0,0.0,0.1048430111348926,-0.6875420767486903,0.0,-0.1628058990676036,0.240808669352091,0.0,0.0,0.0,0.0,0.2758974214908434,0.0
128,-0.7917584366574911,-0.5388830876383068,-0.6308576309568005,0.0,0.0,0.0,0.4046749035323972,0.859054670439266,0.1644363273145788,0.1219918570482197,0.0,0.0,-0.1086820438318197,0.0,0.0,0.0,0.0,0.0,0.0,0.0,0.7923879233925037,0.0,0.0,0.0,0.0,-0.2578765305091239,0.0,0.0,0.0,0.0,0.0,-0.1834937644569614,0.1254282125282242,0.8956693821826428,0.0,0.0,0.0,-0.0538986464795088,0.1862438227181893,0.0,0.4050254909387439,0.0,0.075961503964935,0.0,0.2786148913163022,0.2861411422005812,0.4053579034783541,0.6737227956225633,0.3191427208953101,0.0,0.0,0.0,0.0,0.0,0.0,0.0,0.0,0.1599588688945275,0.0,0.0,0.1599588688945275,0.0,0.1377784477614238,0.0,0.0,0.0,0.0,0.0,0.923284030579568,0.3299032435874039,0.4310891006309552,0.1046104296538075,0.0,0.0,-0.1763043491252129,0.0,0.0,0.0,0.0891154883288392,-0.6675895140381697,0.0765493512856875,-0.1489709236816563,0.2866666657859839,0.0,0.0,0.0,0.0664776089509828,0.2818452592949748,0.0
129,-0.7698196911415784,-0.5131589568249472,-0.664048075118207,0.0,0.0,0.0,0.3870736178521559,0.8898188516686235,0.1530104603059436,0.1275938065873929,0.0,0.0,-0.111942831739352,0.0,0.0,0.0,0.0,0.0,0.0,0.0,0.7911578642485582,0.0,0.0,0.0,-0.1279766681819515,-0.2426306114379909,0.0,0.0,0.0,0.0,0.0,-0.2135466918936896,0.1101127868169272,0.8439561518936398,0.0,0.0,0.0,-0.0938090613930093,0.1810627256867281,0.0,0.4089310450697928,0.0,0.0626017650570317,0.0,0.2950988368073199,0.328056590592632,0.4309386259303294,0.641349449521927,0.3493351686383591,0.0,0.0,0.0,0.0,0.0,0.0,0.0,0.0,0.152678512206008,0.0,0.0,0.152678512206008,0.0,0.1291574757755977,0.0,0.0,0.0,0.0,0.0,0.9385644758551568,0.288096236719881,0.4084649752673601,0.1091536912381795,0.0,0.0,-0.1327999064113758,0.0,0.0,0.0,0.0736074238753452,-0.6454390083888466,0.1130833645209603,-0.1345392262805979,0.3259162119857332,0.0,0.0,0.0,0.0901699457430214,0.2698199529624158,0.0
130,-0.751532124754383,-0.4933235416701367,-0.6879394420920777,0.0,0.0,0.0,0.4574809672419933,0.9058453441335176,0.1425665720571898,0.1315405782230847,0.0,0.0,-0.1126810398917954,0.0,0.0,0.0,0.0,0.0,0.0,0.0,0.7515545519585614,0.0,0.0,0.0,-0.2070592078621731,-0.2211957687835982,0.0,0.0,0.0,0.0,0.0,-0.2454601447689491,0.092917991106411,0.7980824857195602,0.0,0.0,0.0,-0.137314465331512,0.1799854603994802,0.0,0.4227563535054068,0.0,0.0654006753994351,0.0,0.3255838593231196,0.338327427925661,0.4619632421290462,0.5815609036216467,0.3918085040332189,0.0,0.0,0.0,0.0,0.0,0.0,0.0,0.0,0.1461479929980935,0.0686498373381473,0.0,0.1461479929980935,0.0,0.129505410752914,0.0,0.0,0.0,0.0,0.0,0.977734614878394,0.2380353964500383,0.394713010090737,0.1143361645209826,0.0,0.0,-0.0860273647879978,0.0,0.0,0.0,0.0,-0.6227602399523028,0.1031390170662928,-0.1152148494725809,0.3597622852182647,0.0,0.0,0.0,0.1212494548627954,0.259374564275538,0.0
131,-0.7438081846694482,-0.4733101309118092,-0.7007924147913706,0.0,0.0,0.0,0.370276918120947,0.9176863224305996,0.1275749674524288,0.1312357651088512,0.0,0.0,-0.1149675799194681,0.0,0.0,0.0,0.0,0.0,0.0,0.0,0.7171740229270775,0.0,0.0,0.0,-0.2746052440680016,-0.2025751599160942,0.0,0.0,0.0,0.0,0.0,-0.2564914844509874,0.0794339453667815,0.7629205386926812,0.0,0.0,0.0,-0.1651604615845523,0.1804740309883821,0.0,0.4386422861071686,0.0,0.0774853103560268,0.0,0.3574138389633404,0.3092576231246997,0.5148162065020118,0.5125984491006116,0.4473022439390861,0.0,0.0,0.0,0.0,0.0,0.0,0.0,0.0,0.1372930283171547,0.0739035692537999,0.0,0.1372930283171547,0.0,0.1274903521350714,0.0,0.0,0.0,0.0,0.0,1.0280795772107016,0.1846745826586313,0.3589909387812652,0.1193310939977163,0.0,0.0,0.0,0.0,0.0,0.0,0.0,-0.5884264443645264,0.094135948751397,-0.1035331646612762,0.4177753694232174,0.0,0.0773847893313678,0.0,0.149935310023695,0.2427473583527023,0.0
132,-0.7437050584508327,-0.4601882495357856,-0.7085603918588437,0.0,0.0,0.0,0.333287403829317,0.9250359046854966,0.1043300627855014,0.1243412569341273,0.0,0.0,-0.1069193484115614,0.0,0.0,0.0,0.0,0.0,0.0,0.0,0.699880729345922,0.0,0.0,0.0,-0.3506415580820674,-0.1905832057776767,0.0,0.0,0.0,0.0,0.0,-0.2577830942106318,0.0703697895248624,0.7251281279472371,0.0,0.0,0.0,-0.1673923637983456,0.1842936563823592,0.0,0.4644154504152722,-0.0577984516231968,0.0859171527574118,0.0,0.3936943437791044,0.2662125343854504,0.5640395533691293,0.5110268155451706,0.5208818300001301,0.0,0.0,0.0,0.0,0.0,0.0,0.0,0.0,0.128565249901342,0.0625567387298621,0.0,0.128565249901342,0.0,0.12528587436534,0.0,0.0,0.0,0.0,0.0,1.19852808643033,0.1549710721431647,0.3028071858807994,0.124842501956642,0.0,0.0,0.0,0.0,0.0,0.0,0.0,-0.5584827438216347,0.1106559013387355,-0.102096140342175,0.4553214585632458,0.0,0.0947036537641284,0.0,0.1803096826145103,0.2353792297349609,-0.0494759508846985
133,-0.758171250010038,-0.4536650279824379,-0.7051837638339116,0.0,0.0,0.0,0.3362187469120185,0.8883331065919946,0.0826200964853429,0.1132129584525114,0.0,0.0,-0.095820911996639,0.0,0.0,0.0,0.0,0.0,0.0,0.0663728807648527,0.6862319779347245,0.0,0.0,0.0,-0.3772763522409254,-0.1834646930339385,0.0,0.0,0.0,0.0,0.0,-0.2379522779802293,0.0640134358411068,0.7122322191554904,0.0,0.0,0.0,-0.1629740922940772,0.1728307950184132,0.0,0.5003710232127859,-0.068187649102282,0.0862478063080937,0.0,0.383999455165129,0.2244374157315656,0.6180762454248967,0.5226139166433588,0.6149741492778288,0.0,0.0,0.0,0.0,0.0,0.0,0.0,0.0,0.1233966144056968,0.0,0.0,0.1233966144056968,0.0,0.1043972306985873,0.0,0.0,0.0,0.0,0.0,1.4165060698741627,0.144623290112435,0.2777617966980237,0.129035960417407,0.0,0.0,0.0,0.0,0.0,0.0,0.0,-0.5238589499513051,0.1220184221126031,-0.1040790340666678,0.4115398080363804,0.0,0.1142221174100651,0.0,0.2073535082876765,0.2283115389654268,-0.0865018451476421
134,-0.7822834161402322,-0.4595568826835726,-0.6892622883092262,0.0,0.0,0.0,0.3387456533560972,0.8857893374742762,0.0632239558159975,0.0984165559488779,0.0,0.0,-0.0808353950201279,0.0,0.0,0.0,0.0,0.0,0.0,0.0,0.6934329022549603,0.0,0.0,0.0,-0.3946473894551929,-0.1817815604588347,0.0,0.0,0.0,0.0,0.0,-0.2091306595847549,0.0622844470214274,0.7137721482708486,0.0,0.0,0.0,-0.1401467613933505,0.1552257762944241,0.0,0.5231191665054653,-0.088493253062201,0.080049640103389,0.0,0.3755854293307551,0.1998442144327905,0.6726885995545536,0.5390498863747233,0.7215461079315858,0.0,0.0,0.0,0.0,0.0,0.0,0.0,0.0,0.1189949035412202,0.0,0.0,0.1189949035412202,0.0,0.0848192016809836,0.0,0.0,0.0,0.0,0.0,1.494346185990287,0.1313517689684652,0.2429964804961051,0.130364969982458,0.0,0.0,0.0,0.0,0.0,0.0,0.0,-0.4966017488593763,0.1277231435670783,-0.1245096895963094,0.2817562082696483,0.0,0.1292919642270431,0.0,0.2135592655713762,0.2108252167560494,-0.1164835281669198
135,-0.8162334687949988,-0.4749748621100031,-0.6722170816890513,0.0,0.0,0.0,0.3543362669754417,0.8829908536076466,0.0,0.080610150368199,0.0,0.0,-0.0546113384625037,0.0,0.0,0.0,0.0,0.0,0.0,0.0,0.7153034543753378,0.0,0.0,0.0,-0.3981872874731407,-0.1585192909224083,0.0,0.0,0.0,0.0,0.0,-0.1773777014250871,0.0,0.7169588047520559,0.0,0.0,0.0,-0.090412290544342,0.1355670619438705,0.0,0.5411280217500324,-0.094415122932327,0.0766426013494409,0.0,0.3636712309366574,0.1884758213341901,0.7045015183321647,0.5506126787593246,0.8411017248636351,0.0,0.0,0.0,0.0,0.0,0.0,0.0,0.0,0.1213548746416486,0.0,0.0,0.1213548746416486,0.0,0.0653669489949229,0.0,0.0,0.0,0.0,0.0,1.4725187729581606,0.1166282931558145,0.2023801095542284,0.2467116728460825,0.0,0.0,0.0,0.0,0.0,0.0,0.0,-0.4728471138931881,0.1254320602958772,-0.142342343939044,0.2345923886098941,0.0,0.1373922069894352,0.0,0.1382030214732692,0.1508705675300174,-0.1287513455468791
136,-0.8512470222038773,-0.4961924951155527,-0.6598330611391375,0.0,0.0,0.0,0.3718132972364197,0.861675585916404,0.0,0.0632953299925066,0.0,0.0,0.0,0.0,0.0,0.0,0.0,0.0,0.0,0.0,0.7509913274204015,0.0,0.0,0.0,-0.4017142879189587,-0.1558115907437599,0.0,0.0,0.0,0.0,0.0,-0.1338238324148878,0.0,0.7172379258299605,0.0,0.0,0.0,0.0,0.1014419507990309,0.0,0.5607441106359626,-0.0816465138605855,0.0835635711350868,0.0,0.3512823226341199,0.1948636765973559,0.7111975114920287,0.5799569512003564,0.8114475676326045,0.0,0.0,0.0,0.0,0.0,0.0,0.0,0.0,0.1175342043574359,0.0,0.0,0.1175342043574359,0.0,0.0,0.0,0.0,0.0,0.0,0.0,1.3124379357002052,0.0974172497929347,0.1642404140742217,0.3360856386623884,0.0,0.0,0.0,0.0,0.0,0.0,0.0,-0.4457352621755978,0.1155872641954426,-0.1655213155731988,0.2217196326399129,0.0,0.1387074670260006,0.0,0.1090246632951329,0.0926818523814444,-0.1335256517885599
137,-0.8689246881021875,-0.527092238803878,-0.651043295659038,0.0,0.0,0.0,0.3927477372302088,0.8587218406831627,0.0,0.0,0.0,0.0,0.0,0.0,0.0,0.0,0.0,0.0,0.0,0.0,0.7915848621696134,0.0,0.0,0.0,-0.3781827841976378,-0.1435175305879794,0.0,0.0,0.0,0.0,0.0,0.1507951391448651,0.0751833177412371,0.7308987861098115,0.0,0.0,0.0,0.0,0.090818681158512,0.0,0.563021005183129,0.0,0.0938855126500038,0.0,0.3328775078901877,0.228892623835204,0.7580134177536143,0.6244088404408913,0.7855905165201247,0.0,0.0,0.0,0.0,0.0,0.0,0.0,0.0,0.1204566300136249,0.0,0.0,0.1204566300136249,0.0,0.0,0.0,0.0,0.0,0.0,0.0,1.0648659969390262,0.0867860501242824,0.1267189848891181,0.4492200387126771,0.0,0.0,0.0,0.0,0.0,0.0,0.0,-0.4208794215483273,0.1000303707269912,-0.1895673774298682,0.2396372492974114,0.0,0.1327092415936719,0.0,0.0995420767162439,0.1007332728835097,-0.132534612328016
138,-0.8853170855308674,-0.5528119437915372,-0.6501130274663626,0.0,0.0,0.0,0.4798625811996999,0.8484186090989377,0.0,0.0,0.0,0.0,0.0,0.0,0.0,0.0,0.0,0.0,0.0,0.0,0.6998445355134766,0.0,0.0,0.0,-0.3443522325355355,-0.1276103423109182,0.0,0.0,0.0,0.0,0.0,0.1607173830170562,0.0968015671346129,0.7454912821372275,0.0,0.0,0.0,0.0,-0.0685225388203052,0.0,0.554349718352605,0.0,0.0909963873166077,0.0,0.3052449674676485,0.2658090400092375,0.8397956828450139,0.6963210478208867,0.7757540396491763,0.0,0.0,0.0,0.0,0.0,0.0,0.0,0.0,0.0933604413801981,0.0,0.0,0.0933604413801981,0.0,0.0,0.0,0.0,0.0,0.0,0.0,0.8485117322247183,0.0770781857996444,0.0759567660796537,0.547364692884488,0.0,0.0,0.0,0.0,0.0,0.0,0.0,-0.4075295547281504,0.0813623722223603,-0.2059372658525214,0.2654203904752713,0.0,0.1196717569686075,0.0,0.1102111863359239,0.0801827415262823,-0.125458581490867
139,-0.8991285082251372,-0.5826617265242872,-0.6585168352148341,0.0,0.0,0.0,0.4317931104886971,0.8397922850001909,0.0,0.0,0.0,0.0,0.0,0.0,0.0,0.0,0.0,0.0,0.0,0.0,0.5878617059831136,0.0,0.0,0.0,-0.3056263548565385,-0.1071812717793561,0.0,0.0,0.0,0.0,0.0,0.1312914322175019,0.1285317868862286,0.7509704590200375,0.1131746022188578,0.0,0.0,0.0,-0.0866473193823065,0.0,0.5502996864069785,0.0,0.0735193679022045,0.0,0.2848045704315316,0.2378778590507318,0.9300020243539324,0.7288711365457498,0.7803065334980859,0.0,0.0,0.0,0.0,0.0,0.0,0.0,0.0,0.070858586454928,0.0,0.0,0.070858586454928,0.0,0.0,0.0,0.0,0.0,0.0,0.0,0.6464094387193944,0.0,0.0632261891509374,0.5340026667570019,0.0,0.0,0.0,0.0,0.0,0.0,0.0,-0.3888917264091501,0.0622848845009921,-0.2180716726795129,0.2990056796386716,0.0,0.1030118117111364,0.0,0.1583380744100609,0.0783920224093538,-0.1117449953049831
140,-0.9140591576769804,-0.6157485114529578,-0.6720697595963144,0.0,0.0,0.0,0.4494186434709791,0.858003642171632,0.0,0.0,0.0,0.0,0.0,0.0,0.0,0.0,0.0,0.0,0.0,0.0,0.4766215031901964,0.0,0.0,0.0,-0.2577794491738919,-0.0828781355915386,0.0,0.0,0.0,0.0,0.0,0.0931283469404503,0.1622817109028326,0.7424318483022473,0.1557732073266472,0.0,0.0,0.0,-0.0921100920615125,0.0,0.5406856834556215,0.0,0.0,0.0,0.2586151084800077,0.2164650179479453,0.9679286863262406,0.7312498904557774,0.7879464290623073,0.0,0.0,0.0,0.0,0.0,0.0,0.0,0.0,0.0642799294215565,0.0,0.0,0.0642799294215565,0.0,0.0,0.0,0.0,0.0,0.0,0.0,0.5320307932746261,0.0,0.1841071768170827,0.5103892002286518,0.0,0.0,0.0,0.0,0.0,0.0,0.0,-0.3738043467579716,0.0,-0.2157817743339289,0.3531578918937417,0.0,0.0853420868887894,0.0,0.2345482171589637,0.0758051858417313,-0.0945892450221949
141,-0.9182929339044504,-0.6435799596410583,-0.694649897852847,0.0,0.0,0.0,0.468522056291494,0.916865184012372,0.0,0.0,0.0,0.0,0.0,0.0,0.0,0.0,0.0,0.0,0.0,0.0,0.3730181551466447,0.0,0.0,0.0,-0.2121020974256374,-0.0547620859637677,0.0,0.0,0.0,0.0,0.0,-0.0663803763097735,0.1994974979976061,0.7383812542682787,0.1464127535479848,0.0,0.0,0.0,-0.1004258768161102,0.0,0.4749824350131574,0.0,0.0,0.0,0.2338688566159522,0.2087834082731511,1.0071066238428434,0.7708158683608877,0.7589251639130205,0.0,0.0,0.0,0.0,0.0,0.0,0.0,0.0,0.0,0.0,0.0,0.0,0.0,0.0,0.0,0.0,0.0,0.0,0.0,0.449645550274372,0.0736290886392602,0.2563018790599871,0.4884744447770975,0.0,0.0,0.0,0.0,0.0,0.0,0.0,-0.3698801516828017,0.0,-0.2050614835175085,0.3492660622917298,0.0,0.0668902040365884,0.0,0.2348128052929448,0.0711053872856949,-0.0946305706620097
142,-0.92389140374441,-0.6674881524848723,-0.7204738756262675,0.0,0.0,0.0,0.4582364294550963,0.937127445042546,0.0,0.0,0.0,0.0,0.0,0.0,0.0,0.0,0.0,0.0,0.0,0.0,0.2936289741055843,0.0,0.0,0.0,-0.1693846598177415,0.0,0.0,0.0,0.0,0.0,0.0,-0.1098087824762428,0.2379397698348074,0.7238116085336121,0.1339871182457836,0.0,0.0,0.0,-0.10846996612851,0.0,0.4299717080723776,0.0,0.0,0.0,0.2157771914276967,0.2092340797593663,1.0179999120724483,0.8028252846162346,0.6865700427094762,0.0,0.0,0.0,0.0,0.0,0.0,0.0,0.0,0.0,0.0,0.0,0.0,0.0,0.0,0.0,0.0,0.0,0.0,0.0,0.3831285295041585,0.0831672682111537,0.3746549072198264,0.4477575059104769,0.0,0.0,0.0,0.0,0.0,0.0,0.0,-0.3688272132985224,0.0,-0.1891265126853019,0.326700100715406,0.0,0.0,-0.0482312191517982,0.2320815537579258,0.0677933704624851,-0.0828579350497049
143,-0.926637468697376,-0.6808177106866162,-0.7407828611115702,0.0,0.0,0.0,0.4252991838081605,0.9589142378318272,0.0,0.0,0.0,0.0,0.0,0.0,0.0,0.0,0.0,0.0,0.0,0.0,0.2482132548984444,0.0,0.0,0.0727483341871371,-0.1197308208711656,0.0,0.0,0.0,0.0,0.0,0.0,-0.1537823166728398,0.2694440202336979,0.7085398819980859,0.1246005488092474,0.0,0.0,0.0,-0.1188532622266337,0.0,0.4380109439659411,0.0,0.0,0.0,0.2026745495271996,0.2084321457589632,1.0188676156433596,0.8382076370803182,0.6078478336676466,0.0,0.0,0.0,0.0,0.0,0.0,0.0,0.0,0.0,0.0,0.0,0.0,0.0,0.0,0.0,0.0,0.0,0.0,0.0,0.3332732014653941,0.0891853204704745,0.4048246355308317,0.3989260806078323,0.0,0.0,0.0,0.0,0.0,0.0,0.0,-0.3629962147681272,0.0,-0.1626794637607456,0.3222617437580825,0.0,0.0,-0.0981230240530994,0.2263392968399058,0.0630119836416321,-0.0770774222289587
144,-0.9283905150885414,-0.6872880302442117,-0.7634233134121107,0.0,0.0,0.0,0.377323073551506,0.9095729298067112,0.0,0.0,0.0,0.0,0.0,0.0,0.0,0.0,0.0,0.0,-0.0516248965201154,0.0,0.2195351541473244,0.0,0.0,0.0648583806048482,-0.0796589373522506,0.0,0.0,0.0,0.0,0.0,0.0,-0.2132078841826643,0.2929941467848,0.701829439584385,0.1122196157383651,0.0,0.0,0.0,-0.1355207361620169,0.0,0.4604174537099369,0.0,0.0702204529937261,0.0,0.1887243037346127,0.2053468117734906,0.9947709221074836,0.8109500653543752,0.525012194432127,0.0,0.0,0.0,0.0,0.0,0.0,0.0,0.0,0.0,0.0,0.0,0.0,0.0,0.0864943383697605,0.0,0.0,0.0,0.0,0.0,0.297294743423015,0.090592610156228,0.3152393162752164,0.3435026900515672,0.0,0.0,0.0,0.0,0.0,0.0,0.0,-0.3655726674161366,0.0,-0.1455901767791054,0.3200607370931846,0.0,0.0,-0.155394415368766,0.2303728986191763,0.0,-0.0681566139970731
145,-0.9295090474701716,-0.6950998695589546,-0.7742516774759303,0.0,0.0,0.0,0.3184407250532102,0.8474089117115371,0.0,0.0,0.0,0.0,0.0,0.0,0.0,0.0,0.0,0.0,-0.0791540618163793,0.0,0.2160882334131282,0.0,0.0,0.0625998989030585,-0.0450847999793018,0.0,0.0,0.0,0.0,0.0,0.0,-0.2675629993156477,0.3023797352670727,0.6941989503463288,0.1071855801150201,0.0,0.0,0.0,-0.1543672769800697,0.0,0.4651166443600007,0.0,0.0795641646439462,0.0,0.2771904650383161,0.2032659395181172,0.9425524942545072,0.8479468477774647,0.4482687545753386,0.0,0.0,0.0,0.0,0.0,0.0,0.0,0.0,0.0,0.0,0.0,0.0,0.0,0.1238823460427899,0.0,0.0,0.0,0.0,0.0,0.2678320520077931,0.0873422650752787,0.2495501899158016,0.2876012738188191,0.0,0.0,0.0,0.0,0.0,0.0,0.0,-0.3714870527731114,0.0,-0.1269433500290883,0.296772654074812,0.0,0.0,-0.2007115775472519,0.2461587928505232,0.0,-0.0612545329163912
146,-0.9310080106582186,-0.7001192095601647,-0.7786959398044843,0.0,0.0,0.0,0.2666966665396243,0.8299389061468444,0.0,0.0,0.0,0.0,0.0,0.0,0.0,0.0,0.0,0.0,-0.0965297636334455,0.0,0.2472172986401188,0.0,0.0,0.0,0.0,0.0,0.0,0.0,0.0,0.0,0.0,-0.3214817530991732,0.2953675426569258,0.6885300256240172,0.1126911854785026,0.0,0.0,0.0,-0.180771843972032,0.0,0.5514058047224469,0.0,0.1133125434482566,0.0,0.4277923217865638,0.1994210702018218,0.8708587234741564,0.8516296612556195,0.376516087132856,0.0,0.0,0.0,0.0,0.0,0.0,0.0,0.0,0.0,0.0,0.0,0.0,0.0,0.1437555960056119,0.0,0.0,0.0,0.0,0.0,0.2561909354005242,0.079827359612245,0.2096993679773389,0.2295992772207917,0.0,0.0,0.0,0.0,0.0,0.0,0.0,-0.3860514252739877,0.0,-0.1072299736228465,0.2741076549668548,-0.0486454813593995,0.0,-0.2369608361139846,0.2666361169899177,0.0,0.0
147,-0.931193316419614,-0.6961320283340985,-0.7770713862644831,0.0,0.0,0.0,0.2168754113351964,0.8163068727699178,0.0,0.0,0.0,0.0,-0.0693961586791524,0.0,0.0,0.0,0.0,0.0,-0.1074906970067619,0.0,0.2952749925476847,0.0633280544929233,0.0,0.0,0.0,0.0,0.0,0.0,0.0,0.0,0.0,-0.3539118311007934,0.279003269862305,0.6959857775035059,0.1302444387723234,0.0,0.0,0.0,-0.2112178029161857,0.0,0.5707613809383778,0.0,0.1047078481319058,0.0,0.4660302330950289,0.2020687448990061,0.7839358095652205,0.830007754936706,0.3121070097216091,0.0,0.0,0.0,0.0,0.0,0.0,0.0,0.0,0.0,0.0,0.0,0.0,0.0,0.1393115261834128,0.0,0.0,0.0,0.0,0.0,0.250288376877997,0.0689347258606309,0.2148673598198748,0.1832833273334297,0.0,0.0,0.0,0.0,0.0,0.0,0.0,-0.3982147057521891,0.0,-0.0909738741555793,0.2553353458943402,-0.0669971670749654,0.0637089064134926,-0.263798935545853,0.2924752076722497,0.0,0.0
148,-0.9299160787924072,-0.6979674926308367,-0.7678607711657168,0.0,0.0,0.0,0.1758902583024872,0.7882828504157001,0.0,0.0,0.0,0.0,-0.0831327671613469,0.0,0.0,0.0,0.0,0.0,-0.1209968146532553,0.0,0.3811884552801168,0.0803480184934997,0.0,0.0,0.0,0.0,0.0,0.0,0.0,0.0,0.0,-0.3736636873363335,0.2682828560313127,0.7020025656006199,0.1470504164457833,0.0,0.0,0.0,-0.2399831695966808,0.0,0.574147891833596,0.0,0.0944121511037799,0.0,0.4951409745759561,0.2024194667776276,0.6944029928033357,0.783142872580025,0.2842995045725069,0.0,0.0,0.0,0.0,0.0,0.0,0.0,0.0,0.0,0.0,0.0,0.0,0.0,0.1332301762032491,0.0,0.0,0.0,0.0,0.0,0.2641196420488714,0.0,0.2169251727898118,0.1435025317230819,0.0,0.0,0.0,0.0,0.0,0.0,0.0,-0.4078789710128475,0.0,-0.0795006747670174,0.2405412759759056,-0.0759594271805382,0.0845778271703001,-0.2602094708298438,0.3122664351331222,0.0,0.0
149,-0.9282091408821578,-0.7008993169663719,-0.7564919747933948,0.0,0.0,0.0,0.1597624431951946,0.7524903711168017,0.0,0.0,0.0,0.0,-0.0891628400580865,0.0,0.0,0.0,0.0,0.0,-0.1160393332382565,0.0,0.4901990327343338,0.0960318771647064,0.0,0.0,0.0,0.0,0.0,0.0,0.0,0.0,0.0,-0.3592329526401365,0.248286729164264,0.7104632597586417,0.1583640171449257,0.0,0.0,0.0,-0.2735165019431275,0.0,0.5673295999401067,0.0,0.0659785396613077,0.0,0.5069425745219406,0.2017309739504245,0.62355397946099,0.7272104741194573,0.2638531600133357,0.0,0.0,0.0,0.0,0.0,0.0,0.0,0.0,0.0,0.0,0.0,0.0,0.0,0.1215683978869852,0.0,0.0,0.0,0.0,0.0,0.2695454369711524,0.0,0.1954937450091112,0.1146115671938972,0.0,0.0,0.0,0.0,0.0,0.0,0.0,-0.4171571042214028,0.0,-0.0487126583740609,0.2269170091788707,-0.0681501780684719,0.1055571806917685,-0.2527299570080472,0.3163614682723711,0.0,0.0
150,-0.9260702242707088,-0.7008037906478017,-0.7429660699412028,0.0,0.0,0.0,0.195902895318176,0.7217582113375116,0.0,0.0,0.0,0.0,-0.0707402578364004,0.0,0.0,0.0,0.0,0.0,-0.1194385075369389,0.0,0.6184166716496374,0.1081014393656559,0.0,0.0,0.0,0.0,0.0,0.0,0.0,0.0,0.0,-0.3341058278166454,0.2256973335909484,0.7287847105267526,0.1898037378459519,0.0,0.0,0.0,-0.3012632689360136,0.0,0.5449502179502528,0.0,0.0,0.0,0.5173475181481458,0.2169133265805459,0.6177677529146539,0.7484257870108824,0.25602367597162,0.0,0.0,0.0,0.0,0.0,0.0,0.0,0.0,0.0,0.0,0.0,0.0,0.0,0.1093531341050774,0.0,0.0,0.0706383753745912,0.0,0.0,0.2980314612593627,0.0,0.2129702867156277,0.0,0.0,0.0,0.0,0.0,0.0,0.0,0.0,-0.4228271006904638,0.0,0.0,0.2071414384240623,0.0,0.123843691290672,-0.2281499371136958,0.3042005314236306,0.0,0.0
151,-0.9230682241431264,-0.7073512867960461,-0.7296472790913863,0.0,0.0,0.0,0.2297918182795192,0.6748556516297101,0.0,0.0,0.0,0.0,0.0,0.0,0.0,0.0,0.0,0.0,-0.1274308561043397,0.0,0.7440063117453682,0.1145650425083306,0.0,0.0660423343187451,0.0,0.0,0.0,0.0,0.0,0.0,0.0,-0.3081340436069074,0.2099578005660221,0.7591311153738455,0.2172906955762743,0.0,0.0,0.0,-0.3220933876265522,0.0,0.5051654251493382,0.0,0.0,0.0,0.5181034996909107,0.224250572567903,0.6317993809580732,0.7865321849089721,0.2505821509068828,0.0,-0.1121273328050389,0.0,0.0,0.0,0.0,0.0,0.0,0.0,0.0,0.0,0.0,0.0,0.0945210129555517,0.0,0.0,0.0867874443236979,0.0,0.0,0.3308340265733626,0.0,0.2446019710097345,0.0,0.0,0.0,0.0,0.0,0.0,0.0,0.0,-0.44020284712107,0.0,0.0,0.2011999057137005,0.0,0.1366146717455586,-0.1894704472130747,0.3090303867040962,0.0,0.0
152,-0.9199021133357116,-0.7144543020644655,-0.7186186676814474,0.0,0.0,0.0,0.2620665686600902,0.6368879001876552,0.0,0.0,0.0,0.0,0.0,0.0,0.0,0.0,0.0,0.0,-0.1435157997771576,0.0,0.8537681673170446,0.120397553775263,0.0,0.0712702011255585,0.0,0.0,0.0,0.0,0.0,0.0,0.0,-0.2744251449566661,0.192391225454061,0.7231091394054443,0.2394522085050666,0.0,0.0,0.0,-0.3385786584667786,0.0,0.4740322985622326,0.0,0.0,0.0,0.5614418167218187,0.2307527426137028,0.6317171036792905,0.7915692618721937,0.2603059435271862,0.0,-0.1252541993719798,0.0,0.0,0.0,0.0,0.0,0.0,0.0,0.0,0.0,0.0,0.0,0.0795616383972069,0.0,0.0,0.1014355372473067,0.0,0.0,0.3502277240373937,0.0,0.2670437749741523,0.0,0.0,0.0,0.0,0.0,0.0,0.0,0.0,-0.454917696096559,0.0,0.0,0.1943816311615969,0.0,0.1433828924331374,-0.13595245362975,0.3406369112556479,0.0686121437183727,0.0
153,-0.9161088257322234,-0.7210827759719398,-0.7144251420440718,0.0,0.0,0.0,0.2571804893910068,0.6044808083188437,0.0,0.0,0.0,0.0,0.0,0.0,-0.0542139094920023,0.0,0.0,0.0,-0.1695438961598842,0.0,0.9035217960543672,0.1309791248671577,0.0,0.0819252390233473,0.0,0.0,0.0,0.0,0.0,0.0,0.0,-0.2342676445415915,0.1844748509272502,0.5472423177697693,0.2600778609884165,0.0,0.0,0.0,-0.3506075021420302,0.0,0.4507452794921194,0.0,0.0,0.0,0.592426962044143,0.2402545064204293,0.6298407818984562,0.7737877155965639,0.2881926378001195,0.0,-0.0630643115723857,0.0,0.0,0.0,0.0,0.0,0.0,-0.0793812772751754,0.0,0.0,-0.0793812772751754,0.0,0.0648380398570593,0.0,0.0,0.1144110856337916,0.0,0.0,0.3671078572128864,0.0769309434976049,0.2772668199599036,0.0,0.0,0.0,0.0,0.0,0.0,0.0,0.0887229380654935,-0.4709365859625379,0.0,0.0,0.1598143805878461,0.0,0.1427507321107649,-0.081860584199014,0.3378252786182463,0.0836572925383145,0.0
154,-0.9122346190431894,-0.7219350967911979,-0.714821020247153,0.0,0.0,0.0,0.2241281150011848,0.6104794950355797,0.0,0.0,0.0,0.0,0.0,0.0,-0.0829003703653909,0.0,0.0,0.0,-0.2080538579253998,0.0,0.8335565176284168,0.1362556034764055,0.0,0.0871037530083158,0.0,0.0,0.0,0.0,0.0,0.0,0.0,-0.1996084832064266,0.1796156626111295,0.5595407535485284,0.2691323165346334,0.0,0.0,0.0,-0.3490550639648738,0.0,0.4395561636838668,0.0,0.0,0.0,0.5961634484888686,0.2503595536410001,0.6439802413985483,0.7748452494325588,0.3367443283378332,0.0,0.0,0.0,0.0,0.0,0.0,0.0,0.0,-0.1143269621830775,0.0,0.0,-0.1143269621830775,0.0,0.0,0.0,0.0,0.1220369743210864,0.0,0.0,0.3728076537071907,0.0970376105756073,0.2732477804779217,0.0,0.0,0.0,0.0,0.0,0.0,0.0,0.1200590587165955,-0.4865291097731213,0.0,0.0,0.1372565469573361,0.0,0.1336232977115233,0.0,0.3247867282797464,0.1002675950268939,0.0
155,-0.9093013919476384,-0.7192959674026722,-0.7195825207907761,0.0,0.0,0.0,0.1874915185205462,0.6140955073057666,0.0,0.0,0.0,0.0,0.0,0.0,-0.1003786386783918,0.0,0.0,0.0,-0.241401758423291,0.0,0.7862386741027511,0.1392494160802942,0.0,0.0745968633055381,0.0,0.0,0.0,0.0,0.0,0.0,0.0,-0.1656568788163402,0.1746806179717548,0.5726683014394929,0.2691724780183843,0.0,0.0,0.0,-0.3497436448828147,0.0,0.4422944303987431,0.0,0.0,0.0,0.5824403039508327,0.2730784463278262,0.6585921719275031,0.7758162332887101,0.4118129083846359,0.0,0.0,0.0,0.0,0.0,0.0,0.0,0.0,-0.1438639295496776,0.0,0.0,-0.1438639295496776,0.0,0.0,0.0,0.0,0.1225881210057528,0.0,0.0,0.3695682855656395,0.1285253762433544,0.2815621532995461,0.0,0.0,0.0,0.0,0.0,0.0,0.0,0.1523698515241352,-0.5089234178986263,0.0,0.0,0.1210901639453012,0.0,0.119351259007224,0.0,0.306194586952566,0.0954474572764791,0.0
156,-0.9076244727189584,-0.6968308369188725,-0.7274164877646249,0.0,0.0,0.0,0.1572119826790886,0.6164316041113229,0.0,0.0,0.0,0.0,0.0,0.0,-0.1096596945739366,0.0,0.0,0.0,-0.2702906935240473,0.0642135335480234,0.7299638809429481,0.1439585975327491,0.0,0.0735083887444548,0.0,-0.1131403237835842,0.0,0.0,0.0,0.0,0.0,-0.1444201213484036,0.1670983313236725,0.5958808345424255,0.2626954339664579,0.0,0.0,-0.0782496549572082,-0.3390031815088129,0.0,0.456397672560078,0.0,0.0,0.0,0.5661583951448452,0.3075271674064636,0.6823032347821834,0.7822555584629947,0.5062790870064701,0.0,0.0,0.0,0.0,0.0,0.0,0.0,0.0,-0.1733661943256829,0.0,0.0,-0.1733661943256829,0.0,0.0,0.0,0.0,0.1152147477247266,0.0,0.0,0.3495578805931217,0.1523610886161262,0.3669881942379773,0.0,0.0,0.0,0.0,0.0,0.0,0.0,0.1657302476742504,-0.5292314794768788,0.0,0.0,0.1074979982991969,0.0,0.1020645503465012,0.0,0.2775621089029826,0.086344345579925,0.0
157,-0.9054278021895912,-0.6677542559903602,-0.7403858946122418,0.0,0.0,0.0,0.1373654205106633,0.6364654153761256,0.0,0.0,0.0,0.0,0.0,0.0,-0.1004290688435314,0.0,0.0,0.0,-0.2930286552072169,0.0665569261960207,0.6916989831997952,0.1510552037874932,0.0,0.0722529504764921,0.0,-0.1895965235151473,0.0,0.0,0.0,0.0,0.0,0.2198795706140921,0.1515882673777355,0.6248071716477981,0.2531732695892673,0.0,0.0,-0.1136421256791535,-0.3238324370339523,0.0,0.4933258499697403,0.0,0.0,0.0,0.5581239934275505,0.3483959969846773,0.6885952029456365,0.7945461295082248,0.5120582537311965,0.0,0.0,0.0,0.0,0.0,0.0,0.0,0.0,-0.197409263584279,0.0,0.0,-0.197409263584279,0.0,0.0,0.0,0.0,0.1042423799427372,0.0,0.0,0.3227327173681544,0.1457819015321222,0.4684668023927156,0.0,0.0,0.0,0.0,0.0,0.0,0.0,0.1618006683843416,-0.551465737575055,0.0,0.0,0.1021983553195862,0.0,0.0888194239001831,0.0,0.2516643893980338,0.0731494575150301,0.0
158,-0.9036728729620984,-0.6356095448375239,-0.7533610172799985,0.0,0.0,0.0,0.1200867363529416,0.6291502294252043,0.0,0.0,0.0,0.0,0.0,0.0,-0.0739360660172299,0.0,0.0,0.0,-0.3051904745213616,0.0661325373377676,0.6805250770316614,0.1606507951749724,0.0,0.073498342898297,0.0,-0.2564990587232693,0.0,0.0,0.0,0.0,0.0,0.2675688463706603,0.1337220456040766,0.6535066288228937,0.2575267296881315,0.0,0.0,-0.1383904689068473,-0.2993896131700692,0.0,0.5613299726247725,0.0,0.0,0.0,0.5696195367777899,0.3938325634526695,0.6461533873053502,0.8077051027112829,0.4969618689974082,0.0,0.0,0.0,0.0,0.0,0.0,0.0,0.0,-0.2061314594632647,0.0,0.0,-0.2061314594632647,0.0,0.0,0.0,0.0,0.0883071571894166,0.0,0.0,0.2930529672592307,0.1390110378744265,0.572079476332187,0.0,0.0,0.0,0.0,0.0,0.0,0.0,0.1557139791702093,-0.5698158698636716,0.0,0.0,0.1061807094728548,0.0,0.0779642216615119,0.0,0.2321948047109728,0.0,0.0
159,-0.8980456623319761,-0.6051385343658723,-0.767387392858893,0.0,0.0,0.0,0.1006030753106682,0.6004105573119568,0.0,0.0,0.0,0.0,0.0,0.0,0.0,0.0,0.0,0.0,-0.2977083804706359,0.0718275027746064,0.6866123916176431,0.1659555176214325,0.0,0.0730167779345756,0.0,-0.2977777356859916,0.0,0.0,0.0,0.0,0.0,0.3002787318071963,0.1121546902671543,0.6817269789214103,0.2590923400946257,0.0,0.0,-0.1542206683934685,-0.2758316551685488,0.0,0.6332504937472367,0.0,0.0,0.0,0.5663787803452149,0.4446214947159627,0.6527265063142802,0.749208669422049,0.5139561204436296,0.0,0.0,0.0,0.0,0.0,0.0,0.0,0.0,-0.2075072029155222,0.0,0.0,-0.2075072029155222,0.0,0.0,0.0,0.0,0.0708576977744627,0.0,0.0,0.2737194332208683,0.1378016386269735,0.674763611017338,0.0632971265144581,0.0,0.0,0.0,0.0,0.0,0.0,0.1524111661766165,-0.5876693172159919,0.0,-0.0978602104789201,0.117180250027183,0.0,0.0,0.0,0.21420364854405,0.0,0.0
160,-0.8945012018037226,-0.5651270232667882,-0.7803375681365909,0.0,0.0,0.0,0.0887970665321371,0.5655940550934628,0.0,0.0,0.0,0.0,0.0,0.0,0.0,0.0,0.0,0.0,-0.2730460681430079,0.0720497381083124,0.7141499473197782,0.1646346886880784,0.0,0.0690279256887201,-0.0484784038395068,-0.3321587967852256,0.0,0.0,0.0,0.0,0.0,0.3313647074024235,0.0918782370389135,0.7213486642614879,0.2625190991891878,0.0,0.0,-0.1590829730842065,-0.2469985205405757,0.0,0.700024701926871,0.0,0.0,0.0,0.5319682854028006,0.4900184859427709,0.6697168978590337,0.7578265611469217,0.5312156486381151,0.0,0.0,0.0,0.0,0.0,0.0,0.0,0.0,-0.1845544457150204,0.0,0.0,-0.1845544457150204,0.0,0.0,0.0,0.0,0.0,0.0,0.0,0.3043012701590413,0.128507517798933,0.76962965390403,0.0735186286056587,0.0,0.0,0.0,0.0,0.0,0.0,0.142057344216461,-0.6042550310604172,0.0,-0.1609363542313151,0.125406355186974,0.0,0.0,0.0,0.1905751597266627,0.0,0.0
161,-0.8905594118688582,-0.5282295615762796,-0.790385107933928,0.0,0.0,0.0,0.0735492096485194,0.537394660327507,0.0719522780834125,0.0,0.0,0.0,0.0,0.0,0.0,0.0,0.0,0.0,-0.2337196615738095,0.0739712710449014,0.7509103266247319,0.1553755999158753,0.0,0.0646837219628305,-0.0726550899234623,-0.3542829424421157,0.0,0.0,0.0,0.0,0.0,0.3606658204616551,0.074809520107328,0.8531298709009976,0.2632673401743138,0.0,0.0,-0.1474107644577568,-0.2182915332898684,0.0,0.7279913305789836,0.0,0.0,0.0,0.5232415771781873,0.5325842847762485,0.7097277728812246,0.8328011569947802,0.532794251173303,0.0,0.0,0.0,0.0,0.0,0.0,0.0,0.0,-0.1692504763391145,0.0623289889637234,0.0,-0.1692504763391145,0.0,0.0,0.0,0.0,0.0,0.0,0.0,0.3356517724438634,0.126052994492318,0.8529404029619869,0.0846151584581427,0.0,0.0,0.0,0.0,0.0,0.0,0.1351807384202463,-0.6166255438575514,0.0,-0.2203002093820037,0.138053542290776,0.0,0.0,0.0,0.1799727278150184,0.0,0.0
162,-0.8866600004542224,-0.4997355526333494,-0.7986652002388125,0.0,0.0,0.0,0.0757454791663716,0.5100659365614842,0.0854115663862793,0.0,0.0,0.0,0.0,0.0,0.0,0.0,0.0,0.0,-0.1991513602098398,0.0772819005525926,0.7985116441910329,0.1134468715333808,0.0,0.0,0.0,-0.3661312496132871,0.0,0.0,0.0,0.0,0.0,0.3842213464459152,0.0,0.8891651909843818,0.2704501182817037,0.0,0.0,-0.1248418051091741,-0.1895449677770876,0.0,0.7614860980259848,0.0,0.0,0.0,0.540994407289904,0.5631342611801963,0.757586002528036,0.8350126530473695,0.5407775865832813,0.0,0.0,0.0,0.0,0.0,0.0,0.0,0.0,-0.1392605730113479,0.0,0.0,-0.1392605730113479,0.0,0.0,0.0,0.0,0.0,0.0,0.0,0.3711976113148764,0.1187028769408617,0.866925819794853,0.0943996885860278,0.0,0.0,0.0,0.0,0.0,0.0,0.1294235670052821,-0.623515025617969,0.0,-0.274888602189992,0.1462203935826334,0.0,0.0,0.0,0.1646827756841452,0.0,0.0
163,-0.8815720754223624,-0.4707363846280004,-0.8042685600918562,0.0,0.0,0.0,0.0761749369467413,0.4880620526716392,0.0823918482801705,0.0,0.0,0.0,0.0,0.0,0.0,0.0,0.0,0.0,-0.1662563484031594,0.0816308803558444,0.853063519238505,0.0855232834321846,0.0,0.0,0.0,-0.3730384244550512,0.0,0.0,0.0,0.0,0.0,0.4041595936054015,0.0,0.8662660143106163,0.2849263301097899,0.0,0.0,-0.0949591891825951,-0.1479511525729128,0.0,0.8048992273890959,-0.0445422655608883,0.0,0.0,0.5769628752840448,0.5791835766451326,0.8081591854843884,0.8241775449327221,0.5418480846237315,0.0,0.0,0.0,0.0,0.0,0.0,0.0,0.0,-0.0991129607121958,0.0,0.0,-0.0991129607121958,0.0,0.0,0.0,0.0,0.0,0.0,0.0,0.4153623654365026,0.1099555916134685,0.7762509614312064,0.104965510654884,0.0,0.0,0.0,0.0,0.0,0.0,0.1173333215051124,-0.626328756004203,0.0,-0.3110705459486212,0.1490225606020727,0.0,0.0620537742678388,0.0,0.1624806352559274,0.0,0.0
164,-0.8759059150867903,-0.4568201019847069,-0.8054669382441538,0.0,0.0,0.0,0.0805944252470443,0.4776522363825832,0.0641494711788379,0.0,0.0,0.0,0.0,0.0,0.0,0.0,0.0,0.0,-0.1399181546768078,0.0905844876937427,0.8912125332879991,0.0,0.0,0.0,0.0,-0.3811947742908957,0.0,0.0,0.0,0.0,0.0,0.3736939738515071,0.0,0.8487990656758948,0.293408370629541,0.0,0.0,-0.0538217727553659,-0.1153467243879056,0.0,0.8245855199661023,-0.0610583339766886,0.0,0.0,0.6068638059331456,0.5842518644811439,0.8328944882039293,0.8255550435891231,0.5371463848414159,0.0,0.0,0.0,0.0,0.0,0.0,0.0,0.0752327996237211,-0.0674797046135909,0.0,0.0,-0.0674797046135909,0.0,0.0,0.0,0.0,0.0,0.0,0.0,0.4705548462621243,0.0865642114903584,0.6887344895465082,0.1167069323128422,0.0,0.0,0.0,0.0,0.0,0.0,0.1122070186990485,-0.6281184442860148,0.0,-0.342858629020803,0.1480873106983714,0.0,0.0643900664434301,0.0,0.1542595280054834,0.0,0.0
165,-0.8713506775627455,-0.454573569934494,-0.804397460213653,0.0,0.0,0.0,0.0890234499525928,0.5181496664462408,0.0,0.0,0.0,0.0,0.0,0.0,0.0,0.0,0.0,0.0,-0.1322236894052817,0.0978060887913589,0.870856271823247,0.0,0.0,0.0,0.0,-0.3805038478112341,0.0,0.0,0.0,0.0,0.0,-0.2659678799375044,0.0,0.8057588405794238,0.2848908805763354,0.0,0.0,0.0,-0.0869347114530096,0.0,0.8067432271673725,-0.0729973066509209,0.0,0.0,0.6770449066777936,0.5666190525065951,0.8616606904882809,0.8277463164945499,0.5267800045013938,0.0,0.0,0.0,0.0,0.0,0.0,0.0,0.0914579242264516,0.0,0.0,0.0,0.0,0.0,0.0,0.0,0.0,0.0,0.0,0.0,0.51354334575379,0.0,0.5831669901717825,0.1247688906737168,0.0,0.0,0.0,0.0,0.0,0.0,0.1102539706633604,-0.6359738066231786,0.0,-0.3524374933787829,0.1418496728428907,0.0,0.0639996180275102,0.0,0.1565140290395074,0.0,0.0
166,-0.8665021959197245,-0.4492942426815171,-0.805608861461632,0.0,0.0,0.0,0.095642219791842,0.5752816308864235,0.0,0.0,0.0,0.0,0.0,0.0,0.0,0.0,0.0,0.0,-0.1430656924078434,0.0997851399525183,0.735600511956948,0.0,0.0,0.0,0.0,-0.3801528071295689,0.0,0.0,0.0,0.0,0.0,-0.2832329695379661,0.0,0.7768941636854347,0.2057441262322061,0.0,0.0,0.0,-0.0579705156979615,0.0,0.7788224533438255,-0.0789438759505486,0.0,0.0,0.6529792013211957,0.5513567958919904,0.9372465505332752,0.8402385543339582,0.5017870487082341,0.0,0.0,0.0,0.0,0.0,0.0,0.0,0.1042498108993958,0.0,0.0,0.0,0.0,0.0,0.0,0.0,0.0,0.0,0.0,0.0,0.5473256517574301,0.0,0.4778446859383442,0.1290596830502143,0.0,0.0,0.0,0.0,0.0,0.0,0.0856743058985903,-0.6340307514822977,0.0,-0.3467154306574227,0.1354282369473407,0.0,0.0674935882985233,0.0,0.1569940856106816,0.0,0.0
167,-0.8575869883615299,-0.4486651211504561,-0.8060662041565538,0.0,0.0,0.0,0.0994349859987158,0.6350319498811952,0.0681997090090683,0.0,0.0,0.0,0.0,0.0,0.0,0.0672274444526069,0.0,0.0,-0.1664750676026644,0.1025563419821852,0.6172472326702092,0.0,0.0,0.0,0.0,-0.3720913318794795,0.0,0.0,0.0,0.0,0.0,-0.3001241513910597,0.0670199978449407,0.7701004548001633,0.0762733065589532,0.0,0.0,0.0,0.0,0.0,0.7728630590032805,-0.0690195136086773,0.0659449442895911,0.0,0.6018498936331029,0.5313158154738804,1.0394777858646056,0.8881002538123542,0.4545712678933499,0.0,0.0,0.0,0.0,0.0,0.0,0.0,0.1114613037858374,0.0,0.0,0.0,0.0,0.0,0.0,0.0,0.0,0.0,0.0,0.0,0.5678139307940642,0.0,0.4356727233710548,0.1105923358710531,0.0,0.0,0.0,0.0,0.0,0.0,0.0,-0.6360134379005954,0.0,-0.3360068765528233,0.1242197802101177,0.0,0.07162240959992,0.0,0.1711932932890317,0.0,0.0
168,-0.8507544731002294,-0.4529595311894615,-0.8039336529577564,0.0,0.0,0.0,0.1045444215656622,0.7016284541462091,0.0784707285823564,0.0,0.0,0.0,0.0,0.0,0.0,0.0827913603887949,0.0,0.0,-0.2131635760259266,0.0974159039328465,0.5286276404928837,0.0,0.0,0.0,0.0,-0.3648379996392575,0.0,0.0,0.0,0.0,0.0,-0.3179773983387988,0.0846107148682502,0.7330633329767503,0.1242695495292263,0.0,0.0,0.0,0.0,0.0,0.7820547596648088,0.0,0.0,0.0715448697682573,0.5342350776563899,0.5085903656815361,1.0157084084038766,0.9398940831583412,0.4124049984314542,0.0,0.0,0.0,0.0,0.0,0.0,0.0,0.1118146428538661,0.0,0.0,0.0,0.0,0.0,0.0,0.0,0.0,0.0,0.0,0.0,0.5755618025647643,0.0,0.4060765253001964,0.0936388767902591,0.0,0.0,0.0,0.0,0.0,0.0,0.0,-0.6352827666154142,0.0,-0.3060421834285497,0.1168590085412557,0.0,0.072979374162035,0.0,0.1865954545261109,0.0,0.0
169,-0.8342142927456575,-0.4614412807325998,-0.8026792308429928,0.0,0.0,0.0,0.1048525832963312,0.6783863838639553,0.085049045912277,0.0,0.0,0.0,0.0,0.0,0.0,0.0901727910245509,0.0,0.0,-0.2630350036133336,-0.0615962223803996,0.4496665053710804,0.0,0.0,0.0,0.0,-0.3603229174043505,0.0,0.0,0.0,0.0,0.0,-0.3415033145319402,0.1030382855269318,0.6651210466152317,0.1671128326910723,0.0,0.0716182528774007,0.0,0.0,0.0,0.7989012134170439,0.0,0.0,0.0727612699872413,0.4677271143599951,0.5090677694737151,0.9332812859457196,0.991863422726452,0.3567611800565646,0.0,0.0,0.0,0.0,0.0,0.0,0.0,0.1052691217080242,0.0,0.0,0.0,0.0,0.0,0.0,0.0,0.0,0.0,0.0,0.0,0.5979880044827786,0.0,0.3973362135302578,0.0807937557605083,0.0,0.0,0.0,0.0,0.0,0.0,0.0,-0.6382285378709851,0.0,-0.2799310160579608,0.1055197182881548,0.0,0.0769679717685059,0.0,0.2148189266732613,0.0,0.0
170,-0.8051939373310909,-0.471105029422199,-0.8059139961645069,0.0,0.0,0.0,0.0999235643778822,0.6887969195916553,0.098531926015399,0.0,0.0,0.0,0.0,0.0,0.0,0.0851193343892123,0.0,0.0,-0.3159330405262643,-0.0754894438611046,0.3903788977561048,0.0,0.0,0.0,0.0,-0.3610826558508395,0.0,0.0,0.0,0.0,0.0,-0.3682317850850204,0.1204997468176677,0.5754965339295808,0.1520678205026941,0.0,0.0972051575909243,0.0,0.0,0.0,0.8464138388729571,0.0,-0.0488856771091884,0.0730606196160061,0.4151048142868659,0.5036941525737862,0.8665968862575855,0.9603816385560188,0.2981834598562627,0.0,0.0,0.0,0.0,0.0,0.0,0.0,0.0930253282634604,0.0,0.0,0.0,0.0,0.0,0.0,0.0,0.0,0.0,0.0,0.0,0.6101810980650406,0.0,0.3907960548251124,0.0721873823354649,0.0,0.0,0.0,0.0,0.0,0.0,0.0,-0.6371465504201059,0.0,-0.2622775237085587,0.1032725374186436,0.0,0.0823548434090012,0.0,0.2541115774859118,0.0,0.0
171,-0.7815603340469736,-0.4979512010589612,-0.8058391823359555,0.0,0.0,0.0,0.0892039773092403,0.6900595527320824,0.1188198946806598,0.0,0.0,0.0,0.0,0.0,0.0,0.0749679866757816,0.0,0.0,-0.3443374737391274,-0.0877017306209803,0.3521121972693339,0.0,0.0,0.0,0.0,-0.3628172944141677,0.0,0.0,0.0,0.0,0.0,-0.396638877409071,0.1392666463973152,0.4958008243551458,0.1388949043265384,0.0,0.1234202035565276,0.0,0.0,0.0,0.9079554845526698,0.0,-0.0585226301688102,0.0730542025398614,0.4764938266079215,0.4987686137076418,0.7992560978067292,0.8240118624417612,0.2403463224532902,0.0,0.0,0.0,0.0,0.0,0.0,0.0,0.0803528088243019,0.0,0.0,0.0,0.0,0.0,0.0,0.0,0.0,0.0,0.0,0.0,0.638185688751644,0.0,0.3725503809009651,0.0699085553070292,0.0,0.0,0.0,0.0,0.0,0.0,0.0,-0.6343620299506282,0.0,-0.2468253994405948,0.1029138957701483,0.0,0.0872831356808119,0.0,0.3012608259451481,0.0,0.0
172,-0.7614978192453403,-0.5135011052924439,-0.8013176677773899,0.0,0.0,0.0,0.0760754688131772,0.7149940387669076,0.1395206397444987,0.0,0.0,0.0,0.0,0.0,0.0,0.072817887801439,0.0,0.0,-0.3541984638867042,-0.1003294127398384,0.3063394762727031,0.0,0.0,0.0998458692916498,0.0,-0.3677606249640668,0.0,0.0,0.0,0.0,0.0,-0.4294394130673382,0.1584251736002154,0.47633533399404,0.173447021893582,0.0,0.1455729730293749,0.0,0.0,0.0,0.9491717487772922,0.0,-0.0711812855099407,0.0727138776923004,0.5270121081957401,0.5129123079958781,0.758365358630006,0.7090481863972381,0.1920114409470003,0.0,0.0,0.0,0.0,0.0,0.0,0.0,0.0677164694555799,0.0,0.0,0.0,0.0,0.0,0.0,0.0,0.0,0.0,0.0,0.0,0.6591602642069803,0.0,0.3981079621114111,0.0690586000813656,0.0,0.0,0.0,0.0,0.0,0.0,0.0,-0.633422429746415,0.0,-0.2256067131244134,0.106933699177192,0.0,0.0946000495600294,0.0,0.3398391816676198,0.0,0.0
173,-0.745598427053867,-0.5339702959188573,-0.802089865995659,0.0,0.0,0.0,0.0631501457787373,0.7277216216298201,0.1479102072544825,0.0,0.0,0.0,0.0,0.0,0.0,0.0737747809454555,0.0,0.0,-0.3491615366012097,-0.1119217912715324,0.2918073237924507,0.0,0.0,0.1134902579435689,0.0,-0.3781499839350369,0.0,0.0,0.0,0.0,0.0,-0.4641095420293247,0.175668756815632,0.4692849516026569,0.2141756141744298,-0.0568059763975862,0.1516762067849793,0.0,0.0,0.0,0.9725745446660656,0.0,-0.0797413193258299,0.0731929867563513,0.5852889016421583,0.5262108022066037,0.7684443454679961,0.6214127540183428,0.1510965103237899,0.0,0.0,0.0,0.0,0.0,0.0,0.0,0.0740072837147727,0.0,0.0669022632252393,0.0,0.0,0.0,0.0,0.0,0.0,0.0,0.0,0.0,0.6769035440726019,0.0,0.3143417098191463,0.0727953531944898,0.0,0.0,0.0,0.0,0.0,0.0,0.0,-0.6329520373772038,0.0,-0.205729368817414,0.1033389936111698,0.0,0.103929295030985,-0.0461789205123561,0.3867027880636288,0.0,0.0
174,-0.7433777032967565,-0.5512194312446548,-0.7957198926843406,0.0,0.0,0.0,0.0,0.7691016908944599,0.146281613680639,0.0,0.0,0.0,0.0,0.0,0.0,0.0660220568404634,0.0,0.0,-0.3411267498473596,-0.1113985298555339,0.288210683575724,0.0,0.0,0.1003999479141408,0.0,-0.386359423918494,0.0,0.0,0.0,0.0,0.0,-0.4959790366761005,0.193182511425669,0.4832479538524714,0.2712595989877067,-0.1036239242922877,0.1331558576448941,0.0,0.0,0.0,1.0151912053259406,0.0,-0.0804934523920872,0.0709884123472031,0.6331609046388075,0.501977689113115,0.7788941000780647,0.5570031223114111,0.1184331667385171,0.0,0.0,0.0,0.0,0.0,0.0,0.0,0.0872011735309002,0.0,0.0786586036917851,0.0,0.0,0.0,0.0,0.0,0.0,0.0,0.0,0.0,0.6970621510207498,0.0,0.2320498487536636,0.0769567239039724,0.0,0.0,0.0,0.0,0.0,0.0,0.0,-0.62659674281791,0.0,-0.1938836720115139,0.1152301883980964,0.0,0.1324553028399518,-0.1069330245978245,0.4359121852459517,0.0,0.0
175,-0.7451971698706283,-0.577693789665473,-0.7902729735766061,0.0,0.0,0.0,0.0,0.7443384622926112,0.1377109286529068,0.0,0.0,0.0,0.0,0.0,0.0,0.0,0.0,0.0,-0.3191038797758191,-0.1010007294081027,0.2859168315230697,0.0,0.0,0.0849235250839899,0.0,-0.3974760988123846,0.0,0.0,0.0,0.0,0.0,-0.5334296615964117,0.2118008077836264,0.5347781601956341,0.3283349222861471,-0.1244042675808426,0.1177150464489769,0.0,0.0,0.0,1.066895899318546,0.0,-0.0839577554064704,0.0653052570927571,0.6702381316890664,0.4758644836666271,0.757352993685233,0.5536671255036695,0.1153018540383729,0.0,0.0,0.0,0.0,0.0,0.0,0.0,0.1032326516583919,0.0,0.0956908233121711,0.0,0.0,0.0,0.0,0.0,0.0,0.0,0.0,0.0,0.6975341108214582,0.0,0.2489795338254919,0.0783386897538214,0.0,0.0,0.0,0.0,0.0,0.0,0.0,-0.6226386149576109,0.0,-0.1777802105552239,0.1469000655621916,0.0,0.1609763379420898,-0.1665486568955907,0.4477773387932748,0.0,0.0
176,-0.760963563537541,-0.600250686961852,-0.783286374773318,0.0,0.0,0.0,0.0,0.6752316059051672,0.1424022622889589,0.0,0.0,0.0,0.0,0.0,0.0,0.0,0.0,0.0,-0.2860708404913007,-0.0884026062211808,0.287330569638594,0.0,0.0,0.0702021741476723,0.0,-0.4119907329755178,0.0,0.0,0.0,0.0,0.0,-0.5640271124963899,0.2218398485534506,0.5694893040800334,0.37267584390999,-0.105946357031318,0.1033728768021292,0.0,0.0,0.0,1.1021150535090858,0.0,-0.0873383533015839,0.0,0.6921429683568742,0.4425979907097334,0.7418076431403658,0.5611543852483879,0.1271650779019172,0.0,0.0,0.0,0.0,0.0,0.0,0.0,0.1195095414334248,0.0,0.1178443929730476,0.0,0.0,0.0,0.0,0.0,0.0,0.0,0.0,0.0,0.6086377117230006,0.0,0.2891644254648592,0.0946914662125566,0.0,0.0,0.0,0.0,0.0,0.0,0.0,-0.6198769110256143,0.062497683810963,-0.1650442288045446,0.1905305067887297,0.0,0.1920916878423212,-0.2289943850466415,0.4104888912975004,0.0,0.0
177,-0.7898138823688784,-0.6208774204608816,-0.7694846456592319,0.0,0.0,0.0,0.0,0.6163732118665922,0.1424135937683258,0.0,0.0,0.0,0.0,0.0,0.0,0.0,0.0,0.0,-0.2443178828571873,-0.0694565751865048,0.291953052516134,0.0,0.0,0.0,0.0,-0.4195881196169773,0.0,0.0,0.0,0.0,0.0,-0.5825438240596321,0.2278760149438523,0.5917845666506482,0.3945143563727264,-0.0743082090692209,0.080638837625854,0.0,0.0,0.0,1.075959777493413,0.0,-0.0905117595165678,0.0,0.6826401984364296,0.4149806198416739,0.7355709435310914,0.5739154927831267,0.1386046578401929,0.0,0.0,0.0,0.0,0.0,0.0,0.0,0.1335939230163396,0.0,0.1387010870125619,0.0,0.0,0.0,0.0,0.0,0.0,0.0,0.0,0.0,0.5487474336471969,0.0,0.3190832812157009,0.1088460896370783,0.0,0.0,0.0,0.0,0.0,0.0,0.0,-0.6213567605987784,0.0777703229850362,-0.1471343280725353,0.2500810210593899,0.0,0.2589152834131889,-0.2856621242918823,0.3786529707452432,0.0,0.0
178,-0.8298193574800689,-0.6409828861981709,-0.7558743229925342,0.0,0.0,0.0,0.0,0.5574620544766026,0.1419555980553438,0.0,0.0,0.0,0.0,0.0,0.0,0.0,0.0,0.0,-0.2251653794034163,0.0741068304240758,0.3025138196586735,0.0,0.0,0.0,0.0,-0.4238735921553466,0.0,0.0,0.0,0.0,0.0,-0.5874723995374476,0.2309232858489379,0.462431055817307,0.3912087083921176,0.0,0.0736762484112365,0.0,0.0,0.0641422601450308,1.032974063671962,0.0,-0.0942858523778285,0.0,0.6502443479996071,0.3863680831085948,0.7124519888246921,0.596279830425621,0.1564997865807071,0.0,0.0,0.0,0.0,0.0,0.0,0.0,0.1410962477964893,0.0,0.1660984185665061,0.0,0.0,0.0,0.0,0.0,0.0,0.0,0.0,0.0,0.4981036937742049,0.0,0.3293710641744788,0.1194921149642874,0.0,0.0,0.0,0.0,0.0,0.0,0.0,-0.6180229283991882,0.0919893705386809,-0.1278004983074516,0.3026857242670218,0.0,0.334165413804635,-0.3372111895088757,0.3420603054905687,0.0,0.0
179,-0.86161158527295,-0.6460135625480975,-0.7436046857272582,0.0,0.0,0.0,0.0,0.5171897686788218,0.1359897222015339,0.0,0.0,0.0,0.0,0.0,0.0,0.0,0.0,0.0,-0.2038280148332883,0.0782234383748324,0.3135182527583613,0.0,0.0,0.0,0.0631597957772341,-0.4252497876930298,0.0,0.0,0.0,0.0,0.0,-0.5852903479316228,0.2292906165292728,0.3367836320683867,0.3647534727634419,0.0,0.0654452345362216,-0.0603488538623377,0.0,0.0,0.994322573141959,0.0,-0.089876217478374,0.0,0.5977153781688478,0.3657759458514868,0.7270088132769832,0.6105422001529143,0.1748272258194193,0.0,0.0,0.0,0.0,0.0,0.0,0.0,0.1399233692613418,0.0,0.1905801795433907,0.0,0.0,0.0,0.0,0.0,0.0,0.0,0.0,0.0,0.4516987671509813,0.0,0.3245818516854606,0.1355588827252808,0.0,0.0,0.0,0.0,0.0,0.0,0.0,-0.6093746904566562,0.1017567784157407,-0.0969122105945221,0.2748225849347145,0.0,0.3526810153580735,-0.3643838332481134,0.3070765998109196,0.0,0.0
180,-0.8818960205826536,-0.6521426868583217,-0.7364087462419654,0.0,0.0,0.0,0.0,0.4908150224923006,0.1232804944908003,0.0,0.0,0.0,0.0,0.0,0.0,0.0,0.0,0.0,-0.2016207262767486,0.0759406038961144,0.3181855807431307,0.0,0.0,0.0,0.0,-0.4259005560440882,0.0,0.0,0.0,0.0,0.0,-0.5791217591450365,0.2210526134565467,0.2587045927548155,0.319035070643038,0.0,0.0,-0.072887042645927,0.0,0.0,0.947765802666562,0.0,-0.0756451560026291,0.0,0.5284951402358576,0.3588579350890354,0.7098506461285985,0.6558408137238696,0.1876253947200084,0.0,0.0,0.0,0.0,0.0,0.0,0.0,0.1308491385970996,-0.0623188819720579,0.2129167533339636,0.0,-0.0623188819720579,0.0,0.0,0.0,0.0,0.0,0.0,0.0,0.438266622588491,0.0,0.3007902526612344,0.1453832489239585,0.0,0.0,0.0,0.0,0.0,0.0,0.0,-0.5926096440944362,0.1088063152944665,-0.0653745162338668,0.2422062930873054,0.0,0.2673798249043239,-0.3790925120728313,0.2721510688015172,0.0,0.0
181,-0.9004166624384728,-0.6567576609555779,-0.7266400570126696,0.0,0.0,0.0,0.0,0.475933781266617,0.1047304525952917,0.0,0.0,0.0,0.0,0.0,0.0,0.0,0.0,0.0,-0.1936304956790598,0.0636340446566855,0.3247784822306779,0.0,0.0,0.0,0.0,-0.4220289599688738,0.0,0.0,0.0,0.0,0.0,-0.5553139668223922,0.2134003498423922,0.2183075128880621,0.2289214352147787,0.0,0.0,-0.0846656041742372,0.0,0.0626511066613073,0.925886141236157,0.0,-0.0667640397978226,0.0,0.449508751213283,0.3553097368478763,0.6783745160585285,0.688826468248345,0.1991162288394377,0.0,0.0,0.0,0.0,0.0,0.0,0.0,0.1143971135228621,-0.1145770376936758,0.2300693734766964,0.0,-0.1145770376936758,0.0,0.0,0.0,0.0,0.0,0.0,0.0,0.4191398643167879,0.0,0.2622868006940844,0.1492117575456141,0.0,0.0,0.0,0.0,0.0,0.0,0.0669581491096708,-0.584232482873122,0.108398231828003,0.0,0.2136004039122908,0.0,0.192731980549715,-0.3717019376052946,0.2420595857034216,0.0,0.0
182,-0.917479990848688,-0.651726616647132,-0.719982180602109,0.0,0.0,0.0,0.0,0.4718525487126348,0.0841301122641805,0.0,0.0,0.0,0.0,0.0,0.0,0.0,0.0,0.0,-0.1898907669226979,0.0,0.322489862330956,0.0727461664783292,0.0,0.0,0.0,-0.4160067358761787,0.0,0.0,0.0,0.0,0.0,-0.5307489535717343,0.1992286000608093,0.1947450353878166,0.2047253059992336,0.0,0.0,-0.0944927915058082,0.0,0.0640488820918174,0.9133394504902624,0.0,0.0856214918416529,0.0,0.439942227700257,0.3604203915164045,0.6093743897542496,0.7279193394324687,0.201870152009235,0.0,0.0,0.0,0.0,0.0,0.0,0.0,0.0936267856013059,-0.1587332435935418,0.2382876643952732,0.0,-0.1587332435935418,0.0,0.0,0.0,0.0,0.0,0.0,0.0,0.4158665936264532,0.0683736098260164,0.2155811923641951,0.1480326841698416,0.0,0.0,0.0,0.0,0.0,0.0,0.081022205692825,-0.5710731386341265,0.1033092694635333,0.0,0.1827035829860154,0.0,0.1307475275795718,-0.3502742461824886,0.2084660817263532,0.0,0.0
183,-0.9272604833589186,-0.6368699735629804,-0.7229399601211373,0.0,0.0,0.0,0.0,0.410241159683718,0.0729911490025739,0.0,0.0,0.0,0.0,0.0,0.0,0.0,0.0,0.0,-0.1850293497763836,0.0,0.323408776267624,0.1069416257928851,0.0,0.0,0.0,-0.4063418609890777,0.0,0.0,0.0,0.0,0.0,-0.5040049986381552,0.180713303247263,0.1848418730480548,0.1526822596026001,0.0,0.0,-0.1034860155750231,0.0,0.0650779971743794,0.9068990502461454,0.0,0.0794271986524197,0.0,0.4493514196918229,0.3854592562292275,0.5529276830852101,0.7789606653963269,0.1939766216046882,0.0,0.0,0.0,0.0,0.0,0.0,0.0,0.0726267720190375,-0.1787111161437675,0.2427012062929182,0.0,-0.1787111161437675,0.0,0.0,0.0,0.0,0.0,0.0,0.0,0.4154592630476111,0.0772455319813652,0.1212800458363319,0.1439268098313903,0.0,0.0,0.0,0.0,0.0,0.0,0.0937200148947347,-0.5503937141549863,0.0988418944458729,0.0,0.1512553380274452,0.0,0.08070049171854,-0.3360065184002915,0.1776643120304359,0.0,0.0
184,-0.9342210055542056,-0.6177844976226345,-0.7278698988917796,0.0,0.0,0.0,0.0,0.385110028265466,0.0723228052246056,0.0,0.0,0.0,0.0,0.0,0.0,0.0,0.0,0.0,-0.1668351053503021,0.0,0.3247128767336356,0.0975528013911593,0.0,0.0631787273544152,0.0,-0.3994319686854574,0.0,0.0,0.0,0.0,0.0,-0.4663138636265977,0.1633295539142178,0.1984073705084687,0.1102392982107356,0.0,0.0,-0.117710006984356,0.0,0.066547458132916,0.8974097103405189,0.0,0.0714232451489027,0.0,0.433913255116287,0.3746346379334397,0.5135786872327885,0.8163583263199737,0.198295119958438,0.0,0.0,0.0,0.0,0.0,0.0,0.0,0.0,-0.1884376529818712,0.2359119350976877,0.0,-0.1884376529818712,0.0,0.0,0.0,0.0,0.0,0.0,0.0,0.3995371438386059,0.0626237987915237,0.1088976383882318,0.1338638929618096,0.0,0.0,0.0,0.0,0.0,0.0,0.1032608765481669,-0.5306022424941981,0.1196057617172953,0.0,0.1348600856318348,0.0,0.0,-0.3154155160713569,0.1405429948461989,0.0,0.0
185,-0.9401294981718182,-0.5970510760725157,-0.7342863100544402,0.0,0.0,0.0,0.062512725707659,0.3680145004784363,0.0761990949054732,0.0,0.0,0.0,0.0,0.0,0.0,0.0,0.0,0.0,-0.1176683968778205,0.0,0.3500621117953588,0.0871834864598338,0.0,0.0,0.0,-0.391402025971711,0.0,0.0,0.0,0.0,0.0,-0.4290389368221642,0.1457311545489414,0.2156925190359312,0.0,0.0,0.0,-0.1351602489755223,0.0,0.0667965536539595,0.910459650201202,0.0,0.0769010182497299,0.0,0.4076960826285108,0.3709751424922088,0.4926773993186544,0.6159811596957655,0.2025900392880994,0.0,0.0,0.0,0.0,0.0,0.0,0.0,0.0,-0.1787670558384533,0.2213182225560824,0.0,-0.1787670558384533,0.0,0.0,0.0,0.0,0.0,0.0,0.0,0.3723802919687355,0.0,0.085715215836799,0.1120306107972351,0.0,0.0,0.0,0.0,0.0,0.0,0.1014464620093476,-0.5138048658785502,0.1418568316100659,0.0,0.1164118213386532,0.0,0.0,-0.2988846426852612,0.1098788027070782,0.0,0.0
186,-0.9396534174805712,-0.5667290382780203,-0.7482115190222101,0.0,0.0,0.0,0.0851702221575536,0.3110228809451638,0.0901053838759494,0.0,0.0,0.0,0.0,0.0,0.0,0.0,0.0,0.0,-0.0654119096771462,0.0,0.3642833118528488,0.0722192972306939,0.0,0.0,0.0,-0.3854518433153827,0.0,0.0,0.0,0.0,0.0,-0.4061658652376229,0.126732483513751,0.2347219963003564,0.0,0.0,0.0,-0.1599898291582832,0.0,0.0638954663569509,0.91985005207628,0.0,0.0829587389302962,0.0,0.3846544276935946,0.3719804899915719,0.515232771707115,0.4731911019608922,0.2109413724073802,0.0,0.0,0.0,0.0,0.0,0.0,0.0,0.0,-0.1620933616089655,0.2002307575142997,0.0,-0.1620933616089655,0.0,0.0,0.0,0.0,0.0,0.0,0.0,0.3316805297145386,0.0,0.063735055283443,0.0868682630131776,0.0,0.0,0.0,0.0,0.0,0.0,0.0826896810612454,-0.4948187275966675,0.1579714885933311,0.0,0.1067910614712518,0.0,0.0,-0.2883453133567236,0.0777965539559367,0.0,0.0
187,-0.9377632264034848,-0.5482041285871719,-0.765223277871723,0.0,0.0,0.0,0.1064884371252306,0.2692454797432043,0.100745615488218,0.0,0.0,0.0,0.0644047845831156,0.0,0.0,0.0885308607881421,0.0,0.0,0.0,0.068777977923369,0.3833656915751157,0.0,0.0,0.0,0.0,-0.3809821245160554,0.0,0.0,0.0,0.0,0.0,-0.3862459910225932,0.1277526977124655,0.2526555414513102,0.0,0.0,0.0,-0.1836507374104212,0.0,0.0,0.9162525363183992,0.0,0.0905826876643891,0.0,0.3660705184784533,0.3627856319108814,0.5507752458181198,0.5024625430217269,0.2225093830344347,0.0,0.0,0.0,0.0,0.0,-0.0512023251132855,0.0,0.0652670238297632,-0.1410538493684914,0.1867557710941692,0.0,-0.1410538493684914,0.0,0.0,0.0,0.0,0.0,0.0,0.0,0.2894513765700571,0.0,0.0,0.090596472461956,0.0,0.0,0.0,0.0,0.0,0.0,0.0,-0.4739022820547725,0.1649796818095114,0.0,0.1012253660569661,0.0,0.0,-0.2908343184887675,0.0,0.0,0.0
188,-0.9360394213418376,-0.527872511986747,-0.7789455850742888,0.0,0.0,0.0,0.1296170870990784,0.2457436601575779,0.1112211054267546,0.0,0.0,0.0,0.0763385354236555,0.0,0.0,0.1145692516749973,0.0,0.0,0.0,0.0726963556036431,0.4022576634069263,0.0,0.0,0.0,0.0,-0.3761402856410989,0.0,0.0,0.0,0.0,0.0,-0.3702178521524258,0.1390391630800748,0.2606321330399068,0.0,0.0,0.0,-0.2093566311010877,0.0,0.0,0.905240036499834,0.0,0.0954207153127077,0.0,0.3414210356399171,0.3579802286600035,0.5482684710824873,0.5369988209929768,0.2699061598402318,0.0,0.0,0.0,0.0,0.0,-0.0617267130201288,0.0,0.0755911888517857,-0.1122351059925519,0.1756762968107158,0.0,-0.1122351059925519,0.0,0.0,0.0,0.0,0.0,0.0,0.0,0.2358296326501805,0.0,0.0,0.0863265171945871,0.0,0.0,0.0,0.0,0.0,0.0,0.0,-0.4490063975013856,0.1635544651455752,0.0,0.096741554482703,0.0,0.0,-0.308249935111914,0.0,0.0,0.0
189,-0.934025167858894,-0.5125259209976104,-0.7973489883148704,0.0,0.0,0.0,0.1505592223816089,0.2337741362440618,0.1263101202558387,0.0,0.0,0.0,0.0844515135839231,0.0,0.0,0.1387660799774414,0.0,0.0,0.0,0.0739781222674625,0.42068579631806,0.0,0.0,0.0,0.0,-0.3744856380507329,0.0,0.0,0.0,0.0,0.0,-0.3645785535115273,0.1486822386675108,0.2626899780427439,0.0,0.0,0.0,-0.2351487890169212,0.0666731028818643,0.0,0.8754631768773852,0.0,0.0981374991021663,0.0,0.3128954575836481,0.3500534705405931,0.5302090141731068,0.5921620041623652,0.3176197645348343,0.0,0.0,0.0,0.0,0.0,-0.0584460108915833,0.0,0.0947400925945976,-0.0901348002316367,0.1626438662517955,0.0,-0.0901348002316367,0.0,0.0,0.0,0.0,0.0,0.0,0.0,0.2052467630039979,0.0,0.0,0.0838056371333229,0.0,0.0,0.0,0.0,0.0,0.0,0.0,-0.4247406934032474,0.1626711375098705,0.0,0.0958242386844213,0.0,0.0917766474386078,-0.337910382553099,0.0,0.0,0.0
190,-0.9316191162338447,-0.4976599522110684,-0.813365715334481,0.0,0.0,0.0,0.1695605005604527,0.2402803469760308,0.1379918833469765,0.0,0.0,0.0,0.0990945832746199,-0.0527548913607345,0.0,0.1330585118482263,0.0,0.0,0.0,0.0802856099577456,0.4338300682796616,0.0,0.0,0.0,0.0,-0.374135063662598,0.0,0.0,0.0,0.0,0.0,-0.3563684027508039,0.1701554236197684,0.2544737224434632,0.0,0.0,0.0,-0.2565386311467101,0.076728018715954,0.0,0.8316529322074387,0.0,0.0996654057356181,0.0,0.3501827512296745,0.3463122892273393,0.5114266802220316,0.6409608164971434,0.3726038209584315,0.0,0.0,0.0,0.0,0.0,-0.0645853978835512,0.0,0.1156827155099844,-0.071981063489193,0.1532493591834068,0.0,-0.071981063489193,0.0,0.0,0.0,0.0,0.0,0.0,0.0,0.1797400836655366,0.0,0.069252031896747,0.0842341094607499,0.0,0.0,0.0,0.0,0.0,0.0,0.0,-0.3943842502698154,0.1687872402669966,0.0,0.0996693374061507,0.0,0.1406331652321951,-0.3760313144027017,0.0,0.0,0.0
191,-0.9293660538443964,-0.4945783582653427,-0.8268857480631523,0.0,0.0,0.0,0.1789840062547695,0.2362502874578016,0.1538655633769571,0.0650449188008428,0.0,0.0,0.1064314011688273,-0.0686415928972461,0.0,0.1272285425804984,0.0,0.0,0.0,0.0734400438842305,0.4498510308709089,0.0,0.0,0.0,0.0,-0.3730370180503554,0.0,0.0,0.0,0.0,0.0,-0.3561279383648729,0.212981092881135,0.2423582259551712,0.0,0.0,0.0,-0.2839662636917803,0.0877188731236283,0.066655145136353,0.7986806698102743,0.0,0.098257209276799,0.0,0.450796524083404,0.3510516753634884,0.5048033271341161,0.6832506944810992,0.4429664157287112,0.0,0.0,0.0,0.0,0.0,-0.0582297461750559,-0.0643026773427855,0.1461077641791864,-0.0490885179608127,0.1550985475509448,0.0,-0.0490885179608127,0.0,0.0,0.0,0.0,0.0,0.0,0.0,0.1632073091723951,0.0,0.0642341051205645,0.083592951280796,0.0,0.0,0.0,0.0,0.0,0.0,0.0,-0.3622001159437037,0.1711716960825276,0.0,0.1041132198061204,0.0,0.2122131379452843,-0.3985946290102229,0.0,0.0,0.0
192,-0.927703563256391,-0.4892635007909306,-0.8432390953785047,0.0,0.0,0.0,0.177319981813723,0.1960812455947487,0.1536484209908873,0.0993776278378139,0.0,0.0,0.1092487515387924,-0.0930782947945741,0.0,0.1211288879075755,0.0,0.0,0.0,0.0644593501390092,0.4643236019542794,0.0,0.0,0.0,0.0,-0.376925808215787,0.0,0.0,0.0,0.0,0.0,-0.3610836108455345,0.2546016659868267,0.2369395943034501,0.0,0.0,0.0,-0.2960979320269475,0.0974829140695297,0.0719089676135216,0.7544400630381449,0.0,0.0851841728042237,0.0,0.5213986283178879,0.353736703352407,0.4927472386572815,0.7364251766745974,0.5146279022987696,0.0,0.0,0.0,0.0,0.0,-0.0494407948308594,-0.1009902397343939,0.1357750157329235,0.0,0.1623086637844988,0.0,0.0,0.0,0.0,0.0,0.0,0.0,0.0,0.0,0.1422977783554937,0.0,0.0,0.1083762456836723,0.0,0.0,0.0,0.0,0.0,0.0,0.0,-0.3332565365692247,0.1809694365288335,0.0,0.0961576118637395,0.0,0.2910286199584587,-0.4168717158561734,0.0,0.0,-0.0485924348134052
193,-0.9260528470494256,-0.4883311328111724,-0.8519069810229798,0.0,0.0,0.0,0.1468194060682897,0.1772515133863474,0.1475892516605312,0.1420313971870572,0.0,0.0,0.1105545680204092,-0.1303890508059844,0.0,0.1074608151537781,0.0,0.0,0.0,0.063238283928161,0.4794293264095068,0.0650730501636837,0.0,0.0,0.0,-0.3819798778432708,0.0,0.0,0.0,0.0,0.0,-0.371216088426772,0.2969066513838156,0.2226051780871721,0.0,0.0,0.0,-0.2982965950448748,0.1062804126412202,0.0770985838275145,0.7177224464492968,-0.044705217635762,0.0,0.0,0.5501537395166439,0.354958380978887,0.4958244454210777,0.7916197696306622,0.5912286975916152,0.0,0.0,0.0,0.0,0.0,0.0,-0.1411326168832968,0.1168859986158275,0.0,0.1684078287985422,0.0,0.0,0.0,0.0,0.0,0.0,0.0,0.0,0.0,0.1342528859265443,0.0,0.062853252322049,0.1328738567085606,0.0,0.0,0.0,0.0,0.0,0.0,0.0,-0.3064887690675704,0.2003742813320707,0.0,0.0977390305446905,0.0,0.3381399603729528,-0.4249924546055819,0.0,0.0,-0.1056963976231864
194,-0.9251847411407504,-0.490202096939528,-0.855134194853918,0.0,0.0,0.0,0.0964504361595556,0.162939258565789,0.1381327550851068,0.1419456865271542,0.0,0.0,0.1110642002639302,-0.1615044816191129,0.0,0.0956992152740442,0.0,0.0,0.0,0.0,0.5073302500835397,0.0799073635511868,0.0,0.0,0.0,-0.3879657073691945,0.0,0.0,0.0,0.0,0.0,-0.3784443853138748,0.3081781735482077,0.1975728121557714,0.0,0.0,0.0,-0.2869083159863114,0.110060349228021,0.0652910546936159,0.682687502036181,-0.0740963779065075,0.0,0.0,0.590122634238625,0.3695187823923984,0.5025657080249043,0.7965507111701726,0.6637515969262195,0.0,0.0,0.0,0.0,0.0,0.0,-0.1656643515209131,0.1012332611954168,0.0,0.1796688881362647,0.0,0.0,0.0,0.0,0.0,0.0,0.0,0.0,0.0,0.1227959236176729,0.0,0.0626593126208223,0.1582814728269133,0.0,0.0,0.0,0.0,0.0,0.0,0.0,-0.2842759255288402,0.2238112287309708,0.0,0.0960838757986868,0.0,0.3706098051068346,-0.4097164998436831,0.0,0.0,-0.1377984421320133
195,-0.9248079117864152,-0.4815982985821652,-0.8569677504101301,0.0,0.0,0.0,0.0,0.1410522717549789,0.124282075776801,0.1231849458025099,0.0,0.0,0.1107445378655292,-0.1907357296554283,0.0,0.0921681194756556,0.0,0.0,0.0,0.0,0.5604279701105029,0.0850755334748533,0.0,0.0,0.0,-0.3938023930922258,0.0,0.0,0.0,0.0,0.0,-0.3771784054689392,0.2961856288085048,0.1709497790038616,0.0,0.0,0.0,-0.2728750007636633,0.1117435323696515,0.0,0.6633035385257904,-0.1005735096233688,0.0,0.0,0.621470425599644,0.392419092125581,0.5161092118870843,0.77279128318349,0.7092485243042699,0.0,0.0,0.0,0.0,0.0,0.0,-0.1777732708401679,0.1094858516936191,0.0,0.1884001898238488,0.0,0.0,0.0,0.0,0.0,0.0,0.0,0.0,0.0,0.1051085048246581,0.0,0.0,0.182458683603967,0.0,0.0,0.0,0.0,0.0,0.0,0.0,-0.2782122869869338,0.2691615623809322,0.0,0.1038118799903028,0.0,0.3917185601325186,-0.3851274905306523,0.0,0.0,-0.161203664497921
196,-0.9246730704247016,-0.4829335012161842,-0.8567074212210177,0.0,0.0,0.0,0.0,0.1445132145160431,0.1079801152324087,0.101499604773737,0.0,0.0,0.1089210077552083,-0.1853308342195118,0.0,0.0866701969293097,0.0,0.0,0.0,0.0,0.5914855273033319,0.1027248995497452,0.0,0.0,0.063432586913797,-0.403516313248809,0.0,0.0,0.0,0.0,0.0,-0.3841386344384188,0.3198733970910404,0.1487301169046175,0.0,0.0,0.0,-0.253491578833624,0.1105941632501511,0.0,0.647732471637086,-0.1024091698602432,0.0,0.0,0.659163969018469,0.4232596490707124,0.5413156743412301,0.7653801633697458,0.7354226577081986,0.0,0.0,0.0,0.0,0.0,0.0,-0.1687548417604766,0.1107519303729533,0.0,0.1856513955447497,0.0,0.0,0.0,0.0,0.0,0.0,0.0,0.0,0.0,0.0929784603402357,0.0,0.0,0.2047128057118161,0.0,0.0,0.0,0.0,0.0,0.0,0.0,-0.2797730276983978,0.3202948882340026,0.0,0.1117659242748695,0.0,0.4045338747901246,-0.3536217524260744,0.0,0.0,-0.1690262825609144
197,-0.9241788666010896,-0.4864013628647141,-0.8560090157498781,0.0,0.0,0.0,0.0,0.1442720644443175,0.0908195719909774,0.0841131591671735,0.0,0.0,0.0962922032652944,-0.1702767670577421,0.0,0.0702007766020606,0.0,0.0,0.0,0.0,0.570088169459294,0.108441068857121,0.0,0.0,0.068601314355156,-0.4112853877274291,0.0,0.0,0.0,0.0,0.0,-0.3833801524090244,0.3306446887761632,0.1327584445396266,0.0,0.0,0.0,-0.2216134313938886,0.109189515377143,0.0,0.5789901234899215,-0.0870495433224003,-0.0669120696118751,0.0,0.6923848495653618,0.4435454555574794,0.5696662057884332,0.7581794679208496,0.7412607566234644,0.0,0.0,0.0,0.0,0.0,0.0678709222876603,-0.1440663732641212,0.1189696171767774,0.0,0.1536791557805366,0.0,0.0,0.0,0.0,0.0,0.0,0.0,0.0,0.0,0.082483830228356,0.0,0.0751452695915092,0.2215111200250064,0.0,0.0,0.0,0.0,0.0,0.0,0.0,-0.2989116524550966,0.3670699159742932,0.0,0.1218538024164739,0.0,0.3941745164148895,-0.3082508633049931,0.0,0.0,-0.1403057336512733
198,-0.9236120203655216,-0.4930058888195633,-0.8511575484681115,0.0,0.0,0.0,0.0,0.1476071420351681,0.0752928281926992,0.0715998991178819,0.0,0.0,0.0838689779185273,-0.1161960333670144,0.0,0.0709423029175642,0.0,0.0,0.0,0.0,0.5629970819903536,0.1073719411388412,0.0,0.0,0.0660126757155498,-0.4210457495835155,0.0,0.0,0.0,0.0,0.0,-0.3772944970511231,0.3382616683408643,0.1258371335694466,0.0,0.0,0.0,-0.1934952041353511,0.1044635251025106,0.0,0.5071814029346423,-0.0780178853106243,-0.1049900170788233,0.0,0.7338724880867238,0.4646448001154196,0.585919993060946,0.8110489353345302,0.7179927721857432,0.0,0.0,0.0,0.0,0.0,0.0767458258247587,-0.1124357801431971,0.1256250689824626,0.0,0.1244609856589068,0.0,0.0,0.0,0.0,0.0,0.0,0.0,0.0,0.0,0.0710606294684841,0.0,0.0889671047566827,0.2312795043390003,0.0,0.0,0.0,0.0,0.0,0.0,0.0,-0.3366177072036326,0.4061735644832643,0.0,0.1237931874653598,0.0,0.3594260034384798,-0.2318182112649515,0.0,0.0,-0.0993616034505451
199,-0.9229303233539644,-0.4895410511263889,-0.8432091687939122,0.0,0.0,0.0,0.0,0.1403063009717703,0.0,0.0780760161239879,0.0,0.0,0.07633973349453,-0.0501148420407302,0.0,0.0644249033551028,0.0,0.0,0.0,0.0,0.5903959574799074,0.1002631206797129,0.0,0.0,0.0638983864709402,-0.4284618437068112,0.0,0.0,0.0,0.0,0.0,-0.3846578130191885,0.3637780322982672,0.1171482451387664,0.0,0.0,0.0,-0.1599423648594768,0.0984664227874521,0.0,0.3961957409513829,-0.0474789696470729,-0.1415522805810437,0.0,0.7740951832111153,0.4836193658737873,0.594868506570624,0.9286527403300352,0.6817993636765366,0.0,0.0,0.0,0.0,0.0,0.0832645377357095,-0.0702053324884675,0.1246620221488309,0.0,0.0940817305179653,0.0,0.0,0.0,0.0,0.0,0.0,0.0,0.0,0.0,0.0,0.0,0.1013788203209178,0.2928958410082217,0.0,0.0,0.0,0.0,0.0,0.0,0.0,-0.3776428917916535,0.4358734561079876,0.0,0.1321597024424167,0.0,0.3041482918660812,-0.1457942845276023,0.0,0.0,-0.0453570207469243
200,-0.9220959828487194,-0.4902466219266613,-0.8330217297446879,0.0,0.0,0.0,0.0,0.1487157898992972,0.0,0.0885441827494842,0.0,0.0,0.0,0.0,0.0,0.0,0.0,0.0,0.0,0.0,0.6386804119200474,0.0938318510217172,0.0,0.0,0.0,-0.4318426479574939,0.0,0.0,0.0,0.0,0.0,-0.3724467212734765,0.2901714004902754,0.1072473097725024,0.0,0.0,0.0,-0.1246135867019464,0.0912399809831141,0.0,0.3677608254469213,0.0,-0.1725071916478748,0.0,0.8088290418642691,0.4946867423600906,0.5112930879675466,1.0217011935319589,0.6562467897127501,0.0,0.0,0.0,0.0,0.0,0.0845189736014073,0.0,0.0894640613591026,0.0,0.0773980059268226,0.0,0.0,0.0,0.0,0.0,0.0,0.0,0.0,0.0,0.0,0.0,0.1079323155281773,0.3695996585523313,0.0,0.0,0.0,0.0,0.0,0.0,0.0,-0.4259289461128416,0.4087907286813926,0.0,0.1541888981974125,0.0,0.2470886099942867,-0.0664149179880078,0.0,0.0,0.0
201,-0.921175292566672,-0.4933069794577823,-0.8219030481501102,0.0,0.0,0.0,0.0,0.1491564494058193,0.0,0.0963228139393156,0.0,0.0,0.0,0.0,0.0,0.0,0.0,0.0,0.0,0.0,0.6909098693593629,0.0913681801773199,0.0,0.0,0.0,-0.4270669767559786,0.0,0.0,0.0,0.0,0.0,-0.3620662930276574,0.2407892412513268,0.1068649689997306,0.0,0.0,0.0,-0.0822482525041286,0.0889540817095689,0.0,0.3545674706067881,0.0,-0.2002424806984337,0.0,0.8681447923501746,0.4882976183109337,0.4546831738274035,1.0969978820589044,0.6019974510236896,0.0,0.0,0.0,0.0,0.0,0.0803481940379058,0.0,0.0,0.0,0.0702880396880753,0.0,0.0,0.0,0.0,0.0,0.0,0.0,0.0,0.0,0.0,0.0,0.1089408048859849,0.4650267200280027,0.0,0.0,0.0,0.0,0.0,0.0,0.0,-0.472406899758115,0.3773631227540655,0.0,0.1837125538321546,0.0,0.1875468066839049,0.0,0.0,0.0,0.0
202,-0.9208011052565276,-0.4984538091164886,-0.8136917078758398,0.0,0.0,0.0,0.0,0.1496784497688708,0.0,0.0981884692307248,0.0,0.0,0.0,0.0,0.0,0.0,0.0,0.0,0.0,0.0,0.7011428746519142,0.0828061549051123,0.0,0.0,0.0699436698816235,-0.4216738397124378,0.0,0.0,0.0,0.0,0.0,-0.3620427837055633,0.1904321104651903,0.109559058059415,0.0,0.0,0.0,0.0,0.0922031483133393,0.0,0.342958241607795,0.0,-0.2066384580477834,0.0,0.9289828451381256,0.4743132773431268,0.4142339531784215,1.0649089723796434,0.5427326769236953,0.0,0.0,0.0,0.0,0.0,0.0734049556625382,0.0,0.0,0.0,0.0687879936807794,0.0,0.0,0.0,0.0,0.0,0.0,0.0,0.0,0.0,0.0,0.0,0.1039659923217932,0.4565765853168072,0.0,0.0,0.0,0.0,0.0,0.0,0.0,-0.5193294051760283,0.3458342797440091,0.0,0.2160519518941989,0.0,0.1330482404640005,0.0,0.0,0.0,0.0
203,-0.9197980482680914,-0.5029493218500247,-0.8088654046904238,0.0,0.0,0.0,0.0,0.1484725823255401,0.0,0.0936148047678839,0.0,0.0,0.0,0.0,0.0,0.0,0.0,0.0,0.0,0.0,0.5875737859827646,0.0806131753764145,0.0,0.0,0.0,-0.4124066979749948,0.0,0.0,0.0,0.0,0.0,-0.369833851247454,0.1646400876700759,0.1134554014462412,0.0,0.0,0.0,0.0,0.0952452524854743,0.0,0.3407744496182329,-0.0782866517574361,-0.2029260393855788,0.0,1.0169685677774805,0.4445605776014437,0.4014460283400763,1.0392624415695513,0.4690244551458933,0.0,0.0,0.0,0.0,0.0,0.063703697055256,0.0,0.0,0.0,-0.0476496336395156,0.0956193758174671,0.0,0.0,0.0,0.0,0.0,0.0,0.0,0.0,0.0,0.0,0.0963273690528755,0.3975175250779565,0.0,0.0,0.0,0.0,0.0,0.0,0.0,-0.5578766046942899,0.3756627263932067,0.0,0.2460434028951226,0.0,0.0873020099439865,0.0,0.0,0.0,0.0
204,-0.919694076396322,-0.4974811702478765,-0.8067163124789644,0.0,0.0,0.0,0.0,0.1444690173800145,0.0,0.0853051875190076,0.0,0.0,0.0,0.0,0.0,0.0,0.0,0.0,0.0,0.0,0.4693663974429069,0.0814397377500814,0.0,0.0,0.0,-0.3986924754936704,0.0,0.0,0.0,0.0,0.0,-0.3861211909427227,0.1485425953922547,0.113479017708717,0.0655090032088092,0.0,0.0,0.0,0.0991173024766518,0.0,0.3437247927916473,-0.1297026903092441,-0.1894609741039541,0.0,1.050527779715846,0.4064570165578478,0.4064627215311596,1.0151432547875698,0.4157228054889788,0.0,0.0,0.0,0.0,0.0,0.0,0.0,0.0,0.0,-0.0803302422545661,0.1030192924328373,0.0,0.0,0.0,0.0,0.0,0.0,0.0,0.0,0.0,0.0,0.0995802762604256,0.3358681346602399,-0.0669326935882349,0.0,0.0,0.0,0.0,0.0,0.0,-0.5888538225788016,0.4439879236514706,0.0,0.2655345601098125,0.0,0.0,0.0,0.0,0.0,0.0
205,-0.9201447107076808,-0.4911021861149416,-0.8116584434821099,0.0,0.0,0.0,0.0,0.1411269726895057,0.0,0.0676415711486307,0.0,0.0,0.0,0.0,0.0,0.0,0.0,0.0,-0.0969976790371233,0.0,0.3704157254074668,0.0791836841502026,0.0,0.0,0.0,-0.380799594878364,0.0,0.0,0.0,0.0,0.0,-0.4179806362104301,0.1357111104827779,0.106587350204236,0.0811511335218216,0.0,0.0,0.0,0.1057273321944495,0.0,0.3487075599791484,-0.177487711735492,-0.1584061017109585,0.0,1.050794875912303,0.3639293620541207,0.4059275329342531,0.9663410148608458,0.3704355634786287,0.0,0.0,0.0,0.0,0.0,0.0,0.0,0.0,0.0,-0.1019509612289622,0.0965119829790381,0.0,0.0,0.0,0.0,0.0,0.0,0.0,0.0,0.0,0.0,0.1338685513605756,0.271923849359588,-0.0811960762926735,0.0,0.0,0.0,0.0,0.0,0.0,-0.606897965022655,0.5034428926716615,0.0,0.2504838270176671,0.0,0.0,0.0,0.0,0.0,0.0
206,-0.9198974140004584,-0.4777695526689005,-0.818585717486555,0.0,0.0,0.0,0.0,0.135273654335608,0.0,0.0,0.0,0.0,0.0,0.0,0.0,0.0,0.0,0.0,-0.1461747988655299,0.0,0.3057873625397967,0.0863067277307583,0.0,0.0793333399547278,0.0,-0.3570202765991791,0.0,0.0,0.0,0.0,0.0,-0.45755272478188,0.1201190402082053,0.0968846385045085,0.1030564825234582,-0.0574093698838789,0.0,0.0,0.1112660386449871,0.0,0.342301998371522,-0.2091033624487367,-0.1292078123825484,0.0,1.04764709468619,0.3275399880968313,0.3758162726611066,0.8358754808611163,0.3287783706852481,0.0,0.0,0.0,0.0,0.0,0.0,0.0,0.0,0.0,-0.1126529164739091,0.0890257028248664,0.0,0.0,0.0,0.0,0.0,0.0,0.0,0.0,0.0,0.0,0.1253527248538045,0.2108318450365574,-0.0961941960465811,0.0,0.0872489786810474,0.0,0.0,0.0,0.0,-0.6162319627670154,0.5349938869811792,0.0,0.2256769203050896,0.0,0.0,0.0,0.0,0.0,0.0
207,-0.9183748482661608,-0.4644216644736262,-0.8258812825398985,0.0,0.0,0.0,0.0,0.1309098071221286,0.0,0.0,0.0,0.0,0.0,0.0,0.0,0.0,0.0,0.0,-0.1949652068681646,0.0,0.2669568909787234,0.0898165163115933,0.0,0.0962916520277778,0.0,-0.3356841045030126,0.0,0.0,0.0,0.0,0.0,-0.5056039770294082,0.1204375892632837,0.0853210768384436,0.1256685306520818,-0.1082511558534905,0.0,0.0,0.1169108482229948,0.0,0.3361957548567533,-0.2435379332845024,-0.0896034431289287,0.0,1.0225438447655535,0.307383546263946,0.3720728579557205,0.7753805644820293,0.2881434179329074,0.0,0.0,0.0,0.0,0.0,0.0,0.0,0.0,0.0,-0.118003878473444,0.0876615853415375,0.0,0.0,0.0,0.0,0.0,0.0,0.0,0.0,0.0,0.0,0.1170493189444268,0.1363556692333998,-0.0851769155980122,0.0,0.0953283396620375,0.0,0.0,0.0,0.0,-0.6155561275760487,0.5495168238996521,0.0,0.1997307000104917,0.0,0.0,0.0,0.0,0.0,0.0
208,-0.916293519944428,-0.4518985732153577,-0.8338991336627578,0.0,0.0,0.0,-0.0729887441640274,0.1235577074633438,0.0,0.0,0.0,0.0,0.0,0.0,0.0,0.0,0.0,0.0,-0.2461544836877505,0.0,0.2742193766484856,0.0942641271001592,0.0,0.1097231746944954,0.0,-0.3193715647431925,0.0,0.0,0.0,0.0,0.0,-0.5639081387713628,0.1444773165401595,0.0717931996340216,0.1417779367768006,-0.1471024441456772,0.0,0.0,0.1217984008160671,0.0,0.3213807309016875,-0.2641447197693036,-0.0532091975098874,0.0,0.988241891984312,0.2981803308740708,0.4056714802643867,0.8081273427291631,0.2546780283647727,0.0,0.0,0.0,0.0,0.0,0.0,0.0,0.0,0.0,-0.1039747478238247,0.0857044477408036,0.0,0.0,0.0,0.0,0.0,0.0,0.0,0.0,0.0626650161712659,0.0,0.1064813375614711,0.0986397466006808,-0.0501565853148489,0.0,0.0914376450806912,0.0,0.0,0.0,0.0,-0.611949694726683,0.5302597593167507,0.0,0.1718607679062023,0.0,0.0,0.0,0.0,0.0,0.0
209,-0.910282505318548,-0.4430488808664696,-0.8385152549925813,0.0,0.0,0.0,-0.1162784643361493,0.1169902376134921,0.0,0.0,0.0,0.0,0.0,0.0,0.0,0.0,0.0,0.0,-0.2608023776878009,0.0,0.293016942905957,0.0926195851306846,0.0,0.1167909526598004,0.0,-0.3045516594501911,0.0,0.0,0.0,0.0,0.0,-0.6267286877276242,0.1647643151969032,0.0,0.1559071183471995,-0.1626100020672815,0.0,0.0,0.1229110849609569,0.0,0.3156257168691127,-0.2487054209685318,0.0,0.0,0.9534861173506832,0.3044159604644565,0.450866748063934,0.8601062614995169,0.2284689946403905,0.0,0.0,0.0,0.0,0.0,0.0,0.0,0.0,0.0,-0.0761460395193705,0.0848470940619485,0.0,0.0,0.0,0.0,0.0,0.0,0.0,0.0,0.0764578494112089,0.0,0.1068850936766551,0.0973369753592766,0.0,0.0,0.0849563781783736,0.0,0.0,0.0,0.0,-0.6030236115855354,0.4804149600522063,0.0,0.1563146422826729,0.0,0.0,0.0,0.0,0.0,0.0
210,-0.9009257790864766,-0.4451907079121561,-0.8405780378142299,0.0,0.0,0.0,-0.1593125396215061,0.1151802904923296,0.0,0.0,0.0,0.0,0.0,0.0,0.0,0.0,0.0,0.0,-0.2877156186257,0.0,0.3289443019369189,0.0972290402928058,0.0,0.1162249434979585,0.0,-0.2936426287253854,0.0,0.0,0.0,0.0,0.0,-0.695048218726915,0.1815213359542365,0.0,0.1670607673458468,-0.1693296103102622,0.0,0.0,0.1214733465451028,0.0,0.3033167824754056,-0.2083164708568888,0.0,0.0,0.9169882475516083,0.3064616843966299,0.4896403463102226,0.8992763484159058,0.2060133628244927,0.0,0.0,0.0,0.0,0.0,0.0,0.0,0.0,0.0,0.0,0.087628012262233,0.0,0.0,0.0,0.0,0.0,0.0,0.0,0.0,0.0714020734694598,0.0,0.1091657860962978,0.126781886049451,0.0,0.0,0.0739671125074727,0.0,0.0,0.0,0.0,-0.591166173872539,0.414488418476284,0.0,0.1365236137753822,0.0,0.0,0.0,0.0,0.0,0.0
211,-0.8908475836793244,-0.4413801122770232,-0.8410081786958176,0.0,0.0,0.0,-0.1882040030330198,0.1127442583207277,0.0,0.0,0.0,0.0,0.0,0.0,0.0,0.0,0.0,0.0,-0.2889465560945554,0.0,0.4092311496850937,0.1175817014817139,0.0,0.1086243319263479,0.0,-0.2871894598659111,0.0,0.0,0.0,0.0,0.0,-0.7548906849596525,0.1878136267122431,0.0648424879130781,0.1738580688222016,-0.1470479650738861,0.0,0.0,0.1164064034358887,-0.0479063826368212,0.2779780845294812,-0.1594595110644989,0.0,0.0,0.8996852907712833,0.328977961749448,0.530461258055742,0.9466711986377736,0.1788979665690449,0.0,0.0,0.0,0.0,0.0,0.0,0.0,0.0,-0.0563994060882917,0.0,0.0959519782831552,-0.0563994060882917,0.0,0.0,0.0,0.0,0.0,0.0,0.0,0.072400051189447,0.0,0.1106975935145197,0.1636797577146022,0.0,0.0,0.0685107472606634,0.0,0.0,0.0,0.0,-0.5797371996817551,0.3434491036778124,0.0,0.1298354584808007,0.0,0.0,0.0,0.0,0.0,0.0
212,-0.8768461070770566,-0.4515212610642071,-0.8318376387631266,0.0,0.0,0.0,-0.2225932873444229,0.1126926887671463,0.0,0.0,0.0,0.0,0.0,0.0,0.0,0.0,0.0,0.0,-0.2946737179389443,0.0,0.4885583190036806,0.133474304442489,0.0,0.0924201134275082,0.0,-0.2869388840599951,0.0,0.0,0.0,0.0,0.0,-0.8095108790248097,0.1872386252174201,0.0907724035353937,0.1747691649381829,-0.1144759617539244,0.0,0.0,0.1086131903863297,-0.0441204207462912,0.2524028065758021,-0.1107849163930285,0.0,0.0,0.8780017860787507,0.364576047966671,0.5716747290065293,1.0295923141759704,0.1562147557742842,0.0,0.0,0.0,0.0,0.0,0.0,0.0,0.0,-0.1116333049021362,0.0,0.112126366898083,-0.1116333049021362,0.0,0.0,0.0,0.0,0.0,0.0,0.0,0.0775190582756736,0.0,0.1134642700060518,0.156056695905508,0.0,0.0,0.0677670528057632,0.0,0.0,0.0,0.0,-0.5676994234805122,0.2723825252511001,0.0,0.1175506654451596,0.0,0.0,-0.0669361092159032,0.0,0.0,0.0
213,-0.8605813548869636,-0.4679364577412258,-0.8219063453351592,0.0,0.0,0.0,-0.2330197905649058,0.1114817878495642,0.0,0.0,0.0,0.0,0.0,0.0,0.0,0.0,0.0,0.0,-0.2839941316900197,0.0,0.5743274704060676,0.1360074979108495,0.0,0.0734569664220053,0.0,-0.2878507566750404,0.0,0.0,0.0,0.0,0.0,-0.8515648891062502,0.1771878230287263,0.121115692606818,0.1686305222790975,-0.0626766404818517,0.0,0.0,0.1023807381125809,0.0,0.2340128562561344,-0.0739202185612577,0.0,0.0,0.8877745569026236,0.3961376904914433,0.5953068894516591,1.0513528248464068,0.132913423425422,0.0,0.0,0.0,0.0,0.0,0.0,0.0,0.0,-0.1427244180571838,0.0,0.1229001503546769,-0.1427244180571838,0.0,0.0,0.0,0.0,0.0,0.0,0.0,0.0805746166596545,0.0,0.1212304534791285,0.1092098012626429,0.0,0.0,0.0656684120718145,0.0,0.0,0.0,0.0,-0.5588582016253506,0.2140171763694967,0.0,0.1193277302099827,0.0,0.0,-0.0987171351456126,0.0,0.0,0.0
214,-0.8356236222264083,-0.4975875866744393,-0.8092119193277778,0.0,0.0,0.0,-0.2366527047936366,0.1070328303601441,0.0,0.0,0.0,0.0,0.0,0.0,0.0,0.0,0.0,0.0,-0.2716724543789935,0.0,0.5309523779917549,0.112730884874999,0.0,0.0,0.0,-0.2950012493334888,0.0,0.0,0.0,0.0,0.0,-0.8657033987720899,0.160495218348143,0.1578126652009158,0.1233572384499503,0.0,0.0,0.0,0.0966410432852571,0.0656843406514624,0.2425795036434059,-0.0518509359473356,0.0,0.0,0.9115593850075978,0.4175442153005363,0.6191227449115654,0.9572670675076322,0.1160568966180134,0.0,0.0,0.0,0.0,0.0,0.0,0.0,0.0,-0.1576281929302126,0.0,0.1392515251158368,-0.1576281929302126,0.0,0.0,0.0,0.0,0.0,0.0,0.0,0.0783961484461371,0.0,0.1227203140080189,0.0852639050113987,0.0,0.0,0.0675684711997859,0.0,0.0,0.0,0.0,-0.5485148805935116,0.2138603319069943,0.0,0.1174308099115183,0.0,0.0,-0.1062438622329525,0.0,0.0,0.0
215,-0.804314598738052,-0.5244219230986406,-0.7913767640630233,0.0,0.0,0.0,-0.2394772402686638,0.0960340028143959,0.0,0.0,0.0,0.0,0.0,0.0,0.0,0.0,0.0,0.0,-0.2414596114065978,0.0,0.4784785287296711,0.1058288265182165,0.0,0.0,0.0,-0.3062583265664851,0.0,0.0,0.0,0.0,0.0,-0.8809535800089279,0.1564235773031372,0.2063155432880548,0.0732021604955458,0.0,0.0,0.0,0.0882710869392098,0.0747710101517779,0.2416857206740945,0.0,0.0,0.0,0.9718120321669677,0.4254630120197871,0.6314567097886455,0.9145752120864816,0.1131660762092258,0.0,0.0,0.0,0.0,0.0,0.0,0.0,0.0,-0.1533512298782084,0.0,0.1587109733200207,-0.1533512298782084,0.0,0.0,0.0,0.0,0.0,0.0,0.0,0.0734414700844317,0.0,0.1298875592968345,0.063955954761619,0.0,0.0,0.070747899696605,0.0,0.0,0.0,0.0,-0.53610678907651,0.2177862591955719,0.0,0.1180806932033132,0.0,0.0,-0.0973588112957917,0.0,0.0,0.0
216,-0.7773640326954706,-0.5535487098767303,-0.7778602437129871,0.0,0.0,0.0,-0.2379710538423288,0.0899944498337273,0.0,0.0,0.0,0.0,0.0,0.0,0.0,0.0,0.0,0.0,-0.2066048475857178,0.0,0.4281340696161699,0.0936227383720927,0.0,0.0,0.0,-0.3199259525306233,0.0,0.0,0.0,0.0,0.0,-0.8849773535280048,0.1484714298096399,0.2477534007497688,0.0,0.0,0.0,0.0,0.0834909922666118,0.0809738966110494,0.2575327269999865,0.0,0.0,0.0,1.033934403864285,0.4287834884083134,0.6270818565482374,0.8605078503670657,0.1215544613234503,0.0,0.0,0.0,0.0,0.0,0.0,0.0,0.0,-0.1281825669547211,0.0,0.1778405576926039,-0.1281825669547211,0.0,0.0,0.0,0.0,0.0,0.0,0.0,0.0668541638374531,0.0,0.1099962325146426,0.0,0.0,0.0,0.076400071898203,0.0,0.0,0.0,0.0,-0.5288170189044885,0.2299948392915412,0.0,0.1239660348028893,0.0,0.0,-0.0893512529489693,0.0,0.0,0.0
217,-0.7572708823409414,-0.5701924185363216,-0.7601836860294573,0.0,0.0,0.0,-0.232794561837366,0.0824505273415434,0.0,0.0,0.0,0.0,0.0,0.0,0.0,0.0,0.0,0.0,-0.1716029493753458,0.0,0.4064864117908804,0.076291805118362,0.0,0.0,0.0,-0.3267685341699707,0.0,0.0,0.0,0.0,0.0,-0.8866945732734761,0.1336992268277037,0.2482981162429929,0.0,0.0,0.0,0.0,0.0800853207864763,0.0827840308504145,0.2827833920049138,0.0,0.0,0.0,1.0538190821896485,0.4384519918941912,0.6052364954792143,0.8109133813603736,0.133951768104011,0.0,0.0,0.0,0.0,0.0,0.0,0.0,0.0,-0.081910838655368,0.0,0.1922548471968788,-0.081910838655368,0.0,0.0,0.0,0.0,0.0,0.0,0.0,0.0,0.0,0.0658837877503548,0.0,0.0,0.0,0.0820990855686388,0.0,0.0,0.0,0.0,-0.5073693170548498,0.255323319218904,0.0,0.1281061271811787,0.0,0.0,-0.0893809223742906,0.0,0.0,0.0
218,-0.7412132141914375,-0.5787757813144405,-0.7472778595921556,0.0,0.0,0.0,-0.2284010667603705,0.07107950911856,0.0672683177963004,0.0,0.0,0.0,0.0,0.0,0.0,0.0,0.0,0.0686961677732668,-0.1351738746218271,0.0,0.3791839911302129,0.0,0.0,0.0,0.0,-0.3300043788308177,0.0,0.0,0.0,0.0,0.0,-0.8842634087902259,0.1126441127279458,0.2189064533919691,0.0,0.0,0.0,0.0,-0.0897389821434722,0.0752494246648064,0.3127549191324343,0.0,0.0,0.0,0.9061013289095528,0.4261782967919319,0.5699463884168802,0.7522019165912271,0.1420261797165199,0.0,0.0,0.0,0.0,0.0,0.0,0.0,0.0,0.0,0.0,0.2016033344270388,0.0,0.0,0.0621446394257675,0.0,0.0,0.0,0.0,0.0,0.0,0.0,0.0,0.0,0.0,0.0,0.0910068508313537,0.0,0.0,0.0,0.0,-0.4798006371003072,0.2730489035087152,0.0,0.1286605829458678,0.0,0.0,-0.0937740502701517,0.0,0.0,0.0
219,-0.7331795707594353,-0.5886121722599477,-0.7352928272059364,0.0,0.0,0.0,-0.2194366989851681,0.0680533253130556,0.0813357899640212,0.0,0.0,0.0,0.0,0.0,0.0,0.0703881221195328,0.0,0.0687150577095149,-0.0876992783125047,0.0,0.3696816795851105,0.0,0.0,0.0,0.0,-0.3306413016672007,0.0,0.0,0.0,0.0,0.0,-0.8829886303656984,0.0919222742541732,0.2024948717280062,0.0,0.0,0.0,0.0,-0.1268747320097964,0.067415440976491,0.2917978439680861,0.0,0.0,0.0,0.7993282158990065,0.4132862102801689,0.5326434967501121,0.7105215411770308,0.1571022940352566,0.0,0.0,0.0,0.0,0.0,0.0,0.0,0.0,0.0,0.0,0.204780279755655,0.0,0.0,0.0652316629403449,0.0,0.0,0.0,0.0,0.0,0.0,0.0,0.0,0.0,0.0,0.0,0.0966415908120709,0.0,0.0,0.0,0.0,-0.436752853217091,0.2963663239992868,0.0,0.1327285216936094,0.0,0.0,-0.1008900577094829,0.0,0.0,0.0
220,-0.7280104318085717,-0.5786960318441371,-0.7217450716147451,0.0,0.0,0.0,-0.219268957598534,0.0,0.1037226909276842,0.0,0.0,0.0,0.0,0.0,0.0,0.077989214294766,0.0,0.0653993449787121,-0.0567282239333516,0.0,0.3780933443360096,0.0,0.0,0.0,0.0,-0.3267604403903489,0.0,0.0,0.0,0.0,0.0,-0.8775386458051084,0.0839255041927867,0.1835722215682992,0.0,0.0,0.0,0.0,-0.1560903618956618,0.0639348745942321,0.2809951513685574,0.0,0.0,0.0,0.7068794234153107,0.3985925255726775,0.5379542492712583,0.796033995829683,0.1672597143896858,0.0,0.0,0.0,0.0,0.0,0.0,0.0,0.0,0.0,0.0,0.2017274207850496,0.0,0.0,0.0659315730554988,0.0,0.0,0.0,0.0,0.0,0.0,0.0,0.0,0.0,0.0,0.0,0.1060953107247418,0.0,0.0,0.0,0.0,-0.4006701703432281,0.3193110724889161,0.0,0.1490866879547905,0.0,0.0,-0.113224607749953,0.0,0.0,0.0
221,-0.7306924352889361,-0.5657013449448921,-0.711515566421456,0.0,0.0,0.0,-0.2163586896441258,0.0,0.1287520666424543,0.0,0.0,0.0,0.0,0.0,0.0,0.0931024889670433,0.0,0.0,0.0,0.0,0.3993805109255635,0.0691918562689635,0.0,0.0,0.0,-0.3246837281239725,0.0,0.0,0.0,0.0,0.0,-0.8711427127317619,0.0942720136168001,0.1735852458336233,0.0,0.0,0.0,0.0,-0.1782606711084165,0.0,0.2705786327026955,0.0,0.0,0.0,0.651626908583191,0.3915329307047882,0.5874488470564294,0.7998240848680251,0.1711208834609721,0.0,0.0,0.0,0.0,0.0,0.0,0.0,0.0,0.0,0.0,0.1469281667591354,0.0,0.0,0.0624965709747181,0.0,0.0,0.0,0.0,0.0,0.0,0.0,0.0,0.0,0.0,0.0,0.1110018739454922,0.0,0.0,0.0,0.0,-0.3559940708224727,0.2919929985886482,-0.0680219455988148,0.145322533463952,0.0,0.0,-0.1149882611902553,0.0,0.0,0.0
222,-0.7290966503098526,-0.5467212576661986,-0.6800115409376866,0.0,0.0,0.0,-0.2177230898841573,0.0,0.1596693392886522,0.0,0.0,0.0,0.0627285479625982,0.0,0.0,0.1007533221686309,0.0,0.0,0.0,0.0,0.4270597474049593,0.0780677553012147,0.0,0.0,0.0,-0.3094195984811448,0.0,0.0,0.0,0.0,0.0,-0.8664408997972517,0.106397600031199,0.1668583845642352,0.0,0.0,0.0,0.0,-0.2004335470105863,0.0698923574212522,0.2664877263257672,0.0,-0.0468943317445666,0.0,0.6417198136384465,0.394499748143591,0.6513820750146468,0.7794915301471093,0.16843901259221,0.0,0.0,0.0,0.0,0.0,0.0,0.0,0.0,0.0,0.0,0.0905167194665751,0.0,0.0,0.0,0.0,0.0,0.0,0.0,0.0,0.0,0.0,0.0715014567038722,0.0,0.0,0.0,0.1190365306759494,0.0,0.0,0.0,0.0,-0.3078055324468076,0.2482399978518062,-0.1254641620278275,0.1115592947465312,0.0,0.0,-0.0965941401258261,0.0,0.0,0.0
223,-0.7282503655375246,-0.5175198047048707,-0.6453523500329973,0.0,0.0,0.0,-0.2176102977753929,0.0627874213440264,0.1889347643011443,0.0,0.0,0.0,0.0,0.0,0.0,0.1044960867920966,0.0,0.0,0.0,0.0,0.4875001033761181,0.0865023268548797,0.0,0.0,0.0,-0.2958605175237275,0.0,0.0,0.0,0.0,0.0,-0.8606733218595881,0.1172880696864999,0.154117037229366,0.0,0.0,0.0,0.0,-0.2117194018926515,0.0684705268355123,0.268822127662946,0.0,-0.0902827246598468,0.0,0.6558091429340674,0.3956994448925086,0.6515394101573498,0.7596321008440451,0.1578830537071545,0.0,0.0,0.0,0.0,0.0,0.0,0.0,0.0,0.0,0.0,0.0,0.0,0.0,0.0,0.0,0.0,0.0,0.0,0.0,0.0,0.0,0.0855487548359921,0.0,0.0,0.0,0.1245428313502326,0.0,0.0,0.0,0.0,-0.2714373203477062,0.2054092249174063,-0.1779986145938485,0.0764225620375701,0.0,0.0,-0.0740563805367424,0.0,0.0,0.0
224,-0.7264742830284061,-0.4825090499949199,-0.6102104554040325,0.0,0.0,0.0,-0.2196486208357072,0.0636698916009951,0.1833530919087398,0.0,0.0,0.0,0.0,0.0,0.0,0.1069243075697897,0.0,0.0,0.0,0.0,0.5080654457082466,0.1000616889497888,0.0,0.0,0.0,-0.2840472950194326,0.0,0.0,0.0,0.0,0.0,-0.8542408651121742,0.1237143053584566,0.1521610430125455,0.0,0.0,0.0,0.0,-0.2197907045832396,0.0692280247389726,0.2709304778488144,0.0,-0.1335271802598285,0.0,0.6894757746831394,0.4002343488793325,0.6058237651135511,0.7632398451245891,0.1415299055231489,0.0,0.0,0.0,0.0,0.0,0.0,0.0,0.0,0.0,0.0,0.0,0.0,0.0,0.0,0.0,0.0,0.0,0.0,0.0,0.0,0.0,0.0952693000703471,0.0,0.0,0.0,0.1342446356624107,0.0,0.0,0.0,0.0,-0.2432150862032544,0.1763930237444689,-0.2127387388313721,0.0,0.0,0.0,0.0,0.0,0.0,0.0
225,-0.7241296114170959,-0.4503362174648398,-0.5717822833491896,0.0,0.0,0.0,-0.2218467226784241,0.0694717829465286,0.1686850147210722,0.0,0.0,0.0,0.0,0.0,0.0,0.1085584787803043,0.0,0.0,0.0,0.0,0.430770657712883,0.1109931145601442,0.0,0.0,0.0,-0.2752774094744445,0.0,0.0,0.0,0.0,0.0,-0.8443513765528112,0.1231297389537811,0.1487847443325672,0.0663471655218859,0.0,0.0,0.0,-0.2079278298780009,0.0661877339848367,0.2734017778106397,0.0,-0.1673883497938515,0.0,0.7289731138474136,0.4104416470561626,0.5693034765694215,0.7733998528563715,0.1262907005851828,0.0,-0.0697933964643426,0.0,0.0,0.0,-0.0466354650365503,0.0,0.0,0.0,0.0,0.0,0.0,0.0,0.0,0.0,0.0,0.0,0.0,0.0,0.0,0.0,0.098749006540506,0.0,0.0,0.0,0.1408678847271561,0.0,0.0,0.0,0.0,-0.227814513674794,0.1664525228596728,-0.2294771129402602,0.0,0.0,0.0,0.0,0.0,0.0,0.0
226,-0.7151729000830397,-0.4316212697572227,-0.5301377268663703,0.0,0.0,0.0,-0.2269712098918709,0.0731500167453585,0.1735964970927981,0.0,0.0,0.0,0.0,0.0,0.0,0.1092076269060589,0.0,0.0,0.0,0.0,0.3692547618875305,0.1005187045142217,0.0,0.0,0.0,-0.2706816751345788,0.0,0.0,0.0,0.0,0.0,-0.8345856258915703,0.1352264958206911,0.1378666986639452,0.1099784120287964,0.0,0.0,0.0,-0.1952667724665706,0.0719463077438035,0.2740659298827035,0.0,-0.1928088328197499,0.0,0.7667324615117052,0.4140803923894972,0.5290336859429613,0.7348343489748268,0.1132491997303862,0.0,-0.1636053677584559,0.0,0.0,0.0,-0.0570591765123698,0.0,0.0,0.0,0.0,0.0,0.0,0.0,0.0,0.0,0.0,0.0,0.0,0.0,0.0,0.0,0.0952693000703471,0.0,0.0,0.0,0.1513956825204858,0.0,0.0,0.0,0.0,-0.2312911972995326,0.1620096302567112,-0.2350909298295039,0.0,0.0,0.0,0.0,0.0,0.0,0.0
227,-0.7097430906891262,-0.4218424947312083,-0.4921882332442199,0.0,0.0,0.0,-0.2288896673733652,0.0710536262831311,0.1951540361673875,0.0,0.0,0.0,0.0682497055274893,0.0,0.0,0.1074419831665718,0.0,0.0,0.0,0.0,0.316419888426142,0.0965830162797411,0.0,0.0,0.0,-0.2681631755050446,0.0,0.0,0.0,0.0,0.0,-0.8247078672836765,0.1599150670054754,0.127501016193224,0.1508134122383916,0.0,0.0,0.0,-0.1717972647948501,0.067936569575954,0.2886204240626437,0.0,-0.2147961347874256,0.0,0.8154245280247597,0.4006048444350094,0.4821702401765701,0.7458136794605936,0.1025659687888154,0.0,-0.2491938278579118,0.0,0.0,0.0,-0.0689488343390652,0.0,0.0,0.0,0.0,0.0,0.0,0.0,0.0,0.0,0.0,0.0,0.0,0.0,0.0,0.0,0.0855487548359921,0.0,0.0,0.0,0.1564619140436844,0.0,0.0,0.0,0.0,-0.2539377637253908,0.1778582484785487,-0.2265828232793508,0.0,0.0,0.0,0.0,0.0,0.075294691139261,0.0
228,-0.7021022327105617,-0.4164820382825361,-0.457982717340774,0.0,0.0,0.0,-0.2320538817842149,0.0658006989634943,0.2144253945785053,0.0,0.0,0.0,0.0691227671049762,0.0,0.0,0.0833422360688242,0.0,0.0653108101321639,0.0,0.0,0.2611888523687534,0.0923185003724295,0.0,0.0,0.0,-0.2720928622283157,0.0,0.0,0.0,0.0,0.0,-0.8154047796022638,0.1749328286280276,0.1231661160705438,0.1602445473240965,0.0,0.0,0.0,-0.1336867795823904,0.0,0.2958993252842652,0.0,-0.2246220312000284,0.0,0.8572393960319812,0.3770586841021827,0.4778295116386311,0.8106212749175108,0.1042465870132545,0.0,-0.3082916693490763,0.0,0.0,0.0,-0.0795907941072611,0.0,0.0,0.0,0.0,0.0,0.0,0.0,0.0,0.0,0.0,0.0,0.0,0.0,0.0,0.0,0.0715014567038722,0.0,0.0,0.0,0.1598880961349541,0.0,0.0,0.0,0.0,-0.2827536282902109,0.1920766274154264,-0.1947136736922426,0.0,0.0,0.0,0.0,0.0,0.0925768029564627,0.0
229,-0.6968066084360871,-0.4270577555937119,-0.4307115946220772,0.0,0.0,0.0,-0.2259285363354227,0.0,0.2109334926099933,0.0,0.0,0.0,0.0,0.0,0.0,0.0687554250546442,0.0,0.0674168462102384,0.0,0.0,0.231102747915042,0.0900844677187761,0.0,0.0,0.0,-0.2803049808188388,0.0,0.0,0.0,0.0,0.0,-0.8074437376718182,0.1822127189066915,0.1143989164111616,0.1425830726246975,0.0,0.0,0.0,0.1198421097184811,0.0,0.284245791345907,0.0,-0.2193823547051295,0.0,0.8759734430220457,0.3518773269747546,0.4627222648436184,0.839843860355429,0.1153157735640314,0.0,-0.3027545366626956,0.0,0.0,0.0,-0.0888616505010506,-0.0584676850458217,0.0,0.0,0.0,0.0,0.0,0.0,0.0783170066007665,0.0,0.0,0.0,0.0,0.0,0.0,0.0,0.0,0.0,0.0,0.0,0.1529295993299757,0.0,0.0,0.0,0.0,-0.3264937841979219,0.2115998425911565,-0.1403170393209267,0.0,0.0,0.0651938518387312,0.0,0.0,0.0987542584024776,0.0
230,-0.6906156488355938,-0.4429664863789357,-0.4255104369225002,0.0,0.0,0.0,-0.220193442949994,0.0,0.1751166854831403,0.0,0.0,0.0,0.0,0.0,0.0,0.0,0.0,0.0,0.0,-0.045998047634175,0.2053615990286126,0.0924944344394255,0.0,0.0,0.0,-0.2941981256524797,0.0,0.0,0.0,0.0,0.0,-0.8048656231746278,0.1788858083150984,0.1087413098143557,0.118485206845295,0.0,0.0,0.0,0.1314938531368147,0.0,0.2962766420082726,0.0,-0.2035574788140289,0.0,0.883152868119137,0.3477052782369936,0.4457608292493708,0.8560820043299779,0.1365888296897483,0.0,-0.2957392097717543,0.0,0.0,0.0,-0.0971127787772617,-0.0629408124771832,0.0,0.0,0.0,0.0,0.0,0.0,0.1001768451614926,0.0,0.0,0.0,0.0,0.0,0.0,0.0,0.0,0.0,0.0,0.0,0.1448265054142744,0.0,0.0,0.0,0.0,-0.3723729491863246,0.2224458727090279,-0.0787760727605017,0.0,0.0,0.0643580431230374,0.0,0.0,0.0982401641415122,-0.1145593886639911
231,-0.6858540509999345,-0.4660902010276785,-0.4331403735764834,0.0,0.0,0.0,-0.2105594784410241,0.0,0.1355586552338746,0.0,0.0,0.0,0.0,0.0,0.0,0.0,0.0,0.0619414611382328,0.0,-0.0776183215774281,0.1861819839104238,0.0949628043737416,0.0,0.0,0.0,-0.304020630728792,0.0,0.0,0.0,0.0,0.0,-0.8008535759395471,0.1678183654870638,0.1028303255339137,0.0939978191153349,0.0,0.0,0.0,0.1410858235610359,0.0,0.2896663538777743,0.0,-0.1656068120285178,0.0,0.8689178170732366,0.3519816819299047,0.4229395389180884,0.8836918558476625,0.1586907437467621,0.0,-0.2657690858582359,0.0,0.0,0.0,-0.1077068785533504,-0.0501854191919028,0.0,0.0,0.0,0.0,0.0,0.0,0.1244991388118374,0.0,0.0,0.0,0.0,0.0,0.0,0.0,0.0,0.0,0.0,0.0,0.1412489817923226,0.0,0.0,0.0,0.0,-0.4143937000757117,0.1760049419836815,0.0,0.0,0.0,0.062351753893959,0.0,0.0,0.0931587959588572,-0.1566500319734338
232,-0.6808977449957329,-0.5012969648127209,-0.4553977391953793,0.0,0.0,0.0,-0.2057901954174917,0.0,0.1181963916598547,0.0,0.0,0.0,0.0,0.0,0.0,0.0,0.0,0.0660210811981756,0.0,-0.0887191331450228,0.1849145233462142,0.099223022989882,0.0,0.0,0.0,-0.3134352333976033,0.0,0.0,0.0,0.0,0.0,-0.8022019727019177,0.1499637272918294,0.1119533519604714,0.07089246234943,0.0,0.0,0.0,0.1476120299126999,0.0,0.281345941251956,0.0,-0.1124648112640032,0.0,0.8193415370294944,0.3751110093997309,0.397724946129306,0.9060992608242068,0.217023202394833,0.0,-0.2305766568625485,0.0,0.0,0.0,-0.1211587019232655,0.0,0.0,0.0,0.0,0.0,0.0,0.0,0.1591492905392551,0.0,0.0,0.0,0.0,0.0,0.0,0.0,0.0,0.0,0.0,0.0,0.134021360393311,0.0,0.0,0.0,0.0,-0.4580589096933921,0.1279230318764887,0.0,0.0,0.0,0.0,0.0,0.0,0.0828124117423887,-0.1592899088857249
233,-0.6766339850012971,-0.5345271341990773,-0.4863343513006826,0.0,0.0,0.0,-0.2003510025564992,0.0,0.0997533158486383,0.0,0.0,0.0,0.0,0.0,0.0,0.0,0.0,0.0678476852549096,0.0,-0.096407937823412,0.1922043498120322,0.1105596693563623,0.0,0.0,0.0,-0.3281336020975942,0.0,0.0,0.0,0.0,0.0,-0.8121161179048161,0.1282643233466668,0.1144654557128099,0.0,0.0,0.0,0.0,0.1611076507913194,0.0,0.2643184083216586,0.0,-0.0509054015513907,0.0,0.7661001244824726,0.4170945825367484,0.378396049006192,0.935456383422297,0.2773304698032524,0.0,-0.1842831784063012,0.0,0.0,0.0,-0.128815380945859,0.0,0.0,0.0,0.0,0.0,0.0,0.0,0.1899760332073374,0.0,0.0,0.0,0.0,0.0,0.0,0.0,0.0,0.0,0.0,0.0,0.1316242374511602,0.0,0.0,0.0,0.0,-0.4899442909957144,0.104761467677147,0.0,0.0,0.0,0.0,0.0,0.0,0.0691408256118194,-0.1288185501397125
234,-0.6685979698136472,-0.5663448707170091,-0.5181694336307692,0.0,0.0,0.0,-0.2058507325219399,0.0,0.0824138369810684,0.0,0.0,0.0,0.0,0.0,0.0,0.0,0.0,0.0747946860181195,0.0,-0.0850591403801199,0.2030576881959652,0.1156099486998399,0.0,0.0,-0.0668400453081235,-0.3018598044572889,0.0,0.0,0.0,0.0,0.0,-0.8194355001013628,0.1061768131623837,0.1241955924933582,0.0,0.0,0.0,0.0,0.1685736347487685,0.0,0.2519251445337614,-0.0631855246053145,0.0,0.0,0.6825130781431064,0.4249514075634952,0.3602012213924716,0.9484086715625016,0.3377744881143393,0.0,-0.1361299774476721,0.0,0.0,0.0,-0.128996088528557,0.0,0.0,0.0,0.0,0.0,0.0,0.0,0.1899973027702883,0.0,0.0,0.0,0.0,0.0,0.0,0.0,0.0,0.0,0.0,0.0,0.1334689606153406,0.0,0.0,0.0,0.0,-0.5157987139525386,0.1060267140550594,0.0,0.0,0.0,0.0,0.0,0.0,0.0,-0.0598086495999798
235,-0.6535362444587098,-0.6006717431817429,-0.5541037999135967,0.0,0.0,0.0,-0.2027181592057694,0.0,0.0739006695550824,0.0,0.0,0.0,0.0,0.0,0.0,0.0,0.0,0.0761509431240371,0.0,-0.0459729779079044,0.2299523756614444,0.1254974185357249,0.0,0.0,-0.1058632704624885,-0.2790173296036574,0.0,0.0,0.0,0.0,0.0,-0.8397844318259564,0.0874622942899829,0.1274509969545549,0.0,0.0,0.0,0.0,0.1768025798159338,0.0,0.2378351321040387,-0.1019280983628175,0.0,0.0,0.6141152012928434,0.4081530361395136,0.383765567503574,0.9443408064564774,0.3992982861178353,0.0,-0.0824335974460216,0.0,0.0,0.0,-0.1394165855424214,0.0,0.0,0.0,0.0,0.0702875257366267,0.0,0.0,0.1881560145751702,0.0,0.0,0.0,0.0,0.0,0.0,0.0,0.0,0.0,0.0,0.0,0.1521222253294022,0.0,0.0,0.0,0.0,-0.5246625218600975,0.1133981227891053,0.0,0.0,0.0,0.0,0.0,0.0,0.0,0.0
236,-0.6265089330168788,-0.6298866569411714,-0.5848568544396816,0.0,0.0,0.0,-0.2065729336402157,0.0,0.0647225274774129,0.0,0.0,0.0,0.0,0.0,0.0,0.0,0.0,0.0833286497032378,0.0,0.0,0.2614848714094841,0.1318846737454845,0.0,0.0,-0.1483065723296682,-0.2475388917210704,0.0,0.0,0.0,0.0,0.0,-0.8551252432032204,0.0631958444306987,0.1222449992218672,0.0,0.0,0.0,0.0,0.178980071661878,0.0,0.2225466520364314,-0.1413087864074681,0.0,0.0,0.5447717554380723,0.3824478018028114,0.4386918784196175,0.9221032925060452,0.4324526845304747,0.0,0.0,0.0,0.0,0.0,-0.1421711488423787,0.0,0.0,0.0,0.0,0.1013433803705229,0.0,0.0,0.1866756915849631,0.0,0.0,0.0,0.0,0.0,0.0,0.0,0.0,0.0,0.0,0.0,0.200975125586218,0.0,0.0,0.0,0.0,-0.5292474495831324,0.121955016407779,0.0,0.0,0.0,0.0,0.0,0.0,0.0,0.0
237,-0.5960163907586395,-0.6547207336040243,-0.6292034549994349,0.0,0.0,0.0,-0.2078315361639671,0.0,0.0,0.0,0.0,0.0,0.0,0.0,0.0,0.0,0.0,0.090009230751827,0.0,0.0,0.3024205114603557,0.1386189645111099,0.0,0.0,-0.166566060916377,-0.2035679167732336,0.0,0.0,0.0,0.0,0.0,-0.8657417232195654,0.0,0.114662894167194,0.0,0.0,0.0,0.0,0.1817921658774983,0.0,0.2139385874665121,-0.1692836524088034,0.0,0.0,0.4783339730839164,0.3498361308686064,0.5223981611480757,0.8948465977352259,0.4600793664363328,0.0,0.0,0.0,0.0,0.0,-0.137565091495687,0.0,0.0,0.0,0.0,0.1380619797195713,0.0,0.0,0.1835117929210546,0.0,0.0,0.0,0.0,0.0,0.0,0.0,0.0,0.0,0.0,0.0,0.2108861628613814,0.0,0.0,0.0,0.0,-0.5233366143622701,0.1238837222071253,0.0629872986180328,0.0,0.0,0.0,0.0,0.0,0.0,0.0
238,-0.5472008527210421,-0.6785987366685434,-0.6576271392606302,0.0,0.0,0.0,-0.2093381355428443,0.0,0.0,0.0,0.0,0.0,0.0,0.0,0.0,0.0,0.0,0.0913008260236372,0.0,0.0,0.3509847346684349,0.1503826994783531,0.0,0.0,-0.1668239382242411,-0.1022145848225608,0.0,0.0,0.0,0.0,0.0,-0.878012246322351,0.0,0.1029398474942502,0.0,0.0,0.0,0.0,0.1838889680815823,0.0,0.2126623115092907,-0.204598728541321,0.0,0.0,0.4414849425354498,0.3258158590584548,0.6145942707294515,0.8795174554825206,0.5114330443796663,0.0,0.0,0.0,0.0,0.0,-0.1151933865522036,0.0,0.0,0.0,0.0,0.1821786284311475,0.0,0.0,0.1841856916983974,0.0,0.0,0.0,0.0,0.0,0.0,0.0,0.0,0.0,0.0,0.0,0.1667448799172874,0.0,0.0,0.0,0.0,-0.5022501272914044,0.1072449895697711,0.0628132722224319,0.0,0.0,0.0,0.0,0.0,0.0,0.0
239,-0.4989373521669438,-0.7062950629851501,-0.6772459077255973,0.0,-0.0500894214474559,-0.0500894214474559,-0.2089990633075263,0.0,0.0,0.0,0.0,0.0,0.0,0.0,0.0,0.0,0.0,0.0907006177372307,0.0,0.0,0.4103568705363574,0.1550296823121382,0.0,0.0,-0.148842720914742,0.0,0.0,0.0,0.0,0.0,0.0,-0.8888726753716849,0.0,0.0931419473157976,0.0,0.0,0.0,0.0,0.1857951381926312,0.0,0.2345253966381177,-0.2550434424801858,0.0,0.0,0.4148531697096042,0.2890265505525546,0.6369178533609554,0.8723350869613057,0.5569225793256135,0.0,0.0,0.0,0.0,0.0,-0.091932590624472,0.0,0.0,-0.0781275739498359,0.0,0.2151729264516379,-0.0781275739498359,0.0,0.1910799553194693,0.0,0.0,0.0,0.0,0.0,0.0,0.0,0.0,0.0,0.0,0.0,0.1326182157041909,0.0,0.0,0.0,0.0,-0.4723384561473169,0.0801162739965798,0.0622206161192491,0.0,0.0,0.0,0.0,0.0,0.0,0.0
240,-0.4412248670948949,-0.7239858570544696,-0.6934398868912647,0.0,-0.0630759298795992,-0.0630759298795992,-0.201176101290411,0.0,0.0,0.0,0.0,0.0,0.0,0.0,0.0,0.0,0.0,0.0845911895547743,0.0,0.0,0.4776793298645801,0.1573935352215945,0.0,0.0,-0.1156566322773465,0.0,0.0,0.0,0.0,0.0,0.0,-0.8963911843057528,0.0,0.0943049792765069,0.0,0.0,0.0,0.0,0.1844167135096816,0.0,0.2591605769072637,-0.2930622068970351,0.0,0.0,0.3985786583187163,0.2542930550431277,0.6527464348385091,0.8553556246115118,0.6061639828430143,0.0,0.0,0.0,0.0,0.0,-0.0763216894492689,-0.0575490076841984,0.0,-0.1183002091991336,0.0,0.2509896689485736,-0.1183002091991336,0.0,0.1991952498489252,0.0,0.0,0.0,0.0,0.0,0.0,0.0,0.0,0.0,0.0,0.0,0.1021834951738107,0.0,0.0,0.0,0.0,-0.4341882882726395,0.0,0.0,0.0834784291213271,0.0,0.0,0.0,0.0,0.0,0.0
241,-0.388497752495772,-0.734858595631034,-0.7106511991843901,0.0,-0.0689552466948044,-0.0689552466948044,-0.1908929003753148,0.0,0.0,0.0,0.0,0.0,0.0,0.0,0.0,0.0,0.0,0.0752400389437012,0.0,0.0,0.5402777610500178,0.1565309844192977,0.0,0.0,-0.0821873934469491,0.0,0.0,0.0,0.0708375176831328,0.0,0.0,-0.8991867911362101,0.0,0.0969334128561347,0.0,0.0,0.0,0.0,0.177349523292575,0.0,0.2834038827624666,-0.3067633350668499,0.0,0.0,0.4075789525654987,0.2152008647295452,0.6785323420345015,0.8543770998202658,0.6597416044203792,0.0,0.0,0.0,0.0,0.0,-0.0552841897794528,-0.0772231758342989,0.0,-0.1418833305552326,-0.0745958647471016,0.2796778728367287,-0.1418833305552326,0.0,0.2078688845955021,0.0,0.0,0.0,0.0,0.0,0.0,0.0,0.0,0.0,0.0,0.0,0.0765464838422636,0.0,0.0,0.0,0.0,-0.38978351603481,0.0,0.0,0.0,0.0,0.0,0.0,0.0,0.0,0.0
242,-0.3372000828887758,-0.7438467029808853,-0.7229885580691217,0.0,-0.0698379660815034,-0.0698379660815034,-0.169277231349622,0.0,0.0,0.0,0.0,0.0,0.0,0.0,0.0,0.0,0.0,0.0639113565243699,0.0,0.0,0.6141303310290083,0.1492792089997859,0.0,0.0,0.0,0.0,0.0,0.0,0.0783339222860355,0.0,0.0,-0.8990508641228483,0.0,0.0930001152099858,0.0,0.0,0.0,0.0,0.1664473131193221,0.0,0.2923012916773493,-0.3155246264113835,0.0,0.0,0.435384295175217,0.1781168590368124,0.7650211628253405,0.8777407591453692,0.7460785179097504,0.0,0.0,0.0,0.0,0.0,0.0,-0.0965066901895578,0.0,-0.1518541848105536,-0.1315127598671113,0.2407042779366686,-0.1518541848105536,0.0,0.2053276448907479,0.0,0.0,0.0,0.0,0.0,0.0,0.0,0.0,0.0,0.0,0.0,0.0,0.0,0.0,0.0,0.0,-0.3414950675468222,0.0,0.0,0.0,0.0,0.0,0.0,0.0,0.0678408953769177,0.0
243,-0.3015942445781825,-0.7531369659669488,-0.7371523470892635,0.0,-0.0515206642078351,-0.0515206642078351,-0.1443507704706229,0.0,0.06322711055939,0.0,0.0,0.0,0.0,0.0,0.0,0.0,0.0,0.0,0.0,0.0,0.5994254580255929,0.1402469478523007,0.0,0.0,0.0,0.0,0.0,0.0,0.0654473576321166,0.0,0.0,-0.8954703927572614,0.0,0.0833195576133617,0.0,0.0,0.0,0.0,0.1604735964244943,0.0,0.2804918910100074,-0.3267036400462329,0.0,0.0,0.4501743120912608,0.1502790997679228,0.7986408032500691,0.9109380873154836,0.7288246922717732,0.0,0.0,0.0,0.0,0.0,0.0,-0.1166136908481957,0.0,-0.1562408363275233,-0.1793461091031805,0.2144228202137225,-0.1562408363275233,0.0,0.2006315703256943,0.0,0.0,0.0,0.0,0.0,0.0,0.0,0.0,0.0,0.0,0.0,0.0,0.0,0.0,0.0,0.0,-0.2956799676974094,0.0,0.0,0.0,0.0,0.0,0.0,0.0,0.0683881229225143,0.0
244,-0.2775328848383953,-0.7523192674644706,-0.7485618689027931,0.0,0.0,0.0,-0.1173345986567357,0.0,0.0785144485900555,0.0,0.0,0.0,0.0,0.0,0.0,0.0,0.0,0.0,0.0,0.0,0.6059172517712649,0.1299815806228003,0.0,0.0,0.0,0.0,0.0,0.0,0.0,0.0,0.0,-0.8900834068017738,0.0,0.0703516002105704,0.0,0.0,0.0,0.0,0.1620667948468571,0.0,0.2678929844872553,-0.3001032595429568,0.0,0.0,0.466700422037286,0.1264442719728513,0.7539519970158267,0.9432938867388946,0.7046075990306624,0.0,0.0,0.0,0.0,0.0,0.0,-0.1452090138060514,0.0,-0.1523070571197953,-0.219135482840368,0.2034657037182977,-0.1523070571197953,0.0,0.2161111139343677,0.0,0.0,0.0,0.0,0.0,0.0805239307885484,0.0,0.0,0.0,0.0,0.0,0.0,0.0,0.0,0.0,0.0,-0.25514941500313,0.0,0.0,0.0,0.0,0.0,0.0,0.0,0.0894718959678289,0.0
245,-0.2696287788451401,-0.7458956281069601,-0.7461738983474955,0.0,0.0,0.0,-0.0923124531712034,0.0,0.0944031348400906,0.0,0.0,0.0,0.0,-0.0479736868752828,0.0,0.0,0.0,0.0,0.0,0.0,0.6421423406253977,0.1211047330367659,0.0,0.0,0.0,0.0,0.0,0.0,0.0,0.0,0.0,-0.8823920362501312,0.0,0.0,0.0,0.0,0.0,0.0,0.1597785273610322,0.0,0.2583471753712122,-0.2400583162684848,0.0,0.0,0.4785033456020946,0.1007188660194957,0.7429663291269432,0.964464336727262,0.6804500690200734,0.0,0.0,0.0,0.0,0.0,0.0,-0.1597917124441638,0.0,-0.1460518496977824,-0.2593213585071946,0.2109903005344973,-0.1460518496977824,0.0,0.2291436697979695,0.0,0.0,0.0,0.0,0.0,0.0890611143019926,0.0,0.0,0.0,0.0,0.0,0.0,0.0,0.0,0.0,0.0,-0.2187210613642346,0.0,0.0,0.0,0.0,0.0,0.0,0.0,0.1076314632344392,0.0
246,-0.2747706186067257,-0.7375022056265015,-0.7292821411235894,0.0,0.0,0.0,-0.0731521830639748,0.0,0.1070835849427119,0.0,0.0,0.0,0.0,0.0,0.0,0.0,0.0,0.0,0.0,0.0,0.715974535191832,0.1086141293200403,0.0,0.0,0.0,0.0,0.0,0.0,0.0,0.0,0.0,-0.8775875042948313,0.0,0.0,0.0,0.0,0.0,0.0,0.154158423586516,0.0,0.2519863143354615,-0.1719320274456604,0.0,0.0,0.4834448412658405,0.0836814625668817,0.6546696910278749,0.9764840109420294,0.6749882734828608,0.0,0.0,0.0,0.0,0.0,0.0,-0.2016223516968753,0.0,-0.1415913131309254,-0.2832814787361309,0.2409848311050647,-0.1415913131309254,0.0,0.2485818587318839,0.0,0.0,0.0,0.0,0.0,0.0679304133200656,0.0,0.0,0.0,0.0,0.0,0.0,0.0,-0.0512798799829759,0.0,0.0,-0.1951850840570616,0.0,0.0,0.0772719003453356,0.0,0.0,0.0,0.0,0.125916072497709,0.0
247,-0.2989672622971251,-0.7222004789273746,-0.7123937856427737,0.0,0.0,0.0,-0.0567059654495182,0.0,0.1159067207134699,0.0,0.0,0.0,0.0,0.0,0.0,0.0,0.0,0.0,0.0,0.0,0.7567877899255963,0.095160398971458,0.0,0.0,0.0,0.0,0.0,0.0,0.0,0.0,0.0,-0.8700343363254945,0.0,0.0,0.0,0.0,0.0,0.0,0.1521842554951146,0.0,0.2510441132362588,-0.1141269457475743,0.0,0.0,0.4989034352770025,0.0671937827175094,0.5984540189537155,0.998353966416261,0.70788329563148,0.0,0.0,0.0,0.0,0.0,0.0,-0.2457052563331039,0.0,-0.1299270364652278,-0.3023509144052862,0.274269112475713,-0.1299270364652278,0.0,0.2825592226155432,0.0,0.0,0.0,0.0,0.0,0.0,0.0,0.0,0.0,0.0,0.0,0.0,0.0,0.0,0.0,0.0,-0.1806380530067117,0.0,0.0,0.1095260697728823,0.0,0.0,0.0,0.0,0.1273366680326825,0.0
248,-0.3259420388963205,-0.7128948664697113,-0.6833708827000223,0.0,0.0,0.0,0.0,0.0,0.121778821810625,0.0,0.0,0.0,0.0,0.0,0.0,0.0,0.0,0.0,0.0,0.0,0.6656730411682594,0.101055007654163,0.0,0.0,0.0,0.0,0.0,0.0,0.0,0.0,0.0,-0.8654109931512757,0.0,0.0,0.0,0.0,0.0,0.0,0.1509860524727443,0.0,0.2664856202809051,-0.0586073060989933,0.0,0.0,0.5151047930930782,0.0,0.5946171111436244,1.0281347726319623,0.7558837279694118,0.0,0.0,0.0,0.0,0.0,0.0,-0.2746011514093515,0.0,-0.1192355408638067,-0.305844426079763,0.3127237555578366,-0.1192355408638067,0.0,0.300098718528735,0.0,0.0,0.0,0.0,0.0,0.0633820111955432,0.0,0.0,0.0,0.0,0.0,0.0,0.0,0.0,0.0,0.0,-0.174667992602701,0.0,0.0,0.1534167838625391,0.0,0.0,0.0,0.0,0.1040771854493608,0.0
249,-0.3514070345213587,-0.6973346083898395,-0.6535183517558256,0.0,0.0,0.0,0.0,0.0,0.1268271994936246,0.0,0.0,0.0,0.0,0.0,0.0,0.0,0.0,0.0,0.0,0.0,0.5885042523785367,0.0834190032463236,0.0,0.0,0.0,0.0,0.0,0.0,0.0,0.0,0.0,-0.8637903887588223,0.0,0.0650641612822685,0.0924994654115234,0.0,0.0,0.0,0.1490492738443647,0.0,0.2969222677622719,0.0,0.0,0.0,0.5423534198184322,0.0,0.6212785691286435,1.0520642186363134,0.824397828598282,0.0625103007053983,0.0,0.0,0.0,0.0,0.0,-0.3029064183154577,0.0,-0.1059380036511219,-0.3094776561651711,0.3251898302599151,-0.1059380036511219,0.0,0.2954442673819711,0.0,0.0,0.0,0.0,0.0,0.0,0.0,0.0,0.0,0.0,0.0,0.0,0.0,0.0,0.0,0.0,-0.1802604252851926,0.0,0.0,0.1554818340995392,0.0,0.0,0.0,0.0,0.0871608592553643,0.0
250,-0.3797731067772837,-0.6826243913851677,-0.6187385264715194,0.0,0.0,0.0,0.0,0.0,0.1264907265375132,0.0,0.0,0.0,0.0,0.0,0.0,0.0,0.0,0.0,0.0,0.0,0.5371375331872986,0.0671801589485137,0.0,0.0,0.0,0.0,0.0,0.0,0.0,0.0,0.0,-0.8621640317500803,0.0,0.0893298449674094,0.2049183501536925,0.0,0.0,0.0,0.1429678559844303,0.0,0.3305525506790543,0.0,0.0,0.0,0.5564865296317488,0.0,0.6846724639435686,1.0813100286689403,0.8810590501577281,0.06492918124111,0.0,0.0,0.0,0.0,0.0,-0.3124133507882858,0.0,-0.0901370735915884,-0.3101014752103486,0.3122404143447081,-0.0901370735915884,0.0,0.2756174234700102,0.0,0.0,0.0,0.0,0.0,0.0,0.0,0.0,0.0717475667264972,0.0,0.0,0.0,0.0,0.0,0.0,0.0,-0.190648476990972,0.0,0.0,0.1425854580423222,0.0,0.0,0.0,0.0,0.0723946699601567,0.0
251,-0.4058857133480327,-0.6736053014943295,-0.5817358652934581,0.0,0.0,0.0,-0.0522762815662329,0.0,0.12556802476987,0.0,0.0,0.0,0.0,0.0,0.0,0.0,0.0,0.0,0.0,0.0,0.5031596050929767,0.0,0.0,0.0,0.0,0.0,0.0,0.0,0.0,0.0,0.0,-0.8634042982094727,0.0,0.1188251335252017,0.2108094985716795,0.0,0.0713354990739598,0.0,0.1386438900269083,0.0,0.3368856543118609,0.0,0.0,0.0,0.5729442482977618,0.0,0.7290204880404569,1.1013657141438056,0.8484053188539977,0.0663550373684289,0.0,0.0,0.0,0.0,-0.0567330561093855,-0.2928104853887626,0.0,-0.0704044706953804,-0.2999393139657391,0.2850525614840425,-0.0704044706953804,0.0,0.2501162313808986,0.0,0.0,0.0,0.0,0.0,0.0,0.0,0.0,0.0860089245676378,0.0,0.0,0.0,0.0,0.0,0.0,0.0,-0.2055051096360418,0.0,0.0,0.1920749705091488,0.0,0.0,0.0,0.0,0.0,0.0
252,-0.4244445683362458,-0.6751249782458076,-0.541327541129549,0.0,0.0,0.0,-0.0703522170297758,0.0,0.1211651472813938,0.0,0.0,0.0,0.0,0.0,0.0,0.0,0.0,0.0,0.0,0.0,0.5011729859200245,0.0,0.0,0.0,0.0,0.0,0.0,0.0,0.0,0.0,0.0,-0.8634762403006655,0.0642630322820913,0.1452985863630272,0.2187197667422944,0.0,0.0810367540435743,0.0,0.132228704649792,0.0,0.3423578657546887,0.0,0.0,0.0,0.609528161250417,0.0,0.6902211938714506,1.1311847642734911,0.7915922100318519,0.0663150723078347,0.0,0.0,0.0,0.0,-0.0815964871958452,-0.2475380048082405,0.0,-0.053874569594384,-0.2947748179604808,0.2685184013809639,-0.053874569594384,0.0,0.2284649215724832,0.0,0.0,0.0,0.0,0.0,0.0,0.0,0.0,0.0995596239377633,0.0,0.0,0.0,0.0,0.0,0.0,0.0,-0.2231901051703988,0.0,0.0,0.2564045248340275,0.0,0.0,0.0,0.0,0.0,0.0
253,-0.4341282579149368,-0.6828546312048147,-0.5099718495072039,0.0,0.0,0.0,-0.0920929607015318,0.0,0.1129432385600671,0.0,0.0,0.0,0.0,0.0,0.0,0.0,0.0,0.0,0.0,0.0,0.4596610815926674,0.0,0.0,0.0,0.0,0.0,0.0,0.0,0.0,0.0,0.0,-0.8623671825604942,0.0621406896010618,0.1679176600053164,0.2241546420065813,0.0,0.0871830384384661,0.0,0.1267644359038389,0.0,0.3633856062646742,0.0,0.0,0.0,0.6456834572511082,0.0,0.6494505141043598,1.1688776109642485,0.6931410225232985,0.0642645184489191,0.0,0.0,0.0,0.0,-0.1131972076680255,-0.1859117441272448,0.0,0.0,-0.2849415844452771,0.2406386793091077,0.0,0.0,0.2312412471365344,0.0,0.0,0.0,0.0,0.0,0.0,0.0,0.0,0.1101492137891909,0.0,0.0,0.0,0.0,0.0,0.0,0.0,-0.2416111431429727,0.0,0.0,0.2610359992388323,0.0,0.0,0.0,0.0,0.0,0.0
254,-0.4299957649385917,-0.6886561882352596,-0.4899309732065862,0.0,0.0,0.0,-0.114738671891336,0.0,0.1102079247728411,0.0,0.0,0.0,0.0,0.0,0.0,0.0,0.0,0.0,0.0,0.0,0.4041599576981297,0.0,0.0,0.0,0.0,0.0,0.0,0.0,0.0,0.0,0.0,-0.8626022810642859,0.0,0.1779772700843831,0.2114136002213478,0.0,0.0907051571653077,0.0,0.1177213004233532,0.0,0.3979788050590725,0.0,0.0,0.0,0.6741425107624415,0.0,0.6032122902939987,1.1843918607059742,0.6155212958644237,0.0,0.0,0.0,0.0,0.0,-0.1266400086069356,-0.1010735983965949,0.0,0.0,-0.2727826778551883,0.203226941143553,0.0,0.0,0.228933832317523,0.0,0.0,0.0,0.0,0.0,0.0,0.0,0.0,0.1164339406400209,0.0,0.0,0.0,0.0,0.0,0.0,0.0,-0.262852329826115,0.0,0.0,0.2354139796969717,0.0,0.0,0.0,0.0,0.0,0.0
255,-0.4223936356903433,-0.7036772721999253,-0.4736589401599365,0.0,0.0,0.0,-0.1336045912915228,0.0,0.1289438308482428,0.0,0.0,0.0,0.0,0.0,0.0,0.0,0.0,0.0,0.0,0.0,0.359741342098454,0.0,0.0,0.0,0.0,0.0,0.0,0.0,0.0,0.0,0.0,-0.8616463946769528,0.0,0.1323509817605817,0.1730364822473068,0.0,0.0892252753799724,0.0,0.1112026394736226,0.0,0.3864831793416677,0.0,0.0,0.0,0.6550832621359751,0.0,0.5627430091086673,1.1536835487272663,0.5482192304936719,0.0,0.0,0.0,0.0,0.0,-0.1283191399364303,0.0,0.0,0.0,-0.2550421468608189,0.1606657867461391,0.0,0.0,0.2081327709245449,0.0,0.0,0.0,0.0,0.0,0.0,0.0,0.0,0.1172040490438514,0.0,0.0,0.0,0.0,0.0,0.0,0.0,-0.2887859899591053,0.0,0.0,0.1979707239935109,0.0,0.0,0.0,0.0,0.0,0.0
256,-0.4083212076903795,-0.7125983276131055,-0.4632978936962736,0.0,0.0,0.0,-0.150465168164581,0.0,0.1316104591160229,0.0,0.0,0.0,0.0,0.0,0.0,0.0,0.0,0.0,0.0,0.0,0.3392934844251235,0.0,0.0,0.0,0.0,0.0,0.0,0.0,0.0,0.0,0.0,-0.8627789438558318,0.0,0.0899040385530557,0.1385237083989993,0.0,0.0843595738456571,0.0,-0.0770561424389118,0.0,0.3667263569740686,-0.0791936620843307,0.0,0.0,0.6890710938394287,0.0,0.5452294770472285,1.048177197281141,0.4968142246368744,0.0,0.0,0.0,0.0,0.0,-0.1235588467868306,0.0,0.0,0.0,-0.2308578065159584,0.1221999515912811,0.0,0.0,0.1895695574069676,0.0,0.0,0.0,0.0,0.0,0.0,0.0,0.0,0.1069828101227919,0.0,0.0,0.0,0.0,0.0,0.0,0.0,-0.3129653048042614,0.0,0.0,0.1581162066039988,0.0,0.0,0.0,0.0,0.0,0.0
257,-0.3910128446360379,-0.719919154368146,-0.4647648021728074,0.0,0.0,0.0,-0.1698381655902971,0.0657952561271769,0.127329675171923,0.0,0.0,0.0,0.0,0.0,0.0,0.0,0.0,0.0,0.0,0.0,0.3181503308616116,0.0,0.0,0.0,0.0,0.0,0.0,0.0,0.0,0.0,0.0,-0.8652944365409572,0.0,0.0657202121402633,0.104657699967349,0.0,0.0767683290498928,0.0,-0.1159138252968915,0.0,0.3484692845698195,-0.1212713743284771,-0.0501994921684206,0.0,0.7133445975467971,0.0,0.5362674265566723,1.035736194319466,0.4622390771367972,0.0,0.0,0.0,0.0,0.0,-0.1162551192737632,0.0,0.0,0.0,-0.1951171771885489,0.0864111349942985,0.0,0.0,0.1705389718756906,0.0,0.0,0.0,0.0,0.0,0.0,0.0,0.0,0.0762941463114652,0.0,0.0,0.0,0.0,0.0,0.0,0.0,-0.3450033887810838,0.0,0.0,0.1197556532660314,0.0,0.0,0.0,0.0,0.0,0.0
258,-0.3696591141378268,-0.7268347987042441,-0.4661994319069656,0.0,0.0,0.0,-0.1834828773154001,0.0865736410902541,0.1316540196577029,0.0,0.0,0.0,0.0,0.0,0.0,0.0,0.0,0.0,0.0,0.0,0.3301264578082392,0.0,0.0,0.0,0.0,0.0,0.0,0.0,0.0,0.0,0.0,-0.8665824474879265,0.0,0.0793918653911999,0.0788713245703394,0.0,0.0,0.0,-0.1467758042466814,0.0,0.3402293454593229,-0.1607676588522677,-0.0614428822905976,0.0,0.7506476641790175,0.0,0.5390243213150935,1.0685539115661096,0.4439306639485714,0.0,0.0,0.0,0.0,0.0,-0.1061927872904711,0.0,0.0,0.0,-0.1523136135011254,0.0,0.0,0.0,0.1574267635090969,0.0,0.0,0.0,0.0,0.0,0.0,0.0,0.0,0.0,0.0,0.0,0.0,0.0728431865219803,0.0,0.0,0.0707281861229979,-0.3761574937989742,0.0,0.0,0.0858909235647732,0.0,0.0,0.0,0.0,0.0,0.0
259,-0.3471347493945656,-0.7217217884534779,-0.4728175435874289,0.0,0.0,0.0,-0.1933897578440139,0.1096778018937331,0.1411860304978063,0.0,0.0,0.0,0.0,0.0,0.0,0.0,0.0,0.0,0.0,0.0,0.3469749382240895,0.0,0.0,0.0,0.0,0.0,0.0,0.0,0.0,0.0,0.0,-0.8693702053081251,0.0,0.0912128224683062,0.067124998504847,0.0,0.0,0.0,-0.16138398584069,0.0,0.3352380725287365,-0.2050634682419807,-0.0629375993587979,0.0,0.789768290160338,0.077412797825727,0.5426302355519959,1.1118843577763855,0.4428307954922772,0.0,0.0,0.0,0.0,0.0,-0.0932084179852822,0.0,0.0,0.0,-0.1003242005265708,0.0,0.0,0.0,0.1456868150112849,0.0,0.0,0.0,0.0,0.0,0.0,0.0,0.0,0.0,0.0,0.0,0.0,0.0826309773057182,0.0,0.0,0.0782874918649664,-0.4047052436947744,0.0,0.0,0.0709131233889089,0.0,0.0,0.0,0.0,0.0,0.0
260,-0.3193092654023887,-0.7121524711635399,-0.4848243809486384,0.0,0.0,0.0,-0.1977519992435725,0.1291859114744295,0.1468420673409901,0.0,0.0,0.0,0.0,0.0,0.0,0.0,0.0,0.0,0.0,0.0,0.3682676129078415,0.0,0.0,0.0,0.0,0.0,0.0,0.0,0.0,0.0,0.0,-0.8724024478394945,0.0,0.0833512892763706,0.0,0.0,0.0,0.0,-0.1714351345879479,0.0,0.3284473568233638,-0.2533735565630845,0.0,0.0,0.8210785994713125,0.1043242865383217,0.5657279053308613,1.071636646645893,0.431160454411804,0.0,0.0,0.0,0.0,0.0,-0.0789021415255463,0.0,0.0,0.0,0.0,0.0,0.0,0.0,0.1359891369296872,0.0,0.0,0.0,0.0,0.0,0.0,0.0,0.0,0.0,0.0,0.0,0.0,0.0894934166179337,0.0,0.0,0.0820403671223389,-0.4396274429950443,0.0,0.0,0.0707602881775149,0.0,0.0,0.0,0.0,0.0,0.0
261,-0.2881580271663229,-0.691072388772607,-0.5039080868281571,0.0,-0.0445282737883013,-0.0445282737883013,-0.1991415864814098,0.1220491016685695,0.1584470441795008,0.0,0.0,0.0,0.0,0.0,0.0,0.0,0.0,0.0,0.0,0.0,0.3986373778434338,0.0,0.0,0.0,0.0,0.0,0.0,0.0,0.0,0.0,0.0,-0.8727881019870329,0.0,0.0767799550244731,0.0,0.0,0.0,0.0,-0.1524326156883365,0.0,0.3242957985934285,-0.2907631658942967,0.0,0.0,0.8343269804882085,0.1372946107409705,0.5985425806043532,1.01642722476471,0.4253989456383132,0.0,0.0,0.0,0.0,0.0,-0.064943541289157,0.0,0.0,0.0,0.0,0.0,0.0,0.0,0.1383449218629782,0.0,0.0,0.0,0.0,0.0,0.0,0.0,0.0,0.0,0.0,0.0,0.0,0.0922569564095098,0.0,0.0,0.0832281374143335,-0.4683421296511202,0.0628806298045109,0.0,0.0749300119801154,0.0,0.0,-0.0632610579984155,0.0,0.0,0.0
262,-0.2556250371773934,-0.6659741386857629,-0.5186252807161917,0.0,-0.1094263706251278,-0.1094263706251278,-0.1974895091200137,0.121208849689168,0.1694081073547824,0.0,0.0,0.0,0.0,0.0,0.0,0.0638215476293848,0.0,0.0,0.0,0.0,0.424282524440008,0.0,0.0,0.0,0.0,0.0,0.0,0.0,0.0,0.0,0.0,-0.8753528847950287,0.0,0.0662682353093244,0.0,0.0,0.0,0.0,-0.1315346566653231,0.0,0.3472144998541897,-0.3202386805181783,0.0,0.0,0.8221429604167036,0.169904157488383,0.6440074412904683,0.95805750742427,0.4064993335024741,0.0,0.0,0.0,0.0,0.0,-0.0577589021413594,0.0,0.0,0.0,0.0,0.0,0.0,0.0,0.1421656263764568,0.0,0.0,0.0,0.0,0.0,0.0,0.0,0.0,0.0,0.0,0.0,0.0,0.0902725168354344,0.0,0.0,0.0797339345073378,-0.4976626813163655,0.0,0.0,0.0758287802409516,0.0,0.0,-0.1085376579455026,0.0,0.0,0.0
263,-0.2366824192405268,-0.637833015273973,-0.5399514135988934,0.0,-0.1705425269316981,-0.1705425269316981,-0.1993418394492941,0.1269084557099276,0.1786451055625056,0.0,0.0,0.0,0.0,0.0,0.0,0.0707262727717129,0.0,0.0764820999453129,0.0,0.0,0.4487037319016642,0.0,0.0,0.0,0.0,0.0,0.0,0.0,0.0,0.0,0.0,-0.8754078406111838,0.0638220529318697,0.0713712412364611,0.0,0.0,0.0,0.0,-0.1067412755170685,0.0,0.3966840061581813,-0.3521455061744999,0.0,0.0,0.8245075812537239,0.201334475885718,0.7120250127947135,0.9315951495112592,0.4072266174891392,0.0,0.0,0.0,0.0,0.0,-0.0559131271632867,-0.0880575027312592,0.0,0.0,0.0,0.0,0.0,0.0,0.1581881610199249,0.0,0.0,0.0,0.0,0.0,0.0,0.0,0.0,0.0,0.0,0.0,0.0,0.0849336112433898,0.0,0.0,0.0769018130996043,-0.5212581817831421,0.0,0.0,0.0,0.0,0.0,-0.1337013253622051,0.0,0.0,0.0
264,-0.226866212310025,-0.6092620443565463,-0.5600801180718354,0.0,-0.2179576940434934,-0.2179576940434934,-0.1907925830752703,0.0945811574044415,0.1918831489800444,0.0,0.0,0.0,0.0,0.0,0.0,0.0746083234966481,0.0,0.0702129208672639,0.0,0.0,0.461782848382872,0.0,0.0,0.0,0.0,0.0,0.0,0.0,0.0,0.0,0.0,-0.8748720531509737,0.0767631620910426,0.0792366109389886,0.0,0.0,0.0,0.0,-0.0977305580222461,0.0,0.4351062917457324,-0.3885282041113622,0.0,0.0,0.8064420628288673,0.2265449556338228,0.787240138582175,0.9109274556968988,0.4257477441945432,0.0,0.0,0.0,0.0,0.0,-0.0572475127047352,-0.1380412890361713,0.0,0.0,0.0,0.0662259494842212,0.0,0.0,0.182655894780908,0.0,0.0,0.0,0.0,0.0,0.0,0.0,0.0,0.0,0.0,0.0,0.0,0.0760774801716099,0.0,0.0,0.0705385365773721,-0.5325246798201619,0.0,0.0,0.0,0.0,0.0,-0.1573285992838159,0.0,0.0,0.0
265,-0.2249834824780032,-0.5907451616028817,-0.5788937843986542,0.0,-0.2548197286930002,-0.2548197286930002,-0.1872492739042923,0.0879712584304702,0.1827908762119316,0.0,0.0,0.0,0.0,0.0,0.0,0.0749513868351827,0.0,0.0,0.0,0.0,0.4830407114976448,0.0,0.0,0.0,0.0,0.0,0.0,0.0,0.0,0.0,0.0,-0.8732196141430753,0.0864271389638751,0.0926121855745664,0.0,0.0,0.0,0.0,-0.0927741621606854,0.0,0.4116729659982553,-0.4280516304931252,0.0,0.0,0.7829432807839581,0.2398351179500796,0.7824198455307224,0.9063069978011368,0.4539645382543049,0.0,0.0,0.0,0.0,0.0,-0.0597184568446154,-0.1686642747267347,0.0,0.0,0.0,0.0702180287246792,0.0,0.0,0.2090533947825045,0.0,0.0,0.0,0.0,0.0,0.0,0.0,0.0,0.0,0.0,0.0,0.0,0.0650433898561487,0.0,0.0,0.0692047684766775,-0.5448042813844237,0.0,0.0,0.0,0.0,0.0,-0.1622584637088233,0.0,0.0,0.0
266,-0.238845751033928,-0.5691347868515173,-0.6030258960736509,0.0,-0.2889078932223907,-0.2889078932223907,-0.1804524484885814,0.0853894015535027,0.1744041735683512,0.0,0.0,0.0,0.0,0.0,0.0,0.0717157367393949,0.0,0.0,0.0,0.0,0.4937612127435642,0.0,0.0,0.0,0.0,0.0,0.0,0.0,0.0,0.0,0.0,-0.8712924721475201,0.0913341900221967,0.1083470864213067,0.0,0.0,0.0,0.0,-0.0910693129322305,0.0,0.401096018543804,-0.4569874064373627,0.0,0.0,0.8203354632972261,0.2481700223276009,0.7986915104945438,0.923215806929506,0.4938443978256744,0.0,0.0,0.0,0.0,0.0,-0.0518600249645194,-0.2008611777865206,0.0,0.0,0.0,0.0709500765646681,0.0,0.0,0.2355569688846344,0.0,0.0,0.0,0.0,0.0,0.0,0.0,0.0,0.0,0.0,0.0,0.0,0.0,0.0,0.0,0.0,-0.5471364263402221,0.0,0.0,0.0,0.0,0.0,-0.165140919522603,0.0,0.0,0.0
267,-0.2632100375977126,-0.5603645591576195,-0.6244171591843983,0.0,-0.3072239453261345,-0.3072239453261345,-0.1727583006409851,0.0799092378133387,0.1776904100073398,0.0,0.0,0.0,0.0,0.0,0.0,0.0653451174516927,0.0,0.0,0.0,0.0,0.4954308654710025,0.0,0.0,0.0,0.0,0.0,0.0,0.0,0.0,0.0,0.0,-0.869670640660694,0.0930427479595016,0.1237157714455993,0.0,0.0,0.0,0.0,-0.1010557110884475,0.0,0.4046288676048402,-0.4770626726454072,0.0,0.0,0.7555240479837783,0.2543531829951578,0.802616509593859,0.941227173620637,0.5315202361814594,0.0,-0.0704477867367646,0.0,0.0,0.0,0.0,-0.2224286966924961,0.0,0.0,0.0,0.0,0.0,0.0,0.2717867310221586,0.0,0.0,0.0,0.0,0.0,0.0,0.0,0.0,0.0641338553462115,0.0,0.0,0.0,0.0709067781189239,0.0,0.0,0.0,-0.5475897926129485,0.0,0.0,0.0,0.0,0.0,-0.160042508184523,0.0,0.0,0.0
268,-0.2936702792041907,-0.5626438531555544,-0.6308322494724983,0.0,-0.3197881622162516,-0.3197881622162516,-0.1658311597637413,0.085977448074608,0.1848813283931287,0.0,0.0,0.0,0.0,0.0,0.0,0.0,0.0,0.0,0.0,0.0,0.4904842619361018,0.0,0.0,0.0,0.0,0.0,0.0,0.0,0.0,0.0,0.0,-0.871038609659113,0.0914392111332469,0.1355058257293616,0.0,0.0,0.0,0.0,-0.1215751822346135,0.0,0.4134932842191458,-0.4942804919290152,0.0,0.0,0.7160188553260124,0.2590609308999496,0.8151621857708958,0.896883978890581,0.5653635819145002,0.0,-0.0672372551744465,0.0,0.0,0.0,0.0,-0.2344278216976732,0.0,0.0,0.0,0.0,0.0,0.0,0.2963389472571379,0.0,0.0,0.0,0.0,0.0,0.0,0.0,0.0,0.0749393952379583,0.0,0.0,0.0,0.077541621399232,0.0,0.0,0.0,-0.5377637086502721,0.0,0.0,0.0,0.0,0.0,-0.1491383503044353,0.0,0.0,0.0
269,-0.3363609727752686,-0.5770399910396464,-0.6350607861832471,0.0,-0.3146230531884774,-0.3146230531884774,-0.1583458652429359,0.0816781672308323,0.1961948517038336,0.0,0.0,0.0,0.0,0.0,0.0,0.0,0.0,0.0,0.0,0.0,0.4914526241045833,0.0,0.0,0.0,0.0,0.0,0.0,0.0,0.0,0.0,0.0,-0.8741032693690634,0.0899216378759221,0.1401291159495746,0.0,0.0,0.0,0.0,-0.1499937009330179,0.0,0.4229927100244658,-0.5199665080566179,0.0,0.0,0.6960120779240434,0.2746418132042256,0.9066397072755344,0.8568742910207235,0.587954586142713,0.0,0.0,0.0,0.0,0.0,0.0,-0.2581249991500597,0.0,0.0,0.0,0.0,0.0,0.0,0.2794664582492263,0.0,0.0,0.0,0.0,0.0,0.0,0.0,0.0,0.0740401969005051,0.0,0.0,0.0,0.0799410732192285,0.0,0.0,0.0,-0.5246442175158177,0.0,0.0,0.0,0.0,0.0,-0.1332354219707606,0.0,0.0,0.0
270,-0.3807085234217866,-0.5978885377171211,-0.6359796695973022,0.0,-0.2955342801605864,-0.2955342801605864,-0.1606660357387483,0.0716332936972794,0.2007931646490242,0.0,0.0,0.0,0.0,0.0,0.0,0.0,0.0,0.0,0.0,0.0,0.4825260114345663,0.0,0.0,0.0,0.0,0.0,0.0,0.0,0.0,0.0,0.0,-0.8792973341750705,0.0960019798647267,0.1404294944118029,0.0797202871100421,0.0,0.0,0.0,-0.1901347782047151,0.0,0.441631361202767,-0.5328175217397806,0.0,0.0,0.6846472388247535,0.2936200980467542,0.9791386486235164,0.8221143548787001,0.6169917850939227,0.0,0.0,0.0,0.0,0.0,0.0,-0.2552690243908375,0.0,0.0,0.0,0.0,0.0,0.0,0.2564626644156848,0.0,0.0,0.0,0.0,0.0,0.0,0.0,0.0,0.0675542582300937,0.0,0.0,0.0,0.0768368867652439,0.0,0.0,0.0,-0.5022705517498792,0.0,0.0,0.0,0.0,0.0,-0.117428409768899,0.0,0.0,0.0
271,-0.41830232377107,-0.6284849858682887,-0.6300522051808964,0.0,-0.2724772012734548,-0.2724772012734548,-0.1581720716926704,0.0,0.2213023745477775,0.0,0.0,0.0,0.0,0.0,0.0,0.0,0.0,0.0,0.0,0.0,0.4705775720256307,0.0,0.0,0.0,0.0,0.0,0.0,0.0,0.0,0.0,0.0,-0.8852113737725631,0.1142927765966421,0.1315934012310039,0.0912664553838068,0.0,0.0,0.0,-0.2332309369763131,0.0,0.4715797917017799,-0.5259105351152872,0.0,0.0,0.7042640899390318,0.2894129486039141,0.9612639946774344,0.7956346986734449,0.6426938586523265,0.0,0.0,0.0,0.0,0.0,0.0,-0.2603034252303567,0.0,0.0,0.0,0.0,0.0,0.0,0.2530587829148319,0.0,0.0,0.0,0.0,0.0,0.0,0.0,0.0,0.0,0.0,0.0,0.0,0.0687549902409357,0.0,0.0,0.0676187778724387,-0.4800178358629003,0.0,0.0,0.0,0.0,0.0,-0.1013953187183119,0.0,0.0,0.0
272,-0.457683491875705,-0.6575677478862832,-0.6026095365379853,0.0,-0.2379134207190137,-0.2379134207190137,-0.159721151374511,0.0,0.2446382504974056,0.0,0.0,0.0,0.068864903839832,0.0,0.0,0.0,0.0,0.0,0.0,0.0,0.4599809719519485,0.0,0.0,0.0,0.0,0.0,0.0,0.0,0.0,0.0,0.0,-0.8909453588398777,0.1285837057599033,0.1145981160621588,0.1026618620641043,0.0,0.0,0.0,-0.272638524171487,0.0,0.4914858805266089,-0.5234161215292715,0.0,0.0,0.7328916780050538,0.2780919666928237,0.9266845705516964,0.7587883738666233,0.6756260869825036,0.0,0.0,0.0,0.0,0.0,0.0,-0.2578390794271316,0.0,0.0,0.0,0.0,0.0,0.0,0.2512055166408812,0.0,0.0,0.0,0.0,0.0,0.0,0.0,0.0,0.0,0.0,0.0,0.0,0.0,0.0,0.0,0.0773819058227123,-0.4556476667230663,0.0,0.0,0.0,0.0,0.0,-0.087321115810774,0.0,0.0,0.0
273,-0.4745072521002748,-0.6892402044909994,-0.5772881096649776,0.0,-0.2039077265465954,-0.2039077265465954,-0.1643677094336545,0.0,0.2618672198110128,0.0,0.0,0.0,0.0727351415867721,0.0,0.0,0.0,0.0,0.0,0.0,0.0,0.409876720087576,0.0,0.0,0.0,0.0,0.0,0.0,0.0,0.0,0.0,0.0,-0.8988255031611274,0.143099224695179,0.094224590340329,0.1126573893368986,0.0,0.0,0.0,-0.3093254839533219,0.0,0.5141377823281439,-0.5151141822049313,0.0,0.0,0.7804018523860846,0.2808041894781861,0.9162661817570928,0.7307330662451835,0.7063753163216361,0.0,0.0,0.0,0.0,0.0,0.0,-0.2387576524190876,-0.0621928311329377,0.0,0.0,0.0,0.0,0.0,0.2532275144432259,0.0,0.0,0.0,0.0,0.0,0.0,0.0,0.0,0.0,0.0,0.0,0.0,0.0,0.0,0.0,0.0839168450697647,-0.4364530821562643,0.0,0.0,0.0,0.0,0.0,-0.0712489363235487,0.0,0.0,0.0
274,-0.4897454709453488,-0.7237740306127856,-0.5462611400092641,0.0,-0.1833510961593207,-0.1833510961593207,-0.1719970569593508,0.0,0.2745905646212814,0.0,0.0,0.0,0.0675928584967115,0.0,0.0,0.0,0.0,0.0,0.0,0.0,0.3144059415740759,0.0,0.0,0.0,0.0,0.0,0.0,0.0,0.0,0.0,0.0,-0.8997871752034095,0.1523504404916063,0.0724280432740221,0.1201311887326705,0.0,0.0,0.0,-0.3297457094034425,0.0,0.5254518504656419,-0.5109113834813941,0.0,0.0,0.8170722759530136,0.2797463747114794,0.8746080832624618,0.7016278960607029,0.6833784182171027,0.0,0.0,0.0,0.0,0.0,0.0,-0.2328077182561186,-0.0742416708825432,0.0,0.0,0.0,0.0,0.0,0.2717598945561814,0.0,0.0,0.0,0.0,0.0,0.0,0.0,0.0,0.0,0.0,0.0,0.0,0.0,0.0,0.0,0.0873435891714064,-0.4182457397049928,0.0,0.0,0.0,0.0,0.0,-0.0564998554758172,0.0,0.0,0.0
275,-0.4942375758543272,-0.7525914531554403,-0.5171463386252204,0.0,-0.1609484435269547,-0.1609484435269547,-0.1757895699961563,0.0,0.2727305743255088,0.0,0.0,0.0,0.0,0.0,0.0,0.0,0.0,0.0,0.0,0.0,0.2639100740259617,0.0,0.0,0.0,0.0,0.0,0.0,0.0,0.0,0.0,0.0,-0.8972128559211887,0.1605810219024179,0.0,0.1235852709047519,0.0,0.0,0.0,-0.3339380336186591,0.0,0.5298043838104367,-0.5020869337901982,0.0,0.0,0.8481291152332786,0.2901851442563237,0.8609422997835638,0.6720971349370181,0.6409578684832785,0.0,0.0,0.0,0.0,0.0,0.0,-0.2133152216205657,-0.0921828198315523,0.0,0.0,0.0,0.0,0.0,0.2287627959573982,0.0,0.0,0.0,0.0,0.0,0.0,0.0,0.0,0.0,0.0,0.0,0.0,0.0,0.0,0.0,0.0862482518508724,-0.3998669879147198,0.0,0.0,0.0,0.0,0.0,0.0,0.0,0.0636681759643078,0.0
276,-0.4918167625954451,-0.7758182012320818,-0.4796415454555994,0.0,-0.1431679598248862,-0.1431679598248862,-0.1811435784293162,0.0,0.2702790875398519,0.0,0.0,0.0,0.0,0.0,0.0640081046774147,0.1081048466903819,0.0,0.0,0.0,0.0,0.2408625552286665,0.0727291489168218,0.0,0.0,0.0,0.0,0.0,0.0,0.0,0.0,0.0,-0.8970409008398024,0.1608433165198284,0.0,0.1256260549745494,0.0,0.0,0.0,-0.3390627705966718,0.0,0.5177586253443452,-0.4927967312588218,0.0,0.0,0.8991391637769107,0.2944436613126959,0.8308574648849926,0.6662195976506078,0.6332596286903418,0.062510064821447,0.0,0.0,0.0,0.0,0.0,-0.1787940801766908,-0.0936502418031833,0.0,0.0,0.0,0.0,0.0,0.1960602335366203,0.0,0.0,0.0,0.0,0.0,0.0,0.0,0.0,0.0,0.0,0.0,0.0,0.0,0.0,0.0,0.0808908751564324,-0.3870731874514207,0.0,0.0,0.0696121075112158,0.0,0.0,0.0,0.0,0.0707979322713258,0.0
277,-0.4732509425542144,-0.7945732989145569,-0.4480089219824528,0.0,-0.1361672260148321,-0.1361672260148321,-0.1844211923004786,0.0,0.2618852619323481,0.0,0.0,0.0,0.0,0.0,0.0629396341201107,0.1453671820419948,0.0,0.0,0.0,0.0,0.2427955640409515,0.0846080614136478,0.0,0.0,0.0,0.0,0.0,0.0,0.0,0.0,0.0635822430751862,-0.8918745515089324,0.1569792160116299,0.0,0.1269152301306928,0.0,0.0,0.0,-0.3291781664817882,0.0,0.5149656446553698,-0.4876157187366309,0.0,0.0,0.9143532251060076,0.2874806954325298,0.8188138731537493,0.6679010131249706,0.6322408848632293,0.0679338831315877,0.0,0.0,0.0,0.0,0.0,-0.1262095633619708,-0.0916089878143461,0.0,0.0,0.0,0.0,0.0,0.173578306510015,0.0,0.0,0.0,0.0,0.0,0.0,0.0,0.0,0.0,0.0,0.0,0.0,0.0,0.0,0.0,0.0713383731817488,-0.3794510817984968,0.0,0.0,0.0747863552429439,0.0,0.0,0.0,0.0,0.0,0.0
278,-0.4513897112767374,-0.8072407391551272,-0.4221185678745287,0.0,-0.1305616529331045,-0.1305616529331045,-0.1881466053249374,0.0,0.2503608251290689,0.0,0.0,0.0,0.0,0.0,0.0,0.1300003171765981,0.0,0.0,0.0,0.0,0.2589060581039977,0.0722726724841911,0.0,0.0,0.0,0.0,0.0,0.0,0.0,0.0,0.0705398931443597,-0.8816063731132067,0.1514459095695616,0.0,0.1244010122199952,0.0,0.0,0.0,-0.3041551639029335,0.0,0.5020754854810205,-0.4840276527939247,0.0,0.0,0.8712774189898054,0.2717254319443424,0.8082088979909748,0.6641709362017091,0.6461334714968624,0.0702497712584142,0.0,0.0,0.0,0.0,0.0,-0.0862503367892803,-0.0854508367045881,0.0,0.0,0.0,0.0,0.0,0.1445077863662265,0.0,0.0,0.0,0.0,0.0,0.0,0.0,0.0,0.0,0.0,0.0,0.0,0.0,0.0,0.0,0.0620508379617945,-0.3731885908055021,0.0,0.0,0.0741930362281769,0.0,0.0,0.0,0.0,0.0,0.0
279,-0.4232198180170209,-0.8108983641587729,-0.4026141311509188,0.0,-0.1258877752775503,-0.1258877752775503,-0.1906358604598869,0.0,0.2305500941540443,0.0,0.0,0.0,0.0,0.0,0.0,0.1226893998434437,0.0,0.0,0.0,0.0,0.2792665324687604,0.0622908520166632,0.0,0.0,0.0,0.0,0.0,0.0,0.0,0.0,0.0704328567126063,-0.8713621605132227,0.1358469025143462,0.0,0.1216008992282463,0.0,0.0,0.0,-0.2589723019398234,0.0,0.4821535974826323,-0.4857380872331642,0.0,0.0,0.8567325757037725,0.2724616908869532,0.8001832182080084,0.6284272766090708,0.6664811232221834,0.0690054688151667,0.0,0.0,0.0,0.0,0.0,0.0,-0.078411557305625,0.0,0.0,0.0,0.0,0.0,0.1351298804347332,0.0,0.0,0.0,0.0,0.0,0.0677509698019922,0.0,0.0,0.0,0.0,0.0,0.0,0.0,0.0,0.0,0.0,-0.3650990024916832,0.0645295446615299,0.0,0.0686636724075778,0.0,0.0,0.0,0.0,0.0,0.0
280,-0.3894274154079654,-0.8024708720035608,-0.3897596026893674,0.0,-0.1228946116546675,-0.1228946116546675,-0.1900156961250255,0.0,0.209296190911408,0.0,0.0,0.0,0.0,0.0,0.0,0.117764241297923,0.0,0.0,0.0,0.0,0.304042046621601,0.0,0.0,0.0,0.0,0.0,0.0,0.0,0.0,0.0628744865756271,0.066828685423685,-0.8626776291224578,0.1251529605230502,0.0,0.1198109756713225,0.0,0.0,0.0,-0.2141912530501387,0.0,0.451682131408012,-0.4884032807177705,0.0,0.0,0.8379775854564321,0.2743393157279109,0.8034597849416617,0.6500820970267358,0.6828611604405513,0.0642880264314069,0.0,0.0,0.0,0.0,0.0,0.0,-0.0686873511289806,0.0,0.0,0.0,0.0,0.0,0.1456435007313898,0.0,0.0,0.0,0.0,0.0,0.0880116663791057,0.0,0.0,0.0,0.0,0.0,0.0,0.0,0.0,0.0,0.0,-0.3483108873216766,0.0921848563153065,0.0,0.0,0.0,0.0,0.0,0.0,0.0,0.0
281,-0.3421158913581859,-0.7904897663318804,-0.380096989247545,0.0,-0.1139462753081931,-0.1139462753081931,-0.1957158112961865,0.0,0.1846260208842741,0.0,0.0,0.0,0.0,0.0,0.0,0.1150250094714059,0.0,0.0,0.0,0.0,0.2614589269160898,0.0,0.0,0.0,0.0,0.0,0.0,0.0,0.0,0.0663017945792477,0.0,-0.8543457149932117,0.1166736805249241,0.0,0.1232961946980881,0.0,0.0,0.0,-0.1487672722878176,0.0,0.428567120371889,-0.4908049619214294,0.0,0.0,0.8467133219467939,0.2804207581606288,0.7935208319088635,0.668819258003746,0.6770291153630736,0.0,0.0,0.0,0.0,0.0,0.0,0.0,-0.0618184513966475,0.0,0.0,0.0,0.0,0.0,0.1469375389559679,0.0,0.0,0.0,0.0,0.0,0.1039086866408008,0.0,0.0,0.0,0.0,0.0,0.0,0.0,0.0,0.0,0.0,-0.3362970879102285,0.0895802571765796,0.0,0.0,0.0,0.0,-0.0519062253689823,0.0,0.0,0.0
282,-0.3015327983622234,-0.7686743482756483,-0.37733023054337,0.0,-0.1016598337666737,-0.1016598337666737,-0.1998103581667331,0.0,0.1585633680840922,0.0,0.0,0.0,0.0,0.0,0.0,0.1160169389329728,0.0,0.0,0.0,0.0,0.2223767389074405,0.0,0.0,0.0,0.0,0.0,0.0,0.0,0.0,0.0683683966254095,0.0,-0.8473611894761177,0.1072412856053345,0.0,0.1267326478390704,0.0,0.0,0.0,-0.0862701662911674,0.0,0.4053235519187458,-0.4953104174447495,0.0,0.0,0.8962734650334278,0.3109909948454022,0.8016027222760145,0.6955200917600898,0.656288870673093,0.0,0.0,0.0,0.0,0.0,0.0,0.0,-0.0536957742989543,0.0,0.0,0.0,0.0,0.0,0.1536677233078921,0.0,0.0,0.0,0.0,0.0,0.1097474130681441,0.0,0.0,0.0,0.0,0.0,0.0,0.0,0.0,0.0,0.0,-0.317606681735899,0.0780282692659093,0.0,0.0,0.0,0.0629008427819849,-0.063649144067592,0.0,0.0,0.0
283,-0.2606428265302171,-0.7430425769370329,-0.3863685442988846,0.0,-0.0716086826536511,-0.0716086826536511,-0.2038201969501989,0.0,0.1345953236886164,0.0,0.0,0.0,0.0,0.0,0.0,0.122508133881012,0.0,0.0,0.0,0.0,0.1843811871604732,0.0644708445836088,0.0,0.0,0.0,0.0,0.0,0.0,0.0,0.0626821037754973,0.0,-0.8362618101954326,0.0998756733081682,0.0,0.129846129850759,0.0,0.0,0.0,0.10406450764268,0.0,0.3802928049824332,-0.4979377939520273,0.0,0.0,0.9652676180331076,0.339418716264999,0.7975580113429207,0.7265208107111754,0.634366705054189,0.0,-0.1149369402400321,0.0,0.0,0.0,0.0,0.0,-0.0532472044723425,0.0,0.0,0.0,0.0,0.0,0.1411668160953942,0.0,0.0,0.0,0.0,0.0,0.1103720211050537,0.0,0.0,0.0,0.0,0.0,0.0,0.0,0.0,0.0,0.0,-0.3009600176200286,0.0655201427472208,0.0,0.0,0.0,0.0678667401967758,-0.071938287317676,0.0,0.0,0.0
284,-0.212399288285472,-0.713382193804359,-0.3874515622067407,0.0,0.0,0.0,-0.2126456771562177,0.0,0.1123275578353357,0.0,0.0,0.0,0.0,0.0,0.0,0.1149651579141888,0.0,0.0,0.0,0.0,0.1407209851702998,0.0706467462269271,0.0,0.0,0.0,0.0,0.0,0.0,0.0,0.0,0.0,-0.8317273666851782,0.0873815338773797,0.0,0.0835251047757842,0.0,0.0,0.0,0.1103224880083345,0.0,0.3622278339816497,-0.4990822061689489,0.0,0.0,0.9652051782869646,0.3928958681039561,0.8153835989390386,0.7382854414339962,0.6160083742019073,0.0,-0.1651271638117851,0.0,0.0,0.0,0.0,0.0,-0.0621620418900267,0.0,0.0,0.0,0.0,0.0,0.1201400386494446,0.0,0.0,0.0,0.0,0.0,0.1053932438000074,0.0,0.0,0.0,0.0,0.0,0.0,0.0,0.0,0.0,0.0,-0.2842625842973884,0.0,0.0,0.0,0.0,0.0709122197558912,-0.0778947948793111,0.0,0.0,0.0
285,-0.1634918509010517,-0.6831050975803202,-0.3946191100911398,0.0,0.0,0.0,-0.2234382807340955,0.0,0.095097451620387,0.0,0.0,0.0,0.0,0.0,0.0,0.1012525165330106,0.0,0.0,0.0,0.0,0.151640497204086,0.0851116539891241,0.0,0.0,0.0,0.0,0.0,0.0,0.0,0.0,0.0,-0.8221531661409498,0.0782683280371303,0.0,0.0,0.0,0.0,0.0,0.1141466459806235,0.0,0.3486803997020724,-0.5016380627071563,0.0,0.0,0.9529940157220548,0.357279730787079,0.8658951309659465,0.7658263652995964,0.6065559430629608,0.0,-0.1965959433096277,0.0,0.0,0.0,0.0671670407756373,0.0,-0.0755653362969964,0.0,0.0,0.0973996540616956,0.0,0.0,0.1113548936116945,0.0,0.0,0.0,0.0,0.0,0.0935900878032934,0.0,0.0,0.0,0.0,0.0,0.0,0.0,0.0,0.0,0.0,-0.2765305636825627,0.0,0.0,0.0,0.0,0.0725395044328093,-0.0656722583011022,0.0,0.0,0.0
286,-0.1226508303032957,-0.6556136129137264,-0.4025451810204428,0.0,0.0,0.0,-0.2351883740174416,0.0,0.0882907693793677,0.0,0.0,0.0,0.0,0.0,0.0,0.1057124920717855,0.0,0.0,0.0,0.0,0.166843149384068,0.0940860936856693,0.0,0.0,0.0,0.0,0.0,0.0,0.0,0.0,0.0,-0.8167256115899781,0.073768927983213,0.0,0.0,0.0,0.0,0.0,0.1123045618188406,0.0,0.3381417472084307,-0.5181201309648908,0.0,0.0,0.9404095437618682,0.3284565065871074,1.002242525528172,0.7270696180083889,0.6083953356229725,0.0,-0.2256939204052628,0.0,0.0,0.0,0.0820771120156327,0.0,-0.0866210503431314,0.0,0.0,0.1265566874401589,0.0,0.0,0.1123473570671733,0.0,0.0,0.0,0.0,0.0,0.0804158538240565,0.0,0.0,0.0,0.0,0.0,0.0,0.0,0.0,0.0,0.0,-0.2692938283700698,0.0,0.0,0.0,0.0,0.0729541102104959,0.0,0.0,0.0,0.0
287,-0.0871062931002189,-0.6337590706960554,-0.4163479259642003,0.0,0.0,0.0,-0.2430042300781866,0.0,0.0746991644174476,0.0,0.0,0.0,0.0,0.0,0.0,0.1143343331545979,0.0,0.0,0.0,0.0,0.1877099419807314,0.1060968954974617,0.0,0.0,0.0,0.0,0.0,0.0,0.0,0.0,0.0,-0.8103576131393182,0.0824115802644181,0.0,0.0,0.0,0.0,0.0,0.1064064307563038,0.0,0.341988558924204,-0.52092488295598,0.0,0.0,0.9364240622927112,0.3005924808261281,1.050572969936031,0.6807750868897539,0.6453486946180516,0.0,-0.210108974054339,0.0,0.0,0.0,0.1077622214054505,0.0,-0.0943744343634643,0.0,0.0,0.1196606348828732,0.0,0.0,0.1212960502838172,0.0,0.0,0.0,0.0,0.0,0.0655364175910847,0.0,0.0,0.0,0.0,0.0,0.0,0.0,0.0,0.0,0.0,-0.2677117303468901,0.0,0.0,0.0,0.0,0.0719431102340665,0.0,0.0,0.0,0.0
288,-0.0679444331327209,-0.617962230674322,-0.4190320044382026,0.0,0.0,0.0,-0.2508058422041467,0.0,0.0946884365385811,0.0,0.0,0.0,0.0,0.0,0.0,0.1212917707432696,0.0,0.0,0.0,0.0,0.2190327269363605,0.0847678886427042,0.0,0.0,0.0,0.0,0.0,0.0,0.079844801015486,0.0,0.0,-0.8062368979019621,0.0859366465588348,0.0,0.0,0.0,0.0,0.0,0.0986527013673762,-0.0548122697929939,0.3394024785394425,-0.532301591959602,0.0,0.0,0.9263583326143696,0.2928078662992559,1.063234543527641,0.6793021666325604,0.7063612640171344,0.0,-0.1747497817220978,0.0,0.0,0.0,0.1104855132743141,0.0,-0.0969356125160768,0.0,0.0,0.1151067536583332,0.0,0.0,0.1396632409365268,0.0,0.0,0.0,0.0,0.0,0.0,0.0,0.0,0.0,0.0,0.0,0.0,0.0,0.0,0.0,0.0,-0.2774332326828439,0.0,0.0,0.0,0.0,0.0692712871777947,0.0,0.0,0.0,0.0
289,-0.060926429191137,-0.615184667307972,-0.4236366092986388,0.0,0.0,0.0,-0.2584538031264567,0.0,0.1190985467993427,0.0,0.0,0.0,0.0,0.0,0.0,0.1272905384610171,0.0,0.0,0.0,0.0,0.2467745995331667,0.0678211015443748,0.0,0.0,0.0,0.0,0.0,0.0,0.1047815783114446,0.0,0.0,-0.8083466098605475,0.0,0.0,0.0,0.0,0.0,0.0,0.0856303540405254,-0.0715524367850694,0.3425274691034869,-0.5491136906132676,0.0,0.0,0.9236923464742768,0.2857293112311093,1.0353736298446103,0.6843511848445222,0.7647385992643677,0.0,-0.1485795557295785,0.0,0.0,0.0,0.1094338154895315,0.0,-0.0961665552821492,0.0,0.0,0.1060163036355929,0.0,0.0,0.1552965674099465,0.0,0.0,0.0,0.0,0.0,0.0,0.0,0.0,0.0,0.0,0.0,0.0,0.0,0.0,0.0,0.0,-0.2853227180352689,0.0,0.0,0.0,0.0,0.0646032597493147,0.0,0.0,0.0,0.0
290,-0.0760714178794895,-0.611845792469221,-0.4269420644569779,0.0,0.0,0.0,-0.2631866440005802,0.0,0.1520697811852345,0.0,0.0,0.0,0.0,0.0,0.0,0.1267438752785782,0.0,0.0,0.0,0.0,0.2786462836435228,0.0,0.0,0.0,0.0,0.0,0.0,0.0,0.1034262877356654,0.0,0.0,-0.8084604277732804,0.0,0.0,0.0,0.0,0.0,0.0,0.0705538100817642,-0.0893514900712781,0.3429459932014196,-0.5645208940341087,0.0,0.0,0.9293166604003534,0.2867187201580047,1.0645733473566688,0.692736269201991,0.7335074132370651,0.0,-0.1236002771034114,0.0,0.0,0.0,0.1014954385683712,0.0,-0.0848560536234755,0.0,0.0,0.0917658002639533,0.0,0.0,0.1680929627980099,0.0,0.0,0.0,0.0,0.0,0.0,0.0,0.0,0.0,0.0,0.0,0.0,0.0,0.0,0.0,0.0,-0.2940620491073342,0.0,0.0,0.0,0.0,0.0,0.0,0.0,0.0,0.0
291,-0.1070044393732753,-0.6077931805170504,-0.4372021240782098,0.0,0.0,0.0,-0.2637612503586493,0.0,0.19345177189665,0.0,0.0,0.0,0.0,0.0,0.0,0.1251128395219701,0.0,0.0,0.0,0.0,0.2620389294550766,0.0724596235794858,0.0,0.0,0.0,0.0,0.0,0.0,0.067883431637291,0.0,0.0,-0.8028722234264142,0.0,0.0,0.0,0.0,0.0,0.0,0.0,-0.1047520182953023,0.3419597750323441,-0.575601672237912,0.0,0.0,0.946140296373505,0.2903765398881418,1.127841678763234,0.6954675452348328,0.6968656035620521,0.0,-0.0837443755336125,0.0,0.0,0.0,0.089677814485222,0.0,-0.0745075926026984,0.0,0.0,0.0805601192710209,0.0,0.0,0.1754716689918237,0.0,0.0,0.0,0.0,0.0,0.0,0.0,0.0,0.0627254683553328,0.0,0.0,0.0,0.0,0.0,0.0,0.0,-0.3079165361159965,0.0,0.0,0.0,0.0,-0.0507952908882256,0.0,0.0,0.0,0.0
292,-0.1514846847624146,-0.5901427978964937,-0.4453692122918259,0.0,0.0,0.0,-0.2604833498945362,0.0,0.234236922100691,0.0,0.0,0.0,0.0,0.0,0.0,0.1165717943949447,0.0,0.0,0.0,0.0,0.2236901010234658,0.111515169956159,0.0,0.0,0.0,0.0,0.0,0.0,0.0,0.0,0.0,-0.7999597267980812,0.0,0.0,0.0,0.0,0.0,0.0,0.0,-0.1183739035114075,0.3368859188197195,-0.5505433965815423,0.0,0.0,0.9892029096761956,0.2906278703939399,1.1380900069969249,0.7085989617273019,0.6823406419751672,0.0673189407836766,-0.060704311631625,0.0,0.0,0.0,0.0803572632768826,0.0,-0.0534525249567944,0.0,-0.0815353795715273,0.0835128113306949,0.0,0.0,0.1511784323666966,0.0,0.0,0.0,0.0,0.0,0.0,0.0,0.0,0.0744534322867944,0.0,0.0,0.0,0.0,0.0,0.0,0.0,-0.314443279625362,0.0,0.0,0.0,0.0,-0.0777238328614999,0.0,0.0,0.0,0.0
293,-0.2056031304184336,-0.5724390694617653,-0.4539609813810879,0.0,0.0,0.0,-0.2533358367787161,0.0,0.313814141042052,0.0,0.0,0.0,0.0,0.0,0.0,0.1050706656300557,0.0,0.0648887916283971,0.0,0.0,0.1768524666621198,0.1516126304485178,0.0,0.0,0.0,0.0,0.0,0.0,0.0,0.0,0.0,-0.8066076198905288,0.0,0.0,0.0,0.0,0.0,0.0,0.0,-0.1195870875679072,0.3312175492424011,-0.5311901255112995,0.0,0.0,1.031257207326772,0.2917448933965607,1.2015053969930958,0.7502867525855753,0.6687762244411088,0.0844486268486771,0.0,0.0,0.0,0.0,0.0722703487930097,0.0,0.0,0.0,-0.1339367971340115,0.0846011114171356,0.0,0.0,0.1160008353513205,0.0,0.0,0.0,0.0,0.0,0.0,0.0,0.0,0.0782940089291328,0.0,0.0,0.0,0.0,0.0,0.0,0.0,-0.3194881253609399,0.0,0.0,0.0,0.0,-0.0847441907825987,0.0,0.0,0.0,0.0
294,-0.2741678940387733,-0.5484078083170681,-0.4677472282115881,0.0,0.0,0.0,-0.2469380732913643,0.0,0.4212113728629449,0.0,0.0,0.0,0.0,0.0,0.0,0.0906202186765088,0.0,0.0925161342837808,0.0,0.0,0.1383251189989333,0.2080694295837482,0.0,0.0,0.0,0.0,0.0,0.0,0.0644674406447835,0.0,0.0,-0.8105260595253259,0.0,0.0,0.0,0.0,0.0,0.0,-0.0468497994749494,-0.1056134673274499,0.3211522098177997,-0.477488697589524,0.0,0.0,1.091338325012314,0.2868664425058109,1.2254516704418388,0.8918190730937734,0.6706780770686334,0.0925751526297834,0.0,0.0,0.0,0.0,0.0723546522860456,0.0,0.0,0.0,-0.1907744446452304,0.0833481713541538,0.0,0.0,0.0837788545410153,0.0,0.0,0.0,0.0,0.0,0.0,0.0,0.0,0.0683417076670794,0.0,0.0,0.0,0.0,0.0,0.0,0.0,-0.3176091302786987,0.0,0.0,0.0649120463330507,0.0,-0.0837339792790431,0.0,0.0,0.0,0.0
295,-0.3418523849733865,-0.5065882680597183,-0.484618598712651,0.0,0.0,0.0,-0.2361576970312038,0.0,0.5518285657948943,0.0,0.0,0.0,0.0,0.0,0.0,0.0745070413483978,0.0,0.1154233460492266,0.0,0.0,0.098936165794832,0.2659545819239139,0.0,0.0,0.0,0.0,0.0,0.0,0.0719032206555672,0.0,0.0,-0.8159488209501126,0.0635246948361167,0.0,0.0,0.0,0.0,0.0,-0.0544699109728102,-0.0929717808906137,0.3142982688634801,-0.4188101927225837,0.0,0.0,1.0842484777941854,0.275072059371533,1.265204791995762,0.9427589771367212,0.6843315176213215,0.0989473174569274,0.0,0.0,0.0,0.0,-0.0764301801363458,0.0,0.0,0.0,-0.24726557319682,0.0932837773332956,0.0,0.0,0.0,0.0,0.0,0.0,0.0,0.0,0.0,0.0,0.0,0.069297024838931,0.0,0.0,0.0,0.0,0.0,0.0,0.0,-0.3199395189685339,0.0,0.0,0.091333985506468,0.0,-0.0657213677756464,0.0,0.0,0.0,0.0
296,-0.4074547413063278,-0.4599586096102592,-0.5057361578099058,0.0,0.0,0.0,-0.2192256145085185,0.0,0.6424973388619067,0.0,0.0,0.0,0.0,0.0,0.0,0.0,0.0,0.1491931664896475,0.0,0.0,0.0687631062422054,0.2526985801612013,0.0,0.0,0.0,0.0,0.0,0.0,0.0799183371279794,0.0,0.0,-0.8119291708587135,0.0724882727117672,0.0,0.1011464709337377,0.0,0.0,0.0,-0.0750807346959748,-0.0736181551241083,0.3046787937164805,-0.3461958672656534,0.0,0.0,1.0993366369412765,0.2570526492747045,1.2110126959172305,0.9647204220177829,0.7193276034756044,0.1135393657620182,0.0,0.0,0.0,0.0,-0.1126917825813031,0.0,0.0,0.0,-0.2942801168979801,0.1069505663655508,0.0,0.0,0.0,0.0,0.0,0.0,0.0,0.0,-0.0787779695411268,0.0,0.0,0.0681318582226639,0.0,0.0,0.0,0.0,0.0,0.0,0.0,-0.3158658699588865,0.0,0.0,0.1210051166567462,0.0,-0.0492531002787761,0.0,0.0,0.0,0.0
297,-0.4613816836786937,-0.4072428711607356,-0.527986213802175,0.0,0.0,0.0,-0.2024625104848484,0.0,0.5704229672196468,0.0,0.0,0.0,0.0,0.0,0.0,0.0,0.0,0.1376408461690892,0.0,0.0,0.0,0.225758068990614,0.0,0.0,0.0,0.0,0.0,0.0,0.0862545777690952,0.0,0.0,-0.8100130648492129,0.076811334088733,0.0,0.1404757429371125,0.0,0.0,0.0,-0.0792777100686778,-0.0602852269606547,0.3141376816347152,-0.2523515984274593,0.0,0.0,1.1119125312945737,0.2416066086130302,1.116875708483108,0.9836217316108108,0.7529837015266153,0.1239608037140408,0.0,0.0,0.0,0.0,-0.1460256517294724,-0.1015420032128846,0.0,0.0,-0.3306247159630602,0.1154028788523235,0.0,0.084034050871955,0.0,0.0,0.0,0.0,0.0,0.0,-0.1263931430591322,0.0,0.0,0.0661137573398786,0.0,0.0,0.0,0.0,0.0,0.0,0.0,-0.3225043526366951,0.0,0.0,0.1508377530007443,0.0,0.0,0.0,0.0,0.0,0.0
298,-0.5026995813451786,-0.3556127693368643,-0.5503034177803069,0.0,0.0,0.0,-0.1913717977877193,0.0,0.5596590105892906,0.0,0.0,0.0,0.0,0.0,0.0,0.0,0.0,0.1204205624505892,0.0,0.0,0.0,0.2111738133441194,0.0,0.0,0.0,0.0,0.0,0.0,0.0909294598636383,0.0,0.0,-0.8109240404567575,0.0786383646254519,0.0,0.1169987347053392,0.0,0.0,0.0,-0.0834100192599069,-0.0523720189934356,0.3204293758923832,-0.1442479372834902,0.0,0.0,1.1185794249754355,0.2302984286471451,1.0630361245758306,0.9484861880178388,0.6920449941486432,0.1315710506972387,0.0,0.0,0.0,0.0,-0.1764592550353477,-0.1563355349707387,0.0,0.0,-0.3606694542117359,0.1247564077766612,0.0,0.0772233933517502,0.0,0.0,0.0,0.0,0.0,0.0,-0.1430932450418389,0.0,0.0,0.0712270669362604,0.0,0.0,0.0,0.0,0.0,0.0,0.0,-0.3293949820822115,0.1132363631902058,0.0,0.1767572816789042,0.0,0.0,0.0,0.0,0.0,0.0
299,-0.5288779058769228,-0.3106617802818012,-0.5764855099175976,0.0,0.0,0.0,-0.1741813962818628,0.0,0.5670643026971794,0.0,0.0,0.0,0.0,0.0,0.0,0.0668794265048365,0.0,0.1098821684700203,0.0,0.0,0.0,0.1834857718424882,0.0,0.0,0.0,0.0,0.0,0.0,0.0917026391766421,0.0,0.0,-0.806930354698578,0.0795316618133035,0.0,0.0918464649755724,0.0,0.0,0.0,-0.0887519018632893,-0.0534939579432677,0.3324495333813413,-0.0602926005971618,0.0,0.0,1.136818583444368,0.2155007151326045,1.0705981394006987,0.9828660158054948,0.5711844528118405,0.1322583399400861,0.0,0.0,0.0,0.0,-0.1983443182361517,-0.2049843330455103,0.0,-0.0626915061425876,-0.3695362833318269,0.1300041582118456,-0.0626915061425876,0.0,0.0,0.0,0.0,0.0,0.0,0.0,-0.1489398178415715,0.0,0.0,0.0825419639539004,0.0,0.0,0.0,0.0,0.0,0.0,0.0,-0.3395483670040873,0.1404997895139231,0.0,0.1802335286617763,0.0,0.0,0.0,0.0,0.0,0.0
300,-0.5422750359178768,-0.2892919219436227,-0.5946635136107131,0.0,0.0,0.0,-0.1616370278239176,0.0715891795367047,0.574619207110471,0.0,0.0,0.0,0.0,0.0,0.0,0.077930707728144,0.0,0.1139311767573217,0.0,0.0,0.0,0.1706076798270369,0.0,0.0,0.0,0.0,0.0,0.0,0.0882399731961156,0.0,0.0,-0.8092905541622684,0.0789682899037765,0.0,0.0672650592979654,0.0,0.0,0.0,-0.1030138911304821,-0.056746227375508,0.3538609037315009,0.0,0.0,0.0,1.1565610030572022,0.2116497235089464,1.087622050891497,0.994836912939954,0.4741664798799446,0.1306143184912513,0.0,0.0,0.0,0.0,-0.2141625991815113,-0.2368706911214697,0.0,-0.0777395549390499,-0.3751286623213018,0.1297553836953936,-0.0777395549390499,0.0,0.0,0.0,0.0,0.0,0.0,0.0,-0.1254897119554687,0.0,0.0,0.0917415401843322,0.0,0.0,0.0,0.0,0.0,0.0,0.0,-0.3507230335418199,0.155675822618341,0.0,0.1582313964938905,0.0,0.0,0.0,0.0,0.0,0.0
301,-0.5392034387731416,-0.2854951843381934,-0.6104333054164172,0.0,0.0,0.0,-0.1488914425102818,0.0916655977037636,0.5786688180401408,0.0,0.0,0.0,0.0,0.0,-0.0497061692583325,0.0979221694183402,0.0,0.1177458705054738,0.0,0.0,0.0,0.1594275012426501,0.0,0.0,0.0,0.0,0.0,0.0,0.0809749262138114,0.0,0.0,-0.8090806879832122,0.079048675991084,0.0,0.0,0.0,0.0,0.0,-0.1195854875710955,-0.0770156901411236,0.3756119848312658,0.0,0.0,0.0,1.1603166583456022,0.2084142961926959,1.1390705176004952,0.9934529513677622,0.3877327367601728,0.1264905870549841,0.0,0.0,0.0,0.0,-0.2199817986038072,-0.2737935187295329,0.0,-0.0789893554988523,-0.3754389162424768,0.1182767762276786,-0.0789893554988523,0.0,0.0,0.0,0.0,0.0,0.0,0.0,-0.0841414473035918,0.0,0.0,0.0970818531540335,0.0,0.0,0.0,0.0,0.0,0.0,0.0,-0.3572782497751657,0.1565392565737247,0.0,0.1306585615039955,0.0,0.0,0.0,0.0,0.0,0.0
302,-0.5291625135262009,-0.2870070656282757,-0.6242361425862152,0.0,0.0,0.0,-0.1501534528622757,0.1136159620006396,0.5774505338077868,0.0,0.0,0.0,0.0,0.0,-0.0711290039387387,0.110914058176614,0.0,0.1381149542852799,0.0,0.0,0.0,0.1519179006830059,0.0,0.0,0.0,0.0,0.0,0.0,0.0687406261800511,0.0,0.0,-0.8140068843473002,0.0752969857970607,0.0,0.0,0.0,0.0,0.0,-0.1458586049293866,-0.1054951329993213,0.3789054025432961,0.0,0.0,0.0,1.1480596372209262,0.1836463345882614,1.1909245875999128,0.9823476954979424,0.3161340048027792,0.1261948815055786,0.0,0.0,0.0,0.0,-0.2142583922343455,-0.3117228649726417,0.0,-0.0565314607866904,-0.3723681149583018,0.1107830482067099,-0.0565314607866904,0.0,0.0,0.0,0.0,0.0,0.0,0.0,0.0,0.0,0.0,0.0974739815241821,0.0,0.0,0.0,0.0,0.0,0.0,0.0,-0.3590299379084695,0.1477714826557336,0.0,0.1153497784113789,0.0,0.0,0.0,0.0,0.0,0.0
303,-0.5172160966310195,-0.3107637328449798,-0.6346758340534315,0.0,0.0,0.0,-0.1510191473324193,0.1359205457297186,0.5748124611911056,0.0,0.0,0.0,0.0,0.0,-0.0897054533257122,0.1223477988946866,0.0,0.1573773036858885,0.0,0.0,0.0,0.145659702542025,0.0,0.0,0.0,0.0,0.0,0.0,0.0691378272478702,0.0,0.0,-0.8237601086024368,0.0654141561275634,0.0,0.0,0.0,0.0,0.0,-0.1716552466574057,-0.1339245369650838,0.3773168630572002,0.0,0.0,0.0,1.1267257414784384,0.1795387360428514,1.2989782592476298,1.0001047638543026,0.3115625540988589,0.1402489010497251,0.0,0.0,0.0,0.0,-0.2039425137776248,-0.3356147028953142,0.0,0.0,-0.3647768774909863,0.09508027989737,0.0,0.0647000092514575,0.0,0.0,0.0,0.0,0.0,0.0,0.0,0.0,0.0,0.0961352268353565,0.0,0.0,0.0,0.0,0.0,0.0,0.0,-0.3513323761574743,0.1322149353241905,0.0,0.0917039154243652,0.0,0.0,0.0,0.0,0.0,0.0
304,-0.5042029434072107,-0.3445148316179751,-0.6378869829239182,0.0,0.0,0.0,-0.1589091365580591,0.1334672658455168,0.5808102176866863,0.0,0.0,0.0,0.0,0.0,-0.0967843482809514,0.1312628309701315,0.0,0.1346017143702969,0.0,0.0,0.0,0.1688621192642727,0.0,0.0,0.0,0.0,0.0,0.0,0.0695299360256017,0.0,0.0,-0.8389452194415754,0.0,0.0,0.0,0.0,0.0,0.0680845198104662,-0.2101056724963128,-0.1602572044461707,0.3713797773622451,0.0,0.0,0.0,1.0984350744419609,0.1977914083460732,1.3171382725177014,1.0237951090608317,0.3361161553857116,0.1460885883997585,-0.1094658957697543,0.0,0.0,0.0,-0.1784363040107547,-0.3605385509218339,0.0,0.0,-0.3528182678133726,0.0817568850170229,0.0,0.0,0.0,0.0,0.0,0.0,0.0,0.0,0.0,0.0,0.0,0.0908645226387824,0.0,0.0,0.0,0.0,0.0,0.0,0.0,-0.3460256138321238,0.1127495011746027,0.0,0.1194630357613792,0.0,0.0,0.0,0.0,0.0,0.0
305,-0.4962971621951692,-0.3967328066762971,-0.6435373258041241,0.0,0.0,0.0,-0.1732029024883945,0.133015773422323,0.5922428683804807,0.0,0.0,0.0,0.0,0.0,-0.0880143971020204,0.1070855733961166,0.0,0.1108386493489492,0.0,0.0,0.0,0.2113170228046442,0.0,0.0,0.0,0.0,0.0,0.0,0.0671471101151036,0.0,0.0,-0.8548473649884927,0.0,0.0,0.0,0.0,0.0,0.0,-0.24593806196007,-0.1750589493679487,0.3504638670765057,0.0,0.0,0.0,1.0798437866336783,0.218266723660286,1.248954968848413,1.015283032247632,0.2931172832986053,0.1279938472885895,-0.144086598105961,0.0,0.0,0.0,-0.1494898504996129,-0.3573242286323443,0.0,0.0,-0.3407991498341168,0.0682939836009303,0.0,0.0,-0.0441663582090575,0.0,0.0,0.0,0.0,0.0,0.0,0.0,0.0,0.0842826286348712,0.0,0.0,0.0,0.0,0.0,0.0,0.0,-0.3346797676205334,0.129779695634688,0.0,0.0952875775224259,0.0,0.0,-0.0630781667826901,0.0,0.0,0.0
306,-0.4995378604422911,-0.4486292271883601,-0.6461342370043132,0.0,0.0,0.0,-0.1854897077667602,0.1250967002356346,0.6082251206587055,0.0,0.0,0.0,0.0,0.0,-0.0711991022294853,0.0875990992756902,0.0,0.0853956830625579,0.0,0.0,0.0,0.2364335385506157,0.0,0.0,0.0,0.0,0.0,0.0,0.1005557227938103,0.0,0.0,-0.865424446193443,0.0,0.0,0.0,0.0,0.0,0.0,-0.2810542635107159,-0.1837745892888269,0.3367621328176404,0.0,0.0,0.0,1.1280648424655173,0.2376027218792684,1.1995549179884906,1.025427819347684,0.2542349184009111,0.1072660777699324,-0.1644697068374556,0.0,0.0,0.0,-0.1242217889295644,-0.3534511884499725,0.0,0.0,-0.31815620472197,0.0,0.0,0.0,0.0,0.0,0.0,0.0,0.0,0.0,0.0,0.0,0.0,0.0757445364046563,0.0,0.0,0.0,0.0,0.0,0.0,0.0,-0.3161411352735907,0.1735934539897948,0.0,0.0689111368353883,0.0,0.0,-0.1016902585388083,0.0,0.0,0.0
307,-0.5085091091628968,-0.5038210931221435,-0.6480127697880032,0.0,0.0,0.0,-0.2016957584604105,0.1268658538995418,0.6722802086822626,0.0,0.0,0.0,0.0,0.0,0.0,0.0819558896687688,0.0,0.0636902637678585,0.0,0.0,0.0,0.2239258713766383,0.0,0.0,0.0,0.0,0.0,0.0,0.1202643944350763,0.0,0.0,-0.8772829105412394,0.0625201848082722,0.0,0.0,0.0,0.0,0.0,-0.3207897920948173,-0.1826448924378115,0.3109444495978229,-0.0755745700390659,0.0,0.0,1.151663207097143,0.2802849305548401,1.1037139998865726,1.0504276329933595,0.222910750142688,0.0910661937865162,-0.1327837442663954,0.0,0.0,0.0,-0.0925905206224258,-0.3417256710224486,0.0,0.0,-0.2913592966539927,0.0,0.0,0.0,0.0,0.0,0.0,0.0,0.0,0.0,0.0,0.0,0.0,0.0686161028817898,0.0,0.0,0.0,0.0,0.0,0.0,0.0,-0.3005316680715163,0.2043742472549679,0.0,0.0,0.0,0.0,-0.1237036293140524,0.0,0.0,0.0
308,-0.5169230302820794,-0.5459402767680673,-0.6443805249317928,0.0,0.0,0.0,-0.2099716746210585,0.0941723231493265,0.7182613823374858,0.0,0.0,0.0,0.0,0.0,0.0,0.0756058270891632,0.0,0.0,0.0,0.0,0.0713235120788152,0.2150550865525656,0.0,0.0,0.0,0.0,0.0,0.0,0.1401080472840652,0.0,0.0,-0.8857930187966518,0.0685553198777854,0.0,0.0710080834521461,0.0,0.0,0.0,-0.3566174708639115,-0.179219005593074,0.3114924733486086,-0.1005698175919353,0.0,0.0,1.1729438460017148,0.3208120138699328,1.0076086986525803,1.0845244393581273,0.2109618002892739,0.0820300131989684,-0.1191419383273925,0.0,0.0,0.0,-0.0681797612990924,-0.3438671588285422,0.0,0.0,-0.2640220758674129,0.0,0.0,0.0,0.0,0.0,0.0,0.0,0.0,0.0,0.0,0.0,0.0,0.0630212716130858,0.0,0.0,0.0,0.0,0.0,0.0,0.0,-0.2945002997621818,0.2603749950711221,0.0,0.0,0.0,0.0,-0.133808760289818,0.0,0.0,0.0
309,-0.5233692062863617,-0.5810073079814504,-0.6395807907902739,0.0,0.0,0.0,-0.2197801397024382,0.0906830517644178,0.6979822480178561,0.0,0.0,0.0,0.0,0.0,0.0,0.0789054819996193,0.0,0.0,0.0,0.0,0.0835776995092615,0.2126455263232914,0.0,0.0,0.0,0.0,0.0,0.0,0.1383908046929312,0.0,0.0,-0.8905141075210063,0.0848928521849099,0.0,0.1067966944347263,0.0,0.0,0.0,-0.3921091219996617,-0.1672537263337168,0.3061557147741776,-0.1326419170802676,0.0,0.0,1.1517369859135218,0.3525332203801089,0.9383309296567316,1.122781739313877,0.2065445096528511,0.0691708165940307,-0.0442648290486842,0.0,0.0,0.0,-0.0593747019288198,-0.3490568976924857,0.0,0.0,-0.2298306765769605,0.0,0.0,0.0,0.0,0.0,0.0,0.0,0.0,0.0,0.0,0.0,0.0,0.0709990508599386,0.0,0.0,0.0,0.0,0.0,0.0,0.0,-0.2970503856770444,0.2969460883547185,0.0,0.0,0.0,0.0,-0.1268522051821624,0.0,0.0,0.0
310,-0.5351485153380113,-0.6165564107961738,-0.6315690162569394,0.0,0.0,0.0,-0.2226807446636105,0.0857026221375739,0.6740206241051439,0.0,0.0,0.0,0.0,0.0,0.0,0.0898269081417437,0.0,0.0,0.0,0.0,0.0924231121999255,0.2064251399510651,0.0,0.0,0.0,0.0,0.0,0.0,0.1237381453114387,0.0,0.0,-0.8935337414273863,0.1003453729561928,0.0,0.1279224927027991,0.0,0.0,0.0,-0.4155377220593818,-0.1452187883154138,0.3097795282629347,-0.1297887535102055,0.0,0.0,1.09374475230975,0.3502231901068462,0.8877676456070289,1.1483614341831572,0.2058670567489252,0.0,0.0,0.0,0.0,0.0,-0.063049162979225,-0.3549661083314415,0.0,0.0,-0.1946463605317045,0.0,0.0,0.0,0.0,0.0,0.0,0.0,0.0,0.0,0.0,0.0,0.0,0.0825206604874038,0.0,0.0,0.0,0.0,0.0,0.0,0.0,-0.3064877700848931,0.3033421861292535,0.0,0.0667830329861753,0.0,0.0,-0.109562588447301,0.0,0.0,0.0
311,-0.5351215277547624,-0.6393744396484553,-0.6058070695231111,0.0,0.0,0.0,-0.2220315982877857,0.1073271631587982,0.668525841461677,0.0,0.0,0.0,0.0,0.0,0.0,0.1035885085373078,0.0,0.0,0.0,0.0,0.0962585111287911,0.2186160876476215,0.0,0.0,0.0,0.0,0.0665456491951908,0.0,0.1071948599596152,0.0,0.0,-0.8971745948490928,0.1166184882272175,0.0,0.109191033508326,0.0,0.0,0.0,-0.4329093792816059,-0.1220217944516549,0.3177204663269214,-0.1162507771037779,0.0,0.0,1.0371215753030247,0.340449681054113,0.8724737862118307,1.1790449439413402,0.1941710525102887,0.0,0.0,0.0,0.0,0.0,-0.0704498336394417,-0.3689726881379367,0.0,0.0,-0.1702543563766067,0.0,0.0,0.0,0.0,0.0,0.0,0.0,0.0,0.0,0.0,0.0,0.0,0.1026201810488795,0.0,0.0,0.0,0.0,0.0,0.0,0.0,-0.3170004895670081,0.2499459728447117,0.0,0.0763512014120313,0.0,0.0,-0.0918857130575244,0.0,0.0,0.0
312,-0.523290268036414,-0.6505358582004869,-0.567729735088373,0.0,0.0,0.0,-0.2133086175668054,0.1069294860418588,0.6961018183898504,0.0,0.0,0.0,0.0,0.0,0.0,0.0918524430150609,0.0,0.0,0.0,0.0,0.0942892817999438,0.2292361385381857,0.0,0.0,0.0,0.0,0.0900486122186719,0.0,0.0879334171495918,0.0,0.0,-0.8962033269957437,0.1298313774287146,0.0,0.0948991281973867,0.0,0.0,0.0,-0.4450259636072753,-0.1012131047474448,0.3355921477911823,-0.1092973323361911,0.0,0.0,0.9940399763882268,0.3265855507641246,0.8718244169165708,1.1391686041982096,0.1883231482605558,0.0,0.0,0.0,0.0,0.0,-0.0861293266631521,-0.3851060458471712,0.0,0.0,-0.1559854730457182,0.0,0.0,0.0,0.0,0.0,0.0,0.0,0.0,0.0,0.0,0.0,0.0,0.124012263528368,0.0,0.0,0.0,0.0,0.0,0.0,0.0,-0.32683098349147,0.1622669643019069,0.0,0.0815996971137266,0.0,0.0,-0.0702342086794645,0.0,0.0,0.0
313,-0.5055869321820653,-0.6641930421913167,-0.5088443874940809,0.0,0.0,0.0,-0.1956898309307468,0.0892312277666043,0.7408847219914473,0.0,0.0,0.0,0.0,0.0,0.0,0.076611568878222,0.0,0.0,0.0,0.0,0.0861690069981327,0.246830544600744,0.0,0.0,0.0,0.0,0.1131543589765211,0.0,0.0653350087352907,0.0,0.0,-0.8930731242892631,0.1376909330699561,0.0,0.0837134170400711,0.0,0.0,0.0,-0.4481881631723087,-0.0919499352523409,0.3719828494169528,-0.0986649742249251,0.0,0.0,0.9851002079953828,0.3118783050828454,0.8830517011514358,1.04310521966591,0.1807907003876613,0.0,0.0,0.0,0.0,0.0,-0.0927333303295168,-0.3952304726132349,0.0,0.0,-0.1453535878102657,0.0,0.0,0.0,0.0,0.0,0.0,0.0,0.0,0.0,0.0,0.0,0.0,0.1469268253834512,0.0,0.0,0.0,0.0,0.0,0.0,0.0,-0.3378719553492292,0.0629663323226606,0.0,0.0815028134275395,0.0,0.0,0.0,0.0,0.0,0.0
314,-0.4761455650614262,-0.6758287335235648,-0.4427457019642908,0.0,0.0,0.0,-0.179490362980279,0.0727380932351709,0.7270564833462698,0.0,0.0,0.0,0.0,0.0,0.0,0.0,0.0,0.0,0.0,0.0,0.0757033554916432,0.2670549482671437,0.0,0.0,0.0,0.0,0.1341867032862379,0.0,0.0,0.0,0.0,-0.8917193216554624,0.1375488400595722,0.0,0.0789151938142257,0.0633989765780927,0.0,0.0,-0.4378093020432859,-0.0783203046445072,0.3750057452741494,-0.0637573799417435,0.0,0.0,0.980314912974702,0.3129828582196901,0.8845470290993672,0.9704749541944022,0.1757938253605661,0.0639024537330076,0.0,0.0,0.0,0.0,-0.1045627266954166,-0.3901934075907597,0.0,0.0,-0.1487669323001402,0.0,0.0,0.0,0.0,0.0,0.0,0.0,0.0,0.0,0.0,0.0,0.0,0.1605863699032484,0.0,0.0,0.0,0.0,0.0,0.0,0.0,-0.3338357475654858,0.0639550011246802,0.0,0.0760588187977125,0.0,0.0,0.0,0.0,0.0,0.0
315,-0.4459360360990307,-0.6739049025984525,-0.3654525879023756,0.0,0.0,0.0,-0.1605866908662234,0.0,0.7852454978640935,0.0,0.0,0.0,0.0,0.0,0.0,0.0,0.0,0.0,0.0,0.0,0.0644146076651418,0.287127663580179,0.0,0.0,0.0,0.0,0.1474925195292551,0.0,0.0,0.0,0.0,-0.8904612189614505,0.1302349379326684,0.0,0.0660434311572993,0.0,0.0,0.0,-0.4208930225228798,-0.063749904567008,0.3898909673362365,0.0,0.0,0.0,0.9884080661526636,0.3113239680897604,0.8796518309350747,0.9315119299626882,0.1703378458958212,0.0890209964371379,0.0,0.0,0.0,0.0,-0.1068913460427334,-0.3723769227071374,0.0,0.0,-0.1516803670354815,0.0,0.0,0.0,0.0,0.0,0.0,0.0,0.0,0.0,0.0,0.0,0.0,0.167912826895941,0.0,0.0,0.0,0.0,0.0,0.0,0.0,-0.3261771027164264,0.0662082413741826,0.0,0.0662975158482502,0.0,0.0,0.0,0.0,0.0,0.0
316,-0.4142917083105939,-0.6782760205309214,-0.2783411116333475,0.0,0.0,0.0,-0.1502283821955737,0.0,0.8487808316160959,0.0,0.0,0.0,0.0,0.0,0.0,0.0,0.0,0.0,0.0,0.0,0.0,0.2868344370164937,0.0,0.0,0.0,0.0,0.152668775991387,0.0,0.0,0.0,0.0,-0.8907914930181415,0.1316074213009934,0.0,0.0,0.0,0.0,0.0,-0.4033873983277676,0.0,0.4122924615189011,0.0,0.0,0.0,1.0146418365146337,0.3149406753880545,0.858065781193329,0.9164059441699394,0.1614935999135243,0.1158784713171631,0.0,0.0,0.0,0.0,-0.0983464866520207,-0.321380544700364,0.0,0.0,-0.1637889562624304,0.0,0.0,0.0,0.0,0.0,0.0,0.0,0.0,0.0,0.0,0.0,0.0,0.1718225788289849,0.0,0.0,0.0,0.0,0.0,0.0,0.0,-0.3116606113322938,0.068043884096814,0.0,0.0,0.0,0.0,0.0,0.0,0.0,0.0
317,-0.3819218741882914,-0.6859494666183211,-0.1758404456103362,0.0,0.0,0.0,-0.1271247711811898,0.0,0.9079316885162072,0.0,0.0,0.0,0.0,0.0,0.0,0.0,0.0,0.0,0.0,0.0,0.0,0.2672268498998014,0.0,0.0,0.0,0.0,0.1475770396061753,0.0,0.0,0.0,0.0,-0.894447593998613,0.1258160315456561,0.0,0.0,0.0,0.0,0.0,-0.3862520546833214,0.0,0.4410464371757026,0.0,0.0,0.0,1.0241608867984793,0.3165962725591181,0.7606605804640187,0.8886721566415317,0.1494209386142237,0.1415798953102384,-0.0827740147834142,0.0,0.0,0.0,-0.0850207014008588,-0.2532986497821883,0.0,0.0,-0.169022990440283,0.0628468167042237,0.0,0.0,0.0,0.0,0.0,0.0,0.0,0.0,0.0,0.0,0.0,0.1686953326839561,0.0,0.0,0.0,0.0,0.0,0.0,0.0,-0.2861012523036996,0.0772085386772751,0.0,0.0,0.0,0.0,0.0,0.0,0.0,0.0
318,-0.3557516114731229,-0.6748187322779051,-0.0849274367466117,0.0,0.0,0.0,-0.1172574054514577,0.0,0.9521702684182792,0.0,0.0,0.0,0.0,0.0,0.0,0.0,0.0,0.0,0.0,0.0,0.0,0.2599988397055798,0.0,0.0,0.0,0.0,0.135193901904131,0.0,0.0,0.0,0.0,-0.8988373283208015,0.1209043630798016,0.0,0.0,0.0,0.0,0.0,-0.3694168584446902,0.0,0.4703356220109959,0.0,0.0,0.0,1.029734717731981,0.3349259046968139,0.700994898709262,0.8521269232084124,0.1485434371570812,0.0857885841432865,-0.1506709842260366,0.0,0.0,0.0,-0.0643532916312613,-0.181401967197204,0.0,0.0,-0.172441742289853,0.0624151100796815,0.0,0.0,0.0,0.0,0.0,0.0,0.0,0.0,0.0,0.0,0.0,0.1651702976065955,0.0,0.0,0.0,0.0,0.0,0.0,0.0,-0.2594545231827956,0.0922527145196625,0.0,0.0644345355936465,0.0,0.0,0.0,0.0,0.0,0.0
319,-0.3308329473691331,-0.6631579368084256,0.0,0.0,0.0,0.0,-0.1096237459679659,0.0,0.9742457657016343,0.0,0.0,0.0,0.0,0.0,0.0,0.0,0.0,0.0,0.0,0.0,0.0,0.2619076164769308,0.0,0.0,0.0,0.0,0.1177034341964739,0.0,0.0652937788464371,0.0,0.0,-0.9056512628602102,0.1123949724054943,0.0,0.0,0.0,0.0,0.0,-0.3490912131903105,0.0,0.5271244174173093,0.0,0.0,0.0,1.052789846488268,0.3583379171150797,0.7102132037129987,0.8227996754982024,0.1576903349446558,0.0677529328644464,-0.209996102830898,0.0,0.0,0.0,0.0,-0.1049075754218421,0.0,0.0,-0.1731042617371144,0.0,0.0,0.0,0.0,0.0,0.0,0.0,0.0,0.0,0.0,0.0,0.0,0.1624763750442266,0.0,0.0,0.0,0.0,0.0,0.0,0.0,-0.2292682538405312,0.1045360499721802,0.0,0.0941892134245279,0.0,0.0,-0.0442669568509318,0.0,0.0,0.0
320,-0.3225002610423754,-0.6400618407478478,0.0,0.0,0.0,0.0,-0.0976545207107005,0.0,0.987213102251656,0.0,0.0,0.0,0.0,0.0,0.0,0.0,0.0,0.0,0.0,0.0,0.0,0.2642608721343763,0.0,0.0,0.0,0.0,0.1011289305706103,0.0,0.0995727908254513,0.0,0.0,-0.9134084804307784,0.109393699666456,0.0,0.0,0.0,0.0,0.0,-0.3301219475199089,0.0,0.5361534871282082,0.0,0.0,0.0,1.1023336534206076,0.380019618742098,0.6277773981569915,0.807320889601006,0.1656420942114158,0.0,-0.2844006766247479,0.0,0.0,0.0,0.0,0.0,0.0,0.0,-0.1567388918967417,0.0,0.0,0.0,0.0,0.0,0.0,0.0,0.0,0.0,0.0,0.0,0.0,0.15170649340735,0.0,0.0,0.0,0.0,0.0,0.0,0.0,-0.2068936964697388,0.1176358138812515,0.0,0.1365014575373904,0.0,0.0622777429324388,-0.0556001451611708,0.0,0.0,0.0
321,-0.318068558593051,-0.6114635404270776,0.0,0.0,0.0,0.0,-0.0920811316864816,0.0,0.9767299516645236,0.0,0.0,0.0,0.0,0.0,0.0640916631631558,0.0,0.0,0.0,0.0,0.0,0.0,0.2810333159539812,0.0,0.0,0.0,0.0,0.0839307909052705,0.0,0.1378645266859418,0.0,0.0,-0.9199138038009896,0.1075695780782579,0.0,0.0,0.0,0.0,0.0,-0.3079170395719838,0.0,0.5184755147076047,-0.0555147234691654,0.0,0.0,1.1429068770543198,0.4035281465827391,0.5470434929744017,0.8058050970020821,0.1768156813412305,0.0,-0.3308179341067843,0.0,0.0,0.0,0.0,0.0,0.0,0.0,-0.1398792180392252,0.0,0.0,0.0,0.0,0.0,0.0,0.0,0.0,0.0,0.0,0.0,0.0,0.1445688818524772,0.0,0.0,0.0,0.0,0.0,0.0,0.0,-0.1959045833533284,0.0746733879134393,0.0,0.1799784427517081,0.0,0.0,-0.0506691679077741,0.0,0.0,0.0
322,-0.3302859158256502,-0.5728069178848149,0.0,0.0,0.0,0.0,-0.0900154034751909,0.0,0.9307671879914998,0.0,0.0,0.0,0.0,0.0,0.0904698872339708,0.0,0.0,0.0,0.0,0.0,0.0,0.2917341174146498,0.0,0.0,0.0,0.0,0.0730578133012445,0.0,0.18391833025763,0.0,0.0707927512429857,-0.92608785827077,0.0986917660033409,0.0,0.0,0.0,0.0,0.0,-0.2841883797323316,0.0,0.5018103799127863,-0.0785016324266014,0.0,0.0,1.1553202822965976,0.4192461953039756,0.4955096713567062,0.8155184586686666,0.1976632819428925,0.0,-0.3627660797798865,0.0,0.0,0.0,0.0,0.0,0.0,0.0,-0.1163550096561158,0.0,0.0,0.0,0.0,0.0,0.0,0.0,0.0,0.0,0.0,0.0,0.0,0.134475263494205,0.0,0.0,0.0,0.0,0.0,0.0,0.0,-0.1951964583266257,0.0625568653049437,0.0,0.1805432776864998,0.0,0.0,-0.055506901398741,0.0,0.0,0.0
323,-0.3514701143133849,-0.5224827369624955,0.0,0.0,0.0,0.0,-0.0917586291514259,0.0,0.8806342083928856,0.0,0.0,0.0,0.0,0.0,0.0928655188414546,0.0,0.0,0.0,0.0,0.0,0.0,0.295692415908616,0.0,0.0,0.0,0.0,0.0664273529413748,0.0,0.2280162753598673,0.0,0.0875183093417832,-0.9311682475974824,0.1011929712900479,0.0,0.0,0.0,0.0,0.0,-0.2596281747300621,0.0,0.4802475564619751,-0.0931334409939405,0.0,0.0,1.1688041427931553,0.4323890918032536,0.4947599534099192,0.816227405849462,0.1571170967553232,0.0629462335893028,-0.3824438082565066,0.0,0.0,0.0,0.0,0.0,0.0,0.0,-0.0948200250429524,0.0,0.0,0.0,0.0,0.0,0.0,0.0,0.0,0.0,0.0,0.0,0.0,0.123366001435008,0.0,0.0,0.0,0.0,0.0,0.0,0.0,-0.2044174176183342,0.0,0.0,0.1826409274215534,0.0,0.0,-0.0461081004998251,0.0,0.0,0.0
324,-0.3665027969301311,-0.4745905265620699,0.0,0.0,0.0,0.0,-0.0892571979168538,-0.0443230392880677,0.8448024111424485,0.0,0.0,0.0,0.0,0.0,0.0832648436151039,0.0,0.0,0.0,0.0,0.0,0.0,0.3026628757394092,0.0,0.0,0.0,0.0,0.0682108552169881,0.0,0.2646608309321129,0.0,0.1031084676553538,-0.9363251168434568,0.0745122923821022,0.0,0.0,0.0,0.0,0.0,-0.2389107273686856,0.0,0.464052706606155,-0.1001881655164971,0.0,0.0,1.116142159085488,0.435258173049205,0.508638358160862,0.8575941514092148,0.0787561402882277,0.0683529307518707,-0.4018237286162748,0.0,0.0,-0.0490996706394744,0.0,0.0,0.0,0.0,-0.0723487454558032,0.0,0.0,0.0,0.0,0.0,0.0,0.0,0.0,0.0,0.0,0.0,0.0,0.113054156191318,0.0,0.0,0.0,0.0,0.0,0.0,0.0,-0.2247764135310973,0.0,0.0,0.1819701112981383,0.0,0.0,0.0,0.0,0.0,0.0
325,-0.3740600199600112,-0.4277071265021828,0.0,0.0,0.0,0.0,-0.0919517489610813,0.0,0.8510626324929926,0.0,0.0,0.0,0.0,0.0,0.0752053190125127,0.0,0.0,0.0,0.0,0.0,0.0,0.3127527477989637,0.0,0.0,0.0,0.0,0.0777062806704037,0.0,0.2892406582411834,0.0,0.0920000716138453,-0.937279890163588,0.0,0.0,0.0,0.0,0.0,0.0,-0.2143688937795766,0.0,0.4221472436667704,-0.1049854810865877,0.0,0.0,0.9784145273604228,0.4279951235739281,0.535042347888053,0.887990693774277,0.1137041590924039,0.0770172376080949,-0.4207779999356708,0.0,0.0,0.0,0.0,0.0,-0.0527761484547386,0.0,-0.0598874463505668,0.0,0.0,0.0,0.0,0.0,0.0,0.0,0.0,0.0,0.0,0.0,0.0,0.1042505853968322,0.0,0.0,0.0,0.0,0.0,0.0,0.0,-0.247703144070043,0.0,0.0,0.1663659009383699,0.0,0.0,0.0,0.0,0.0,0.0
326,-0.3860291741701325,-0.3976595871789327,0.0,0.0,0.0,0.0,-0.0922230929721258,0.0,0.7569296354239211,0.0,0.0,0.0,0.0,0.0,0.0767723247824224,0.0,0.0,0.0,0.0,0.0,0.0,0.2896105017382153,0.0,0.0,0.0,0.0,0.0696606775469164,0.0,0.2977519516237101,0.0,0.074777538811597,-0.93759970595115,0.0620658074195429,-0.0430591808610726,0.0,0.0,-0.0786258397919922,0.0,-0.1983420981583155,0.0,0.373791199771707,-0.0934520800733067,0.0,0.0,0.9027060454349564,0.4202456011155743,0.5514266586373979,0.932736028571266,0.139897929410453,0.0846372559535481,-0.4362395204391661,0.0,0.0,0.0,0.0,-0.0621347383212547,-0.0673124343066615,0.0,-0.0506361953909675,0.0,0.0,0.0,0.0,0.0,0.0,0.0,0.0,0.0,0.0,0.0,0.0,0.0944876125457218,0.0,0.0,0.0,0.0,0.0,0.0,0.0,-0.2788568251769596,0.0,0.0,0.1668397061971677,0.0,0.0,0.0,0.0,0.0,0.0
327,-0.3863338584583391,-0.3784873381090219,0.0,0.0,0.0,0.0,-0.0980589158456221,0.0,0.6387406469702569,0.0,0.0,0.0,0.0,0.0,0.0799085872031662,0.0,0.0,0.0,0.0,0.0,0.0,0.2494420651617784,0.0,0.0,0.0,0.0,0.0645416922997558,0.0,0.2888420873411919,0.0,0.0,-0.936648000257922,0.0713244343855947,-0.0614149214343434,0.0,0.0,-0.1084096146309893,0.0,-0.1900180142064127,-0.0702464905308227,0.3496810624230569,-0.0630471532539276,0.0,0.0,0.864441231056268,0.406836827531962,0.5710687541079782,0.9512276704517728,0.1879454731391873,0.0966815715260832,-0.4436093998807379,0.0,0.0,0.0,0.0,-0.1443892989097482,-0.070224221065419,0.0,-0.044535261354097,0.0,0.0,0.0,0.0,0.0,0.0,0.0,0.0,0.0,0.0,-0.0623425661870206,0.0,0.0852673133024483,0.0,0.0,0.0,0.0,0.0,0.0,0.0,-0.3040275930086017,0.0,0.0,0.1569402198027165,0.0,0.0,0.0,0.0,0.0,0.0
328,-0.3822088294857269,-0.3582451410740718,0.0,0.0,0.0,0.0,-0.1003448750011596,0.065423339282457,0.5823931595742776,0.0,0.0,0.0,0.0,0.0,0.0820081170571886,0.0,0.0,0.0,0.0,0.0,0.0,0.2027039127540207,0.0,0.0,0.0,0.0,0.0630531748277483,0.0,0.264156631576608,0.0,0.0,-0.9363792727930962,0.0759672017738155,-0.0628999352848109,0.0,0.0,-0.1368260038736002,0.0,-0.1837561676734347,-0.1134882918580981,0.3342097781263823,0.0,0.0,0.0,0.9961212812973907,0.3928292192038264,0.5799273489223229,0.9668830353821156,0.2202817832321842,0.1046400114031542,-0.4456606815383703,0.0,0.0,0.0,0.0,-0.2374108203870279,-0.0631293710004856,0.0,-0.0538740790869393,0.0,0.0,0.0,0.0,0.0,0.0,0.0,0.0,0.0,0.0,-0.0904208428282945,0.0,0.0745377487991887,0.0,0.0,0.0,0.0,0.0,0.0,0.0,-0.3280562659063893,0.0649678298832398,0.0,0.1377403835390928,0.0,0.0,0.0,0.0,0.0,0.0
329,-0.3767027873054726,-0.3489067548729712,-0.073370693610016,0.0,0.0,0.0,-0.1048674852730294,0.0834837440811094,0.5053184387448748,0.0,0.0,0.0,0.0,0.0,0.0851251496992302,0.0,0.0,0.0,0.0,0.0,0.0,0.1678680244794683,0.0,0.0,0.0,0.0,0.0657613728357925,0.0,0.2308777309242299,0.0,0.0,-0.936033656386302,0.0,-0.0511439474895406,0.0,0.0,-0.1555203896837622,0.0,-0.1914830676467385,-0.1415918732566489,0.3201025909687183,0.0,0.0,0.0,1.1275187627401122,0.3670912463612347,0.5769299994584234,0.9790279469806684,0.2083731281915569,0.1070982447767965,-0.4427550714773075,0.0,0.0,0.0,0.0,-0.3277723232540077,-0.0578015112328497,0.0,-0.055945243261775,0.0,0.0,0.0,0.0,0.0,0.0,0.0,0.0,0.0,0.0,-0.1043098930900891,0.0,0.0643329282112756,0.0,0.0,0.0,0.0,0.0,0.0,0.0,-0.350316553496607,0.0882205720310226,0.0,0.1157933546341568,0.0,0.0,0.0,0.0,0.0,0.0
330,-0.3538657312398199,-0.3448171249429088,-0.1404239156033546,0.0,0.0,0.0,-0.1063594324344395,0.0966921398027896,0.4250280496526964,0.0,0.0,0.0,0.0,0.0,0.0862248411995172,0.0,0.0,0.0,0.0,0.0,0.068276892885542,0.1319573215065632,0.0,0.0,0.0,0.0,0.067803856552111,0.0,0.1902500774692005,0.0,0.0,-0.935792024308256,0.0,0.0,0.0,0.0,-0.1707356178434207,0.0,-0.2076661903844984,-0.1536680214733247,0.3221685227508402,0.0,0.0,0.0,1.1972886278950396,0.3639723484993775,0.5571182967687448,0.9889337777328638,0.1917343171659362,0.1025324394383831,-0.4336763228447789,0.0,0.0,0.0,0.0,-0.4013359012824216,0.0,0.0,-0.0678442584043604,0.0,0.0,0.0,0.0,0.0,0.0,0.0,0.0,0.0,0.0,-0.1180235254654465,0.0,0.0,0.0,0.0,0.0,0.0,0.0,0.0,0.0,-0.3559471739269135,0.1293444310202956,0.0,0.0927956212059459,0.0,0.0,0.0,0.0,0.0,0.0
331,-0.3322413579145653,-0.3442053601911959,-0.1945425783372393,0.0,0.0,0.0,-0.1038128985784784,0.1034353820224671,0.3765334572079061,0.0,0.0,0.0,0.0,0.0,0.0834023191101222,0.0,0.0,0.0,0.063224044285512,0.0,0.0863394926369668,0.0965082562333827,0.0,0.0,0.0,0.0,0.0668629504757727,0.0,0.1469157714127969,0.0,0.0,-0.9347547399091708,0.0,0.0,0.0,0.0,-0.1813266230103796,0.0,-0.2266362781080016,-0.1453326105421529,0.3339469506725127,0.0,0.0,0.0,1.237640174851738,0.3542342306744238,0.5670257222966415,1.0066380336120302,0.1680001019490905,0.0941459073616644,-0.4217154042796358,0.0,0.0,0.0,0.0,-0.4598676860959122,0.0,0.0,-0.0820992376225727,0.0,0.0,0.0,0.0,0.0,0.0,0.0,0.0,0.0,0.0,-0.1155568999665192,0.0,0.0,0.0,0.0,0.0,0.0,0.0,0.0,0.0,-0.3549443859182963,0.1435736536937413,0.0,0.0709601042610845,0.0,0.0,0.0,0.0,0.0,0.0
332,-0.3174137485511056,-0.3397319672648139,-0.2439487655030832,0.0,0.0,0.0,-0.1132551873360662,0.10654266931969,0.3522939713895217,0.0,0.0,0.0,0.0,0.0,0.0752248688966182,0.0,0.0,0.0,0.0642634399263503,0.0,0.1099077888189277,0.0778880009306288,0.0,0.0,0.0,0.0,0.0680022436728826,0.0,0.109925069775904,0.0,0.0,-0.930550191428016,0.0,0.0,0.0,0.0,-0.1773209030646874,0.0,-0.2429757598209127,-0.1163590833451587,0.3554748561560167,0.0,0.0,0.0,1.3002039442045368,0.3515215546720009,0.6072855345495023,1.01612551064054,0.0827560994883872,0.0816599620863923,-0.4107038474895914,0.0,0.0,0.0,0.0,-0.5029025225523777,0.0,0.0,-0.0907316681574686,0.0,0.0,0.0,0.0,0.0,0.0,0.0,0.0,0.0,0.0,-0.0985976382839906,0.0,0.0,0.0,0.0,0.0,0.0,0.0,0.0,0.0,-0.3413775008067208,0.1345596364393347,0.0,0.0,0.0,0.0,0.0,0.0,0.0,0.0
333,-0.3130560078458387,-0.3358656805431884,-0.2640905885326962,0.0,0.0,0.0,-0.1169658467416784,0.110218333741792,0.3290082296715309,0.0,0.0,0.0,0.0,0.0,0.0662847741791812,0.075249189288223,0.0,0.0,0.0630004556856308,0.0,0.1375575118190773,0.0,0.0,0.0,0.0,0.0,0.0654963853347065,0.0,0.0719447854870465,0.0,0.0639305914749453,-0.9270904083199962,0.0,0.0,0.0,0.0,-0.1649891373838229,0.0,-0.2635309559442756,-0.0719054972438208,0.3609813252649474,0.0,0.0,0.0,1.3507455340851464,0.3516946569788339,0.6625987447167466,0.9740942525657228,0.0,0.067031573365155,-0.4000903440714495,0.0,0.0,0.0,0.0,-0.5275286181836081,0.0,0.0,-0.1000611750764295,0.0,0.0,0.0,0.0,0.0,0.0,0.0,0.0,0.0,0.0,-0.0788348000912542,0.0,0.0,0.0,0.0,0.0,0.0,0.0,0.0,0.0,-0.3204488061733723,0.1258346555014176,0.0,0.0,0.0,0.0,0.0,0.0,0.0,0.0
334,-0.3187356169025064,-0.3275274016918189,-0.2825462460405832,0.0,0.0,0.0,-0.1208415665381934,0.1127952851459606,0.3111729606000844,0.0,0.0,0.0,0.0,0.0,0.0,0.0,0.0,0.0,0.0,0.0,0.1585686190372048,0.0,0.0,0.0,0.0786095842012314,0.0,0.0,0.0,0.0,0.0,0.0706936564968848,-0.9208952077599584,0.0,0.0,0.0,0.0,-0.1320997294515522,0.0,-0.2809923270239027,0.0,0.3751353218558341,0.0,0.0,0.0,1.4362020787511738,0.357768916070714,0.7305048277061361,0.9271010831893984,0.0,0.0,-0.3913803744933895,0.0,0.0,0.0,0.0,-0.5448899749685958,0.0,0.0,-0.1087546170274798,0.0,0.0,0.0,0.0,0.0,0.0,0.0,0.0,0.0,0.0,-0.0483918442518533,0.0,0.0,0.0,0.0,0.0,0.0,0.0,0.0,0.0,-0.2920979149925329,0.1218977208989286,0.0,0.0,0.0,0.0,0.0,0.0,0.0,0.0
335,-0.3302377320136804,-0.3250319648733982,-0.3001124827419871,0.0,0.0,0.0,-0.1273655122531199,0.1108847858746911,0.2946676098272822,0.0,0.0,0.0,0.0,0.0,0.0,0.0,0.0,0.0,0.0,0.0,0.1743518058749119,0.0,0.0,0.0,0.0858892114846856,0.0,0.0,0.0,0.0,0.0,0.0762196168470559,-0.9139675438357706,0.0,0.0,0.0,0.0,-0.0951492239232481,0.0,-0.2973185915629503,0.0,0.3809412977641314,0.0,0.0,0.0,1.5184501815913063,0.3765944380693518,0.7564430354241648,0.8909506275389564,0.0824951813290251,0.0,-0.3775076711814366,0.0,0.0,0.0,0.0,-0.5637503967532803,0.0,0.0,-0.1157121761623156,0.0,0.0,0.0,0.0,0.0,0.0,0.0,0.0,0.0,0.0,0.0,0.0,0.0,0.0,0.0,0.0,0.0,0.0,0.0,0.0,-0.2379198017039222,0.1129751367640191,0.0,0.0,0.0,0.0,0.0,0.0,0.0,0.0
336,-0.3562262282624538,-0.3255914931188695,-0.3021063769578425,0.0,0.0,0.0,-0.1318128726572596,0.1068421453145199,0.2948785244468335,0.0,0.0,0.0,0.0,0.0,0.0,0.0,0.0,0.0,0.0,0.0,0.1837214405418983,0.0,0.0,0.0,0.0857056727827992,0.0,0.0,0.0,0.0,0.0,0.0809044530880209,-0.9020390197273628,0.0,0.0,0.0,0.0,-0.0607743611662094,0.0,-0.3101107579492279,0.0,0.3829514640455614,0.0,0.0,0.0,1.4726854867846506,0.3874738404046973,0.7656427144753387,0.8631029299745387,0.1375795149482153,0.0,-0.3495474465543824,0.0,0.0,0.0,0.0,-0.5629123958554026,0.0,0.0,-0.1140381751873959,0.0,0.0,0.0,0.0,0.0,0.0,0.0,0.0,0.0,0.0,0.0,0.0,0.0,0.0,0.0,0.0,0.0,0.0,0.0,0.0,-0.1842543331032392,0.0988160117467542,0.0,0.0,0.0,0.0,0.0,0.0,0.0,0.0
337,-0.3926231982100972,-0.3337597827918196,-0.3021509278249373,0.0,0.0,0.0,-0.1308896577090171,0.0988378943450988,0.2983674893353064,0.0,0.0,0.0,0.0,0.0,0.0,0.0,0.0,0.0,0.0,0.0,0.1852061310546993,0.0,0.0,0.0620818645385718,0.0875108999186336,0.0,0.0,0.0,0.0,0.0,0.0916105342730397,-0.8899724955186121,0.0,0.0,0.0,0.0,0.0,0.0,-0.3197822237478314,0.0,0.3832039222445611,0.0,0.0,0.0,1.4273092322716672,0.4068185967226089,0.7712146969068119,0.8598629999983475,0.1369267127225229,0.0,-0.3196342587941596,0.0,0.0,-0.0933014034567427,0.0,-0.5423959706547644,0.0,0.0,-0.1087803260009086,0.0,0.0,0.0,0.0,0.0,0.0,0.0,0.0,0.0,0.0,0.0,0.0,0.0,0.0,0.0,0.0,0.0,0.0,0.0,0.0,-0.1347777872555277,0.0816519672903288,0.0,0.0,0.0,0.0,0.0,0.0,0.0,0.0
338,-0.4366592485002075,-0.356492776765133,-0.3036794071400093,0.0,0.0,0.0,-0.1331425858476684,0.1009088749198084,0.3109362140994294,0.0,0.0,0.0,0.0,0.0,0.0,0.0,0.0,0.0,0.0,0.0,0.1810208739721822,0.0,0.0,0.0737742446395653,0.0900256213995967,0.0,0.0,0.0,0.0,0.0,0.103780652410681,-0.8775718052395485,0.0,0.0,0.0,0.0,0.0,0.0,-0.3298439454707138,0.0,0.3742204666361036,0.0,0.0,0.0,1.4441242089764492,0.4134388950020481,0.7606510851728879,0.8622239597238083,0.1408635723099558,0.0,-0.2878226029785791,0.0,0.0,-0.1534232852106777,0.0,-0.5228203347848354,0.0,0.0,-0.0924714881018145,0.0732835363246598,0.0,0.0,0.0,0.0,0.0,0.0,0.0,0.0,0.0,0.0,0.0,0.0,0.0,0.0,0.0,0.0,0.0,0.0,0.0,-0.0810085939327833,0.0653956430845801,0.0,0.0,0.0,0.0,0.0,0.0,0.0,0.0
339,-0.4885245577532485,-0.3874397731831617,-0.2839775906775829,0.0,0.0,0.0,-0.1328450624987276,0.0842550497742474,0.318144287828249,0.0,0.0,0.0,0.0,0.0,0.0,0.0,0.0,0.0,0.0,0.0,0.1804808771746904,0.0,0.0,0.0822910226752697,0.0936408738698483,0.0,0.0,0.0,0.0,0.0,0.0883549086356294,-0.8632905165439664,0.0,0.0,0.0,0.0,0.0,0.0,-0.3394822245491581,0.0,0.3563254174604941,-0.0710348142757795,0.0,0.0,1.4706387505521452,0.4223216632618984,0.7305567763203829,0.8840862124482404,0.1473429992312632,0.0,-0.2500232434768326,0.0,0.0,-0.1964636779521637,0.0,-0.5052629343596587,0.0,0.0,-0.0709456581784967,0.0836931760363579,0.0,0.0,0.0,0.0,0.0,0.0,0.0,0.0,0.0,0.0,0.0,0.0,0.0,0.0,0.0,0.0,0.0,0.0,0.0,0.0,0.0,0.0,0.0,0.0,0.0,0.0,0.0,0.0,0.0
340,-0.5388799103290334,-0.4243876602102984,-0.2613446810239009,0.0,0.0,0.0,-0.1322464045036366,-0.0668204763780623,0.3400652690608527,0.0,0.0,0.0,0.0,0.0,0.0,0.0,0.0,0.0,0.0,0.0,0.1808512065735598,0.062834448592631,0.0,0.0881689729118431,0.0994288539171442,0.0,0.0,0.0,0.0,0.0,0.0750995732057566,-0.8534519945446526,0.0,0.0,0.0,0.0,0.0,0.0,-0.3540208860308268,0.0,0.3377810842851859,-0.1343405980556541,0.0,0.0,1.3631284678634537,0.4206382432177504,0.6928679462632221,0.9181020285751458,0.1498845772555156,0.0,-0.1942221038105767,0.0,0.0,-0.2259937209492836,0.0651683546091337,-0.4907817090502831,0.0653888544346371,0.0,0.0,0.0901733573435626,0.0,0.0,0.0,0.0,0.0,0.0,0.0,0.0,0.0,0.0,0.0,0.0,0.0,0.0,0.0,0.0,0.0,0.0,0.0,0.0,0.0,0.0,0.0,0.0,0.0,0.0,0.0,0.0,0.0
341,-0.5823327628942159,-0.4558191007145196,-0.2504698646179043,0.0,0.0,0.0,-0.1291752288969256,-0.0764721921751788,0.3721078619924344,0.0,0.0,0.0,0.0,0.0,0.0,0.0,0.0,0.0,0.0,0.0,0.1781745384523029,0.0962610819035264,0.0,0.0941637448557707,0.1051299549572123,0.0,0.0,0.0,0.0,0.0,0.0649515197351423,-0.8356970122870833,0.0,0.0,0.0,0.0,0.0,0.0,-0.3658755893667152,0.0,0.3177647644422189,-0.1875815363305978,0.0,0.0,1.196180350418347,0.4063618480089744,0.6513787197415191,0.96019481903098,0.1582256127319927,0.0,-0.1390764190336371,0.0,0.0,-0.2362597694650912,0.0661357359238236,-0.4811595532546339,0.0730997997737659,0.0,0.0,0.0953673575788232,0.0,0.0,0.0,0.0,0.0,0.0,0.0,0.0,0.0,0.0,0.0,0.0,0.0,0.0,0.0,0.0,0.0,0.0,0.0,0.0,0.0,0.0,0.0,0.0,0.0,0.0,0.0,0.0,0.0
342,-0.624640376389716,-0.4970037442238791,-0.2369414650166641,0.0,0.0,0.0,-0.1242657887229957,-0.080436320023943,0.3720420910352595,0.0,0.0,0.0,0.0,0.0,0.0,0.0,0.0,0.0,0.0,0.0,0.190827724046408,0.1120924690704358,0.0,0.0952082492065245,0.1243816341187008,0.0,0.0,0.0,0.0,0.0,0.0,-0.8154919832235259,0.0,0.0,0.0,0.0,-0.0785400104207931,0.0,-0.3766580346655584,0.0,0.3004762410219336,-0.2323716073105219,-0.0458921008316424,0.0,1.0340948451893104,0.3816014035923716,0.616293303408198,0.8965348536291516,0.1600008123265738,0.0,-0.0960355226921526,0.0,0.0,-0.2373250143952098,0.0622922129626109,-0.4757398543620758,0.0798000085123467,0.0,0.0,0.0,0.0,0.0707313431045862,0.0,0.0,0.0,0.0,0.0,0.0,0.0,-0.0725718138335815,0.0,0.0,0.0,0.0,0.0,0.0,0.0,0.0,0.0,0.0,0.0,0.0,0.0,0.0,0.0,0.0,0.0,0.0,0.0
343,-0.6547734158604307,-0.5335447915832884,-0.2143777745148717,0.0,0.0,0.0,-0.1258263785972529,-0.0804502854815831,0.3887205371661377,0.0,0.0,0.0,0.0,0.0,0.0,0.0,0.0,0.0,0.0,0.0,0.2121104590253271,0.0720150022486701,0.0,0.0967814584566369,0.1523605733303292,0.0,0.0,0.0,0.0,0.0,0.0,-0.8037180149243159,0.0,0.0,0.0,0.0,-0.1104210265177089,0.0,-0.3805703491350134,0.0,0.2867079830835046,-0.2732360533247124,-0.067927054707334,0.0,0.897459347652119,0.3491086608025006,0.5926683752179399,0.8530442102621255,0.1645333138813254,0.0,-0.0593774675432005,0.0,0.0,-0.230995760611843,0.0,-0.4638239879703023,0.0825239651797834,0.0,0.0,0.0,0.0,0.1045548609746678,0.0,0.0,0.0,0.0,0.0,0.0,0.0,-0.1100212012327341,0.0,0.0,0.0,0.0,0.0,0.0,0.0,0.0,0.0,0.0,0.0,0.0,0.0,0.0,0.0,0.0,0.0,0.0,0.0
344,-0.6769482527146806,-0.5563799261860437,-0.1999306809373417,0.0,0.0,0.0,-0.1225128831121087,-0.0698166866349681,0.4169974363549087,0.0,0.0,0.0,0.0,0.0,0.0,0.0,0.0,0.0,0.0,0.0,0.2310356240040322,0.0,0.0,0.0920469431863145,0.1901302702504903,0.0,0.0,0.0,0.0,0.0,0.0,-0.7970856200315898,0.0,0.0,0.0,0.0,-0.1318734097456604,0.0,-0.3739602165044428,0.0,0.2728100164976695,-0.3201855841118158,-0.0851363760228093,0.0,0.7778733571134968,0.3110263979687093,0.593512892858241,0.8499998033472989,0.1646686722767533,0.0,0.0,0.0,0.0,-0.2176721983815931,0.0,-0.4625980673702958,0.0824759233251431,0.0,0.0,0.0773874466116719,0.0,0.1331315209733702,0.0,0.0,0.0,0.0,0.0,0.0,0.0,-0.1493296022598345,0.0,0.0,0.0,0.0,0.0,0.0,0.0,0.0,0.0,0.0,0.0,0.0,0.0,0.0,0.0,0.0,0.0,0.0,0.0
345,-0.7043636229269834,-0.5767350528793379,-0.1906075303389984,0.0,0.0,0.0,-0.1238461510772277,-0.0632989634499337,0.4489751407822075,0.0,0.0,0.0,0.0,0.0,0.0,0.0,0.0,0.0,0.0,0.0,0.256697476316304,0.0,0.0,0.0850590237348658,0.1932052833717299,0.0,0.0,0.0,0.0,0.0,0.0,-0.7985167893237601,0.0,-0.0484094520279038,0.0,0.0,-0.1385747675057639,0.0,-0.3625837531199828,0.0,0.2661512951428769,-0.3466030803167179,-0.0896342114220124,0.0,0.7858093396243434,0.2617782092814164,0.5982003386627284,0.8356224067704058,0.1665394539169954,0.0,0.0,0.0,0.0,-0.192570479427378,0.0,-0.4730538073493161,0.0782322260427483,0.0,0.0,0.0849596951167719,0.0,0.1073759154684499,0.0,0.0,0.0,0.0,0.0,0.0,-0.0618357975172763,-0.1884959257669468,0.0,0.0,0.0,0.0,0.0,0.0,0.0,0.0,0.0,0.0,0.0,0.0,0.0,0.0,0.0,0.0,0.0,0.0,0.0
346,-0.7230277246795459,-0.5806915134649252,-0.1992459482409393,0.0,0.0,0.0,-0.1229106492503697,-0.0497362564965312,0.4567615088058131,0.0,0.0,0.0,0.0,0.0,0.0,0.0,0.0,0.0,0.0,0.0,0.2835149308922388,0.0,0.0,0.07827137804945,0.1858248913270575,0.0,0.0,0.0,0.0,0.0,0.0,-0.8065490317411134,0.0,-0.0750834292955719,0.0,0.0,-0.1330374490065381,0.0,-0.3486849309637875,0.0,0.2600779594267516,-0.3732010044763501,-0.1026268226688391,0.0,0.8544456632914781,0.2212110779645365,0.6009364405476566,0.8107342105659061,0.1508704512989286,0.0,0.0,0.0,0.0,-0.1629051640986391,0.0,-0.4862286079316232,0.0703188832326468,0.0,0.0,0.081149641133927,0.0,0.0776018132615359,0.0,0.0,0.0,0.0,0.0,0.0,-0.1024263317912864,-0.2321069529104648,0.0,0.0,0.0,0.0,0.0,0.0,0.0,0.0,0.0,-0.0498892907063798,0.0,0.0,0.0,0.0,0.0,-0.0442518493505793,0.0,0.0,0.0
347,-0.7372423536222094,-0.5705036426011506,-0.2240857487166904,0.0,0.0,0.0,-0.1230637570369876,0.0,0.4357880635837772,0.0,0.0,0.0,0.0,0.0,0.0,0.0,0.0,0.0,0.0,0.0,0.3040859994380468,0.0,0.0,0.0,0.1708384539317565,0.0,0.0,0.0,0.0,0.0,0.0,-0.8173452757959526,0.0,-0.1093996343553963,0.0,0.0,-0.1153907004953822,0.0,-0.3356447182190851,0.0,0.2746471735430366,-0.4057477416178897,-0.0968836495831742,0.0,0.8529194298518752,0.1795217963884534,0.5978674090944924,0.830754166748127,0.1528620776117843,0.0,0.0,0.0,0.0,-0.1313873948037392,0.0,-0.4925219196282907,0.0637822601950102,0.0,0.0,0.0757212745502846,0.0,0.0777540364616629,0.0,0.0,0.0,0.0,0.0,0.0,-0.1592095681790636,-0.2713673232128536,0.0,0.0,0.0,0.0,0.0,0.0,0.0,0.0,0.0,-0.1085104409941925,0.0,0.0,0.0,0.0,0.0,-0.0905536671654607,0.0,0.0,0.0
348,-0.7478783166697427,-0.5438586288099212,-0.2668739833573588,0.0,-0.0871854240395986,-0.0871854240395986,-0.1248133531479858,0.0,0.4075008272014198,0.0,0.0,0.0,0.0,0.0,0.0,0.0,0.0,0.0,0.0,0.0,0.3138764598027626,0.0,0.0,0.0,0.1484042842061605,0.0,0.0,0.0,0.0,0.0,0.0,-0.8317174424785524,0.0,-0.1512610056867911,0.0,0.0,-0.0797843005449416,0.0,-0.3257363874328731,0.0,0.2912057988313086,-0.4188242414637033,-0.0783754665211204,0.0,0.8189361563049409,0.1419054750766167,0.5755762411712763,0.8133175377863415,0.1465355437827951,0.0692319448515798,0.0,0.0,0.0,-0.0900461193483134,0.0,-0.5099311441870596,0.0,0.0,0.0,0.0675989581559635,0.0,0.0730586777305404,0.0,0.0,0.0,0.0,0.0,0.0,-0.2155360081978197,-0.298860034761539,0.0,0.0,0.0,0.0,0.0,0.0,0.0,0.0,0.0,-0.16170848940402,0.0,0.0,0.0,0.0,0.0,-0.1362118640894474,0.0,0.0,0.0
349,-0.7574255143919225,-0.5088960502392794,-0.3097407952165279,0.0,-0.1357638519240386,-0.1357638519240386,-0.1254362512259092,0.0,0.3773332798070259,0.0,0.0,0.0,0.0,0.0,0.0,0.0,0.0,0.0,0.0,0.0,0.3152746782044511,0.0,0.0,0.0,0.1313939476073471,0.0,0.0,0.0,0.0,0.0,0.0,-0.8502013297191957,0.0,-0.1768766834468883,0.0,0.0,0.0,0.0,-0.3217710015842098,0.0,0.3031718810529296,-0.4206098217048119,-0.0516273887596116,0.0,0.7949266149618173,0.1107728786332993,0.5572473256495876,0.7840968145891608,0.1333184249446115,0.0847147751699901,0.0,0.0,0.0,-0.0501213814343577,0.0,-0.5260954746400549,0.0,0.0,0.0,0.0,0.0,0.0756111777857289,0.0,0.0,0.0,0.0,0.0,0.0,-0.2724184080921022,-0.3228724569446397,0.0,0.0,0.0,0.0,0.0,0.0,0.0,0.0,0.0,-0.2133795312770088,0.0,0.0,0.0,0.0,0.0,-0.1848393875742744,0.0,0.0,0.0
350,-0.7615789139943818,-0.4726904597056929,-0.3472247739126342,0.0,-0.159885719612833,-0.159885719612833,-0.1297969728814881,0.0,0.3549758412807909,0.0,0.0,0.0,0.0,0.0,0.0,0.0,0.0,0.0,0.0,0.0,0.3043095117606105,0.0,0.0,0.0,0.1165473640105281,0.0,0.0,0.0,0.0,0.0,0.0,-0.85969475637491,0.0,-0.2032614426056822,0.0,0.0,0.0,0.0621156627483957,-0.3233509928385563,0.0,0.3127292293953411,-0.4169807467033417,0.0,0.0,0.8062298809105134,0.0873898537353407,0.5308752960311518,0.8006798736666197,0.112970227347707,0.0976765949111853,0.0,0.0,0.0,0.0,0.0,-0.5208354123665857,0.0,0.0,0.0,0.0,0.0,0.0935495665505907,0.0,0.0,0.0,0.0,0.0,0.0,-0.3285617524613425,-0.330659422294854,0.0,0.0,0.0,0.0,0.0,0.0,0.0,0.0,0.0,-0.2774867316630754,0.0,0.0,0.0,0.0,0.0,-0.2047113803696795,0.0,0.0,0.0
351,-0.7619953782354043,-0.414377939644854,-0.3830418509009502,0.0,-0.1643924450297444,-0.1643924450297444,-0.1247183687097369,0.0,0.339065002159696,0.0,0.0,0.0,0.0,0.0,0.0,0.0,0.0,0.0,0.0,0.0,0.2844024619234224,0.0,0.0,0.0,0.0993891000887176,0.0,0.0,0.0,0.0,0.0,0.071863556874364,-0.871599371733021,0.0,-0.2163453385538577,0.0,0.0,0.0,0.0,-0.3330314130924043,0.0631197135048708,0.3262499949695221,-0.3873564411597888,0.0,0.0,0.8153220120088727,0.0761819668913238,0.5043483098107064,0.8391323277223629,0.0917453206982779,0.1122482297055919,0.0,0.0,0.0,0.0,0.0,-0.5238787909408157,0.0,0.0,0.0,0.0,0.0,0.1094241730252716,0.0,0.0,0.0,0.0,0.0,0.0,-0.3799205753464471,-0.3267833624233723,0.0,0.0633216525905452,0.0,0.0,0.0,0.0,0.0,0.0,0.0,-0.3175628047849025,0.0,0.0,0.0,0.0,0.0621972274560272,-0.2166975066216796,0.0,0.0,0.0
352,-0.7516185394624376,-0.358010463782009,-0.4142613941190268,0.0,-0.1506279423448114,-0.1506279423448114,-0.1257811987756281,0.0,0.3484134978007316,0.0,0.0,0.0,0.0,0.0,0.0,0.0,0.0,0.0,0.0,0.0,0.2594442467529902,0.0,0.0,0.0,0.0960279105294819,0.0,0.0619317343132505,0.0,0.0,0.0,0.0,-0.8806141214347676,0.0,-0.2167914940481261,0.0,0.0,0.0,0.0,-0.3412490870985302,0.0665100007980121,0.3402779486285904,-0.3295614160132312,0.0,0.0,0.7394125056926492,0.0637921523336829,0.4755791675226865,0.7926159147393514,0.0717677400816083,0.129431753153658,0.0,0.0,0.0,0.0,0.0,-0.5243452479679188,0.0,0.0,0.0,0.0633352600610084,0.0,0.1170217601214949,0.0,0.0,0.0,0.0,0.0,0.0,-0.4267656606596013,-0.3015419547754868,0.0,0.0777784067912518,0.0,0.0,0.0,0.0,0.0,0.0,0.0,-0.3501211501592024,0.0,0.0,0.0,0.0,0.0682252409800721,-0.2321962748764859,0.0,0.0,0.0
353,-0.7347467833213149,-0.3005920103727663,-0.4370076501176624,0.0,-0.1168921206456159,-0.1168921206456159,-0.1214602425522947,0.0,0.4151156856668901,0.0,0.0,0.0,0.0,0.0,0.0,0.0,0.0,0.0,0.0,0.0,0.2355528102248175,0.0,0.0,0.0,0.0901848118958669,0.0,0.0745837871900091,0.0,0.0,0.0,0.0,-0.8892161707719799,-0.0520340212320863,-0.2080998831370954,0.0,0.0,0.0,0.0,-0.353145810636386,0.0670733024980236,0.3604643697049243,-0.2682849587320199,0.0,0.0,0.610948597168649,0.0,0.4599513086221381,0.8664735279274662,0.0,0.1406673429653314,0.0,0.0,0.0,0.0,-0.0658397172400178,-0.5184243010921914,0.0,0.0,0.0,0.0880797851072708,0.0,0.1306325252735783,0.0,0.0,0.0,0.0,0.0,0.0,-0.4534551147860085,-0.2659601818432446,0.0,0.0862237518389505,0.0,0.0,0.0,0.0,0.0,0.0,0.0,-0.372626350947181,0.0,0.0,0.0,0.0,0.0705147412062344,-0.2385465039883139,0.0,0.0,0.0
354,-0.7098338290057682,-0.2461235067052248,-0.4583043378106098,0.0,-0.0768257941239488,-0.0768257941239488,-0.1268551862147133,0.0,0.3891786482377173,0.0,0.0,0.0,0.0689623156757922,0.0,0.0,0.0,0.0,0.0,0.0,0.0,0.2070137242855615,0.0,0.0,0.0,0.0846934030480876,0.0,0.0916733379804214,0.0,0.0,0.0,0.0,-0.8958853210472424,-0.0827464626246119,-0.1966694222896718,0.0,0.0,0.0,0.0,-0.3579190489945967,0.0649987186836151,0.3718769771851765,-0.1907062771666742,0.0,0.0,0.4861311343089627,0.0,0.4605741500825555,1.059031063470513,0.0,0.1531670174677789,0.0,0.0,0.0,0.0,-0.0919702323239684,-0.5134794297452353,0.0,0.0,0.0,0.1343278691943072,0.0,0.1677235897086931,0.0,0.0,0.0,0.0,0.0,0.0,-0.4635868971160866,-0.2232448932863606,0.0,0.0928619667677823,0.0,0.0,0.0,0.0,0.0,0.0,0.0,-0.3912168746093173,0.0,0.0,0.0,0.0,0.068787696332018,-0.2482854943127705,0.0,0.0,0.0
355,-0.6809529577887105,-0.2126500645799111,-0.4606000053467651,0.0,0.0,0.0,-0.1348863320362745,0.0,0.3623699838921603,0.0,0.0,0.0,0.080466693742969,0.0,0.0,0.0,0.0,0.0,0.0,0.0,0.1858967561909744,0.0,0.0,0.0,0.0952169798913281,0.0,0.0800904353856339,0.0,0.0,0.0,0.0,-0.8991996787541798,-0.096015319730511,-0.1822778792838342,0.0,0.0,0.0,0.0,-0.357304841763097,0.0,0.3605883188135291,-0.121006563931601,0.0,0.0,0.417027144369323,0.0,0.3977960656982794,1.0853235204742164,0.0,0.1614839969892312,0.0,0.0,0.0,0.0,-0.1136557576242076,-0.5133636705455679,0.0,0.0,0.0,0.1301936222052242,0.0,0.2137165104643413,0.0,0.0,0.0,0.0,0.0,0.0,-0.4613105694296179,-0.1758341018315981,0.0,0.0974835078360562,0.0,0.0,0.0,0.0,0.0,0.0,0.0,-0.3939035413229725,0.0,0.0,0.0,0.0,0.0631979030134633,-0.2498780274976588,0.0,0.0,0.0
356,-0.6428395037069734,-0.2002362884126215,-0.4523782594516041,0.0,0.0,0.0,-0.145548967234884,0.0,0.3335277465375225,0.0718271134488896,0.0,0.0,0.0680847658588079,0.0,0.0,0.0,0.0,0.0,0.0,0.0,0.1765372177851133,0.0,0.0,0.0,0.0893292549495517,0.0,0.0678768407996111,0.0,0.0,0.0,0.0653917749001015,-0.9048183240724086,-0.1063657203068016,-0.1741224053618243,0.0,0.0,0.0,0.0,-0.3472854551188413,0.0,0.338904644452505,-0.0520649308566546,0.0,0.0,0.4028749075054589,0.0,0.3315168363182562,1.1053587637075282,0.0,0.1618674961436461,0.0,0.0,0.0,0.0,-0.1417382921231427,-0.5194067278242408,0.0,0.0,0.0,0.1163849800090556,0.0,0.2037310188468873,0.0,0.0,0.0,0.0,0.0,0.0,-0.4489685943953855,-0.134822258448741,0.0,0.0967294152379571,0.0,0.0,0.0,0.0,0.0,0.0,0.0,-0.3945222445365529,0.0,0.0,0.0,0.0,0.0,-0.2404820986661243,0.0,0.0,0.0
357,-0.6048789975566469,-0.1999408328760077,-0.4519187096957148,0.0,0.0,0.0,-0.1601592477568932,0.0,0.3096878493961975,0.0849420586154044,0.0,0.0,0.0903622269572554,0.0,0.0,0.0,0.0,0.0,0.0,0.0,0.1773282539647174,0.0,0.0,0.0,0.0694419543465378,0.0,0.0679805577168876,0.0,0.0,0.0,0.0718413113381185,-0.9090190970056956,-0.113235967162286,-0.1661721453173997,0.0,0.0,0.0,0.0,-0.3296139262211077,0.0,0.317733290599902,0.0,0.0,0.0,0.4514731508293929,0.0,0.2717434159406972,1.0999399760130542,0.0745018624381469,0.1586123766973611,-0.0488332584498834,0.0,0.0,0.0,-0.1725789174032388,-0.5310064277485427,0.0,0.0,0.0,0.1335651577329379,0.0,0.1898130100004833,0.0,0.0,0.0,0.0,0.0,0.0,-0.4297396469473077,-0.0936111963987192,0.0,0.0941891112730221,0.0,0.0,0.0,0.0,0.0,0.0,0.0,-0.3924571339182725,0.0,0.0,0.0,0.0,0.0,-0.2192539911482943,0.0,0.0,0.0
358,-0.5694342985342463,-0.2122454603429254,-0.4622036320192499,0.0,0.0,0.0,-0.1759419590382251,0.0,0.310406459788749,0.0922925804158096,0.0,0.0,0.0883323681945024,0.0,0.0,0.0,0.0,0.0,0.0,0.0,0.1823232681869382,0.0,0.0,0.0,0.0653548572658022,0.0,0.0692434152649885,0.0,0.0,0.0,0.0755303652341,-0.910062101704948,-0.1052044391658438,-0.1619098358528515,0.0,0.0,0.0,0.0,-0.3085995846677393,0.0,0.336886882101642,0.0,0.0,0.0,0.5220891668810944,0.0,0.2213651662912883,1.0807517429160045,0.1368465701999953,0.1528227108908735,-0.0532691157702655,0.0,0.0,0.0,-0.1904132168685627,-0.5544643616278009,0.0,0.0,0.0,0.1528364975282202,0.0,0.1810030254562687,0.0,0.0,0.0,0.0,0.0,0.0,-0.404739334437075,-0.0701809261117482,0.0,0.0882666007121855,0.0,0.0,0.0,0.0,0.0,0.0,0.0,-0.3882030563238291,0.0,0.0,0.0,0.0,0.0,-0.1840449280712499,0.0,0.0,0.0
359,-0.5335470299262033,-0.2451052353898904,-0.4616610926061018,0.0,0.0,0.0,-0.1999867655005059,0.0,0.2784478237037751,0.0777407605416471,0.0,0.0,0.0817884980463812,0.0,0.0,0.0,0.0,0.0,0.0,0.0,0.2185769125308334,0.0,0.0,0.0,0.0656245896873925,0.0,0.0814082912299865,0.0,0.0,0.0,0.075257135585307,-0.911280486724106,-0.0905508435180244,-0.1735287123296542,0.0,0.0,0.0,0.0,-0.2741814373473248,0.0,0.3195174960071198,0.0,0.0,0.0,0.5932970851512799,0.0,0.1784122645813811,1.040933229960381,0.1231876329919806,0.1451456277521395,-0.0559537937508366,0.0,0.0,0.0,-0.2185436016885156,-0.5763239445956153,0.0,0.0,0.0,0.1671720053869134,0.0,0.1653329218469166,0.0,0.0,0.0,0.0,0.0,0.0,-0.3765003491065074,-0.0629681828328647,0.0,0.081007593353302,0.0,0.0,0.0,0.0,0.0,0.0,0.0,-0.380910805488895,0.0,0.0,0.0,0.0,0.0,-0.1383327482342458,0.0,0.0,0.0
360,-0.503417618885029,-0.2793626397592138,-0.4771160913947613,0.0,0.0,0.0,-0.2213954166794767,0.0,0.2558242802461573,0.0,0.0,0.0,0.0718867794965592,0.0,0.0,0.0,0.0,0.0,0.0,0.0,0.2562429325608261,0.0,0.0,0.0,0.0,0.0,0.0970184640063367,0.0,0.0,0.0,0.0715231087800551,-0.9111613600585996,-0.0800175580251119,-0.184683675447777,0.0,0.0,0.0,0.0,-0.2304137562791389,0.0,0.2971274032188084,0.0,0.0,0.0,0.6639338967575587,0.0,0.1463875288321229,0.9995255630454996,0.1113529161251531,0.1298665007945222,-0.0719511538118107,0.0,0.0,0.0,-0.234824906756355,-0.5896317640821064,0.0,0.0,0.0,0.1762580923863397,0.0,0.1625309027602292,0.0,0.0,0.0,0.0,0.0,0.0,-0.3558523450170905,-0.0727796150111507,0.0,0.0745691769380887,0.0,0.0,0.0,0.0,0.0,0.0,0.0,-0.3719422074460072,0.0,0.0,0.0,0.0,0.0,-0.0971303832658768,0.0,0.0,0.0
361,-0.4831764708990187,-0.3268037603923298,-0.4941337537441103,0.0,0.0,0.0,-0.2482788598383004,0.0,0.2465947829573117,0.0,0.0,0.0,0.080750111829276,0.0,0.0,0.0,0.0,0.0,0.0,0.0,0.2659598982116661,0.0,0.0,0.0,0.0,0.0,0.1085128726599331,0.0,0.0,0.0,0.0643161236777262,-0.91170028226845,-0.0700140804240203,-0.2065308680296343,0.0,0.0,-0.0459040751386606,0.0634495865948092,-0.1923912619483257,0.0,0.271392625783147,0.0,0.0,0.0,0.7362457057148242,0.0,0.1181006260595835,0.9393505857703236,0.0965074967247275,0.1198004250270635,-0.0613224292593397,0.0,0.0,0.0,-0.2494163689173941,-0.6095794293783937,0.0,0.0,0.0,0.1533934907176659,0.0,0.1622988463674333,0.0,0.0,0.0,0.0,0.0,0.0,-0.336847729836107,-0.0997872596757657,0.0,0.0673568532735143,0.0,0.0,0.0,0.0,0.0,0.0,0.0,-0.3599835554250422,0.0,0.0,0.0,0.0,0.0,-0.0472880226110369,0.0,0.0,0.0
362,-0.4747325695739774,-0.3802961364399963,-0.4952221836492516,0.0,0.0,0.0,-0.2666457720611456,0.0,0.2569010767377265,0.0,0.0,0.0,0.0906627435169007,0.0,0.0,0.0,0.0,0.0,0.0,0.0,0.2853352372968368,0.0,0.0,0.0,0.0,0.0,0.0993907656263319,0.0,0.0,0.0,0.0,-0.9137165785175324,-0.0743439968739976,-0.2351972723542909,0.0,0.0,-0.044689268960272,0.0,-0.1426828714332229,0.0,0.2580738057289461,0.0,0.0,0.0,0.8009847143099919,0.0652164719449091,0.0984958036723496,0.8890133646426204,0.0892533447407256,0.1077464535819598,-0.0699885115777493,0.0,0.0,0.0,-0.2464026064308936,-0.6286406717281873,0.0,0.0,0.0,0.1286397161060828,0.0,0.1653714782879365,0.0,0.0,0.0,0.0,0.0,0.0,-0.3270971045029811,-0.1394614832958873,0.0,0.0648675405561116,0.0,0.0,0.0,0.0,0.0,0.0,0.0,-0.3441629013799303,0.0,0.0,0.0713710139626397,0.0,0.0,0.0,0.0,0.0,0.0
363,-0.4781934781380502,-0.4234188097339593,-0.4816577800995166,0.0,0.0,0.0,-0.2861446287082466,0.0,0.2761218267211424,0.0,0.0,0.0,0.0999918994044162,0.0,0.0,0.0,0.0,0.0,0.0,0.0,0.3140838406460809,0.0,0.0,-0.0593791896160514,0.0,0.0,0.1008717431086969,0.0,0.0,0.0,0.0,-0.9106562003193384,-0.0925131597631595,-0.2508840303363212,0.0,0.0636741982251155,0.0,0.0,-0.0971455271590864,0.0,0.2688310091778432,0.0,0.0,0.0,0.9086865558105444,0.0719145155138926,0.0770456277580536,0.8503201083905616,0.087094631618412,0.0888488728323805,-0.0774570165291055,0.0,0.0,0.0,-0.2479041666812489,-0.6293446805017994,0.0,0.0,0.0,0.103841325769318,0.0,0.175312050884964,0.0,0.0,0.0,0.0,0.0,0.0,-0.3106612004213364,-0.1859753316289196,0.0,0.0641433348414252,0.0,0.0,0.0,0.0,0.0,0.0,0.0,-0.3295744637753984,0.0,0.0,0.0900776573432749,0.0,0.0,0.0,0.0,0.0,0.0
364,-0.4886352339111252,-0.4561731959628108,-0.4681220718384228,0.0,0.0,0.0,-0.3004091766547265,0.0,0.3122671761803838,0.0,0.0,0.0,0.1067806331061982,0.0,0.0,0.0,0.0,0.0,0.0,0.0,0.3540852312476647,0.0,0.0,-0.1126951136551677,0.0,0.0,0.0951143347305099,0.0,0.0,0.0637387356319476,0.0,-0.907715663573609,-0.1186397746411209,-0.2772094471020436,0.0,0.0627653844620698,0.0,0.0,-0.0552554850077212,0.0,0.2840652593364314,0.0,0.0,0.0,0.9378884075972274,0.0760707637917827,0.0789403097872212,0.8242522365019026,0.085397153237697,0.0740909277648754,-0.0930281027394296,0.0,0.0,0.0,-0.2278029712325473,-0.6260156409288616,0.0,0.0,0.0,0.0776149561677452,0.0,0.1884708774007919,0.0,0.0,0.0,0.0,0.0,0.0,-0.2946065403071459,-0.2314036054085086,0.0,0.0657646530931899,0.0,0.0,0.0,0.0,0.0,0.0,0.0,-0.3152181456857466,0.0,0.0,0.1104945824061403,0.0,0.0626971860423684,0.0,0.0,0.0,0.0
365,-0.5060515290702907,-0.484254139798271,-0.4520674731148947,0.0,0.0,0.0,-0.3086157673352474,0.0,0.3489656812818946,0.0,0.0,0.0,0.1101256524334079,0.0,0.0,0.0,0.0,0.0,0.0,0.0,0.3964953262828795,0.0,0.0,-0.1497573543125818,0.0,0.0,0.0876495102734603,0.0,0.0,0.0663829379189138,0.0,-0.9032141606449012,-0.140794414930765,-0.295839804100775,0.0,0.0,0.0,0.0,0.0,0.0,0.3096161299651666,0.0,-0.0745178914527561,0.0,0.8301438890662465,0.0782524115723804,0.0890696701694155,0.8139110869920415,0.0832348104035397,0.0694340202026906,-0.1197080960664038,0.0,0.0,0.0,-0.2109125224198536,-0.6249984875630417,0.0,0.0,0.0,0.0,0.0,0.2004249190663461,0.0,0.0,0.0,0.0,0.0,0.0,-0.2809154404857471,-0.2739521364066771,0.0,0.0668562132924198,0.0,0.0,0.0,0.0,-0.0822241871922376,0.0,0.0,-0.2887456467850228,0.0,0.0,0.1336796784702709,0.0,0.0734059573415867,0.0,0.0,0.0,0.0
366,-0.5264899895744583,-0.525657408014859,-0.4255260269605884,0.0,0.0,0.0,-0.3161830239510409,0.0,0.3823037802288063,0.0,0.0,0.0,0.1224680862423498,0.0,0.0,0.0,0.0,0.0,0.0,0.0,0.4382379702830439,0.0,0.0,-0.1617515938742661,0.0,0.0,0.080230946258201,0.0,0.0,0.0,0.0,-0.8988054429367378,-0.1604088440383243,-0.3180642022556839,0.0,0.0,0.0,0.0,0.0,0.0695811909746347,0.347148624956913,0.0,-0.0949913286527911,0.0,0.7716782421092944,0.080708478568889,0.0938725045995534,0.8400173673511921,0.0828164329156752,0.0624224893857179,-0.1400867213426565,0.0,0.0,0.0,-0.1912346328309394,-0.6052489171155324,0.0,0.0,0.0,0.0,0.0,0.2025419920231093,0.0633128443010191,0.0,0.0,0.0,0.0,0.0,-0.2670772551328625,-0.3053223248015188,0.0,0.0671323418143563,0.0,0.0,0.0,0.0,-0.147800286185101,0.0,0.0,-0.2647952568603605,0.0,0.0,0.155340627157672,0.0,0.0807006155799872,0.0,0.0,0.0,0.0
367,-0.5556689326558248,-0.5612449826263959,-0.3913316060968976,0.0,0.0,0.0,-0.3159759366015026,0.0,0.4097801343265793,0.0,0.0,0.0,0.132540074263373,0.0,0.0,0.0,0.0,0.0,0.0,0.0,0.4169068926446242,0.0,0.0,-0.167102418709489,0.0,0.0,0.0794147561612692,0.0,0.0,0.0,0.0,-0.8933344010949611,-0.1771916936156813,-0.337661004689603,0.0,0.0,0.0,0.0,0.0,0.0888208862567692,0.3542256282879793,0.0,-0.1052201477650673,0.0,0.7409661863191944,0.0809408141923961,0.0985524283375302,0.9070554505939664,0.0779885778849373,0.0,-0.1628083920217372,0.0,0.0,0.0,-0.1606430467946265,-0.5873551234510574,0.0,0.0,0.0,0.0,0.0,0.1844865861329724,0.0831517243170867,0.0,0.0,0.0,0.0,0.0,-0.2481828229316609,-0.3236577417606525,0.0,0.0683676926401195,0.0,0.0,0.0,0.0,-0.2014730690006555,0.0,0.0,-0.2393912501193525,0.0,0.0,0.1700612094010895,0.0,0.0832924772379217,0.0,0.0,0.0,0.0
368,-0.5855407471047479,-0.5917293205199314,-0.3590337946453382,0.0,0.0,0.0,-0.3176817369872062,0.0,0.4394226604188505,0.0,0.0,0.0,0.1155834166265254,0.0,0.0,0.0,0.0,0.0,0.0,0.0,0.3074638907886949,0.0,0.0,-0.1696857613976827,0.0,0.0,0.0787424214123617,0.0,0.0,0.0,0.0,-0.8869828339036179,-0.1867276889378522,-0.3525955791752418,0.0,0.0,0.0,0.0,0.0,0.1044674448165203,0.3543953431452798,0.0,-0.1108869133134791,0.0,0.8261515369400033,0.0790505928117563,0.1020918295017051,0.9608570699107856,0.068857731363852,0.0,-0.1924341458933768,0.0,0.0,0.0,-0.1369171587507427,-0.5670386214787123,0.0,0.0,0.0,0.0,0.0,0.1813314090523099,0.1187384796072256,0.0,0.0,0.0,0.0,0.0,-0.2315775860971596,-0.3329720999837457,0.0,0.0677138121510571,0.0,0.0,0.0,0.0,-0.2318069686384219,0.0,0.0,-0.2280914438333258,0.0,0.0,0.1795512041969995,0.0,0.0823703672656069,-0.0787911494434029,0.0,0.0,0.0
369,-0.6124768311109247,-0.6170180273384298,-0.3381568832649057,0.0,0.0,0.0,-0.3153816951908431,0.0,0.4566433420071676,0.0,0.0,0.0,0.0888202433938426,0.0,0.0,0.0,0.0,0.0,0.0,0.0,0.2392806052187208,0.0,0.0,-0.1588247652873488,0.0,0.0,0.0753299806784816,0.0,0.0,0.0,0.0,-0.882489935589426,-0.1824745100999023,-0.368047819738351,0.0,0.0,0.0,0.0,0.0,0.1165435397682329,0.3513556921592336,0.0,-0.0983874791081726,0.0,0.909887368733196,0.0720051935357116,0.1037553468497018,0.9959589773943704,0.06694009612494,0.0,-0.2039282679658264,0.0,0.0,0.0,-0.1181978323026512,-0.5492178471370013,0.0,0.0,0.0,0.0,0.0,0.1924603733980813,0.1400645723769052,0.0,0.0,0.0,0.0,0.0,-0.2198352825574625,-0.3263877915704815,0.0,0.064028035459164,0.0,0.0,0.0,0.0,-0.2719301427807315,0.0,0.0,-0.2214574017246227,0.0,0.0,0.1811266604307501,0.0,0.0760684884611301,-0.1107063568058808,0.0,0.0,0.0
370,-0.6331583019030681,-0.6388969295855517,-0.3204518655117632,0.0,0.0,0.0,-0.3124999554354246,0.0,0.4709126664415276,0.0,0.0,0.0,0.078222426497927,0.0,0.0,0.0,0.0,0.0,0.0,0.0,0.2179366473662255,0.0,0.0,-0.1384142088808145,0.0,0.0,0.0734241452863722,0.0,0.0,0.0,0.0,-0.8784496185865778,-0.1654601418244846,-0.3890086937864705,0.0718963924450875,0.0,0.0,0.0,0.0,0.124476402910569,0.3453999634466124,0.0,-0.0808552873903426,0.0,0.8752972026900222,0.0640219303065073,0.1058453240219785,1.0902332450280527,0.072350124906883,0.0,-0.2126389478138265,0.0,0.0,0.0,-0.1084646456764462,-0.5446626166819981,0.0,0.0623485868255809,0.0,0.0,0.0623485868255809,0.2140596570803176,0.1423459436386536,0.0,0.0,0.0,0.0,0.0,-0.214293930424902,-0.3106218740234348,0.0,0.0,0.0,0.0,0.0,0.0,-0.305315610586397,0.0,0.0,-0.2219035440857306,0.0,0.0,0.1737311015738017,0.0,0.0666469774676448,-0.1213454644352069,0.0,0.0,-0.0518391356048895
371,-0.6503001547280172,-0.6609958111016128,-0.319511200195374,0.0,0.0,0.0,-0.3192943096700609,0.0,0.4728152524224622,0.0,0.0,0.0,0.0664311499319296,0.0,0.0,0.0,0.0,0.0,0.0,0.0,0.2127654492890459,0.0,0.0,-0.1133396917331656,0.0,0.0,0.0631235330121933,0.0,0.0,0.0,0.0,-0.8744306989900004,-0.1381033348754088,-0.405151315546112,0.0815589403734207,0.0,0.0,0.0,0.0,0.1270663004045271,0.3478997546768405,0.0,-0.0621959514802399,0.0,0.8674353022717178,0.0,0.1046588363711355,1.2152516906543196,0.0759824797713413,0.0668351875544298,-0.2246564777955479,0.0,0.0,0.0,-0.1024861735153527,-0.5366488059836979,0.0,0.0,0.0,0.0,0.0,0.2259842764519913,0.1256511517337827,0.0,0.0,0.0,0.0,0.0,-0.2096983819888109,-0.3005859600048234,0.0,0.0,0.0,0.0,0.0,0.0,-0.3429629209173024,0.0,0.0,-0.2384661172067408,0.0,0.0,0.1658987605427668,0.0,0.0,-0.1113871982110355,0.0,0.0,-0.1038192844536037
372,-0.6626479830172302,-0.6815823200728324,-0.326634694280454,0.0,0.0,0.0,-0.3246913362516606,0.0,0.4674951840038734,0.0,0.0,0.0,0.0,0.0,0.0,0.0,0.0,0.0,0.0,0.0,0.2282287608312374,0.0,0.0,-0.0903593042999106,0.0,0.0,0.0,0.0,0.0,0.0,0.0,-0.8737172243575859,-0.1065600145257759,-0.4345192212742088,0.0877472809618739,0.0,0.0,0.0,-0.0690837279626447,0.1225791030757185,0.3460649432907035,0.0,-0.0529537393769583,0.0,0.883705317424662,0.0,0.1025127292051057,1.331036889649288,0.0767442071349398,0.0688437921430474,-0.2277296351634379,0.0,0.0,0.0,-0.112847533162591,-0.5254259948331114,0.0,0.0,0.0,0.0,0.0,0.2201138462097107,0.0705401171297762,0.0,0.0,0.0,0.0,0.0,-0.2093558856658503,-0.2796937278740136,0.0,0.0,0.0,0.0,0.0,0.0,-0.3780753566335603,0.0,0.0,-0.2563309723758957,0.0,0.0,0.1516137410198278,0.0,0.0,-0.0783371238822431,0.0,0.0,-0.1428075924563955
373,-0.6670005218650649,-0.7041927399024819,-0.3443116645363739,0.0,0.0,0.0,-0.3322005537804741,0.0,0.4705480923512248,0.0,0.0,0.0,0.0,0.0,0.0,0.0,0.0,0.0,0.0,0.0,0.2676668030972932,0.0,0.0,-0.0587464251100776,0.0,0.0,0.0,0.0,0.0,0.0,0.0,-0.8732526812871027,-0.0794417219628452,-0.4604273513122078,0.0884610866895019,0.0,0.0,0.0,-0.0943206879837078,0.1136991950037122,0.3500656895929522,0.0,-0.0516089013172511,0.0,0.9069189845485072,0.0,0.1016877201054713,1.4573607210702062,0.07445748421758,0.0684442145781621,-0.2317678365836235,0.0,0.0,0.0,-0.1414731880835144,-0.4995936321653043,0.0,0.0,0.0,0.0,0.0,0.2016384292154319,0.0,0.0,0.0,0.0,0.0,0.0,-0.2183272524202522,-0.2617792769845228,0.0,0.0,0.0,0.0,0.0,0.0,-0.4088638176368048,0.0,0.0,-0.2837116253540632,0.0,0.0,0.1447232669301895,0.0,0.0,0.0,0.0,0.0,-0.1604767667616865
374,-0.66941231620764,-0.7158291934190582,-0.3664185245966409,0.0,0.0,0.0,-0.3344291824294231,0.0,0.4588413514285407,0.0626868381281091,0.0,0.0,0.0,0.0,0.0,0.0,0.0,0.0,0.0,0.0,0.3361030275995324,0.0,0.0,0.0,0.0,0.0,0.0,0.0,0.0,0.0,0.0,-0.8751815318831886,-0.0541446834135249,-0.4821773940322877,0.0847678186861538,0.0,0.0,0.0,-0.1229441356367898,0.1002560588484101,0.3537825371922253,0.0,-0.0604643978309626,0.0,0.9595618737738052,0.0,0.0992282083828413,1.5164719444660857,0.0721617220938355,0.0639698686917549,-0.2424118214214875,0.0,0.0,0.0,-0.1743280634376111,-0.4648488038614524,0.0,0.0,0.0,0.0,0.0,0.1540821053975615,0.0,0.0,0.0,0.0,0.0,0.0,-0.2266850644267795,-0.2455833123551548,0.0,0.0,0.0,0.0,0.0,0.0,-0.4347294257788628,0.0,0.0,-0.3200666317097275,0.0,0.0,0.1331460970622063,0.0,0.0,0.0,0.0,0.0,-0.173641269903793
375,-0.6622720446201042,-0.7247464035757865,-0.3862353300988267,0.0,0.0,0.0,-0.332634959543061,0.0,0.4500912157945728,0.0670575787892171,0.0,0.0,0.0,0.0,-0.0452551093724495,0.0,0.0,0.0,0.0,0.0,0.4272964887918892,0.0,0.0,0.0,0.0,0.0,0.0,0.0,0.0,0.0,0.0,-0.8794563291220943,0.0,-0.4962696505410187,0.0755014578435628,0.0,0.0,0.0,-0.152862810760761,0.0867519412460631,0.3611443291997878,0.0,-0.0785143472062616,0.0,1.0204406354227609,0.0735774535689276,0.0993627426970727,1.5256037163349427,0.0728343873038282,0.0,-0.2479027995156564,0.0,0.0,0.0,-0.2087014788756679,-0.4192670953792894,0.0,0.0,0.0,0.0,0.0,0.132929416940165,0.0,0.0,0.0,0.0,0.0,0.0,-0.2332456733083308,-0.227895537019782,0.0,0.0,0.0,0.0,0.0,0.0,-0.4585310216467625,0.0,0.0,-0.3500143723418976,0.0,0.0,0.1202212196850953,0.0,0.0,0.0,0.0,0.0,-0.172250740494904
376,-0.6420352380037724,-0.7311851942190372,-0.4075281838850612,0.0,0.0992690466013923,0.0992690466013923,-0.3247671970434442,0.0,0.439880350780743,0.0730977955826908,0.0,0.0,0.0,0.0,-0.0575762091429449,0.0,0.0,0.0,0.0,0.0,0.428109687293167,0.0,0.0,0.0,0.0,0.0,0.0,0.0,0.0,0.0,0.0,-0.8833414565205624,0.0,-0.503681449239893,0.0637161760211648,0.0,0.0,0.0,-0.1787702280033723,0.0730228849516187,0.3654258735174819,0.0,-0.1058332455003666,0.0,1.0904559117588606,0.0936250304556754,0.1008271321677252,1.5030485446007065,0.0745112693313179,0.0,-0.2568593902707414,0.0,0.0,0.0,-0.242662928481146,-0.3597560714929928,0.0,0.0,0.0,0.0,0.0,0.1407567631154577,0.0,0.0,0.0,0.0,0.0,0.0,-0.2413327608936907,-0.2177410410978913,0.0,0.0,0.0,0.0,0.0,0.0,-0.4794995041647381,0.0,0.0,-0.3801948094789791,0.0,0.0,0.1128813916433857,0.0,0.0,0.0,0.0,0.0,-0.1596739145611788
377,-0.6198593625009539,-0.7443768220060366,-0.436631233557074,0.0,0.0757128663750578,0.0757128663750578,-0.3085643901123396,0.0,0.4267353039105805,0.0765978114366887,0.0,0.0,0.0,0.0,-0.0636835130588824,0.0,0.0,0.0,0.0,0.0,0.4073407104257113,0.0,0.0,0.0,0.0,0.0,0.0,0.0,0.0,0.0,0.0,-0.889654400110365,0.0,-0.4898901669072424,0.0,0.0,0.0,0.0,-0.2115872499294901,0.0,0.3714846453286082,0.0,-0.129554004305046,0.0,1.1601775884551984,0.1328170213747459,0.103868477313738,1.4838838559897,0.0762219546476064,0.0,-0.2656335070307775,0.0,0.0,0.0,-0.2718761796016161,-0.292032321821792,0.0,0.0,0.0,0.0,0.0,0.1778827610398601,0.0710604447042081,0.0,0.0,0.0,0.0,0.0,-0.2409952343827552,-0.2214883512839532,0.0,0.0660408262838894,0.0,0.0,0.0,0.0,-0.4862253509625003,0.0,0.0,-0.3855868138436695,0.0,0.0,0.1099500548278466,0.0,0.0,0.0,0.0,0.0,-0.1225229183633707
378,-0.5922364637758372,-0.7575801053473288,-0.4649142964805065,0.0,0.0,0.0,-0.2827082190158783,0.0,0.4180490532322657,0.0806547305454424,0.0,0.0,0.0,0.0,-0.0614579426649458,0.0,0.0,0.0,0.0,0.0,0.4013721078694443,0.0,0.0,0.0,0.0,0.0,0.0,0.0,0.0,0.0,0.0,-0.8949726787707317,-0.0537397179607492,-0.4781123056759978,0.0,0.0,0.0,0.0,-0.2389704712339127,0.0,0.3761073321865649,0.0,-0.1517263729465462,0.0,1.2122358796169277,0.1713886930518239,0.1088487034981257,1.4183959635925316,0.0797914147891909,0.0,-0.2697997839335841,0.0,0.0,0.0,-0.2932137976047398,-0.2147424568621897,0.0621736465693438,0.0,0.0,0.0,0.0,0.2358567859974644,0.0884821127848932,0.0,0.0,0.0,0.0,0.0,-0.241526711984725,-0.2322720693481881,0.0,0.0785131684389345,0.0,0.0,0.0,0.0,-0.5010329482462048,0.0,0.0,-0.3828471886115086,0.0,0.0,0.1087328861852485,0.0,0.0,0.0,0.0,0.0,-0.0843606758655191
379,-0.5707167420031427,-0.770058141922927,-0.4803796196494112,0.0,0.0,0.0,-0.2524711222497576,-0.0705331590754719,0.4041187790725776,0.0874309012157904,0.0,0.0,0.0,0.0,-0.0672738514075814,0.0,0.0,0.0,0.0,0.0,0.4057057922260021,0.0,0.0,0.0,0.0,0.0,0.0,0.0,0.0,0.0,0.0,-0.8979755943609291,-0.0673040945198532,-0.4472968073727487,0.0,0.0,0.0,0.0,-0.2660788011807108,0.0,0.3773499400250203,0.0,-0.1654090390320556,0.0,1.2454515304221063,0.2178687056914403,0.1163313902229164,1.3220671630172536,0.0868923507246965,0.0,-0.2692677296576587,0.0,0.0,0.0,-0.3142770983018496,-0.1503689823019105,0.0679874781155835,0.0,0.0,0.0,0.0,0.1941332498250924,0.0782057634942907,0.0,0.0,0.0,0.0,0.0,-0.2405251810046127,-0.2466441347303575,0.0,0.0901785186660826,0.0,0.0,0.0,0.0,-0.5231467221864962,0.0,0.0,-0.3673567006367124,0.0,0.0,0.1039492892632103,0.0,0.0,0.0,0.0,0.0,0.0
380,-0.5399098651181246,-0.7713084824928539,-0.4965499235558064,0.0,0.0,0.0,-0.2138123037302316,-0.0983807123739098,0.4090071934608976,0.1039115549093286,0.0,0.0,0.0,0.0,-0.0684578571579813,0.0,0.0,0.0,0.0,0.0,0.4028375513395586,0.0,0.0,0.0,0.0,0.0,0.0,0.0,0.0,0.0,0.0,-0.9019629479948006,-0.0790515328246075,-0.4073303583276175,0.0,0.0,0.0,0.0,-0.2916218015382554,0.0,0.3770491547038482,0.0,-0.17508735342931,0.0,1.2652958776017011,0.2565409485844596,0.1361358908745386,1.2638545118429514,0.0874456113145123,0.0,-0.2568084324417093,0.0,0.0,0.0,-0.3201002217483879,-0.1007453396374005,0.0753940312758632,0.0,0.0,0.0,0.0,0.1494788416433303,0.0652839635524997,0.0,0.0,0.0,0.0,0.0,-0.2299567350605421,-0.2736973130425589,0.0,0.0994008656842969,0.0,0.0,0.0,0.0,-0.5459579251573059,0.0,0.0,-0.3386855211614471,0.0,0.0,0.0958954036477444,0.0,0.0,0.0,0.0,0.0,0.0
381,-0.5133566680170536,-0.75878039418826,-0.5132646124252045,0.0,0.0,0.0,-0.1821856937133313,-0.1288522175984006,0.4145818130907225,0.1130711680863658,0.0,0.0,0.0,0.0,-0.0648761105816987,0.0,0.0,0.0,0.0,0.0,0.3622701490309911,0.0,0.0,0.0,0.0,0.0,0.0,0.0,0.0,0.0,0.0,-0.9026332753857448,-0.0846790752807529,-0.3515312155870407,0.0,0.0,0.0,0.0,-0.2970745723452114,0.0,0.3672946198212303,0.0,-0.1758488882025644,0.0,1.2536865624637974,0.2889883373944449,0.1717032461603668,1.1875945842600253,0.0938270823182469,0.0,-0.2409760705533996,0.0,0.0,0.0,-0.3111871969525116,-0.0717257514081396,0.0804409830377805,0.0,0.0,0.0,0.0,0.1233158913100285,0.0,0.0,0.0,0.0,0.0,0.0,-0.2221095026655309,-0.3004998016413078,0.0,0.0978392957815339,0.0,0.0,0.0,0.0,-0.5587034933635833,0.0,0.0,-0.3044544776557654,0.0,0.0,0.0849046129492698,0.0,0.0,0.0,0.0,0.0,0.0
382,-0.4858633463989971,-0.7295686409375871,-0.5343475368098634,0.0,0.0,0.0,-0.1524182094789722,-0.155551961661378,0.4064511478494119,0.1138781913066006,0.0,0.0,0.0,0.0,-0.0695753777883489,0.0,0.0,0.0,0.0,0.0,0.3296600652174746,0.0,0.0,0.0,0.0,0.0,0.0,0.0,0.0,0.0,0.0,-0.8994006993113981,-0.0820584494585803,-0.2839135177873104,0.0,0.0,0.0,0.0,-0.2946680551658698,0.0,0.3670057437205847,0.0,-0.173192438668783,0.0,1.2361574024496358,0.3165802830963031,0.2062989917651636,1.0784590429481766,0.0951385077417134,0.0,-0.2259417233114908,0.0,0.0,0.0,-0.3032426720634191,-0.0706567508216529,0.0843041386436601,0.0,0.0,0.0,0.0,0.1216825659371091,0.0625731618750761,0.0,0.0,0.0,0.0,0.0,-0.2184960836100871,-0.3438003349546251,0.0,0.0872143483493263,0.0,0.0,0.0,0.0,-0.5613356646883426,0.0,0.0,-0.2656936488963911,0.0,0.0,0.073455340482891,0.0,0.0,0.0,0.0,0.0,0.0
383,-0.4679103100420423,-0.6895052060069958,-0.5570728546929069,0.0,0.0,0.0,-0.1347390306792097,-0.1851732895801875,0.396031677179083,0.1098573889982789,0.0,0.0,0.0,0.0,-0.0671668506558337,0.0,0.0,0.0,0.0,-0.0474433273648362,0.2962318401744114,0.0,0.0,0.0,0.0,0.0,0.0,0.0,0.0,0.0,0.0,-0.8935486730484401,-0.077275589822526,-0.2146373118255871,0.0,0.0,0.0,0.0,-0.2803501424821669,0.0,0.3665413616038177,0.0,-0.173970904273282,0.0,1.1873614756142843,0.3401896422562031,0.2462703059563228,0.988780580095281,0.0966869009789434,0.0,-0.2074105568689613,0.0,0.0,0.0,-0.2915757846982617,-0.0895437964690294,0.0893224239507936,0.0,0.0,0.0,0.0,0.1382487446065414,0.0634424536136063,0.0,0.0,0.0,0.0,0.0,-0.2062920284712947,-0.3827860727798592,0.0,0.0745180728038168,0.0,0.0,0.0,0.0,-0.5637350047036023,0.0,0.0,-0.2119418652162179,0.0,0.0,0.0,0.0,0.0,0.0,0.0,0.0,0.0
384,-0.4600219949829459,-0.6318458689710422,-0.5771702653308138,0.0,0.0,0.0,-0.1270800250289198,-0.1958363433219093,0.3776769464813648,0.1010273552834234,0.0,0.0,0.0,0.0,-0.0736812212071243,0.0,0.0,0.0,0.0,-0.0841308978314042,0.2533456314945638,0.0,0.0,0.0,0.0,0.0,0.0,0.0,0.0,0.0,0.0,-0.8851805781134199,-0.0590374009533845,-0.1564016920395092,0.0,0.0,0.0,0.0,-0.2661880973538459,0.0,0.3765358119150059,0.0,-0.1776745673746385,0.0,1.1329599979334235,0.3523094660170126,0.2776029715506515,0.9330130270009516,0.0986028772516806,0.0,-0.1792000173588112,0.0,0.0,0.0,-0.2825190520271079,-0.1231607170032308,0.1021608985026951,0.0,0.0,0.0,0.0,0.1652675408608966,0.0622257691985312,0.0,0.0,0.0,0.0,0.0,-0.2025192915010298,-0.410634469469586,0.0,0.0,0.0,0.0,0.0,0.0,-0.5420023250150093,0.0,0.0,-0.1658947832650829,0.0,0.0,0.0,0.0,0.0,-0.0742490920373076,0.0,0.0,0.0
385,-0.4582939347426085,-0.5554214738799641,-0.6024661452562713,0.0,0.0,0.0,-0.1336266869523388,-0.2044497132069918,0.3540483984274292,-0.0613829418115403,0.0,0.0,0.0,0.0,-0.0853287887974598,0.0736263644022321,0.0,0.0,0.0,-0.1157804782433554,0.2238172736377337,0.0,0.0,0.0,0.0,0.0,0.0,0.0,0.0,0.0,0.0,-0.8739223477719698,-0.0531226212089886,-0.1049776498990873,0.0,0.0,0.0,0.0,-0.2294133976270046,0.0,0.3897892194436621,0.0,-0.1927459595134552,0.0,1.0887688847957837,0.3592173918407631,0.3006961353293769,0.9159534990995462,0.082727692248782,0.0,-0.1549032137835611,0.0,0.0,0.0,-0.2780347256387522,-0.1610102429830732,0.1309979530395909,0.0,0.0,0.0,0.0,0.2015266029191418,0.0,0.0,0.0,0.0,0.0,0.0,-0.196648836585649,-0.4274151183789316,0.0,0.0,0.0,0.0,0.0,0.0,-0.5124360080566885,0.0,0.0,-0.1275395517356507,0.0,0.0,0.0,0.0,0.0,-0.1157161520420101,0.0,0.0,0.0
386,-0.4673374131064613,-0.4746800851491822,-0.6233347733004238,0.0,0.0,0.0,-0.1475964652829627,-0.2090324859611397,0.3448516558264759,-0.0553279209305118,0.0,0.0,0.0,0.0,-0.098061364710266,0.0741492536502762,0.0,0.0,0.0,-0.1464018303982422,0.194696311909908,0.0723773386212187,0.0,0.0,0.0,0.0,0.0,0.0,0.0,0.0,0.0,-0.8627664509832247,-0.0498543312959762,-0.074967884916922,0.0,0.0,0.0,0.0,-0.2031626220764999,0.0,0.3953083714634041,0.0,-0.2151741830380297,0.0,1.0299337871497636,0.3639704686020063,0.3120477156083686,0.9405010901584616,0.0657838719303408,0.0,-0.0693598367269329,0.0,0.0,0.0,-0.2802649142283801,-0.197371437952162,0.171888783677182,0.0,0.0,0.0,0.0,0.2346340115557626,0.0,0.0,0.0,0.0,0.0,0.0,-0.1919242760343469,-0.4359499976760496,0.0,0.0,0.0,0.0,0.0,0.0,-0.4703928065281484,0.0,0.0,-0.0955198953759754,0.0,0.0,0.0,0.0,0.0,-0.1563666488874244,0.0,0.0,0.0
387,-0.4817722892501526,-0.3826737076932656,-0.6512684470884806,0.0,0.0,0.0,-0.1746931630796092,-0.2044183274629685,0.3585362562754581,-0.0513582161093872,0.0,0.0,0.0,0.0,-0.1107487190609232,0.0,0.0,0.0,0.0,-0.1687670763018354,0.1798675030324701,0.0786407885200242,0.0,0.0,0.0,0.0,0.0,0.0,0.0,0.0,0.0,-0.8500709144194647,-0.055500163574831,-0.0618585221796448,0.0,0.0,0.0,0.0,-0.1725160745710088,0.0,0.4096418986532099,0.0,-0.2441179372238645,0.0,0.9897667563258588,0.3605841515151588,0.3056885020963711,1.010986536568704,0.0,0.0,0.0,0.0,0.0,0.0,-0.2910437118772642,-0.2413989965547976,0.1756721457300908,0.0,0.0,0.0,0.0,0.2661356462965153,0.0,0.0,0.0,0.0,0.0,0.0,-0.1816693922204094,-0.4415952678729958,0.0,0.0,0.0,0.0,0.0,0.0,-0.4092207475492038,0.0,0.0,-0.0787489671127974,0.0,0.0,0.0,0.0,0.0,-0.187332028175251,0.0,0.0,0.0
388,-0.508058510292715,-0.3014831405218879,-0.6705258485107503,0.0,0.0,0.0,-0.2087250705509016,-0.1909516860175701,0.3690929121499572,-0.0552343511536362,0.0,0.0,0.0,0.0,-0.135563400307187,0.0,0.0,0.0,0.0,-0.1782250896808326,0.1659128689746278,0.0857857568376603,0.0,0.0,0.0,0.0,0.0,0.0,0.0,0.0,0.0,-0.8283608455343925,-0.0631583193835814,-0.0709290795798192,0.0,0.0,0.0,0.0,-0.1572335432242928,0.0,0.4179451292384198,0.0,-0.2764006237561308,0.0,0.9582155616931228,0.3341749541359647,0.2935336353050538,1.0855003109072112,0.0,0.0,0.0,0.0,0.0,0.0,-0.3037995577495157,-0.2797416475453979,0.1670592855992949,0.0,0.0,0.0,0.0,0.2891191539067078,0.0,0.0,0.0,0.0,0.0,0.0,-0.1636397178766246,-0.423360038557512,0.0,0.0,0.0,0.0,0.0,0.0,-0.3535980445110427,0.0,0.0,-0.066125857679736,0.0,0.0,0.0,0.0,0.0,-0.2029587216642563,0.0,0.0,0.0
389,-0.5387259310999565,-0.2384737164291359,-0.6924608247937037,0.0,0.0,0.0,-0.2411435070980235,-0.1584669083270675,0.4015168990998439,-0.0528816942030529,0.0,0.0,0.0,0.0,-0.1501390265460176,0.0,0.0,0.0,0.0,-0.189336611463959,0.172714605568046,0.0753942943333323,0.0,0.0,0.0,0.0,0.0,0.0,0.0,0.0,0.0,-0.8118862815926913,-0.0815932538171421,-0.1001350849175646,0.0,0.0,0.0,0.0,-0.1492241293176616,0.0,0.4315217439954375,0.0,-0.3063041429852517,0.0,0.928039889887797,0.2708717024669737,0.2713232585188911,1.0534230104533993,0.0,0.0,0.0,0.0,0.0,0.0,-0.3163995300849948,-0.3026926396117171,0.1636597557876869,0.0,0.0,0.0,0.0,0.3041998118364026,0.0,0.0,0.0,0.0,0.0,0.0,-0.1632726312304777,-0.396553590702862,0.0,0.0,0.0,0.0,0.0,0.0,-0.3041863038082628,0.0,0.0,-0.0618356031909865,0.0,0.0,0.0,0.0,0.0,-0.2167784609816332,0.0,0.0,0.0
390,-0.5699392236599812,-0.1937715084340773,-0.699415680164312,0.0,0.0,0.0,-0.2737176748144141,-0.1210174405689333,0.4297895176780484,-0.0523983354062364,0.0,0.0,0.0,0.0,-0.169994367506771,0.0,0.0,0.0,0.0,-0.1916703286720666,0.1944875956094759,0.0665015279129251,0.0,0.0,-0.044060765247107,0.0,0.0,0.0,0.0,0.0,0.0,-0.8010938895902885,-0.1050750093268308,-0.158338441645137,0.0,0.0,0.0,0.0,-0.1492497077474351,0.0,0.4137631346957008,0.0,-0.3310948473307262,0.0,0.9213659857229708,0.2197682009053438,0.245860305328438,1.025371678542952,0.0,0.0,0.0,0.0,0.0,0.0,-0.3338371205841635,-0.323274655383176,0.1655665143195495,0.0,0.0,0.0,0.0,0.2382875440901398,0.0,0.0,0.0,0.0,0.0,0.0,-0.1543901883396663,-0.3594092989338961,0.0,0.0,0.0,0.0,0.0,0.0,-0.2574755917120713,0.0,0.0,-0.067308366618329,0.0,0.0,0.0638291004988016,0.0,0.0,-0.218405833263822,0.0,0.0,0.0
391,-0.606717259823125,-0.1686494718303142,-0.704717752381832,0.0,0.0,0.0,-0.3012908252096719,-0.0693289209122845,0.4646647364842949,-0.0474212545292866,0.0,0.0,0.0,0.0,-0.1808803452995416,0.0,0.0,0.0,0.0,-0.1788971095923423,0.2110897055078248,0.0,0.0,0.0,-0.0553396596400943,0.0,0.0,0.0,0.0,0.0,0.0,-0.7942287812947215,-0.1252523387442712,-0.2267925835589336,0.0,0.0,0.0,0.0,-0.1508782824936581,0.0,0.3982708966727616,0.0,-0.3474478820368209,0.0,0.8970198205436075,0.1704148364456749,0.2186610279095254,1.0102053945702567,0.0,0.0666682114165823,0.0,0.0,0.0,0.0,-0.3529801604765295,-0.3353287589683528,0.1683410447008634,0.0,0.0,0.0619786216189373,0.0,0.1794369420314674,0.0,0.0,0.0,0.0,0.0,0.0,-0.1425404353409281,-0.3054398829265015,0.0,0.0,0.0,0.0,0.0,0.0,-0.224064197783104,0.0,0.0,-0.0758961648517484,0.0,0.0,0.0706540633467667,0.0,0.0,-0.2071011660439793,0.0,0.0,0.0
392,-0.6356353759878424,-0.1653581944672999,-0.6967799901654966,0.0,0.0,0.0,-0.3247455257716189,0.0,0.4824442949783241,0.0,0.0,0.0,0.0,0.0,-0.1882375646783091,0.0,0.0,0.0,0.0,-0.1661453820110624,0.2296046470075399,0.081545581652094,0.0,0.0,-0.0664514822574043,0.0,0.0,0.0,0.0,0.0,0.0,-0.7939440278204737,-0.1490549420544502,-0.3144126640696689,0.0,0.0,0.0,0.0,-0.1546460481354216,0.0,0.3994530679045411,0.0,-0.3530279043700637,0.0,0.8869394637138719,0.1481280375140775,0.1884509196909769,1.0626365017987516,0.0,0.075721564495201,0.0,0.0,0.0,0.0,-0.3576825293823816,-0.3580580078571369,0.1733498149860172,0.0,0.0,0.0896690115414205,0.0,0.1283302070644648,0.0,0.0,0.0,0.0,0.0,0.0,-0.1235570298765613,-0.2521773502182895,0.0,0.0,0.0,0.0,0.0,0.0,-0.2044165664230669,0.0,0.0,-0.0947066746258151,0.0,0.0,0.0748444657385181,0.0,0.0,-0.1848540517475635,0.0,0.0,0.0
393,-0.6641149390353188,-0.1873645647965478,-0.6839907606064056,0.0,0.0,0.0,-0.3454198674779793,0.0,0.4887469710708308,0.0774302192339282,0.0,0.0,0.0,0.0,-0.1964269125494885,0.0,0.0,0.0,0.0,-0.1513316862666551,0.2433142021618246,0.1043444513359489,0.0,0.0,-0.0682778279942664,0.0,0.0,0.0,0.0,0.0,0.0,-0.7980514628284733,-0.1558850522961102,-0.3969315263081801,0.0737323394068451,0.0,0.0,0.0,-0.1539605831357794,0.0,0.4243718002293871,0.0,-0.3549839609001771,0.0,0.8688933449401237,0.1234711928469648,0.1657111274752961,1.1049826202172508,0.0,0.0859086207027352,0.0,0.0,0.0,0.0,-0.3533751261145606,-0.3992323170592277,0.1740583695150276,0.0,0.0,0.1225851111728814,0.0,0.0903872881019348,0.0,0.0,0.0,0.0,0.0,0.0,-0.1175054377141888,-0.1959942260282353,0.0,0.0,0.0,0.0,0.0,0.0,-0.1959734033099373,0.0,0.0,-0.1080587982814367,0.0,0.0,0.0748861539396,0.0,0.0,-0.1464377394694499,0.0,0.0,0.0
394,-0.683784375752603,-0.2235397194239281,-0.6683890493626493,0.0,0.0,0.0,-0.3554766444413303,0.0,0.4590899079037738,0.096091457745295,0.0,0.0,0.0,0.0,-0.1894690280729262,0.0,0.0,0.0,0.0,-0.1406304840345846,0.2662892000813799,0.1246706068092907,0.0,0.0,-0.071208969899672,0.0,0.0,0.0,0.0,0.0,0.0,-0.807018595212841,-0.1607674535766111,-0.4739189509908675,0.0,0.0,0.0,0.0,-0.1523183250216496,0.0,0.4630089267258998,0.0,-0.3508520722965977,0.0,0.8498173480168406,0.1273136554838015,0.1513130074942795,1.1529405711680274,0.0,0.0915065151667224,0.0,0.0,0.0,0.0,-0.3415992218483283,-0.4396367928000079,0.1831692773927509,0.0,0.0,0.1582763108004714,0.0,0.0776062291521766,0.0,0.0,0.0,0.0,0.0,0.0,-0.1103585807883217,-0.1585752813682818,0.0,0.0,0.0,0.0,0.0,0.0,-0.1939622266269168,0.0,0.0,-0.1119637073723705,0.0,0.0,0.0705890580026847,0.0,0.0,-0.1092494083536304,0.0,0.0,0.0
395,-0.7078183107707051,-0.2832108219155098,-0.6400070703549765,0.0,0.0,0.0,-0.3679591947342799,0.0,0.4038577891327038,0.1070726865597888,0.0,0.0,0.0,0.0,-0.1730354272434867,0.0,0.0,0.0,0.0,-0.1209990267257281,0.288465693186624,0.1432528032105364,0.0,0.0,-0.0613081419256932,0.0,0.0,0.0,0.0,0.0,0.0,-0.8114922740990265,-0.1660788556337775,-0.5415205823119156,0.0,0.0,0.0,0.0,-0.144785471470309,0.0,0.5033528036326269,0.0,-0.3492091297830136,0.0,0.8220131281553693,0.1513648925709688,0.1467394895354614,1.0977517875070786,0.0,0.0950946264087678,0.0,0.0,0.0,0.0,-0.3176778459702372,-0.4945188865839923,0.1876008949341676,0.0,0.0,0.1907438065535049,0.0,0.0836977384405215,0.0,0.0,0.0,0.0,0.0,0.0,-0.103877672954404,-0.1266241190871495,0.0,0.0,0.0,0.0,0.0,0.0,-0.2003080611298054,0.0,0.0,-0.1150987503516594,0.0,0.0,0.0625481607982456,0.0,0.0,-0.0470635692270723,0.0,0.0,0.0
396,-0.718571990512423,-0.3542922807872,-0.614873724010055,0.0,0.0,0.0,-0.3773146615506595,0.0,0.3692520666778526,0.1139825505150316,0.0,0.0,0.0,0.0,-0.1575086075588262,0.0,0.0,0.0,0.0,-0.1132651034256119,0.3173453617955485,0.1547301028218382,0.0,0.0,0.0,0.0,0.0,0.0,0.0,0.0,0.0,-0.8218238875021138,-0.1559373287196887,-0.6068496058348676,0.0,0.0,0.0,0.0,-0.1416480832212938,0.0,0.5167049530491172,0.0,-0.3560227045389714,0.0,0.7940970700567516,0.1841796116992111,0.1396097867563407,1.0456271156955874,0.0,0.1054673303283399,0.0,0.0,0.0,0.0,-0.2914830268578414,-0.5504855188990062,0.1911332196446817,0.0,0.0,0.2125149933468419,0.0,0.1008278988566245,0.0,0.0,0.0,0.0,0.0,0.0,-0.0889237893938446,-0.1125446456312975,0.0,0.0,0.0,0.0,0.0,0.0,-0.214692130654512,0.0,0.0,-0.1034044690928329,0.0,0.0,0.0,0.0,0.0,0.0,0.0,0.0,0.0
397,-0.7260274861798814,-0.428581560724617,-0.5939323141972563,0.0,0.0,0.0,-0.3886090106272107,0.0,0.3492504610434055,0.1149570732356851,0.0,0.0,0.0,0.0,-0.1290974105300703,0.0,0.0,0.0,0.0,-0.1112245837196379,0.3560228142647809,0.1573293177830649,0.0,0.0,0.0,0.0,0.0,0.0,0.0,0.0,0.0,-0.8361912529007417,-0.1482498782261185,-0.6612716168450953,0.0,0.0,0.0,0.0,-0.1288367014192216,0.0,0.5261002676222506,0.0,-0.37225486291629,0.0,0.7610237515666752,0.2276000430158851,0.1381581816554265,1.0082111334093642,0.0808136360981988,0.1173743601263222,0.0,0.0,0.0,0.0,-0.2583151269586521,-0.5838581723014292,0.1970312501457886,0.0,0.0,0.2180194332560706,0.0,0.1275802198154096,0.0,0.0,0.0,0.0,0.0,0.0,-0.0687466221264196,-0.104213910492395,0.0,0.0,0.0,0.0,0.0,0.0,-0.234211437745467,0.0,0.0,-0.0861002058745109,0.0,0.0,0.0,0.0,0.0,0.0,0.0,0.0,0.0
398,-0.720833407061149,-0.4975898163661514,-0.5777947139967918,0.0,0.0,0.0,-0.3999470626971603,0.0,0.3650113667286057,0.1108513744742576,0.0,0.0,0.0,0.0,0.1794549142711801,0.0,0.0,0.0,0.0,-0.1078206812860545,0.401193709198203,0.1506238497472935,0.0,0.0,0.0,0.0,0.0,0.0,0.0,0.0,0.0,-0.8507564731814554,-0.1398381448509498,-0.6925414096106887,0.0,0.0,0.0,0.0,-0.1255747598880637,0.0,0.5665668411485931,0.0,-0.3943438256122502,0.0,0.7365036549875988,0.2755049452474923,0.134974180957389,1.0038448330998786,0.1180383419788825,0.1225108219503508,0.0,0.0,0.0,0.0,-0.2233477189197058,-0.6142473896900822,0.2003845557018321,0.0,0.0,0.2083907852344563,0.0,0.1708766211060587,0.0,0.0,0.0,0.0,0.0,0.0,-0.0660841372467377,-0.1185476168785988,0.0,0.0,0.0,0.0,0.0,0.0,-0.2500411792030403,0.0,0.0,-0.0688256554373056,0.0,0.0,0.1015522784302727,0.0,0.0,0.0,0.0,0.0,0.0
399,-0.7087498583053797,-0.573511757971193,-0.5656562688425621,0.0,0.0,0.0,-0.4155991643824059,0.0,0.389082485028994,0.1006564880728893,0.0,0.0,0.0,0.0,0.2248053489985449,0.0,0.0,0.0,0.0,-0.1100214521332128,0.4679693613080239,0.1358215936939177,0.0,0.0,0.0,0.0,0.0,0.0,0.0,0.0,0.0,-0.8574870961272048,-0.1338214194246272,-0.7028675437168541,0.0,0.0,0.0,0.0,-0.1238387421690449,0.0,0.5940697209374078,0.0,-0.4231190646339708,0.0,0.7163869110098531,0.3231362663131506,0.1299156275551347,1.0019019269787772,0.1628158521560281,0.1329052148573024,0.0,0.0,0.0,0.0,-0.1893426053031947,-0.6318011517975758,0.2065614631290022,0.0,0.0,0.1855799869406894,0.0,0.1565375254760199,0.0,0.0,0.0,0.0640217357238437,0.0,0.0,-0.059525630211351,-0.1558213810995345,0.0,0.0,0.0,0.0,0.0,0.0,-0.2786770832263852,0.0,0.0,-0.0462250135431514,0.0,0.0,0.0857272582338462,0.0,0.0,0.0,0.0,0.0,0.0
400,-0.6915863184322812,-0.6446228456801161,-0.5615821582429112,0.0,0.0,0.0,-0.4323527211760835,0.0,0.420083426031559,0.0869106536010357,0.0,0.0,0.0,0.0,0.2695601879130441,0.0,0.0,0.0,0.0,-0.1043406902763926,0.5161005442330023,0.1148693496148269,0.0,0.0,0.0,0.0,0.0,0.0,0.0,0.0,0.0,-0.8666034764910884,-0.1235457428123258,-0.7028222505211372,0.0,0.0,0.0,0.0,-0.1326367284767827,0.0,0.620201680943938,0.0,-0.4451984432754992,0.0,0.6932203851659368,0.3894454453136303,0.123901133261726,0.803846578802658,0.2125433884439307,0.1357721776958335,0.0,0.0,0.0,0.0,-0.1670208556792722,-0.6288322830923511,0.1933686563996741,0.0,0.0,0.1539732816059787,0.0,0.1433532703364016,0.0,0.0,0.0,0.0663945268281476,0.0,0.0,-0.0671680200943011,-0.2023667994483166,0.0,0.0,0.0,0.0,0.0,0.0,-0.3102233635502995,0.0,0.0,0.0,0.0,0.0,0.071540897278277,0.0,0.0,0.0,0.0,0.0,0.0
401,-0.6734531200181602,-0.7088968488663071,-0.5631483375315998,0.0,0.0,0.0,-0.4510055695276957,0.0,0.4473775660475696,0.0721521940651358,0.0,0.0,0.0,0.0,0.3200781372541182,0.0,0.0,0.0,0.0,-0.0915779238127042,0.5013840595292942,0.0936043900135344,0.0,-0.0772280510121676,0.0,0.0,0.0,0.0,0.0,0.0,0.0,-0.8752024751145542,-0.1196868705468722,-0.692236597181415,0.0,0.0,0.0,0.0,-0.1459698169576853,0.0,0.6167389256758993,0.0,-0.4717076381715897,0.0,0.6815951683423294,0.4465754823652962,0.1162897623819575,0.7363725275358232,0.2606523474661057,0.1368635538746918,0.0,0.0,0.0,0.0,-0.1499871797954552,-0.6202283925174524,0.1456023358261386,0.0,0.0,0.120671719960142,0.0,0.1409373766248579,0.0,0.0,0.0,0.0764875993542492,0.0,0.0,-0.0864413898378678,-0.2389480239362746,0.0,0.0,0.0,0.0,0.0,0.0,-0.351786159152901,0.0,0.0,0.0,0.0,0.0,0.0,0.0,0.0,0.0,0.0,0.0,0.0
402,-0.6548040164267936,-0.7766044731218452,-0.5670332655745134,0.0,0.0,0.0,-0.4688970339101618,-0.0465951811779378,0.4567041816240193,0.0,0.0,0.0,0.0,0.0,0.3663084335247651,0.0,0.0,0.0,0.0,-0.0628442094098774,0.4918341922500562,0.0773924476821532,0.0,-0.1126952976290613,0.0,0.0,0.0,0.0,0.0,0.0,0.0,-0.8846512972847065,-0.1218908972753538,-0.6768959358338373,0.0,0.0,0.0,0.0,-0.1523807555380132,0.0,0.603837163216745,0.0,-0.4916862551799453,0.0,0.6675040511312794,0.4523340447182574,0.1229308876361018,0.6511275772680698,0.3015250067663037,0.1383915768986289,0.0,0.0,0.0,0.0,-0.1454177440491066,-0.5875400674564136,0.1099062396015822,0.0,0.0,0.1047370903151544,0.0,0.1326373149665619,0.0,0.0,0.0,0.0798931202824079,0.0,0.0,-0.1184088712456087,-0.2796306130798253,0.0,0.0,-0.0609142481836654,0.0,0.0,0.0,-0.4000559518367489,0.0,0.0,0.0,0.0,0.0,0.0641628518401605,0.0,0.0,0.0,0.0,0.0,0.0
403,-0.6356267423798233,-0.82884541596543,-0.5806486782037638,0.0,0.0,0.0,-0.4852126299905907,-0.093414814739899,0.4543962245796583,0.0,0.0,0.0,0.0,0.0,0.4120399534113328,0.0,0.0,0.0,0.0,0.0,0.4806720884169327,0.0701831810914825,0.0,-0.148026896082317,0.0,0.0,0.0,0.0,0.0,0.0,0.0,-0.8935854240060168,-0.1330999461554155,-0.6620843396087057,0.0,0.0,0.0,0.0,-0.1639738558262292,0.0,0.5756573336016335,0.0,-0.50342487295129,0.0,0.6515470486088103,0.4421587563001992,0.1245900025293016,0.6859890593044243,0.3266496835835952,0.140247585747279,0.0,0.0,0.0,0.0,-0.1636286000705543,-0.5525614713250976,0.1090983124243593,0.0,0.0,0.1059084293128513,0.0,0.1403102867594623,0.0,0.0,0.0,0.0938943090579944,0.0,0.0,-0.1571118563616829,-0.3163636219294348,0.0,0.0,-0.0854118839606209,0.0,0.0,0.0,-0.4394770897531699,0.0,0.0,0.0,0.0,0.0,0.092823673877235,0.0,0.0,0.0,0.0,0.0,0.0
404,-0.6152009717480107,-0.8437071680716177,-0.5905307650705471,0.0,0.0,0.0,-0.5021934276972048,-0.1356653638506108,0.4852634892082142,0.0,0.0,0.0,0.0,0.0,0.3749515648768204,0.0,0.0,0.0,0.0,0.0,0.4799092844339238,0.0667901404055305,0.0,-0.161270944665032,0.0,0.0,0.0,0.0,0.0,0.0,0.0,-0.8992720798100149,-0.1361363205340296,-0.6463016646126154,0.0,0.0,0.0,0.0,-0.1825333098492114,0.0,0.5352056203854039,0.0,-0.4996407293577988,0.0,0.6603077430878177,0.4419457213868722,0.1204186530041259,0.7574815783671365,0.3312430012585201,0.1374981099749956,0.0,0.0,0.0,0.0,-0.1978190442084744,-0.5106107473436742,0.1276257104389739,0.0,0.0,0.0710953893557101,0.0,0.1554640085377625,0.0,0.0,0.0,0.1073756326643817,0.0,0.0,-0.1870219208205851,-0.3434854588860662,0.0,0.0,-0.0874924890120135,0.0,0.0,0.0,-0.4802461514823217,0.0,0.0,0.0,0.0,0.0,0.1157724991693676,-0.055190612722235,0.0,0.0,0.0,0.0,0.0
405,-0.6041532146729555,-0.8433829692272705,-0.6043041499973101,0.0,0.0,0.0,-0.5119433729971269,-0.1629255680419264,0.4627387139232362,0.0,0.0,0.0,0.0,0.0,0.3852901021544861,0.0,0.0,0.0,0.0,0.0,0.464137633451647,0.0793947506866799,0.0,-0.1618212834612509,0.0,0.0,0.0,0.0,0.0,0.0,0.0,-0.9044725696434908,-0.1355000734431315,-0.6295330074309862,0.0,0.0,0.0,0.0,-0.1999694766680087,0.0,0.4862201336108774,0.0,-0.4838361801451574,0.0,0.6842370684458046,0.4238111053684097,0.1056175258152932,0.829101917872769,0.3143962570364697,0.1448742473165006,0.0,0.0,0.0,0.0,-0.247233620794139,-0.4755833825983018,0.1687116500964048,0.0,0.0,0.0,0.0,0.1707962157517834,0.0,0.0,0.0,0.1156125875409739,0.0,0.0,-0.2250712842833794,-0.3513289692814262,0.0,0.0,-0.0734409764329484,0.0,0.0,0.0,-0.5271039770515112,0.0,0.0,0.0,0.0,0.0,0.1461646271607252,-0.1061990456224019,0.0,0.0,0.0,0.0,0.0
406,-0.5940079831152896,-0.8228619080005803,-0.6174645923241275,0.0,0.0,0.0,-0.5155696436237313,-0.1830683548173891,0.4311793854237376,0.0,0.0,0.0,0.0,0.0,0.3867420756164555,0.0,0.0,0.0,0.0,0.0,0.4595081213601991,0.0986137278822515,0.0,-0.1489894994271553,0.0,0.0,0.0,0.0,0.0,0.0,0.0,-0.9092680016851578,-0.137548305038516,-0.6142805423141873,0.0,0.0,0.0,0.0,-0.2089422362066319,0.0,0.4320509064070226,0.0,-0.4615874948818345,0.0,0.7743390976549287,0.4154458656908523,0.0978132176427345,0.8864581524225591,0.2787356910410778,0.1488221421601718,0.0,0.0,0.0,0.0,-0.2951865528555593,-0.4540027434629471,0.2171120569227186,0.0,0.0,0.0,0.0,0.1649852255063693,0.0,0.0,0.0,0.1166672940043332,0.0,0.0,-0.2601363601473627,-0.3391622172839537,0.0,0.0,-0.0512809671285273,0.0,0.0,0.0,-0.5689672791863766,0.0,0.0,0.0,0.0,0.0,0.1803140681282121,-0.1621447965844838,0.0,0.0,0.0,0.0,0.0
407,-0.5830458342356764,-0.7864116039882687,-0.6287093084569936,0.0,0.0,0.0,-0.5183897433086692,-0.1867497579193239,0.3977505685940062,0.0,0.0,0.0,0.0,0.0,0.3513494979752278,0.0,0.0,0.0,0.0,0.0,0.4451029175443599,0.1219867890888243,0.0,-0.1258808001899391,0.0,0.0,0.0,0.0,0.0,0.0,0.0,-0.9109992236375885,-0.1255130796508286,-0.6075644570965056,0.0,0.0,0.0,0.0,-0.2094070051560179,0.0,0.3837835651511836,0.0,-0.4488805864077554,0.0,0.8586567216211825,0.4056107808236167,0.0934801678792951,0.9278378632766192,0.2321770762638924,0.1524726251032163,0.0,0.0,0.0,0.0,-0.3534027093910654,-0.4327374609540023,0.257935789046568,0.0,0.0724286711415414,0.0,0.0,0.1250697936127408,0.0,0.0,0.0,0.1103680548006867,0.0,0.0,-0.3004969459819803,-0.3139049170728367,0.0,0.0,0.0,0.0,0.0,0.0718562215891801,-0.5968882729047796,0.0,0.0,0.0,0.0,0.0,0.2161140900980635,-0.2307386210052315,0.0,0.0,0.0,0.0,0.0
408,-0.5728858721113242,-0.7306649437313437,-0.6346868006887001,0.0,0.0,0.0,-0.5173929838643351,-0.1896879806792173,0.4023262462102453,0.0,0.0,0.0,0.0,0.0,0.3198768714669571,0.0,0.0,0.0,0.0,0.0,0.4309429354103338,0.1465338562494086,0.0,-0.0947994763413328,0.0,0.0,0.0,0.0,0.0,0.0,0.0,-0.913965908608013,-0.1174724705144738,-0.6058326946620363,0.0,0.0,0.0,0.0,-0.2065267694872893,0.0,0.3382973188340197,0.0,-0.4293688479933819,0.0,0.9433204515055686,0.3929780066421203,0.1190579985820415,0.951639077676089,0.1806195126603449,0.1513410729945539,0.0,0.0,0.0,0.0,-0.398826137297379,-0.4238782465147486,0.2584426096422427,0.0,0.0909944055255253,0.0743934052529657,0.0,0.1079864540705769,0.0,0.0,0.0,0.1016599711258323,0.0,0.0,-0.3161267563942466,-0.284537448611148,0.0,0.0,0.0,0.0,0.0,0.0825875178941136,-0.6117001944706244,0.0,0.0,0.0,0.0,0.0,0.2466955369313775,-0.2758814872487415,0.0,0.0,0.0,0.0,0.0
409,-0.5562154301421937,-0.6708622863418395,-0.6369616809487068,0.0,0.0,0.0,-0.5181804716523113,-0.1884512877135949,0.4381077290738856,0.0,0.0,0.0,0.0,0.0,0.3066937300059147,0.0,0.0,0.0,0.0,0.0,0.4122140060480871,0.167215033398537,0.0,-0.0465550869599227,0.0,0.0,0.0,0.0,0.0,0.0,0.0,-0.9147482778608098,-0.1004694686433101,-0.614157125811664,0.0,0.0,0.0,0.0,-0.191847345953227,0.0,0.2925694331515895,0.0,-0.4152619585624849,0.0,1.0428285798500472,0.3779385761864314,0.1404996086755996,0.942750541085336,0.132420455370269,0.1563147372621916,0.0,0.0,0.0,0.0,-0.4287024194152458,-0.4265948418620511,0.25270098870884,0.0,0.108893232218582,0.1295043158724194,0.0,0.1003581853359792,0.0,0.0,0.0,0.0920618188660984,0.0,0.0,-0.3196357945943023,-0.2442472399481051,0.0,0.0,0.0,0.0,0.0,0.085319960937184,-0.6190851487635587,0.0,0.0,0.0,0.0,0.0,0.2738580782810541,-0.3053146613066173,0.0,0.0,0.0,0.0,0.0
410,-0.5374896512156655,-0.6026041907156661,-0.6467043933755664,0.0,0.0,0.0,-0.5101853584870865,-0.1765782766885388,0.4866811418191277,0.0,0.0,0.0,0.0,0.0,0.2442524967339288,0.0,0.0,0.0,0.0,0.0,0.3413763629014171,0.1791136545087966,0.0,0.0,0.0,0.0,0.0,0.0,0.0,0.0,0.0,-0.9159478282262764,-0.0781046160424758,-0.6231582842692459,0.0,0.0,0.0,0.0,-0.1705991205562219,0.0,0.2637008853379465,0.0,-0.4078228164784274,0.0,1.1638973284737133,0.3687461217227945,0.1610041717362926,0.9199433907880956,0.0947284877127097,0.1572998448622312,0.0,0.0,0.0,0.0,-0.4469770191828521,-0.4160044032596895,0.2532162436533338,0.0,0.1238466178805053,0.1364470271748205,0.0,0.1220728341109598,0.0,0.0,0.0,0.0758317164465112,0.0,0.0,-0.3146855290865481,-0.2132219016970361,0.0,0.0,0.0,0.0,0.0,0.0698798470019239,-0.6155349822942872,0.0,0.0,0.0,0.0,0.0,0.2878855572364407,-0.3230870607321964,0.0,0.0,0.0,0.0,0.0
411,-0.5186214985062965,-0.546127607984162,-0.649183826106848,0.0,0.0,0.0,-0.5008501684998897,-0.1787187711140915,0.554413504901076,0.0,0.0,0.0,0.0,0.0,0.1976660340250923,0.0,0.0,0.0,0.0,0.0,0.1738237489982965,0.1660550515341387,0.0,0.0,0.0,0.0,0.0,0.0,0.0,0.0,0.0,-0.9177990448349832,-0.0599434666973583,-0.6352333582458619,0.0,0.0,0.0,0.0,-0.152811159728398,0.0,0.2386607326057924,0.0,-0.410210009244833,0.0,1.2976384004452657,0.3546008052072703,0.1825418078045457,0.8802722805569156,0.0,0.1652805636724847,0.0,0.0,0.0,0.0,-0.4430551533658493,-0.4010506522524144,0.2484297212407474,0.0,0.1356698591944069,0.1430537978526097,0.0,0.1506003468942469,0.0,0.0,0.0,0.0,0.0,0.0,-0.292552920931483,-0.1938304139152341,0.0,0.0,0.0,0.0,0.0,0.0,-0.6030250118074418,0.0,0.0,0.0,0.0,0.0,0.2877644715585803,-0.3184211568490669,0.0,0.0,0.0,0.0,0.0
412,-0.4909985988211486,-0.5051048047500903,-0.6520845386827822,0.0,0.0,0.0,-0.4961482264294667,-0.1683727004979074,0.6278518345293563,0.0,0.0,0.0,0.0,0.0,0.1555783906372316,0.0,0.0,0.0,0.0,0.0,0.0933128350259678,0.1598662283302427,0.0,0.0,0.0,0.0,0.0,0.0,0.0,0.0,0.0,-0.921299208621313,-0.0447665409564433,-0.6498201781132703,0.0,0.0,0.0,0.0,-0.1351186530897963,0.0,0.2309676145263149,0.0,-0.4161718627144428,0.0,1.3064680483239746,0.3582337329892251,0.1994656923524237,0.8541326171198529,0.0,0.1747885582566452,0.0,0.0,0.0,0.0,-0.4247299950852425,-0.3935413651351658,0.2348378107337715,0.0,0.142315212223636,0.1437069452217069,0.0,0.1890578130439546,0.0,0.0,0.0,0.0,0.0,0.0,-0.2747967205399832,-0.1774819433694895,0.0,0.0,0.0,0.0,0.0,0.0,-0.5856230690245465,0.0,0.0,0.0,0.0,0.0,0.2758327599161019,-0.3019146083081876,0.072238765937539,0.0,0.0,0.0,0.0
413,-0.4666662027870211,-0.4933515945894145,-0.654799172074662,0.0,0.0,0.0,-0.4889725734299799,-0.1649617798560488,0.7215541072158344,0.0,0.0,0.0,0.0,0.0,0.1465450311331906,0.0,0.0,0.0,0.0,0.0,0.0931123026506994,0.15225004435309,0.0,0.0,0.0,0.0,0.0,0.0,0.0,0.0,0.0,-0.9256735637949398,0.0,-0.6664377268688187,0.0,0.0,0.0,0.0,-0.1191273836223553,0.0,0.238043753877116,0.0,-0.4406380801773017,0.0,1.2655249836763325,0.3747243281972116,0.2131014671977256,0.8009866642869438,0.0630400981462742,0.1811120752405705,0.0,0.0,0.0,0.0,-0.3853293024668796,-0.3644840209835397,0.2277470290670345,0.0,0.1410911537471796,0.1467348099558694,0.0,0.2413628106061867,0.0,0.0,0.0,0.0,0.0,0.0,-0.2495281325193187,-0.1793217506902204,-0.0633379185289262,0.0,0.0,0.0,0.0,0.0,-0.5672136790772581,0.0,0.0,0.0,0.0,0.0,0.2557720584260247,-0.2780214079371385,0.0878723417278633,0.0,0.0,0.0,0.0
414,-0.4482157055975452,-0.4889020156783099,-0.6580545564582937,0.0,0.0,0.0,-0.470912958938485,-0.1489201566662765,0.7081475730544442,0.0,0.0,0.0,0.0,0.0,0.1442881969128631,0.0,0.0,0.0,0.0,0.0,0.0937526903745211,0.1277619663813341,0.0,0.0,0.0,0.0,0.0,0.0,0.0,0.0,0.0,-0.9304830920452218,-0.0487779872800053,-0.6829229962545692,0.0,0.0,0.0,0.0,-0.1131157507271005,0.0,0.2435948838066533,0.0,-0.4727766177691068,0.0,1.2617839830394249,0.3950298594618853,0.2301375573019185,0.7694884849015899,0.0646332160306577,0.1807102348864086,0.0,0.0,0.0,0.0,-0.3485480381480385,-0.3298873486452019,0.2224511349550305,0.0,0.1330919709263625,0.1424202146669227,0.0,0.2156416069597174,0.0,0.0,0.0,0.0,0.0,0.0,-0.2190312138901265,-0.1852332381633816,-0.0987928825016457,0.0,0.0,0.0,0.0,0.0,-0.5434926341984238,0.0,0.0,-0.0447834202926846,0.0,0.0,0.2257905763911907,-0.237299696926023,0.1020384681393966,0.0,0.0,0.0,0.0
415,-0.4383537439336951,-0.501142220589616,-0.6588371006474578,0.0,0.0,0.0,-0.4552380765774655,-0.1258071527804664,0.6773082492603951,0.0,0.0,0.0,0.0,0.0,0.1737856520878653,0.0,0.0,0.0,0.0,0.0,0.0922651618109827,0.1008468187582708,0.0,0.0,0.0,0.0,0.0,0.0,0.0,0.0,0.0,-0.935934685810877,-0.0632999793105946,-0.7010405994349842,0.0,0.0,0.0,0.0,-0.1195250613138378,0.0,0.2672974250337033,0.0,-0.5067447266659401,0.0,1.3021425587348665,0.4195642805997649,0.2812807325073179,0.8073062572123423,0.0636227319314925,0.1898952321249089,0.0,0.0,0.0,0.0,-0.3142985469599375,-0.2937901592736079,0.2150444258482493,0.0,0.1198918989155917,0.1360524643252636,0.0,0.1588529271879374,0.0,0.0,0.0,0.0,0.0,0.0,-0.1958021987186848,-0.2054564148395781,-0.1219818329496915,0.0,0.0,0.0,0.0,0.0,-0.511675796286726,0.0,0.0,-0.0452389605281764,0.0,0.0,0.1972023260792182,-0.1869305781010312,0.1128449978149025,-0.0955326071194318,0.0,0.0,0.0
416,-0.4392133408463969,-0.5227083712771,-0.660361555347733,0.0,0.0,0.0,-0.4363110717868269,-0.1195890436820693,0.6513616011632917,0.0,0.0,0.0,0.0,0.0,0.2117094757066077,0.0,0.0,0.0,0.0,0.0,0.0998913496613005,0.0748802173441482,0.0,0.0,0.0,0.0,0.0,0.0,0.0,0.0,0.0,-0.940792476477935,-0.0876170126420988,-0.7142549877901162,0.0,0.0,0.0,0.0,-0.1321272315475974,0.0,0.3015271016528572,0.0,-0.5355441201322462,0.0,1.3831594618054992,0.4542963059781694,0.3328456807295382,0.8835801309218532,0.0,0.1938367294616935,0.0,0.0,0.0,0.0,-0.2935793014635108,-0.2575631684027074,0.2077953120258615,0.0,0.1084038779672173,0.1309630216804028,0.0,0.1104119291797923,-0.0519368310447731,0.0,0.0,0.0,0.0,0.0,-0.1759804715018514,-0.2437011209828381,-0.1415803707865913,0.0,0.0,0.0,0.0,0.0,-0.4831688248123911,0.0,0.0,0.0,0.0,0.0,0.1660509652802421,-0.1371128726322569,0.1185988824644972,-0.1551556596732285,0.0,0.0,0.0
417,-0.4499704697479816,-0.5482248353695119,-0.6598127366225763,0.0,0.0,0.0,-0.4188401367326888,-0.1026348231736663,0.6262732620165941,0.0,0.0,0.0,0.0,0.0,0.2610590662431218,0.0,0.0,0.0,0.0,0.0,0.0757779924435183,0.0,0.0,0.0,0.0,0.0,0.0,0.0,0.0,0.0,0.0,-0.9441471189395384,-0.1243082721111031,-0.7267852225450582,0.0,0.0,0.0,0.0,-0.1624137864373338,0.0,0.3494368440771674,0.0,-0.5663690299361704,0.0,1.3753261385177955,0.4990200923605786,0.3667168303588308,1.0295338863189067,0.0,0.1968034749083277,0.0,0.0,0.0,0.0,-0.2876748066056699,-0.2286520808096724,0.2009984450051118,0.0,0.0962820815296722,0.1304858453354897,0.0,0.0642530793183599,-0.0797520891155359,0.0,0.0,0.0,0.0,0.0,-0.1671037348088312,-0.2688219003562223,-0.1528636827306198,0.0,0.0,0.0,0.0,0.0,-0.4665818269602196,0.0,0.0,0.0,0.0,0.0,0.1413119173624907,-0.0816934699333493,0.1175819757367352,-0.2159387340519592,0.0,0.0,0.0
418,-0.4780610225558711,-0.5725414785712575,-0.6581564682650067,0.0,0.0,0.0,-0.3988766617743767,-0.1002720472486413,0.6027341864535982,0.0,0.0,0.0,0.0,0.0,0.2590691987776212,0.0,0.0,0.0,0.0,0.0,0.0,0.0,0.0,0.0,0.0,0.0,0.0,0.0,0.0,0.0,0.0,-0.9459866343412808,-0.1599571742250687,-0.7337669690893925,0.0,0.0,0.0,0.0,-0.1813873282699863,0.0662075432707939,0.3096761028723571,0.0,-0.5925163738880324,0.0,1.3104285909724145,0.4862183722794017,0.3984007887673438,0.8552395107282232,0.0,0.1934148857067621,0.0,0.0,0.0,0.0,-0.2995069567154872,-0.2129045024728075,0.1943589823451647,0.0,0.1018624858772774,0.1357513622498672,0.0,0.0653053962200316,-0.1028496941235403,0.0,0.0,0.0,0.0,0.0,-0.1685049467543679,-0.3014927932700886,-0.1493992530944482,0.0,0.0,0.0,0.0,0.0,-0.4514787984787843,0.0,0.0,0.0,0.0,0.0,0.1063591904439204,0.0,0.1092344899381135,-0.2640482273638067,0.0,0.0,0.0
419,-0.5162754972413817,-0.6116327675853248,-0.6542944832542766,0.0,0.0,0.0,-0.3678905443853119,-0.0923298156067549,0.6034773941628864,0.0,0.0,0.0,0.0,0.0,0.2542177304604892,0.0,0.0,0.0,0.0,0.0,0.0,0.0,0.0,0.0,0.0,0.0,0.0,0.0,0.0,0.0743280647700211,0.0756392725291227,-0.9467976975304526,-0.1911266896386972,-0.7368597657570383,0.0,0.0,0.0,0.0,-0.1939588961308074,0.0723192284380881,0.2647913622959973,0.0,-0.6144933682081098,0.0,1.2914374669413555,0.4675305803108258,0.418654030271802,0.729675368236632,0.0,0.2029436612970034,0.0,0.0,0.0,0.0,-0.3328806796823764,-0.2168994344078929,0.1958801436574496,0.0,0.1132809931613971,0.1416124195031958,0.0,0.084901303840474,-0.1148050283468228,0.0,0.0,0.0,0.0,0.0,-0.179259900527139,-0.3292004507936466,-0.1346591213257386,0.0,0.0,0.0,0.0,0.0,-0.4367259210682872,0.0,0.0,0.0,0.0,0.0,0.1012259369014099,0.0,0.0989865413514993,-0.3075881380746796,0.0,0.0,0.0
420,-0.5524024834123189,-0.6426683147121739,-0.6423632376717548,0.0,0.0,0.0,-0.3420317740956232,-0.0877366283464942,0.6015710533215025,0.0,0.0,0.0,0.0,0.0,0.2495865262043609,0.0,0.0,0.0,0.0,0.0,0.0,0.0,0.0,0.0,0.0,0.0,0.0,0.0,0.0,0.1068402120295468,0.090170822544815,-0.9441138273905784,-0.2233155640508688,-0.7409700926187184,0.0,0.0,0.0,0.0,-0.2010857095098175,0.0735979305411936,0.2298454035645073,0.0,-0.6227112433768623,0.0,1.3481971802966388,0.4499502975159608,0.438346107965656,0.7748892251156115,0.0,0.2009725417763924,0.0,0.0,0.0,0.0,-0.3734154970284243,-0.2271485333466622,0.1969836617377405,0.0,0.2092930879936674,0.1185954971292365,0.0,0.1201777166123746,-0.1136695802454258,0.0,0.0,0.0,0.0,0.0,-0.2019300123605188,-0.3676573777409644,-0.1212823169722164,0.0,0.0,0.0,0.0,0.0,-0.4213670377572312,0.0,0.0,0.0,0.0,0.0,0.0921020798101233,0.0,0.085405627302516,-0.3334147747107455,0.0,0.0,0.0
421,-0.5978947563883155,-0.6691283852453761,-0.6328665944957707,0.0,0.0,0.0,-0.3214861131404557,-0.0964588344008845,0.4853966724257562,0.0,0.0,0.0,0.0,0.0,0.2393126183515228,0.0654621074054043,0.0,0.0,0.0,0.0,0.0,0.0,0.0,0.0,0.0,0.0,0.0,0.0,0.0,0.1198506782022707,0.106105190120126,-0.9396823500969388,-0.2471301932364558,-0.746971181119477,0.0,0.0,0.0,0.0,-0.2134122955271794,0.0702489192033162,0.1994024200784435,0.0,-0.6120863201261251,0.0,1.4725620694345312,0.4314487845818132,0.4453491820833943,0.8411603184383346,0.0,0.2010174700023786,0.0,0.0,0.0,0.0,-0.4205887274677978,-0.2547159290753958,0.1950269250088964,0.0,0.2616028580905042,0.1002320085406982,0.0,0.1592527911018368,-0.0924973102457432,0.0,0.0,0.0,0.0,0.0,-0.2288103436996403,-0.3958966845514294,-0.1166682092626338,0.0,0.0,0.0,0.0,0.0,-0.4085617865882358,0.0,0.0,0.0,0.0,0.0,0.0920311333518241,0.0,0.0944370314379953,-0.3417845809496624,0.0,0.0,0.0
422,-0.639244430729304,-0.6910817745635086,-0.6249463461087228,0.0,0.0,0.0,-0.2928922730562844,-0.106734901760648,0.4718135313303734,0.0,0.0,0.0,0.0,0.0,0.2228407990938347,0.0870744256035844,0.0,0.0,0.0,0.0,0.0,0.0,0.0,0.0,0.0,0.0,0.0,0.0,0.0,0.1079407268287005,0.1131384859266059,-0.9356042235250892,-0.2667469415615545,-0.7457869603007133,0.0,0.0,0.0,0.0,-0.2195649636450234,0.0630400334134514,0.1697918793389731,0.0,-0.5893133098069377,0.0,1.4763312053830095,0.4094551833535151,0.4377700251434279,0.9299952598076124,0.0,0.2099935465622649,0.0,0.0,0.0,0.0,-0.4575855421305623,-0.2911171364899042,0.1952614260070342,0.0,0.2741662012975382,0.0922578654451383,0.0,0.1896327675409355,-0.0680195235576203,0.0,0.0,0.0,0.0,0.0,-0.2566212605665543,-0.4121292600440003,-0.1153191550158174,0.0,0.0,0.0,0.0,0.0,-0.4089813165002008,0.0,0.0,0.0,0.0,0.0,0.0902558033367562,0.0,0.1062831538330945,-0.337103273462983,0.0,0.0,0.0
423,-0.6693141586386684,-0.72383811641451,-0.6158296087610111,0.0,0.0,0.0,-0.2717644112363514,-0.123412240388256,0.5512679429495335,0.0,0.0,0.0,0.0,0.0,0.2086401808381629,0.0923324798290315,0.0,0.0,0.0,0.0,0.0,0.0636660174334769,0.0,0.0,0.0,0.0,0.0,0.0,0.0,0.0912564398016611,0.1065950284242496,-0.9286648368186672,-0.2832781519987976,-0.7459381756605271,0.0,0.0,0.0,0.0,-0.21221660171846,0.0,0.1460714835407379,0.0,-0.5684249405982718,0.0,1.4148999798246682,0.3776248092276641,0.4290776186359946,1.07522905276221,0.0642194182566745,0.2223593061610839,0.0,0.0,0.0,0.0,-0.4911943432891255,-0.3257197710625031,0.1864081051959864,0.0,0.2887605708579088,0.0870519012157001,0.0,0.1388070978660141,0.0,0.0,0.0,0.0853291197054127,0.0,0.0,-0.2938264362268966,-0.4247331068659637,-0.1207760110075204,0.0,0.0,0.0,0.0,0.0,-0.4170791944222866,0.0,0.0,0.0,0.0,0.0,0.0912416137458394,0.0,0.1169671680335617,-0.3447041555877989,0.0,0.0,0.0
424,-0.6870385265625876,-0.7546517467935757,-0.6040126492440419,0.0,0.0,0.0,-0.251640355968878,-0.1456203061615711,0.5996548328847598,0.0,0.0,0.0,0.0,0.0,0.2019388951355801,0.0771712787814779,0.0,0.0,0.0,0.0,0.0,0.064857973191981,0.0,0.0,0.0,0.0,0.0,0.0,0.0,0.0724493061429503,0.0966450902813149,-0.9211573430765374,-0.298289079588948,-0.7442303598106852,0.0,0.0,0.0,0.0,-0.2079223791367912,0.0,0.1733894646206269,0.0,-0.5463120696421964,0.0,1.3593878567238096,0.3455701168787585,0.4248223660712999,1.2253556636521978,0.0679556903358496,0.2400741504665678,0.0,0.0,0.0,0.0,-0.5041776914252246,-0.360591308537902,0.1795376953067012,0.0,0.3015905227448319,0.0905128177638333,0.0,0.0925356294119087,0.0,0.0,0.0,0.1025418058391236,0.0,0.0,-0.3403325598675116,-0.4333591207008306,-0.1328643017921298,0.0,-0.0768073983767274,0.0,0.0,0.0,-0.4260021895046907,0.0,0.0,0.0,0.0,0.0,0.0913564757593319,0.0,0.1391903407969461,-0.3291643379438313,0.0,0.0,0.0
425,-0.6839170024616421,-0.7951646459509454,-0.5918336710710647,0.0,0.0,0.0,-0.2365722859812148,-0.1572046914612898,0.5718921392123298,0.0,0.0,0.0,0.0,0.0,0.1942139644810334,0.0,0.0,0.0,0.0,0.0,0.0,0.0,0.0,0.0,0.0,0.0,0.0,0.0,0.0,0.0,0.0823672677971968,-0.916087641377502,-0.321499218614082,-0.7459066338559781,0.0,0.0,0.0,0.0,-0.2135231538801923,0.0,0.2101508888954667,0.0,-0.5196610012267998,0.0,1.3410431687597284,0.3219452157818741,0.4210754187251397,1.164185164820989,0.0709384721653258,0.2557620860595779,0.0,0.0,0.0,0.0,-0.4968967385253469,-0.4041697390675695,0.1606363560829207,0.0,0.3176900125219318,0.0904930723439835,0.0,0.0,0.0,0.0,0.0,0.119276210458991,0.0,0.0,-0.3803937126667452,-0.4404411278741442,-0.1538051870865657,0.0,-0.1116307572586258,0.0,0.0,0.0,-0.4399164546183697,0.0,0.0,0.0,0.0,0.0,0.0916934453442239,0.0,0.1525234752025442,-0.3151059236310686,0.0,0.0,0.0
426,-0.6728234233507097,-0.8310380737187225,-0.5848256725616151,0.0,0.0,0.0,-0.2214427839710825,-0.1624089211082694,0.610916147695361,0.0,0.0,0.0,0.0,0.0,0.1862136004060313,0.0,0.0,0.0,0.0,0.0,0.0,0.0,0.0,0.0,0.0,0.0,0.0,0.0,0.0,0.0,0.0657545387324977,-0.9117386010838318,-0.3526662760000299,-0.7492107647017849,0.0,0.0,0.0,0.0,-0.2265976557082802,0.0,0.2556081881059265,0.0,-0.4971089172838916,0.0,1.2199404231550484,0.2967529955515239,0.4174949522114722,1.1940412509266625,0.0713155879087238,0.2639157253886132,0.0,0.0,0.0,0.0,-0.4733375805308658,-0.4357859385091994,0.1421869855266004,0.0678614992975997,0.3254817155646113,0.1131442306560024,0.0678614992975997,0.0,0.0,0.0,0.0,0.1317237678032764,0.0,0.0,-0.4240354397106372,-0.4397898139815881,-0.1707514071567478,0.0,-0.1542660671976635,0.0,0.0,0.0,-0.4623978058263737,0.0,0.0,0.0,0.0,0.0,0.094591276218842,0.0,0.1649402425174031,-0.30351030965783,0.0,0.0,0.0
427,-0.6569330599201558,-0.8559116755619218,-0.5735000634896291,0.0,0.0,0.0,-0.2104065853448227,-0.1683243557960699,0.6488196131019207,0.0,0.0,0.0,0.0,0.0,0.1724537035993743,0.0,0.0,0.0,0.0,-0.0647240217046678,0.0,0.0,0.0,-0.058010823265369,0.0,0.0,0.0,0.0,0.0,0.0,0.0,-0.9082433331456814,-0.3862652506081596,-0.7548137620261092,0.0,0.0,0.0,0.0,-0.2563284320884352,0.0,0.3021186193268161,0.0,-0.4816815952881937,0.0,1.0784768310374198,0.2920483247183928,0.4076638307303447,1.271280274274698,0.0774825492394472,0.2701001817307847,0.0,0.0,0.0,0.0,-0.4305418225240575,-0.4527276190375046,0.1200380898085583,0.0744761949484207,0.3227258409113589,0.129402648549869,0.0744761949484207,0.0,0.0,0.0,0.0,0.1397828696877845,0.0,0.0,-0.4512896398430993,-0.4503509415051438,-0.186482467694493,0.0,-0.204768156811725,0.0,0.0,0.0,-0.4929004352581614,0.0,0.0,0.0,0.0,0.0,0.0920136158087193,0.0,0.1813099550140234,-0.291224741352083,0.0,0.0,0.0
428,-0.6315537066725903,-0.8656616479940697,-0.5692953478974982,0.0,0.0,0.0,-0.1987647919892632,-0.1743414902629776,0.6991209623503779,0.0,0.0,0.0,0.0,0.0,0.1678191618075578,0.0,0.0,0.0,0.0,-0.0895774762305798,0.0,0.0,0.0,-0.0589760391059479,0.0,0.0,0.0,0.0,0.0,0.0,0.0,-0.907161436425096,-0.425373260896886,-0.7590455628695292,0.0,0.0,0.0,0.0,-0.2920778272070923,0.0,0.3536851376308944,0.0,-0.4653207418517587,0.0,1.0170557199552177,0.2855562113447689,0.3914985876624782,1.086093560515064,0.0796159054479265,0.2834488590693193,0.0,0.0,0.0,0.0,-0.3915193345009077,-0.4650370821594047,0.0951256994349715,0.0817926643097876,0.3139691855008052,0.1518315551349177,0.0817926643097876,0.0,0.0,0.0,0.0,0.1399960060380016,0.0,0.0,-0.4702390521038731,-0.4316236880904255,-0.2108074144959165,0.0,-0.2419721250068347,0.0,0.0,0.0,-0.5278320022916596,0.0,0.0,0.0,0.0,0.0,0.0862071043607081,0.0,0.1953069706623567,-0.2874259176347267,0.0,0.0,0.0
429,-0.6000183931558505,-0.8735022804862882,-0.5648416466019169,0.0,0.0,0.0,-0.1984831943102417,-0.183425754840046,0.7604281264689069,0.062074002351966,0.0,0.0,0.0,0.0,0.1647493023360084,0.0,0.0,0.0,0.0,-0.1062917665662585,0.0,0.0,0.0,-0.0442052556961987,0.0,0.0,0.0,0.0,0.0,0.0,0.0,-0.9082887986987784,-0.4662064522631211,-0.7663247844401673,0.0,0.0,0.0,0.0,-0.3381236334575226,0.0,0.4198014935427027,-0.0692900185078198,-0.4475299314187979,0.0,1.0060496240239811,0.2912559190252348,0.3826558656014401,0.9841169079588326,0.0828289436639489,0.2845299031197285,0.0,0.0,0.0,0.0,-0.3501183342634238,-0.4642360265991969,0.0705981021201101,0.0880437963235971,0.3052511863819767,0.1734939241355741,0.0880437963235971,0.0795528501870447,0.0,0.0,0.0,0.1317246983376353,0.0,0.0,-0.4928134772634294,-0.4224922441564098,-0.2292086631830335,0.0,-0.2700316941315419,0.0,0.0,0.0,-0.5682375696034988,0.0,0.0,0.0742707600979582,0.0,0.0,0.0816582466795666,0.0,0.2070425980876048,-0.2927974046516205,0.0,0.0,0.0
430,-0.5712187741113283,-0.8748976820770555,-0.563330745070871,0.0,0.0,0.0,-0.1925153321940861,-0.1989545881213037,0.7271208267555999,0.0,0.0,0.0,0.0,0.0,0.1517527341427703,0.0,0.0,0.0,0.0,-0.1152185220809934,0.0719863848642443,0.0,0.0,0.0,0.0,0.0,0.0,0.0,0.0,0.0,0.0,-0.9103766392404108,-0.5069659571985078,-0.7694712443067225,0.0,0.0,0.0,0.0,-0.3849443652037717,0.0,0.4857936289249281,-0.1263696791437383,-0.4371081136888179,0.0,0.9777861564338866,0.3088197718495392,0.3810639685679364,0.9686716420703184,0.0868138634833606,0.2804932857494568,0.0,0.0,0.0,0.0,-0.3158058398782716,-0.4682076358134936,0.0,0.0922471478733687,0.288001608020953,0.1963952499926188,0.0922471478733687,0.1064394009341497,0.0,0.0,0.0,0.1171810736436963,0.0,0.0,-0.5002563367848248,-0.4123720262113143,-0.2358741225944116,0.0,-0.2981978371916354,0.0,0.0,0.0,-0.6167714087292753,0.0,0.0,0.0908374423730466,0.0,0.0,0.0745726802285332,0.0,0.2152507473759503,-0.3128166320786035,0.0,0.0,0.0
431,-0.5477204159990727,-0.8710301273998757,-0.5574689217726134,0.0,0.0,0.0,-0.1904520782439786,-0.2030007892043067,0.6545307411899555,0.0,0.0,0.0,0.0,0.0,0.1397992016377329,0.0,0.0,0.0,0.0,-0.0985108223386254,0.0873032452176938,0.0,0.0,0.0,0.0,0.0,0.0,0.0,0.0656320174388383,0.0,0.0,-0.9142398747869632,-0.5437119710342452,-0.7682509240618814,0.0,0.0,0.0,0.0,-0.4264859987421026,0.0,0.5509447773636414,-0.1614614542177636,-0.4249774454927573,0.0,0.9388861705725196,0.3257094665423556,0.3750333848715859,1.024710576311018,0.0909782184350894,0.2724626962929972,0.0,0.0,0.0,0.0,-0.2974759145480353,-0.4536733742581918,0.0,0.0959651950662501,0.2679716951527366,0.2144958536478558,0.0959651950662501,0.1357599258145489,0.0,0.0,0.0,0.0966545350490599,0.0,0.0,-0.5033399672312999,-0.3971540507545563,-0.2378888059456514,0.0,-0.3020445458169677,0.0,0.0,0.0,-0.6573551268189799,0.0,0.0,0.1039207727836187,0.0,0.0,0.0680400873672252,0.0,0.2223839321651989,-0.3368678116452452,0.0,0.0,0.0
432,-0.5384792276452363,-0.864985605561734,-0.5573244995391071,0.0,0.0,0.0,-0.1833454306823771,-0.2229104302355747,0.5756775783362004,0.0,0.0,0.0,0.0,0.0,0.1253221268211262,0.0,0.0,0.0,0.0,-0.0679094339574379,0.0731724738874191,0.0,0.0,0.0,0.0,0.0,0.0,0.0,0.0730583184854809,0.0,0.0,-0.9186714041400276,-0.5695045149476261,-0.7641635765706154,0.0,0.0,0.0,0.0,-0.4677446410920394,0.0,0.578003451384642,-0.2058104426191133,-0.4102328502539604,0.0,0.8876171098235285,0.3528016164558816,0.3675279265308183,1.0562424677660662,0.0975565260609491,0.2670907548762766,0.0,0.0,0.0,0.0,-0.2872877913734115,-0.4451614034675702,0.0,0.10033796461774,0.2584210570912718,0.1521181164294582,0.10033796461774,0.1615086028493637,0.0,0.0,0.0,0.0677274239907779,0.0,0.0,-0.4829931103627146,-0.3930892742577785,-0.2376681725536625,0.0,-0.2933884570005456,0.0,0.0,0.0,-0.691454561299817,0.0,0.0,0.0896882060155532,0.0,0.0,0.0638966751632928,0.0,0.2272643701546608,-0.359969333308616,0.0,0.0,0.0
433,-0.536548073183679,-0.857383825867422,-0.562155589882485,0.0,0.0,0.0,-0.160298364988713,-0.2513502309049857,0.4894705131780235,0.0,0.0,0.0,0.0,0.0,0.108496648184497,0.0,0.0,0.0,0.0,0.0,0.0,0.0,0.0,0.0,0.0,0.0,0.0,0.0,0.0778258954560582,0.0,0.0,-0.923612662940478,-0.5937266203329367,-0.760360873913142,0.0,0.0,0.0,0.0,-0.5051824688900342,0.0,0.5425944953448244,-0.2281240003609438,-0.3971745988246655,0.0,0.8257490974548031,0.3848404754973407,0.3649254368159296,1.1141038097707212,0.1046980721963163,0.2709432048692128,0.0,0.0,0.0,0.0,-0.2737891263687517,-0.4357782874735667,0.0,0.1050625447120288,0.2483374303232184,0.1016006907681102,0.1050625447120288,0.1833102615263669,0.0,0.0,0.0,0.0,0.0,0.0,-0.4542257709292258,-0.3842241553232133,-0.2369377147273846,0.0,-0.2845240673768802,0.0,0.0,0.0,-0.7224327850942385,0.0,0.0,0.0704594779269209,0.0,0.0,0.0,0.0,0.2292189980898882,-0.3817237301531748,0.0,0.0,0.0
434,-0.5485420320984313,-0.8481876290601019,-0.560732536275331,0.0,0.0,0.0,-0.1528137911252732,-0.2879566936558816,0.437784182115049,0.0,0.0,0.0,0.0,0.0,0.0898901589900647,0.0,0.0,0.0,0.0,0.0,0.0,0.0,0.0,0.0,0.0,0.0,0.0,0.0,0.0794000064540289,0.0,0.0,-0.9277890681036624,-0.6152858354165188,-0.75449476837539,0.0,0.0,0.0,0.0,-0.5267540060882544,0.0,0.5323639270993742,-0.2256580301427783,-0.3935413919517201,0.0,0.7622013867481117,0.412403650294718,0.3708103019594955,1.165667763609901,0.1142906878212639,0.2765824177603794,0.0,0.0,0.0,0.0,-0.2725482304573386,-0.4234737210269485,0.0,0.1214305547117797,0.2389818554807101,0.0,0.1214305547117797,0.1938605532339266,0.0,0.0,0.0,0.0,0.0,0.0,-0.4218421216889053,-0.3863408743444811,-0.2316202223907185,0.0,-0.2712859913934005,0.0,0.0,0.0,-0.7430915004605044,0.0,0.0,0.0,0.0,0.0,0.0,0.0,0.2446704761234032,-0.3955612041341372,0.0,0.0,0.0
435,-0.5692509418138614,-0.8280750538570976,-0.5676095352410792,0.0,0.0,0.0,-0.1327671147907347,-0.3188933914710172,0.4013397736563688,0.0,0.0,0.0,0.0,0.0,0.0678118653166443,0.0,0.0,0.0,0.0,0.0,0.0,0.0,0.0,0.0,0.0,0.0,0.0,0.0,0.068622800356043,0.0,0.0,-0.9324014932346758,-0.626370743980421,-0.7456051875647569,0.0,0.0,0.0,0.0,-0.5343015991155275,0.0,0.5275283004710377,-0.2304575286141695,-0.3867713175900838,0.0,0.6912272616355639,0.4340776270383755,0.3692539791656426,1.1171415731145464,0.1237008795736056,0.2804559033389602,0.0,0.0,0.0,0.0,-0.2746223814001162,-0.4116225952451475,0.0,0.1282864671329172,0.2375175139326974,0.0,0.1282864671329172,0.1934766672007566,0.0,0.0,0.0,0.0,0.0,0.0,-0.3824295637846336,-0.3882387203273661,-0.2300469702733377,0.0,-0.2435993996888428,0.0,0.0,0.0,-0.7627831086767962,0.0,0.0,0.0,0.0,0.0,0.0,0.0,0.2636008944694428,-0.4091574678914094,0.0,0.0,0.0
436,-0.5849958929483241,-0.8182002484824702,-0.5685407524447071,0.0,0.0,0.0,-0.1029737114103619,-0.3439433496908133,0.3651725313655264,0.0,0.0,0.0,0.0,0.0,0.0,0.0696202485647162,0.0,0.0,0.0,0.0,0.0,0.0,0.0,0.0,0.0,0.0,0.0,0.0,0.0622010426776679,0.0,0.0,-0.9371978642224884,-0.6399370398078649,-0.7380645708461882,0.0,0.0,0.0,0.0,-0.5285368441564828,0.0,0.5423250920808708,-0.2065632896556294,-0.3907443052250018,0.0,0.6224567598128822,0.4506237203941416,0.379743182809077,1.0776003410556436,0.1313428660121703,0.2897494793528353,0.0,0.0,0.0,0.0,-0.2786373557316518,-0.4036179499636695,0.0,0.1300830200695851,0.2350766016936758,0.0,0.1300830200695851,0.1826338503119026,0.0,0.0,0.0,0.0,0.0,0.0,-0.3328591014852293,-0.397982152955301,-0.2275500572787203,0.0,-0.2232240732365601,0.0,0.0,0.0,-0.7749981724120674,0.0,0.0,0.0,0.0,0.0,0.0,0.0,0.2781423197059224,-0.4158548539510522,0.0,0.0,0.0
437,-0.6131248011250848,-0.8158640278933191,-0.5697333522530613,0.0,0.0,0.0,-0.0918564212406086,-0.3608202032149512,0.3844576956557414,0.0,0.0,0.0,0.0,0.0,0.0,0.0787089319663758,0.0,0.0,0.0,0.0,0.0,0.0,0.0,0.0,0.0,0.0,0.0,0.0,0.0,0.0,0.0,-0.9404942553152827,-0.6549824499473856,-0.7345205227835518,0.0,0.0,0.0,0.0,-0.5218445992670108,0.0,0.5291259423694411,-0.1631553628499954,-0.3960476412835024,0.0,0.5599284092354018,0.4594272437638065,0.3843650832498627,1.183126486698019,0.1235411150859961,0.2861162245564623,0.0,0.0,0.0,0.0,-0.2768837108912129,-0.4011528347384755,0.0,0.1244199486766272,0.2428062355202835,0.0669310999323303,0.1244199486766272,0.1634710734985799,0.0,0.0,0.0,0.0,0.0,0.0,-0.2838682740997493,-0.4145181341473607,-0.1981198183483777,0.0,-0.2012282937601197,0.0,0.0,0.0,-0.772633150372633,0.0,0.0,0.0,0.0,0.0,0.0,0.0,0.3095296818274642,-0.4150395471660827,0.0,0.0,0.0
438,-0.6296691760451221,-0.8185211754431813,-0.5670971096198769,0.0,0.0,0.0,-0.0792211635994762,-0.3697252176150825,0.4113736570467295,0.0,0.0,0.0,0.0,0.0,0.0,0.0867174007164792,0.0,0.0,0.0,0.0,0.0,0.0,0.0,0.0,0.0,0.0,0.0,0.0,0.0,0.0,0.0,-0.9451409050783188,-0.6638752786620384,-0.7353294323708132,0.0,0.0,0.0,0.0,-0.5037347125174362,0.0,0.4601325749597664,-0.1081210933957403,-0.4107332383232397,0.0,0.5001140761443797,0.4664479424793649,0.3753222737452011,1.1494623131291672,0.1167245280907991,0.2773273491178142,0.0,0.0,0.0,0.0,-0.2574063027119901,-0.4053174545700065,0.0,0.1253621880277906,0.2550779988124615,0.0825538946315495,0.1253621880277906,0.139119127778696,0.0,0.0,0.0,0.0,0.0,0.0,-0.2357175988503267,-0.4335206493601802,-0.1712222006797742,0.0,-0.1867043700953506,0.0,0.0,0.0,-0.7626511845555844,0.0,0.0,0.0,0.0,0.0,0.0,0.0,0.3390566492868289,-0.3894296371584916,0.0,0.0,0.0
439,-0.6473786334129221,-0.8318909497996563,-0.5689605226786901,0.0,0.0,0.0,-0.0839796914592283,-0.362563208500416,0.4586077766959315,0.0,0.0,0.0,0.0,0.0,0.0805001420126171,0.0946413231853586,0.0,0.0,0.0,0.0,0.0,0.0,0.0,-0.0913697514262692,0.0,0.0,0.0,0.0,0.0,0.0,0.0,-0.9492474785694842,-0.6782791682054653,-0.7430805499520231,0.0,0.0,0.0,0.0,-0.4742024147864714,0.0,0.3968125237708598,0.0,-0.4311895380377418,0.0,0.4517343292914335,0.4681889116172536,0.3706702832317873,1.2099122927645083,0.1288761090169931,0.2885831315526445,0.0,0.0,0.0,0.0,-0.2402461553226472,-0.4085377190131167,0.0,0.121960713653014,0.2644790366347271,0.0950218636114398,0.121960713653014,0.112881184146702,0.0,0.0,0.0,0.0,0.0,0.0,-0.1972163297511915,-0.4424620984600652,-0.1346965715599312,0.0,-0.1825010000521403,0.0,0.0,0.0,-0.7522095517061828,0.0,0.0,0.0,0.0,0.0,0.0,0.0,0.3703625930412785,-0.3678214459815809,0.0,0.0,0.0
440,-0.6632001977799786,-0.8489757481646146,-0.5550482287339858,0.0,0.0,0.0,-0.0937088437755315,-0.3542484649021206,0.4347651003438584,0.0,0.0,0.0,0.0,0.0,0.1001533787375458,0.1012259515726931,0.0,0.0,0.0,0.0,0.0,0.0,0.0,-0.166202730064688,0.0,0.0,0.0,0.0,0.0,0.0,0.0,-0.9512646656933716,-0.6844108477100797,-0.7565282169393027,0.0,0.0,-0.0573109789527733,0.0,-0.431790361811578,0.0664883430796431,0.3511179225956145,0.0,-0.446904349071812,0.0,0.4017908862586778,0.4737600335959253,0.3660089373963003,1.1692864316879965,0.135776770185694,0.2533670568163689,0.0,0.0,0.0,0.0,-0.2156260450636767,-0.4206037260865391,0.0,0.118636185553476,0.2680445655621039,0.1040111158031417,0.118636185553476,0.0875529953188025,0.0,0.0,0.0,0.0,0.0,0.0,-0.1826364590999244,-0.4549727964106403,-0.0881789073067304,0.0,-0.1875702512845426,0.0,0.0,0.0,-0.7387201276663584,0.0,0.0,0.0,0.0,0.0,0.0,0.0,0.3865601777133183,-0.3518627825047686,0.0,0.0,0.0
441,-0.6713613500146994,-0.8610980709422882,-0.535037302651301,0.0,0.0761145066391778,0.0761145066391778,-0.1226111171681421,-0.3336616949506181,0.3667853465532347,0.0,0.0,0.0,0.0,0.0,0.1203471813582799,0.1049300331460079,0.0,0.0,0.0,0.0,0.0,0.0,0.0,-0.242328097814442,0.0,0.0,0.0,0.0,0.0,0.0,0.0,-0.9518836129245308,-0.6889282145032289,-0.7662614953548875,0.0,0.0,-0.0647451000959543,0.0,-0.385535720756245,0.0711321929969285,0.3239747440554615,0.0,-0.4602595153673663,0.0,0.3652428824145498,0.4887899346340195,0.3553193071215769,1.0859357444199975,0.142313306362317,0.2047359026992961,0.0,0.0,0.0,0.0,-0.1904401121875793,-0.4384141578586254,0.0,0.1073453397330659,0.2721080660043575,0.1063680003665632,0.1073453397330659,0.0728457672184997,0.0,0.0,0.0,0.0,0.0,0.0,-0.1735632774474098,-0.4687291819373815,0.0,0.0,-0.2005213323700929,0.0,0.0,0.0,-0.721732583783704,0.0,0.0716709414276871,0.0,0.0,0.0,0.0,0.0,0.3046113679780694,-0.3391504150018214,0.0,0.0,0.0
442,-0.671768173324683,-0.8747275643025914,-0.5127653734683684,0.0,0.0939003103058936,0.0939003103058936,-0.1549979283681574,-0.3077826217355926,0.3457507651921523,0.0,0.0,0.0,0.0,0.0,0.1413115055823297,0.1007709295444936,0.0,0.0,0.0,0.0,0.0,0.0,0.0,-0.3031259432376437,0.0,0.0,0.0,0.0,0.0,0.0,0.0,-0.9517358300102368,-0.6819939683410663,-0.7784772673333198,0.0,0.0,-0.0593371540319677,0.0,-0.3308400520200336,0.0714240996294931,0.3082547463342357,0.0,-0.4709195489577781,0.0,0.3771272973517059,0.4562276421398926,0.3348384368258781,1.0836291043472652,0.1543723619889551,0.1703880280872757,0.0,0.0,0.0,0.0,-0.1768468403829426,-0.4633310758291141,0.0,0.107076566310127,0.2789892336217777,0.1016860154990878,0.107076566310127,0.0709915858018028,0.0,0.0,0.0,0.0,0.0,0.0,-0.1740450311022354,-0.474545622071585,0.0,0.0,-0.2211831653492056,0.0,0.0,0.0,-0.6987867237916386,0.0,0.0851658145903383,0.0,0.0,0.0,0.0,0.0,0.2239833123910169,-0.3265389593103178,0.0,0.0,0.0
443,-0.6768697582561192,-0.8877915699721366,-0.484573850552982,0.0,0.1015180153010291,0.1015180153010291,-0.1972156323598606,-0.2757057015110021,0.3333894674283162,0.0,0.0,0.0,0.0734132111714586,0.0,0.1594408966019501,0.0969763605063117,0.0,0.0,0.0,0.0,0.0,0.0,0.0,-0.3572769133306664,0.0,0.0,0.0,0.0,0.0,0.0,0.0,-0.9512476666585464,-0.6688266614113874,-0.7928035572874662,0.0,0.0,-0.0464057839464667,0.0683980334743307,-0.2829550444275935,0.0684200090800292,0.2906334392415213,0.0,-0.4761461606734362,0.0,0.3855535771266644,0.4176333324588313,0.3151165511755034,1.0881001076770238,0.1639769767350297,0.1630915380412263,0.0,0.0,0.0,0.0,-0.1693827357311805,-0.4900595034855737,0.0,0.1164033103639367,0.2791775624045339,0.0909325004298277,0.1164033103639367,0.0891087372463371,0.0,0.0,0.0,0.0,0.0,0.0,-0.1846880790859697,-0.4982176922217297,0.0,0.0,-0.2356707292854485,0.0,0.0,0.0,-0.6689964301806017,0.0,0.096310903100247,0.0,0.0,0.0,0.0,-0.1114246416407305,0.1620247009076054,-0.3129944313057884,0.0,0.0,0.0
444,-0.6825611821921806,-0.9005519853351709,-0.4527954219748012,0.0,0.1046332883774328,0.1046332883774328,-0.2389509056673721,-0.2545629895269352,0.3175290771463274,0.0,0.0,0.0,0.0873469066872962,0.0,0.1814554669667634,0.0879521160836934,0.0,0.0,0.0,0.0,0.0,0.0,0.0,-0.3792392043497575,0.0,0.0,0.0,0.0,0.0,0.0,0.0,-0.9486715580373116,-0.6453732529012157,-0.8017084680467573,0.0,0.0,0.0,0.0738202958281152,-0.2422376813679488,0.0630167032407119,0.2796574385127473,0.0,-0.4720218061612334,0.0,0.417568981074475,0.4110011025729652,0.300348906936794,1.1291101680092088,0.1786224083458754,0.1709325934746404,0.0,0.0,0.0,0.0,-0.1738704795098831,-0.5183563613559788,0.0,0.129908541275103,0.2737827807715677,0.0761238224021415,0.129908541275103,0.1126186213872334,0.0,0.0,0.0,0.0,0.0,0.0,-0.2003022461884262,-0.5106496935939068,0.0,0.0,-0.255870431829768,0.0,0.0,0.0,-0.6364707781153892,0.0,0.1038452272165709,0.0,0.0,0.0,0.0,-0.1869760920380986,0.1171187139386744,-0.3112530190144264,0.0,0.0,0.0
445,-0.691100079841438,-0.9111323048046368,-0.4170921125600831,0.0,0.0959986621899665,0.0959986621899665,-0.2736529716555682,-0.2421995931909799,0.3028165958220902,0.0,0.0,0.0,0.0912666520032503,0.0,0.2022593789861243,0.075155864813385,0.0,0.0,0.0,0.0,0.0,0.0,0.0,-0.3768796552977606,0.0,0.0,0.0,0.0,0.0,0.0,0.0,-0.9458025068654844,-0.6186260376679732,-0.810635776815118,0.0,0.0,0.0,0.0694845865829731,-0.2129696392701902,0.0,0.2966805907606956,0.0,-0.4586880146104866,0.0,0.5028411701854615,0.4203977167716866,0.2880853007263536,1.218451758254117,0.1913343123215673,0.1842485008934988,0.0,0.0,0.0,0.0,-0.1850307757737167,-0.5484686947533685,0.0,0.1419046501820045,0.2663217133907817,0.0,0.1419046501820045,0.1495576214486015,0.0,0.0,0.0,0.0,0.0,0.0,-0.2095994871469731,-0.5238841606006415,0.0,0.0,-0.2690524139953392,0.0,0.0,0.0,-0.5945555382468788,0.0,0.1076611066142723,0.0,0.0,0.0,0.0,-0.253028282077859,0.1040924894204491,-0.3106096741516188,0.0,0.0,0.0
446,-0.7020419113055647,-0.9194103710381824,-0.379906862210004,0.0,0.0779891341459142,0.0779891341459142,-0.29157269715723,-0.2393317293833565,0.2962458993013377,0.0,0.0,0.0,0.0734319857249768,0.0,0.2433472943687259,0.0,0.0,0.0,0.0,0.0,0.0,0.0,0.0,-0.3562276170845154,0.0,0.0,0.0,0.0,0.0,0.0,0.0,-0.9426050557959532,-0.5910101086869654,-0.8139284996093713,0.0,0.0,0.0,0.0625583145778051,-0.2005975338552104,0.0,0.3130046913124393,0.0,-0.443300747608356,0.0,0.6024513700198131,0.436544683179184,0.2844178947794527,1.3921010452936378,0.1941437030575844,0.3093886828354217,0.0,0.0,0.0,0.0,-0.2091934180325242,-0.5943130314469738,0.0,0.13382254389439,0.2587139099551935,0.0,0.13382254389439,0.140892969555196,0.0,0.0,0.0,0.0,0.0,0.0,-0.2225609496708759,-0.5475014191472661,0.0,0.0,-0.2827607760686978,0.0,0.0,0.0,-0.5380745206073575,0.0,0.1083954028517946,0.0,0.0,0.0,0.0,-0.32064230952466,0.1087648678379347,-0.3043635575607327,0.0,0.0,0.0
447,-0.7071319480528764,-0.9251862531361064,-0.3365485044685648,0.0,0.0,0.0,-0.3049130190045244,-0.2380950108027047,0.2837984850718104,0.0657243736821892,0.0,0.0,0.0,0.0,0.2840553005311441,0.0,0.0629446909192709,0.0,0.0,0.0,0.0,0.0,0.0,-0.3211004611231082,0.0654310224466669,0.0,0.0,0.0,0.0,0.0,0.0,-0.9400091207418382,-0.5610135190287832,-0.8097080804662964,0.0,0.0,0.0,0.0,-0.203399163988616,0.0,0.3424647325833507,0.0,-0.4225367856167207,0.0,0.7348533643109496,0.4345303182868232,0.279573299560878,1.635566603959674,0.1912569534658891,0.3928025951924476,0.0,0.0,0.0,0.0,-0.2534092072097609,-0.6365703695717175,0.0,0.1198679641680219,0.2512545411072887,0.0,0.1198679641680219,0.131081047580877,0.0,0.0,0.0,0.0,0.0,0.0,-0.2448106255470138,-0.5741638674000635,0.0,0.0,-0.288094984477926,0.0,0.0,0.0,-0.4759027768173057,0.0,0.1123095578645121,0.0,0.0,0.0,0.0,-0.3797184304268809,0.1211519031553305,-0.3019323606853444,0.0,0.0,0.0
448,-0.7100609488366023,-0.928551970516644,-0.2943912971765454,0.0,0.0,0.0,-0.3154908409129467,-0.2424410252751194,0.2676124026062496,0.0693916208716448,0.0,0.0,0.0,0.0,0.3289435889730644,0.0,0.0731882506575787,0.0,0.0,0.0,0.0,0.0,0.0,-0.2719049007035697,0.0697117935486294,0.0,0.0,0.0,0.0,0.0,0.0,-0.9377347826027362,-0.5366905022536622,-0.8040750974770227,0.0,0.0,0.0,0.0,-0.2180829624419836,0.0,0.3777535465940976,0.0,-0.402700115495698,0.0,0.8717289628722447,0.4262404597118584,0.264516849020977,1.703105318640158,0.1766379943985728,0.435291216678977,-0.1044214636885461,0.0,0.0,0.0,-0.3123712453934524,-0.6759959635289484,0.0,0.1145618557673801,0.2436815758785269,0.0,0.1145618557673801,0.1287591011768772,0.0,0.0,0.0,0.0,0.0,0.0,-0.2546270086410424,-0.6000987028910004,0.0,0.0,-0.2769758219912251,0.0,0.0,0.0,-0.4037050147598442,0.0,0.1183200695501135,0.0,0.0,0.0,0.0,-0.4353897776731144,0.1320415966366795,-0.2927217970023648,0.0,0.0,0.0
449,-0.706427021653039,-0.9299326582256544,-0.2717637729486852,0.0,0.0,0.0,-0.3001588717548285,-0.2535883800493547,0.2658874544601881,0.068952448310663,0.0,0.0,0.0,0.0,0.2900520610688271,0.0,0.0818893438050107,0.0,0.0,0.0,0.0,0.0,0.0,-0.2128486920827002,0.0722336776512021,0.0,0.0,0.0,0.0659242462330324,0.0,0.062885481921228,-0.9372563186342576,-0.5181132827619589,-0.7952189417912646,0.0,0.0,0.0,0.0669609699694274,-0.2530490363901303,0.0,0.4007532121736766,0.0,-0.3916263797033086,0.0,1.0095080424683858,0.421579831288547,0.2485964752443429,1.7009162699676612,0.1540030487782175,0.4242659657736148,-0.0949392374155069,0.0,0.0,0.0,-0.3630775961444813,-0.7152487682813732,0.0,0.1073986239481146,0.2460837849225431,0.0,0.1073986239481146,0.115273794737375,0.0,0.0,0.0,0.0,0.0,0.0,-0.2590810073418758,-0.6257836314162464,0.0,0.0,-0.2691588419065389,0.0,0.0,0.0,-0.3201874987299705,0.0,0.1181798917338938,-0.0616327536234983,0.0,0.0,0.0,-0.4700213841303923,0.1399685909515353,-0.2786813588224597,0.0,0.0,0.0
450,-0.7023037566356527,-0.9318233972769624,-0.2470905250838401,0.0,0.0,0.0,-0.2783081192118339,-0.2747154268876342,0.2613748046071833,0.0645334196029887,0.0,0.0,0.0,0.0,0.2630479476541215,0.0,0.0874334165437033,0.0,0.0,0.0,0.0,0.0,0.0,-0.1336136186526939,0.0,0.0,0.0,0.0,0.0799476353311162,0.0,0.0,-0.938295190222493,-0.5081059310334973,-0.7796676981746626,0.0,0.0,0.0,0.0748983870882843,-0.296813750488843,0.0,0.4348103766272744,0.0,-0.3911420878486127,0.0,1.1356021295032284,0.4180248226748392,0.2624479201692092,1.75495158021506,0.1350570477158778,0.3989897481113745,-0.0860902755128707,0.0,0.0,0.0,-0.4127038767894136,-0.7487180528651496,0.0,0.0981655859582066,0.2488141212525387,0.0,0.0981655859582066,0.0848828408218988,0.0,0.0,0.0,0.0,0.0,0.0,-0.2642330129198454,-0.6530498945481155,0.0,0.0,-0.2573295956492901,0.0,0.0,0.0,-0.2298814964978637,0.0,0.1205577524682148,-0.0850325780732978,0.0,0.0,0.0,-0.5026399592888583,0.1444474945503648,-0.2546647843517691,0.0,0.0,0.0
451,-0.6935722637064461,-0.9308893416572824,-0.2315832216928509,0.0,0.0,0.0,-0.2660229511456879,-0.2786835511521814,0.2593538647305765,0.0,0.0,0.0,0.0620404005512723,0.0,0.2317635845222243,0.0,0.0900501788928973,0.0,0.0,0.0,0.0,0.0,0.0,-0.0604874757865922,0.0,0.0,0.0,0.0,0.0906578791210666,0.0632603526592467,0.0,-0.9397329567617588,-0.5092242308325321,-0.7640859944544016,0.0,0.0,0.0,0.0844721169318255,-0.3394753571281673,0.0,0.4655577347453499,0.0,-0.3870293807609041,0.0,1.234921242758107,0.4106274190886712,0.2754579985725023,1.6610586350536378,0.1224267826321457,0.3649586756862695,-0.0820147084165059,0.0,0.0,0.0,-0.4563342101358856,-0.7601307868689452,0.0,0.0853728087669915,0.2546015893024755,0.0633466374898397,0.0853728087669915,0.0,0.0,0.0,0.0,0.0,0.0,0.0,-0.2852586383547804,-0.6820606298176393,0.0,0.0,-0.2510741740612062,0.0,0.0,0.0,-0.1427524899271286,0.0,0.1256022529977973,-0.1037480455472821,0.0,0.0,0.0,-0.5130012411718119,0.1484943185099004,-0.2363932651127661,0.0,0.0,0.0
452,-0.6756466652731709,-0.9303596489156548,-0.2224363125015482,0.0,0.0,0.0,-0.2461339822283003,-0.2849260963017522,0.2579024308922615,0.0,0.0,0.0,0.0688779527255327,0.0,0.2157726575932731,0.0,0.0866589124003494,0.0,0.0,0.0,0.0,0.0,0.0,0.0,0.0,0.0,0.0,0.0,0.0981020950561507,0.0650820061456188,0.0,-0.9421371468096388,-0.520600390904781,-0.7470265218429183,0.0,0.0,0.0,0.0889555638198484,-0.3665250659764203,0.0,0.4809249742225407,0.0,-0.3882857074093699,0.0,1.1997141784489285,0.3990443402411887,0.2866173662845258,1.4947485184940932,0.1149905455842641,0.3412566669774158,-0.0803087049927658,0.0,0.0,0.0,-0.4937454756753835,-0.7697278648462765,0.0,0.0723609687636853,0.2614347093162942,0.0726332306682241,0.0723609687636853,0.0,0.0,0.0,0.0,0.0,0.0,0.0,-0.301939288519344,-0.702771457852399,0.0,0.0,-0.2487111584346268,0.0,0.0,0.0,-0.0755571702280298,0.0,0.1325840355422039,-0.1101311081807625,0.0,0.0,0.0,-0.5152963063765864,0.1585352274740148,-0.2056707341699979,0.0,0.0,0.0
453,-0.6617625547775907,-0.9299602149330872,-0.2224701813854467,0.0,0.0,0.0,-0.2256882917984572,-0.280474371873799,0.2549332283362279,0.0,0.0,0.0,0.0746887432160448,0.0,0.2235059710218505,0.0,0.0811354850607217,0.0,0.0,0.0,0.0,0.0,0.0,0.0,0.0,0.0,0.0,0.0,0.1015069749887485,0.0715288603117605,0.0,-0.9446898542860324,-0.5425794478923792,-0.728258007665511,0.0,0.0,0.0,0.0898494675551099,-0.3829717189744736,0.0,0.4867899003725902,0.0,-0.3892981721295381,0.0,1.05497759979183,0.3960147759581026,0.3150407548278672,1.3161341471226975,0.1115935476658058,0.3239333828393059,-0.0840956331184055,0.0,0.0,0.0,-0.5286551271602861,-0.7567555977343381,0.0,0.0,0.2673255987686769,0.07952665246318,0.0,0.0,0.0,0.0,0.0,0.0,0.0,0.0,-0.3267613037340052,-0.7271682281537971,0.0,0.0,-0.2485431338707544,0.0,0.0,0.0,0.0,0.0,0.1386604942879634,-0.1075135119271424,0.0,0.0,0.0,-0.5218431953293706,0.2264440312012071,-0.1885831049313092,0.0,0.0,0.0
454,-0.645432822973037,-0.9287042153994264,-0.2198003209472345,0.0,0.0,0.0,-0.2188644048463981,-0.2721004168294634,0.2492645810745666,0.0,0.0,0.0,0.0782525505225844,0.0,0.2349005215680194,0.0730539295417555,0.0711429924320326,0.0,0.0,0.0,0.0,0.0,0.0,0.0,0.0,0.0,0.0,0.0,0.1005322086186795,0.0758179163025023,0.0,-0.947669880263284,-0.5680980206556197,-0.7117917192206784,0.0,0.0,0.0,0.0,-0.3830650271259338,0.0,0.4892045696940417,0.0,-0.3937769123340106,0.0,0.9798357471706972,0.4008613629648802,0.3436992834105734,1.1140444288175102,0.1090243321519169,0.298140812811425,-0.0913925090992527,0.0,0.0,0.0,-0.5443813933384267,-0.731572007411134,0.0,0.0,0.2838739741216032,0.0811967295352252,0.0,0.0,0.0,0.0,0.0,0.0,0.0,0.0,-0.3493496000502903,-0.756814503032351,0.0,0.0,-0.2501688793576486,0.0,0.0,0.0,0.0,0.0,0.1399168944905541,-0.1014529493970295,0.0,0.0,0.0,-0.5224092289914924,0.2842306298536677,-0.1667360793461444,0.0,0.0,0.0
455,-0.6309978051674014,-0.926885373413172,-0.2281421008431859,0.0,0.0,0.0,-0.2217193784494998,-0.2487702441470043,0.2551255645295223,0.0,0.0,0.0,0.0639640925040672,0.0,0.2786932050930854,0.0768634439976888,0.0,0.0,0.0,0.0,0.0,0.0,0.0,0.0,0.0,0.0,0.0,0.0,0.0952912606319083,0.0785091843165753,0.0,-0.9507666435689676,-0.6013160201822239,-0.6924606115756786,0.0,0.0,0.0,0.0626655568033572,-0.3586575429133177,0.0,0.4805863988123813,0.0,-0.4074807498171533,0.0,0.9256465389985876,0.4145772499554934,0.3810706082930544,0.9443017912980236,0.1264776893387512,0.303372960169668,-0.1126992079378514,0.0,0.0,0.0,-0.5594999706332072,-0.6975675387880469,0.0,0.0,0.2965805633349536,0.077306732370825,0.0,0.0,0.0,0.0,0.0,0.0,0.0,0.0,-0.35840259798188,-0.7772253910084377,0.0,0.0,-0.247184275713034,0.0,0.0,0.0,0.0,0.0,0.1344599000329849,-0.0852514334164381,0.0,0.0,0.0,-0.5121445687444695,0.2602623549789143,-0.1365004605199789,0.0,0.0,0.0
456,-0.6222596969994644,-0.9250760045793308,-0.2398470207037664,0.0,0.0,0.0,-0.2272495214597657,-0.2186059673441165,0.2611578987093917,0.0,0.0,0.0,0.0,0.0,0.3109028423998541,0.0824691388614429,0.0,0.0,0.0,0.0,0.0623136765133867,0.0,0.0,0.0,0.0,0.0,0.0,0.0,0.0863377060183452,0.0799471137279271,0.0,-0.953384128344962,-0.6349773096315628,-0.6781956298320805,0.0,0.0,0.0,0.0746732806818436,-0.3269047331872036,0.0,0.4944572107036106,0.0,-0.4065836251138129,0.0,0.8787315231267362,0.4376310086248581,0.3671311606314804,0.8877066903790646,0.1446909517125949,0.3074815107640568,-0.1132973152063901,0.0,0.0,0.0,-0.5602163529153964,-0.6523896464986396,0.0,0.0,0.3054800817626033,0.0708306557723418,0.0,0.0,0.0,0.0,0.0,0.0,0.0,0.0,-0.3726745613003237,-0.7980601311142095,0.0,0.0,-0.2468787091840328,0.0,0.0,0.0,0.0,0.0,0.1293047053083018,-0.0633537279668664,0.0,0.0,0.0,-0.4912351925336041,0.2419452064536022,-0.1149405194397016,0.0,0.0,0.0
457,-0.6266105153070348,-0.9208081001692264,-0.2491813413674981,0.0,0.0,0.0,-0.2402980970003111,-0.1906692598205442,0.2652766246782782,0.0,0.0,0.0,0.0,0.0,0.3529562619174458,0.0642974287537702,0.0,0.0,0.0,0.0,0.0638514717314643,0.0,0.0,0.0,0.0,0.0,0.0,0.0,0.0759650395373633,0.0800090461961158,0.0,-0.9555007836430054,-0.6727247093030178,-0.6639369348222515,0.0,0.0,0.0,0.0801537795190544,-0.2768674570243594,0.0,0.5231707928849382,0.0,-0.3975516213207684,0.0,0.862782677284317,0.4730912632986496,0.3548388991717111,0.8838610951465368,0.1593063653837825,0.3386131103161534,-0.1264831386643289,0.0,0.0,0.0,-0.5439571333619835,-0.608103718045728,0.0,0.0,0.3120148945879228,0.065662857834362,0.0,0.0,0.0,0.0,0.0,0.0,0.0,0.0,-0.3788335861106707,-0.8208625618008607,0.0,0.0,-0.2350777446120016,0.0,0.0,0.0,-0.0903208204106927,0.0,0.1166432291917117,0.0,0.0,0.0,0.0,-0.4724804799881397,0.239973209024477,-0.0996173913736905,0.0,0.0,0.0
458,-0.6330703155824353,-0.9146428467667294,-0.2556669213253143,0.0,0.0,0.0,-0.2452517656215555,-0.1643348202438789,0.2709416715361289,0.0,0.0,0.0,0.0,0.0,0.3973931291030224,0.0,0.0,0.0,0.0,0.0,0.0,0.0,0.0,0.0,0.0,0.0,-0.0477172643994116,0.0,0.0887871484873978,0.0813097806656232,0.0,-0.9564489242757735,-0.7057218503844523,-0.6564978988916328,0.0,0.0,0.0,0.087639550037344,-0.2157042200790865,0.0,0.5689668051022391,0.0,-0.3829077596714821,0.0,0.8743237147429257,0.5265890560391883,0.3527003452504752,0.9227254043613988,0.1705645497783613,0.3582818624404956,-0.1364182406042651,0.0,0.0,0.0,-0.5151582784493458,-0.5743983053488751,0.0,0.0,0.3185111026430697,0.0704083389330841,0.0,0.0,0.0,0.0,0.0,0.0,0.0,0.0,-0.3736034569033611,-0.8375638814597473,0.0,0.0,-0.2262195821960828,0.0,0.0,0.0,-0.1647759558377141,0.0,0.1024163774863741,0.0,0.0,0.0,0.0,-0.462578559842117,0.246604109026414,-0.0802238055895184,0.0,0.0,0.0
459,-0.6390728271740767,-0.9083392535773912,-0.2657997148886517,0.0,0.0,0.0,-0.2463707529499495,-0.1402473953903257,0.2710246678194324,0.0,0.0,0.0,0.0,0.0,0.4035657362661972,0.0,0.0,0.0,0.0,0.0,0.0,0.0,0.0,0.0,0.0,0.0,-0.0838154689695258,0.0,0.0903280351112,0.0787983479216334,0.0,-0.9579127748443796,-0.7335130955913939,-0.6534415051339904,0.0,0.0,0.0,0.0807956368560439,-0.1508892119007771,0.0,0.5870123489685967,0.0,-0.3755157569264825,0.0,0.9072675770718812,0.5886798557439142,0.3521249515241526,1.0211105262102933,0.1749525943787518,0.3878400149493115,-0.1383488977166275,0.0,0.0,0.0,-0.4800282355560125,-0.5496305178721229,0.0,0.0,0.3232813682514472,0.0863077964077442,0.0,0.0,0.0690244051170839,0.0,0.0,0.0,0.0,0.0,-0.3574225990322572,-0.8522728844738836,0.0,0.0,-0.1877059500546612,0.0,0.0,0.0,-0.2377596854309369,0.0,0.0861256241190313,0.0,0.0,0.0,0.0,-0.430188590157895,0.2574330589460983,-0.0691418838915504,0.0,0.0,0.0
460,-0.6455979174260353,-0.901781602527496,-0.2759185975153764,0.0,0.0,0.0,-0.2538496797594911,-0.1195340290219052,0.2657246859580404,0.0,0.0,0.0,0.0,0.0,0.4188414572637211,0.0,0.0,0.0,0.0,0.0,0.0,0.0,0.0,0.0,0.0,0.0,-0.1090855556439146,0.0,0.0788622480622244,0.0750046311435522,0.0,-0.9587984078944252,-0.7567549876813527,-0.6559345462034472,0.0,0.0,0.0,0.0743726990292416,-0.0996852395946129,0.0,0.6089498014575541,0.0,-0.3621838650492026,0.0,0.9618166056200594,0.6088464540759397,0.3081535103896158,1.1569685105330714,0.1716031526685496,0.41160793907476,-0.1356392541897448,0.0,0.0,0.0,-0.4454064557179453,-0.5207175537019393,0.0654891523167972,0.0,0.3384488458934619,0.1260288595918465,0.0,0.0,0.0705573335653001,0.0,0.0,0.0,0.0,0.0,-0.336325380486826,-0.8567502327563128,0.0,0.0,-0.1369503054250572,0.0,0.0,0.0,-0.289585422136708,0.0,0.0809568706724968,0.0,0.0,0.0,0.0,-0.3977284237273131,0.2967121336193131,-0.055018269353492,0.0,0.0,0.0
461,-0.6552990005255621,-0.8956125801583341,-0.2945626868558923,0.0,0.0,0.0,-0.2608492561275496,-0.1116251784893947,0.2559214095840202,0.0,0.0,0.0,0.0,0.0,0.4388535623169062,0.0,0.0,0.0,0.0,0.0,0.0,0.0,0.0,0.0,0.0,0.0,-0.1294306672484194,0.0,0.0716108883565814,0.0720959251631175,0.0,-0.959864747653572,-0.7712856019641822,-0.6647240273081968,0.0,0.0,0.0,0.0654989152855768,0.1298590376121252,0.0,0.6534323900121197,0.0,-0.3516069782069637,0.0,1.0502543168468708,0.5933636352287148,0.2567226631781317,1.320861302143976,0.1606313797141031,0.4389949361941893,-0.1223322949404171,0.0,0.0,0.0,-0.3972321697859663,-0.4914679255664854,0.0688660891654649,0.0,0.3511392305235094,0.1723315968702251,0.0,0.0,0.0641191640998173,0.0,0.0,0.0,0.0,0.0,-0.3048214875053107,-0.8587179792395938,0.0,0.0,-0.0761997702412283,0.0,0.0,0.0,-0.323647386353287,0.0,0.0793828102316639,0.0,0.0,0.0,0.0,-0.3594479187437756,0.3605521168969055,-0.0503001375204709,0.0,0.0,0.0
462,-0.6666010167446835,-0.887246304834227,-0.3048963970548463,0.0,0.0,0.0,-0.2602886387602079,-0.1180225286419142,0.2805111856104702,0.0,0.0,0.0,0.06207715869203,0.0,0.4619860084825368,0.0,0.0,0.0,0.0,0.0,0.0,0.0,0.0,0.0,0.0,0.0,-0.1455550870721283,0.0,0.0646994925298342,0.0651763796023947,0.0,-0.9600519680708652,-0.7841778410837416,-0.6764532962620592,0.0,0.0,0.0,0.0,0.1325510025401696,0.0,0.7115790770570474,0.0,-0.3418848155824254,0.0,1.1469114054210146,0.5788037737616586,0.2117261310317909,1.3866141269603844,0.1401282294726122,0.4472404543092079,-0.1146279079115068,0.0,0.0,0.0,-0.3457312028385432,-0.4719794936689276,-0.0666399980085442,0.0,0.3754033147038498,0.1644781984664417,0.0,0.0,0.0,0.0,0.0,0.0,0.0,0.0,-0.2789605480499252,-0.8589448231744479,-0.0483008135112825,0.0,0.0,0.0,0.0,0.0,-0.3291522976147075,0.0,0.0763727923894708,0.0,0.0,0.0,0.0,-0.320235200103975,0.4222721243944547,-0.0486870113624217,0.0,0.0,0.0
463,-0.672674937269025,-0.8786405056879287,-0.319324619797849,0.0,0.0,0.0,-0.2501020335220413,-0.1337316877231045,0.3022620688860455,0.0,0.0,0.0,0.0849601445679703,0.0,0.4860007811603353,0.0,0.0,0.0,0.0,0.0,0.0,0.0,0.0,0.0,0.0,0.0,-0.1453285623207399,0.0,0.0,0.0,0.0,-0.9599899265323883,-0.7881436120175246,-0.6881314545442615,0.0,0.0,-0.048548967653437,0.0,0.1330867824375771,0.0,0.7330624150694114,0.0,-0.3422828000035765,0.0,1.1394985637333697,0.5636537945009379,0.1591094952199407,1.4865792970644107,0.1211840999113178,0.4558120808345751,-0.09362361276013,0.0,0.0,0.0,-0.2917903577496705,-0.4589994473041284,-0.0846935864110595,0.0,0.4075737415636282,0.1442754844143739,0.0,0.0,0.0,0.0,0.0,0.0,0.0,0.0,-0.2588643192873014,-0.859183873030751,-0.051102967205764,0.0,0.0,0.0,0.0,0.0,-0.2956762624473089,0.0,0.0756012186334085,0.0,0.0,0.0,0.0,-0.2807406168197738,0.4884757698252494,-0.0603514924140328,0.0,0.0,0.0
464,-0.6796071231603374,-0.8727493972834028,-0.3238108399072082,0.0,0.0,0.0,-0.2453878737421667,-0.162010979619383,0.3544717975980167,0.0,0.0,0.0,0.1124398090173291,0.0,0.4702056843273824,0.0,0.0,0.0,-0.0837020599127451,0.0,0.0,0.0,0.0,0.0,0.0,0.0,-0.1436668193962488,0.0,0.0,0.0,0.0,-0.9597409760190354,-0.7918233328892416,-0.7035912144824688,0.0,0.0,-0.0528905623917944,0.0,-0.1039040085210352,0.0,0.7026115123147464,0.0,-0.3460421624976281,0.0,1.0505376208289667,0.5469632735264351,0.1197136279876327,1.633827768843346,0.0991489957168668,0.4694895254075181,-0.087761676153845,0.0,0.0,0.0,-0.2472352725989315,-0.4257780446360562,-0.0997986755612916,0.0,0.4404501202205177,0.1263674412750487,0.0,0.0,0.0,0.0,0.0,0.0,0.0,0.0,-0.245272417739573,-0.8593807943823353,0.0,0.0,0.0,0.0,0.0,0.0,-0.23574126854515,0.0,0.0786061384726704,0.0,0.0,0.0,0.0,-0.2439538167934535,0.4243705114562789,-0.082152793928217,0.0,0.0,0.0
465,-0.6840295569597499,-0.8671507440357247,-0.32586508029093,0.0,0.0,0.0,-0.2495415758329882,-0.1954022666868292,0.400490086285446,0.0,0.0,0.0,0.1095956916765135,0.0,0.4309005591735285,0.0,0.0,0.0,-0.1586392416546919,0.0,0.0,0.0,0.0,0.0,0.0,0.0,-0.1399855431509154,0.0,0.0646213181872985,0.0,0.0,-0.9590880262229424,-0.7886633864792879,-0.7223850839377977,0.0,0.0,-0.0448633420176451,0.0,-0.1520062883009073,0.0,0.6934330243599067,-0.0601030092520171,-0.3663007459663763,0.0,0.9707844125445756,0.527658165233419,0.0855564728139604,1.7201064452020391,0.0768825377625877,0.4867521475769161,-0.0822736347227649,0.0,0.0,0.0,-0.2184013836805058,-0.4026248215573725,-0.104560791813269,0.0,0.4721680107950677,0.1279837777988645,0.0,0.0,-0.0667574721622931,0.0,0.0,0.0,0.0,0.0,-0.2439495913311816,-0.8612742278320531,0.0,0.0,0.0,0.0,0.0,0.0,-0.1488406536989109,0.0,0.0809041013630456,0.0,0.0,0.0,0.0,-0.2150580909134944,0.3775091186947975,-0.1135917961751236,0.0,0.0,0.0
466,-0.6921444604925112,-0.8614854016559264,-0.3204435577666646,0.0,0.0,0.0,-0.2384972202253765,-0.2418490420152535,0.4513714800569464,0.0,0.0,0.0,0.0921314533858881,0.0,0.3861517092431239,0.0,0.0,0.0,-0.2173382933434667,0.0,0.0,0.0,0.0,0.0,-0.0834693152528993,0.0,-0.1257734977244416,0.0,0.0649374141956483,0.0,0.0,-0.9585870687688468,-0.783730889512261,-0.7336137243593837,0.0,0.0,0.0,0.0,-0.2071615137432833,0.0,0.6934353584005116,-0.0945961795639648,-0.4034730563518613,0.0,0.8979431477769002,0.5090975116448256,0.0,1.7575814235344,0.0,0.4965213888472474,-0.0892883833890164,0.0,0.0,0.0,-0.1998208999768667,-0.3769924436105701,-0.1078669915092062,0.0,0.4654883075351708,0.1244079206445225,0.0,0.0,-0.0756785949719042,0.0,0.0,0.0,0.0,0.0,-0.2500071120004216,-0.8634739856263809,0.0,0.0,0.0,0.0,0.0,0.0,-0.0672415357392524,0.0,0.0778641507532242,0.0,0.0,0.0,0.0,-0.2006409947143973,0.3430123900639832,-0.1502546847033551,0.0,0.0,0.0
467,-0.7039987998478789,-0.85488083145095,-0.308944312840587,0.0,0.0,0.0,-0.2307097982504193,-0.2814067560463028,0.5020084654975087,0.0,0.0,0.0,0.0726973006790562,0.0,0.3412178316765638,0.0,0.0,0.0,-0.275176844002738,0.0,0.0,0.0,0.0,0.0,-0.1097063869241231,0.0,-0.1306259755454665,0.0,0.0626558793998001,0.0,0.0,-0.958349947903673,-0.7807613788053384,-0.7444601065147043,0.0,0.0,0.0,0.0,-0.2637360120554156,0.0,0.705326189913297,-0.1131825063168586,-0.4403912244975979,0.0,0.8317459200997944,0.501368211815117,0.0,1.8016722362785769,0.0,0.5019548567489363,-0.1106255620041212,0.0,0.0,0.0,-0.1972767792389441,-0.3431444874485793,-0.114446672874629,0.0,0.4597239208614453,0.1163127684831859,0.0,0.0,-0.0807102599981612,0.0,0.0,0.0,0.0,0.0,-0.2754639345953965,-0.8681688556778981,0.0,0.0,0.0,0.0,0.0,0.0,0.0,0.0,0.0780585368729126,0.0,0.0,0.0,0.0,-0.1987622328265612,0.3133193058166543,-0.1984142434368186,0.0,0.0,0.0
468,-0.7235805797124878,-0.8501434052424499,-0.2830026724897297,0.0,0.0,0.0,-0.2253160442043133,-0.3160820612664551,0.4688898689378193,0.0,0.0,0.0,0.0,0.0,0.3007549079945636,0.0,0.0,0.0,-0.3113806356858597,0.0,0.0,0.0,0.0,0.0,-0.1101785755329036,0.0,-0.1469605677344112,0.0,0.0,0.0,0.0,-0.9580954168828342,-0.7761808834966549,-0.7510636830911993,0.0,0.0,-0.043585552058298,0.0,-0.319065426318451,0.0,0.7209273263432596,-0.1242543389587551,-0.4683944486670481,0.0,0.7827864482801017,0.502772226555647,0.0,1.6522664005261516,0.0,0.5067925104158115,-0.1360372618409879,0.0,0.0,0.0,-0.2091454071725003,-0.3264787288784527,-0.1132576355575009,0.0,0.4511161705012492,0.1044626104595602,0.0,0.0,-0.07291457989615,0.0,0.0,0.0,0.0,0.0,-0.299842864681883,-0.8726408142113464,0.0,0.0,0.0,0.0,0.0,0.0,0.0,0.0,0.0743322762713907,0.0,0.0,0.0,0.0,-0.2047800893487264,0.2847461221289561,-0.2431207660512542,0.0,0.0,0.0
469,-0.7437830356955933,-0.8427682134535049,-0.2564122615609455,0.0,0.0,0.0,-0.2154948907057499,-0.3530766264740079,0.4545601826404554,0.0,0.0,0.0,0.0,0.0,0.2786488724115615,0.0,0.0,0.0,-0.3314633674320696,0.0,0.0,0.0,0.0,0.0,-0.0963242928273255,0.0,-0.1664302558023917,0.0,0.0,0.0,0.0,-0.9582796077096338,-0.7748845573128229,-0.7515442699906285,0.0,0.0,-0.0685935273366152,0.0,-0.36693111611061,0.0,0.6705881517076903,-0.1278642958648268,-0.5011882584360328,0.0,0.7511216532573124,0.5117608727528986,0.0,1.5175261136952254,0.0,0.5169835597234128,-0.1675173859406619,0.0,0.0,0.0,-0.2363264322018819,-0.3215595326933392,-0.1152540196038598,0.0,0.4307612386550047,0.0913101891822614,0.0,0.0,-0.0541305887875855,0.0,0.0,0.0,0.0,0.0,-0.3294804288221179,-0.8781522931384069,0.0,0.0,0.0,0.0,0.0,0.0,0.0,0.0,0.0681390928793087,0.0,0.0,0.0,0.0,-0.2203314868781032,0.2561189513856622,-0.2904734602204151,0.0,0.0,0.0
470,-0.769187195669803,-0.8350830334603273,-0.2223795391963961,0.0,0.0,0.0,-0.2107410509435208,-0.3815553278570705,0.4379192469232321,0.0,0.0,0.0,0.0,0.0,0.251215613107997,0.0,0.0,0.0,-0.3283403203548314,0.0,0.0,0.0,0.0,0.0,-0.0535752728191295,0.0,-0.1809796385633806,0.0,0.0,0.0,0.0,-0.9590680044499442,-0.7770570354591559,-0.752956543982835,0.0,0.0,-0.1033653298759889,0.0,-0.4011700330217774,0.0,0.6159495648422179,-0.1258644033588074,-0.5264187841187628,0.0,0.6993835377364066,0.5266987130454396,0.0,1.403336909789273,0.0,0.5213227906900851,-0.1924657333169135,0.0,0.0,0.0,-0.267795797023503,-0.328540278234471,-0.1007500816168493,0.0,0.4155890920070011,0.0762035609891999,0.0,0.0,0.0,0.0,0.0,0.0,0.0,0.0,-0.3610604344907997,-0.8841572242962292,0.0,0.0,0.0,0.0,0.0,0.0,0.0,0.0,0.0,0.0,0.0,0.0,0.0,-0.2485958379955232,0.2430861904925162,-0.3316604419345407,0.0,0.0,0.0
471,-0.7958403649373385,-0.826999827927727,-0.1857782974765613,0.0,0.0,0.0,-0.1951699839789068,-0.4019495006228443,0.4314266002260574,0.0,0.0,0.0,0.0,0.0,0.2405137180900482,0.0,0.0,0.0,-0.321103056407452,0.0,0.0,0.0,0.0,0.0,0.0,0.0,-0.193483380438723,0.0,0.0,0.0,0.0,-0.9598181328162564,-0.7810864530388522,-0.7516445254780506,0.0,0.0,-0.1453985473980684,0.0,-0.4147474683041741,0.0,0.5662623963907997,-0.1198981981804551,-0.5543552129017798,0.0,0.6660893385079908,0.5297345437947545,0.0,1.392840187336095,0.0,0.5135798530163705,-0.2242241458970242,0.0,0.0,0.0,-0.3113436715746953,-0.3523941752335921,-0.081250400728611,0.0668655659736841,0.401560282029088,0.0625004352961032,0.0668655659736841,0.0,0.0,0.0,0.0,0.0,0.0,0.0,-0.378554246205829,-0.8899845609651704,0.0,0.0,0.0,0.0,0.0,0.0,0.0,0.0,0.0,0.0,0.0,0.0,0.0,-0.2864483812313325,0.2418665027707686,-0.3587926914090126,0.0,0.0,0.0779164810033838
472,-0.8210479963959759,-0.8256015138895992,-0.1514135772595511,0.0,0.0,0.0,-0.1742482297256287,-0.4111362134766602,0.4402350129061323,0.0,0.0,0.0,0.0,0.0,0.2176941672998217,0.0,0.0,0.0,-0.2802774045957918,0.0,0.0,0.0,0.0,0.0,0.0,0.0,-0.1915978689789422,0.0,0.0,0.0,0.0,-0.9598765893993844,-0.7857814125562166,-0.7492531350549578,0.0,0.0,-0.1904158730848394,0.0,-0.4342789678049319,0.0,0.5364968409547654,-0.1130115161987778,-0.5720558077349244,0.0,0.635997091420499,0.5422337395367701,0.0,1.239002234795737,0.0777231132236382,0.4889656572960614,-0.23604931425829,0.0,0.0,0.0,-0.3592182557999025,-0.3840206650323899,0.1334870394485758,0.0751155760963119,0.3701114217405032,0.0,0.0751155760963119,0.0,0.0,0.0,0.0,0.0,0.0,0.0,-0.3998849645694286,-0.8930631834042329,0.0,0.0,0.0,0.0,0.0,0.0,0.0,0.0,0.0,0.0,0.0,0.0,0.0,-0.3188709168796803,0.2380292952721946,-0.3740159761678003,0.0,0.0,0.1010548943411161
473,-0.8418210380888441,-0.8224780812584583,-0.112949961742977,0.0,0.0,0.0,-0.1580630584787869,-0.4058190319525038,0.4307579794680003,0.0,0.0,0.0,0.0,0.0723009668528679,0.1903556137312553,0.0,0.0,0.0,-0.2362187557118895,0.0,0.0,0.0,0.0,0.0,0.0,0.0,-0.173799936812046,0.0,0.0,0.0,0.0,-0.9599540261834174,-0.7924275295588683,-0.7438090639481225,0.0,0.0,-0.2343298850902929,0.0,-0.4399026751813627,0.0,0.5492415559958429,-0.1236290941623162,-0.5772197794335399,0.0,0.597392224546367,0.5622340693360214,0.0,1.14197266713108,0.0941517489325773,0.4660469383304951,-0.2117111046853317,0.0,0.0,0.0,-0.4014633141178544,-0.4211921611854833,0.162817449465892,0.0837529254369063,0.3456447471580691,0.0,0.0837529254369063,0.0,0.0,0.0,0.0,0.0,0.0,0.0,-0.4175706925217003,-0.8949412816985336,0.0,0.0,0.0,0.0,0.0,0.0,0.0,0.0,0.0,0.0,0.0,0.0,0.0,-0.3476100595996593,0.2364551169476178,-0.385834489058348,0.0,0.0,0.0977072165051399
474,-0.857371116293328,-0.8194750666323721,-0.0697226759102585,0.0,0.0,0.0,-0.1376104126270024,-0.4002782352170381,0.4352351294126403,0.0,0.0,0.0,0.0,0.0727322957339237,0.1818209314942219,0.0,0.0,0.0,-0.1702895536751034,0.0,0.0,0.0,0.0,0.0,0.0,0.0,-0.1472815252989457,0.0,0.0,0.0,0.0,-0.960130208483871,-0.7942208034121901,-0.7404042390221608,0.0,0.0,-0.277892942390363,0.0,-0.4356975998958609,0.06949477601882,0.59497244889435,-0.1275781572395383,-0.5729391615839653,0.0,0.558108352403824,0.5818217401254713,0.0,1.0997327688854428,0.1073618308054726,0.436303301083647,-0.1886536749981577,0.0,0.0,0.0,-0.4387840199509829,-0.464090298777755,0.1593047597269436,0.0836622062167635,0.320509219475067,0.0,0.0836622062167635,0.0,0.0,0.0,0.0,0.0,0.0,0.0,-0.4182703259850094,-0.8953013066733102,0.0,0.0,0.0,0.0,0.0,0.0,0.0,0.0,0.0,0.0,0.0,0.0,0.0,-0.3755194214077514,0.2386548380560042,-0.3776177056574225,0.0,0.0,0.0855505225769125
475,-0.8651087010097487,-0.8089349855194072,0.0,0.0,0.0,0.0,-0.1090121308799968,-0.3845228426228123,0.4201032492655685,0.0,0.0,0.0,0.0,0.0,0.1911684684915395,0.0,0.0,0.0,-0.1100408760682197,0.0,0.0,0.0,0.0,0.0,0.0,0.0,-0.1031051336567951,0.0,0.0,0.0,0.0,-0.9600793845379458,-0.7975678975329449,-0.740075952126532,0.0,0.0,-0.3043605981492785,0.0,-0.4206302015491765,0.0864081242872881,0.6002622562199851,-0.1343014996456218,-0.5722964542246637,0.0,0.519262031826749,0.6040444804058098,0.0,1.1218151576861752,0.1158159537403888,0.4078530116606322,-0.1202339197913002,0.0,0.0,0.0,-0.4676252990610409,-0.5073460359903936,0.1526352303525992,0.070391288435816,0.3000603087252583,0.0,0.070391288435816,0.0,0.0,0.0,0.0,0.0,0.0,0.0,-0.4260522195007991,-0.8944495359958848,0.0,0.0,0.0,0.0,0.0,0.0,0.0,0.0,0.0,0.0,0.0,0.0,0.0,-0.3840150647691354,0.2485380235046941,-0.3716219184726332,0.0,0.0,0.0888175446153196
476,-0.869795138302691,-0.8043796938411134,0.0,0.0,0.0,0.0,-0.076379199275559,-0.3628381130664931,0.4136066717626788,0.0,0.0,0.0,0.0,0.0,0.2134845415879293,0.0,0.0,0.0,-0.0478905699208802,0.0,0.0,0.0,0.0,0.0701417400710512,0.0,0.0,-0.0450839153075802,0.0,0.0,0.0,0.0,-0.9584438531244786,-0.7993840850698667,-0.741128554126995,0.0,0.0,-0.3174428494151745,0.0,-0.4019498756692051,0.0994142913286811,0.5703344367254322,-0.1377618201609111,-0.5723515512416304,0.0,0.4688502201281126,0.6220385294799808,0.0,1.2076865381008255,0.1190236123384728,0.381946012811968,-0.064332598878279,0.0,0.0,0.0,-0.5000022157477162,-0.5300505735333694,0.1408624895355882,0.0,0.2797076867859942,0.0,0.0,0.0,0.0,0.0,0.0,0.0,0.0,0.0,-0.4257030516644835,-0.8939271599804246,0.0,0.0,0.0,0.0,0.0,0.0,0.0,0.0,0.0,0.0,0.0,0.0,0.0,-0.3854993471318487,0.2520942531134452,-0.3437079906323107,0.0,0.0,0.0964367943372164
477,-0.8717940695277848,-0.7975062894024035,0.0,0.0,0.0,0.0,0.0,-0.3343230853088393,0.4148027781237531,0.0,0.0,0.0,0.0,0.0,0.2405377357362997,0.0,0.0,0.0,0.0,0.0,0.0,0.0,0.0,0.0924517098449956,0.0,0.0,0.0,0.0,0.0,0.0,0.0,-0.95805044968508,-0.800990186235796,-0.7426893158314848,0.0,0.0,-0.3000778064783934,0.0,-0.3817593495292355,0.1155297211939939,0.5635099387766674,-0.1471444966088159,-0.5760696861434756,0.0,0.4122597365005777,0.627255978091422,0.0688261374401651,1.3369504997599648,0.1149544759295062,0.3683456702935284,0.0,0.0,0.0,0.0,-0.5242874584162103,-0.5159494970433551,0.1121001372140501,0.0,0.2640335924791229,0.0,0.0,0.0,0.0,0.0,0.0,0.0,0.0,0.0,-0.4187705339130624,-0.8923121592975951,0.0,0.0,0.0,0.0,0.0,0.0,0.0,0.0,0.0,0.0,0.0,0.0,0.0,-0.3841909413139494,0.2562872623319512,-0.312808432838927,0.0,0.0,0.1125339891602195
478,-0.8732507253993731,-0.7924861465253479,0.0,0.0,0.0,0.0,0.0,-0.3025327426641284,0.4131628470008084,0.0,0.0,0.0,0.0,0.0,0.2270231132866721,0.0,0.0,0.0,0.0,0.0,0.0,0.0,0.0,0.1165577928751261,0.0,0.0,0.0,0.0,0.0951333281227794,0.075774894231181,0.0,-0.9576292825539112,-0.7995163503099938,-0.7419551029415412,0.0,0.0,-0.2835007748978604,0.0,-0.3601871489803873,0.1466644392398102,0.5668037117840927,-0.1658191577188589,-0.5776831866919396,0.0,0.3630246112439209,0.6398265059684272,0.0780515179794438,1.5093615650889447,0.1037537238982904,0.3572669594050897,0.0,0.0,0.0,0.0,-0.5489399239115468,-0.4698460582750516,0.1023475525999263,0.0,0.2708212649403712,0.0666108383783651,0.0,0.0,0.0,0.0,0.0,0.0,0.0,0.0,-0.414501019688979,-0.8882123801038335,0.0,0.0,0.0,0.0,0.0,0.0,0.0,0.0659045530380538,0.0,0.0,0.0,0.0,0.0,-0.3743002549184628,0.2564704613041477,-0.2862413171497933,0.0,0.0,0.1306629257468098
479,-0.8723295268406992,-0.7837710856259346,0.0,0.0,0.0,0.0,0.0,-0.2643361357625507,0.3919646745363955,0.0,0.0,0.0,0.0,0.0,0.1826721845806852,0.0,0.0,0.0,0.0,0.0,0.0,0.0,0.0,0.1392297676161423,0.0,0.0,0.0,0.0,0.1392353217594968,0.0871060681266267,0.0,-0.9572783294843537,-0.7951268755957609,-0.7436922190107524,0.0,0.0,-0.2483493057233301,0.0,-0.3204498432699589,0.1782211094487828,0.5359770291658692,-0.1914602575885567,-0.5803514129595374,0.0,0.329862102227357,0.6521690712851891,0.1015460322179798,1.5540874221469791,0.0901926654912325,0.3538198430889729,0.0,0.0,0.0,0.0,-0.5611596447439813,-0.4105862923063545,0.0804179726474989,0.0,0.2780082818570293,0.074179557132062,0.0,0.0,0.0,0.0,0.0,0.0,0.0,0.0,-0.4121170837461652,-0.8854153588611209,0.0,0.0,0.0,0.0,0.0,0.0,0.0,0.0,0.0,0.0,0.0,0.0,0.0,-0.3652867163161858,0.251650665057447,-0.252686484487118,0.0,0.0,0.1471786333894617
480,-0.8722295571703058,-0.7782857740499375,0.0,0.0,0.0,0.0,0.0,-0.2290556510751085,0.3819709104790749,0.0,0.0,0.0,0.0,0.0,0.1846343973474424,0.0,0.0,0.0,0.0,0.0,0.0,0.0,0.0,0.1308101521393031,0.0,0.0,0.0,0.0,0.1905146859088366,0.0949144078320715,0.0,-0.9577445487815632,-0.7910387319249643,-0.7448124991694592,0.0,0.0,-0.2101742664700498,0.0,-0.2735635915870338,0.206365865520903,0.4662059452831917,-0.2164567859407183,-0.5773891369850723,0.0,0.3061125321921271,0.6620721035478244,0.128799216615122,1.5196021443111245,0.0744085061550044,0.3532159856041443,0.0,0.0,0.0,0.0,-0.5643580259690713,-0.3153762752679185,-0.0667947126405174,0.0,0.2965168307700417,0.0834556849608462,0.0,0.0,0.0,0.0,0.0,0.0,0.0,0.0,-0.4097709154399393,-0.8818979174263459,0.0,0.0,0.0,0.0,0.0,0.0,0.0,0.0,0.0,-0.0547467781292589,0.0,0.0,0.0,-0.3472525480493633,0.2615474991927695,-0.2270038506161065,0.0,0.0,0.1348119213093214
481,-0.8705928176348743,-0.7811136092481069,0.0,0.0,0.0,0.0,0.0,-0.1946400606266947,0.3289005503305919,0.0,0.0,0.0,0.0,0.0,0.1790008436465268,0.0,0.0,0.0,0.0,0.0,0.0,0.0,0.0,0.0963402157403109,0.0,0.0,0.0,0.0,0.2154454273746523,0.0984554923035297,0.0,-0.95935761458321,-0.7842385270275816,-0.7461717692780079,0.0,0.0,-0.1689686266656975,0.0,-0.2355475191908511,0.2239593231079626,0.4189497227179509,-0.2531898057649089,-0.5718306634226838,0.0,0.312858329796088,0.6780987876557333,0.1694990672540373,1.5537161318465684,0.0,0.3652672863018718,0.0,0.0,0.0,0.0,-0.5621808745412447,-0.2118977407040572,-0.1126645431857618,0.0,0.3125979325166085,0.0907700363869949,0.0,0.0,0.0,0.0,0.0,0.0,0.0,0.0,-0.4026540471932214,-0.8788915469063192,0.0,0.0736675964294653,0.0,0.0,0.0,0.0,0.0,0.0,0.0,-0.1137280093861453,0.0,0.0,0.0,-0.3165604785973997,0.3034742700986352,-0.2047122595037638,0.0,0.0,0.1013380969228251
482,-0.8687391653301599,-0.7914971599030745,0.0,0.0,0.0,0.0,0.0,-0.1692084516425845,0.2996090725708629,0.0,0.0,0.0,0.0,0.0,0.1915209315241345,0.0,0.0,0.0,0.0,0.0,0.0,0.0,0.0,0.0676891438450443,0.0,0.0,0.0,0.0,0.1551782278109216,0.0976439143838905,0.0,-0.9617620640530432,-0.7771062552672608,-0.7452371873248217,0.0,0.0,-0.1290096210251673,0.0,-0.2012975761088289,0.2168833493815124,0.411909756843671,-0.3036765703740318,-0.5597831731007405,0.0,0.2797985517804542,0.5954281525625705,0.2135634297520508,1.2656900637037434,0.0,0.3814921994253707,0.0,0.0,0.0,0.0,-0.5583659834153898,-0.1142779345522833,-0.1534221028260077,0.0,0.3275847494033569,0.094129614556709,0.0,0.0,0.0,0.0,0.0,0.0,0.0,0.0,-0.3834224889783515,-0.8721722978428623,0.0,0.09146682213288,-0.07563657386986,0.0,0.0,0.0,-0.087256204130377,0.0,0.0,-0.1670517599136136,0.0,0.0,0.0,-0.2789292987823023,0.3379235818752269,-0.1885042741825831,0.0,0.0,0.0671120727817446
483,-0.8659808100060453,-0.8073566676385586,0.0,0.0,0.0,0.0,0.0,-0.1583300788912145,0.2874761694464485,0.0,0.0,0.0,0.0,0.0,0.2168724766348058,0.0,0.0,0.0,0.0,0.0,0.0,0.0,0.0,0.0,0.0,0.0,0.0,0.0,0.0875907612512705,0.0947159898904312,0.0,-0.9645671173801342,-0.7718181530092706,-0.7473287787999847,0.0,0.0,-0.0875667739778667,0.0,-0.1650836736571201,0.2068538883895586,0.4310033677842135,-0.3500217361348319,-0.5512632626277609,0.0,0.219175808052376,0.4892204508381193,0.2650033362560262,1.0068934754833083,0.0,0.3920333290444796,0.0,0.0,0.0,0.0,-0.5517777549510834,0.0,-0.1875422474606797,0.0621157214239397,0.3434920035495091,0.0937464172001314,0.0621157214239397,0.0,0.0,0.0,0.0,0.0,0.0,0.0,-0.3726354749100301,-0.8676993001902638,0.0,0.107340538230703,-0.1476265181897189,0.0,0.0,0.0,-0.1661009512248487,0.0,0.0,-0.2121383558400374,0.0,0.0,0.0,-0.2365041333795878,0.3688153826844841,-0.1796107348886745,0.0,0.0,0.0
484,-0.8600949143981835,-0.8312574124509852,-0.0565102068118071,0.0,0.0,0.0,0.0,-0.1463103558866259,0.2744436103880038,0.0,0.0,0.0,0.0,0.0,0.2498042528458958,0.0,0.0,0.0,0.0,0.0,0.0,0.0,0.0,0.0,0.0,0.0,0.0,0.0,0.0961707108857527,0.0879181213630408,0.0,-0.9676619319477222,-0.7654111110329981,-0.7498536774901562,0.0,0.0,-0.045689850525662,0.0,-0.1322182670225833,0.1961270172128028,0.4851975699353013,-0.3997468476781288,-0.5263310439349025,0.0,0.1594993931338445,0.4161015167040344,0.3109130993678859,0.7937104103284229,0.0,0.394954921178908,0.0,0.0,0.0,0.0,-0.5439632455247831,0.0,-0.2096454566121419,0.0622295730525353,0.3595901326696601,0.0944838944841995,0.0622295730525353,0.0,0.0,0.0,0.0643430191163286,0.0,0.0,0.0,-0.3554337902616774,-0.8608337773641699,0.0,0.1175335600592117,-0.2127855442645827,0.0,0.0,0.0,-0.2417598073528473,0.0,0.0,-0.2530105411794158,0.0,0.0,0.0,-0.1961689289254665,0.4097429635165343,-0.1773187472382017,0.0,0.0,0.0
485,-0.8523536318867357,-0.855396618084304,-0.0986581591161917,0.0,0.0,0.0,0.0,-0.1578998082505969,0.27254488663455,0.0646811890374625,0.0,0.0,0.0,0.0,0.2291663249611087,0.0,0.0,0.0,0.0,0.0,0.0,0.0,0.0,0.0,0.0,0.0,0.0,0.0,0.1063473466179608,0.0791656275619654,0.0,-0.9703869518925208,-0.758947167195211,-0.7546063689248471,0.0635406940511308,0.0,0.0,0.0,-0.1155065787856379,0.1854530908101719,0.563309215046126,-0.4450980376535117,-0.4973212246479597,0.0,0.1574549359351118,0.3791851322286115,0.3449763112815799,0.6417814860928889,0.0,0.4109418641733541,0.0,0.0,0.0,0.0,-0.5334065996957336,0.0,-0.2184802500161738,0.0620496307486075,0.3674430571004901,0.0969720563137301,0.0620496307486075,0.0,0.0,0.0,0.0,0.0,0.0,0.0,-0.3398627136232074,-0.8557235815596731,0.0,0.1357144547039239,-0.2684027806801741,0.0,0.0,0.0,-0.3223396888747954,0.0,0.0,-0.283313064967937,0.0,0.0,0.0,-0.1515571735983505,0.420968180457605,-0.1868081785228814,0.0,0.0,0.0
486,-0.8359187195651692,-0.8710840149321348,-0.1240027468547481,0.0,0.0,0.0,0.0,-0.1745754403090561,0.2812848655498645,0.0741446432038128,0.0,0.0,0.0,0.0,0.2055665139934976,0.0,0.0,0.0,0.0,0.0,0.0,0.0,0.0,0.0,0.0,0.0,0.0,0.0,0.1118198594047336,0.0693053568449281,0.0,-0.9730098461607182,-0.7532637580957833,-0.7616239087195198,0.0800480094974536,0.0,0.0,0.0,-0.1090032061018297,0.1537308524764832,0.629064869267017,-0.4880731644030358,-0.469918012901057,0.0,-0.1242520055294994,0.3509347749697169,0.3161066554716215,0.6922516575709886,0.0,0.4244897830197274,-0.0642862665154303,0.0,0.0,0.0,-0.5235378218286567,0.0,-0.1973096658898051,0.0654969161007266,0.3623399154425811,0.076332921604158,0.0654969161007266,0.0,0.0,0.0,0.0,0.0,0.0,0.0,-0.3253262181276503,-0.8511045171846758,0.0,0.1401785100627207,-0.2935452882782921,0.0,0.0,0.0,-0.396011216476456,0.0,0.0,-0.2998469562164993,0.0,0.0,0.0,-0.0929365241021878,0.4277295910469221,-0.2054044510791316,0.0,0.0,0.0
487,-0.8117072649581116,-0.8820054067051442,-0.1263778316195721,0.0,0.0,0.0,0.0,-0.1991100794790184,0.2906529406750501,0.0811894513022483,0.0,0.0,0.0,0.0,0.1763798392792241,0.0,0.0,0.0,0.0,0.0,0.0,0.0,0.0,0.0,0.0,0.0,0.0,0.0,0.1209450424349435,0.0,0.0,-0.9748136552939232,-0.7470302137763792,-0.7683311455849026,0.0997623038256542,0.0,0.0,0.0,-0.1134271655632319,0.1205305513693019,0.6453140506290628,-0.5268366605248626,-0.4465780360006081,0.0,0.2015948862187464,0.340615533409229,0.2779081863337629,0.7419924488612547,0.0,0.4418241225040595,-0.103055761627855,0.0,0.0,0.0,-0.5130648529145165,0.0,-0.1494204522117109,0.068601271757413,0.3520795812204145,0.0,0.068601271757413,0.0,0.0,0.0,0.0,0.0,0.0,0.0,-0.3092006292988623,-0.8456628102461493,0.0,0.1395123616500936,-0.3165205580600559,0.0,0.0,0.0,-0.4465264221246963,0.0,0.0,-0.3004843214323952,0.0,0.0,0.0,-0.0459358142320539,0.4293699911852234,-0.2214187433112082,0.0,0.0,0.0
488,-0.785242111119431,-0.8925865069314756,-0.130444836926678,0.0,0.0,0.0,-0.0506790609210447,-0.234765569970502,0.3061308144465891,0.082823582128422,0.0,0.0,0.0,0.0,0.2024060394206568,0.0,0.0,0.0,0.0,0.0,0.0,0.0,0.0,0.0,0.0,0.0,0.0,0.0,0.1201582154098504,0.0,0.0,-0.9749060543940602,-0.742656348813988,-0.77742514479049,0.1146481693360064,0.0,0.0,0.0,-0.1292359011686648,0.0918929008257691,0.6812796704535032,-0.540583530420914,-0.4317715270947055,0.0,-0.1438609870852348,0.3345734421144091,0.2469358220717041,0.7728924294030385,0.0,0.4690412117679295,-0.1513314743802877,0.0,0.0,-0.0504150102694423,-0.5133950157857871,0.0,-0.0966772835365609,0.0,0.3519941521796113,0.0,0.0,0.0,0.0,0.0,0.0,0.0,0.0,0.0,-0.3125778839361142,-0.8416427569191626,0.0,0.1371159180393546,-0.3383057862365284,0.0,0.0,0.0,-0.4687378529912773,0.0,0.0,-0.2908698159090779,0.0,0.0,0.0,0.0,0.4292130803806243,-0.2338955473095824,0.0,0.0,0.0
489,-0.7560056325510779,-0.8988261350402937,-0.1139812547912009,0.0,0.0,0.0,-0.0899726121799349,-0.2648118009384266,0.32890204175692,0.0802113748647145,0.0,0.0,0.0,0.0,0.2382910752589332,0.0,0.0,0.0,0.0,0.0,0.0658376536247019,0.0,0.0,0.0,0.0,0.0,0.0,0.0,0.1239869723946996,0.0,0.0,-0.973747507658378,-0.7438698787561557,-0.7866052087464933,0.1241903566963436,0.0,0.0,0.0,-0.1554871978832978,0.0,0.7435271623745136,-0.5550848508121636,-0.4279904548160972,0.0,-0.1374008744637234,0.3419820862987358,0.2090308103656669,0.7931884036244827,0.0,0.4889801672233851,-0.153505823138117,0.0,0.0,-0.0891845458851511,-0.5080737280803871,0.0,0.0843562017628203,0.0,0.3500586938626115,0.0,0.0,0.0,0.0,0.0,0.0,0.0,0.0,0.0,-0.3376712791237213,-0.8440066305183482,0.0,0.1320273099369242,-0.3470361066911102,0.0,0.0,0.0,-0.4678038473527461,0.0,0.0,-0.2801561141472968,0.0,0.0,0.0,0.0,0.425147227951598,-0.2421685480444515,0.0,0.0,0.0
490,-0.7265248787068257,-0.9017729959276304,-0.0949411949347234,0.0,0.0,0.0,-0.1192024911817706,-0.3005978276052318,0.3530081619433991,0.0720736153807671,0.0,0.0,0.0,0.0,0.213481993875161,0.0,0.0,0.0,0.0,0.0,0.0790458707206704,0.0,0.0,0.0,0.0,0.0,0.0,0.0,0.1128865325782548,0.0,0.0,-0.9727457512033836,-0.7430248688560336,-0.7817141536920321,0.1284966602805495,0.0,0.0,0.0,-0.1820839793031851,0.0,0.8068035464129636,-0.5593757939800655,-0.4268113179267383,0.0,-0.1291654839030281,0.3467562124794814,0.1960846312280418,0.7870196012125351,0.07849247817012,0.5102319400870867,-0.1198546379868471,0.0,0.0,-0.136191199976632,-0.4982929419281147,0.0,0.0765518578367083,0.0,0.3452497529019532,0.0,0.0,0.0,0.0,0.0,0.0,0.0,0.0,0.0,-0.3589702360181642,-0.8515358162675324,0.0,0.1274991633154976,-0.3493729832704745,0.0,0.0,0.0,-0.4644037464118176,0.0,0.0,-0.2543188270501377,0.0,0.0,0.0,-0.0479436439811805,0.407746812602031,-0.237704686346259,0.0,0.0,0.0
491,-0.6982833383460594,-0.8927227376129436,-0.0637574193457191,0.0,0.0,0.0,-0.1340661172186943,-0.3353384724052864,0.3849386943676718,0.0,0.0,0.0,0.0,0.0,0.1806292910277564,0.0,0.0,0.0,0.0,0.0,0.0874875105730307,0.0,0.0,0.0,0.0,0.0,0.0,0.0,0.1050653397615066,0.0,0.0,-0.9712886135028428,-0.7456427069325574,-0.7803873040197886,0.1266054876676129,0.0,0.0,0.0,-0.2026307579967756,0.0,0.8751755001097977,-0.5668932406226237,-0.439161332920005,0.0,-0.1133171477126286,0.3583775800613327,0.190510658419604,0.7833752767969935,0.0955447618142633,0.4377902079378125,0.0,0.0,0.0,-0.1918855469759337,-0.4848172522419106,0.0,0.0832109312329553,0.0,0.3421886240208864,0.0,0.0,0.0,0.0,0.0,0.0,0.0,0.0,0.0,-0.3903775672169823,-0.8577789631786268,0.0,0.1225360984986727,-0.3363180918957215,0.0,0.0,0.0,-0.4374367138891152,0.0,0.0,-0.2219551430816045,0.0,0.0,0.0,-0.0901334207755267,0.3883921056725055,-0.2387048852081262,0.0,0.0,0.0
492,-0.674194942022733,-0.8862159626123725,-0.0471825413013642,0.0,0.0,0.0,-0.1355717179187892,-0.367683882813072,0.4280084735148021,0.0807165070392163,0.0,0.0,0.0,0.0,0.1689259494078797,0.0,0.0,0.0,0.0,0.0,0.0956228984372489,0.0,0.0,0.0,0.0,0.0,0.0,0.0,0.0972524599206878,0.0,0.0,-0.968472747404582,-0.7488474465256577,-0.777610701954386,0.1174919710718861,0.0,0.0,0.0,-0.2209320209617155,0.0632508453631715,0.9014884325123372,-0.5667313522443096,-0.4623478381587211,0.0,-0.0914318344990339,0.3751502512993308,0.1857521560630648,0.7604073787521505,0.1121543573423696,0.3837696326282748,0.0,0.0,0.0,-0.2552688391373381,-0.4689185220866064,0.0,0.096743977459076,0.0,0.3369065610473563,0.0,0.0,0.0,-0.0529286791170924,0.0,0.0,0.0,0.0,0.0,-0.4274044631958041,-0.8647776156511777,0.0,0.1137861281139628,-0.3189530990357091,0.0,0.0,0.0,-0.4112710591263146,0.0,0.0,-0.175186320386164,0.0,0.0,0.0,-0.1361245727518169,0.3785573166270378,-0.217141706985369,0.0,0.0,0.0
493,-0.6500064086289019,-0.8766331555813829,0.0,0.0,0.0,0.0,-0.1244014461679443,-0.391884168698682,0.4824636321611148,0.103939495219717,0.0,0.0,0.0,0.0,0.184996690059468,0.0,0.0,0.0,0.0,0.0,0.1021893217115201,0.0,0.0,0.0,0.0,0.0,0.0,0.0,0.09903066143821,0.0,0.0,-0.9664013180955902,-0.7534410708548626,-0.7744154446210573,0.1033382083600833,0.0,0.0,0.0,-0.2398928998519559,0.0784779788573558,0.7954145467113845,-0.5656512464425099,-0.4857659358871021,0.0,-0.070241718836421,0.3925833773125915,0.1883885538479136,0.767610220488437,0.1248238373020346,0.3546258311493589,0.0,0.0,0.0,-0.3147419356960021,-0.4511494362423773,0.0,0.1107771641874707,0.0,0.3327714914437427,0.0,0.0,0.0,-0.0841961018689924,0.0,0.0,0.0,0.0,0.0,-0.459980840492843,-0.8741673671293886,0.0,0.0,-0.2875687836597485,0.0,0.0,0.0,-0.3774328093994316,0.0,0.0,-0.1265387996317875,0.0,0.0,0.0,-0.202439517492931,0.360916340683924,-0.1740915398500685,0.0,0.0,0.0
494,-0.6342100826940852,-0.8665880757295694,0.0,0.0,0.0,0.0,-0.1044382433744244,-0.4183637814047052,0.5134231002357355,0.1250231910848911,0.0,0.0,0.0,0.0,0.1935519591648222,0.0,0.0,0.0,0.0,-0.0696254776045961,0.1072741985314214,0.0,0.0,0.0,0.0,0.0,0.0,0.0,0.0985979387876192,0.0,0.0,-0.9649590482852436,-0.7591688418142324,-0.7621251515879103,0.0837624249154816,0.0,0.0,0.0,-0.2637783525268289,0.1011223003028507,0.6892966906049524,-0.5679527658211082,-0.5127039558715532,0.0,-0.0574901579425904,0.4021184237268358,0.1933500945613741,0.8958422934112109,0.1313293748257134,0.3338776239807109,0.0,0.0,0.0,-0.3654519039158181,-0.4309531895585085,0.0,0.1230638762351189,0.0,0.3338381724370493,0.0,0.0,0.0,-0.1060753149117062,0.0,0.0,0.0,0.0,0.0,-0.4716990148187991,-0.8814560967346234,0.0,0.0,-0.2437356618820269,0.0,0.0,0.0,-0.354702236458221,0.0,0.0,-0.072283558751081,0.0,0.0,0.0,-0.2598173237829199,0.3673426187875617,-0.1224647984293844,0.0,0.0,0.0
495,-0.6164674070176991,-0.8536933278938079,-0.0467430357773951,0.0,0.0,0.0,-0.0809269270550818,-0.4381530994341774,0.5276220911176813,0.1201979054925417,0.0,0.0,0.0,0.0,0.1932065956619346,0.0,0.0,0.0,0.0,-0.0897224606769135,0.1178784080517438,0.0,0.0,0.0,0.0,0.0,0.0,0.0,0.0977781454826675,0.0648250211821549,0.0,-0.9646445989123626,-0.7653855883721655,-0.7543001877976808,0.0669233087860283,0.0,0.0,0.0,-0.2892974089184707,0.1215632542460761,0.5924303750988624,-0.5645397986116413,-0.5394040302364819,0.0,0.0,0.416497582130491,0.206357273113891,1.011413441539614,0.1302629883912356,0.3166653326257373,0.0,0.0,0.0,-0.3956198867712327,-0.4054580429349663,0.0,0.1356527200870236,0.0,0.3295731717179033,0.0629082560431923,0.0,0.0,-0.1300546321845264,0.0,0.0,0.0,0.0,0.0,-0.4711949295272073,-0.8887598927668687,0.0,0.0,-0.1913898610566529,0.0,0.0,0.0,-0.3521110086787947,0.0,0.0,0.0,0.0,0.0,0.0,-0.3268983630842066,0.3664378715773467,-0.0572563784413154,0.0,0.0,0.0
496,-0.6041995476949227,-0.8331388553546355,-0.0558619352174905,0.0,0.0,0.0,-0.0635274403901157,-0.4567166104898745,0.5751309272183349,0.0894726692558005,0.0,0.0,0.0,0.0,0.1896449153110763,0.0,0.0,-0.0902839787755569,0.0,-0.105011568202742,0.1243522897601228,0.0,0.0,0.0,0.0,0.0,0.0,0.0,0.1052536909666149,0.0687627819545031,0.0,-0.9646918888727608,-0.7700971213196751,-0.7451586025814835,0.0,0.0,0.0,0.0,-0.3071420216486287,0.1370173159705227,0.4968816891040475,-0.5630759593658655,-0.56263560686446,0.0,0.0762119112074332,0.4223513675774107,0.2219113587965993,1.0761504426706543,0.1258742136391585,0.3068732191145109,0.0,0.0,0.0,-0.3915410271945754,-0.3869240733622929,0.0,0.1434518631249918,0.0,0.3318766428932898,0.0786168557773891,0.0,0.0,-0.1500130154037365,0.0,0.0,0.0,0.0,0.0,-0.4622566407615117,-0.8941193147646884,0.0,0.0,-0.1369504881297501,0.0,0.0,0.0,-0.3612637812216054,0.0,0.0,0.0,0.0,0.0,0.0,-0.3914089469010661,0.3695837164305366,0.0,0.0,0.0,0.0
497,-0.5994287351509339,-0.8098991102485148,-0.069634952795863,0.0,0.0,0.0,-0.0553945759616962,-0.4665827269577751,0.5359347065904205,0.0632513577077446,0.0,0.0,0.0,-0.0534854135599279,0.1786979398448632,0.0,0.0,-0.1379129976765179,0.0,-0.1158683289555945,0.1306853150438532,0.0,0.0,0.0,0.0,0.0,0.0,0.0,0.1057294163557363,0.0688273256043606,0.0,-0.965530410756556,-0.7712916251497378,-0.7417671597162655,0.0,0.0,0.0,0.0,-0.3213752679378787,0.1488554139090956,0.4245466726060878,-0.5607587134737918,-0.5861266273270255,0.0,0.0961011372649384,0.4277648482971943,0.2393869532994811,1.0647772549975671,0.1133505059076426,0.2933848225253245,0.0,0.0,0.0,-0.3722120787734455,-0.3688269756743995,0.0,0.1227436271921021,0.0,0.3404726249358109,0.086275831909547,0.0,0.0,-0.1612152216508079,0.0,0.0,0.0,0.0,0.0,-0.4329156133732756,-0.8994273066880232,0.0,0.0,-0.0833193552452261,0.0,0.0,0.0,-0.382050581340944,0.0,0.0,0.0682932709255644,0.0,0.0,0.0,-0.4450693354554261,0.3688003923197508,0.0,0.0,0.0,0.0
498,-0.596012663802564,-0.7922681992665749,-0.0724114870509702,0.0,0.0,0.0,-0.0631218405249144,-0.4656191225767108,0.4826162565686134,0.0668401581736566,0.0,0.0,0.0,-0.0638567589322742,0.160636033443277,0.0,0.0,-0.1696194866546973,0.0,-0.1209178684713111,0.1327746995283863,0.0,0.0,0.0,0.0,0.0,0.0,0.0,0.1064746840481993,0.0639995056409393,0.0,-0.9672934245443184,-0.7715205558096752,-0.739999395357824,0.0,0.0,0.0,0.0,-0.3450462878830104,0.1522284780608066,0.3599827274251871,-0.5570190399916617,-0.6050750701273193,0.0,0.1109948056052621,0.4299805192347882,0.2573159509314164,0.9210949460150922,0.0976532576082306,0.2653117700298678,0.0,0.0,0.0,-0.3347723923487892,-0.3620757071909997,0.0,0.1110092574839826,-0.0767363540931567,0.3477043340504713,0.0752864949202789,-0.0767363540931567,0.0,-0.1672923529313645,0.0,0.0,0.0,0.0,0.0,-0.3910115930240473,-0.9002781431608118,0.0,0.0,0.0,0.0,0.0,0.0,-0.4084375236856262,0.0,0.0,0.0777408536459791,0.0,0.0,0.0,-0.4884552168842212,0.3651421678388086,0.0,0.0,0.0,0.0
499,-0.6031037151945671,-0.7742266226401926,-0.060651488077795,0.0,0.0,0.0,-0.0793577483605,-0.4767878585884518,0.4418226459445442,0.07307906520699,0.0,0.0,0.0,-0.0804530027789055,0.1381841309376366,0.0,0.0,-0.1800183718846752,0.0,-0.1181765101202661,0.1367387881178028,0.0,0.0,0.0,0.0,0.0,0.0,0.0,0.0824038737512925,0.0,0.0,-0.9688885983957882,-0.7702459574554106,-0.7419804078557625,0.0,0.0,0.0,0.0728075314278743,-0.3757015523300797,0.1473929245800974,0.3227282196440932,-0.5524993990052959,-0.6219945733588682,0.0,0.1167828504061049,0.4238048879244151,0.2955365727258002,0.8765311456296444,0.0836021297538943,0.2346757077163592,0.0,0.0,0.0,-0.274808121517157,-0.3657475672508891,0.0,0.1009101040393516,-0.1231406836309123,0.3547811289381252,0.0,-0.1231406836309123,0.0,-0.1626984008416675,0.0,0.0,0.0,0.0,0.0,-0.3497900000287095,-0.9009017528641424,0.0,0.0,0.0,0.0,0.0,0.0,-0.4460877644889322,0.0,0.0,0.0843349208241001,0.0,0.0,0.0,-0.5246068747981336,0.3480888809558293,0.0,0.0,0.0,0.0
500,-0.6160153376804282,-0.7597950058444558,0.0,0.0,0.0,0.0,-0.1011330376395309,-0.4720128684065918,0.4252693295997323,0.0759669112119044,0.0,0.0,0.0,-0.1151868134343703,0.1138865153563738,0.0,0.0,-0.1667507938933267,0.0,-0.1013056205139746,0.1333500922487848,0.0,0.0,0.0,0.0,0.0,0.0,0.0,0.0,0.0,0.0,-0.9703235975009386,-0.7697686306845914,-0.7434046122276954,0.0,0.0,0.0,0.0,-0.4040464487790252,0.1353227836809132,0.2873373317852878,-0.5504877464363083,-0.6396853667754394,0.0,0.1014121519276824,0.4119089544856767,0.340331679012188,0.9262546242315022,0.0710203608575166,0.2040852416369842,0.0,0.0,0.0,-0.1967263338667803,-0.3821498813518414,0.0,0.0901478643256092,-0.1547339261328912,0.3826988292198376,0.0,-0.1547339261328912,0.0,-0.151842004876438,0.0,0.0,0.0,0.0,0.0,-0.3196455756071277,-0.8965555037884769,0.0,0.0,0.0,0.0,0.0,0.0,-0.4654177027791039,0.0,0.0,0.0890643410770479,0.0,0.0,0.0,-0.5596434506081763,0.3164012217636573,0.0,0.0,0.0,0.0
501,-0.6331788739044433,-0.7497433597106669,0.0,0.0,0.0,0.0,-0.1367030460501664,-0.4642890279550342,0.4062342768984707,0.0701265064441602,0.0,0.0,0.0,-0.1332399578957517,0.0899351709659957,0.0,0.0,-0.1398408915181648,0.0,-0.0886439067224628,0.1296828634200008,0.0,0.0,0.0,0.0,0.0,0.0,0.0,0.0,0.0,0.0,-0.972008196909414,-0.7703082700559465,-0.7443629044655048,0.0,0.0,0.0,0.0,-0.438638171792239,0.117077905567685,0.2695846178838939,-0.5412135409462832,-0.6562811190224337,0.0,0.1130228570923095,0.3914419131327485,0.3622479681216709,1.043850909393266,0.0623815773925416,0.1695354073170533,0.0,0.0,0.0,-0.1188214902913056,-0.3995512443270803,-0.0462771943720079,0.0868174707912812,-0.1813276746063326,0.397233374716765,0.0,-0.1813276746063326,0.0,-0.1426387991800604,0.0,0.0,0.0,0.0,0.0,-0.2961276880287782,-0.8917548572561702,0.0,0.0,0.0,0.0,0.0,0.0,-0.4832915595154194,0.0,0.0,0.0892672250604114,0.0,0.0,0.0,-0.6086653005732631,0.286242615141837,0.0,0.0,0.0,0.0
502,-0.6585227165126132,-0.7463798185759716,0.0,0.0,0.0,0.0,-0.1693918543947149,-0.4523291464500597,0.3980996079142748,0.0,0.0,0.0,0.0,-0.1560143453930499,0.0,0.0,0.0,-0.1071569108086064,0.0,-0.0607508291499467,0.1203258373193466,0.0,0.0,0.0,0.0,0.0,0.0,0.0,0.0,0.0,0.0,-0.9729633044127262,-0.7726519442910956,-0.7477143931886382,0.0,0.0,0.0,0.0723942898543296,-0.4648065028721556,0.1041284636063086,0.2527183612312374,-0.5309180241261823,-0.6763490359768606,0.0,0.1003780402848592,0.3703718646647956,0.3790877874384599,1.246000186616778,0.0,0.1396942230286426,0.0,0.0,0.0,-0.0527640747564979,-0.4140896118341977,-0.0641804967177803,0.0822078793351934,-0.2056234137308986,0.4165059967233144,0.0,-0.2056234137308986,0.0,-0.1237839736196153,0.0,0.0,0.0,0.0,0.0,-0.2781429763574325,-0.8873586833666423,0.0,0.0,0.0,0.0,0.0,0.0,-0.4840332588846731,0.0,0.0,0.0790960128651399,0.0,0.0,0.0,-0.6472671538180261,0.2432978223933217,0.0,0.0,0.0,0.0
503,-0.6923618749874333,-0.7464810121449216,0.0,0.0,0.0,0.0,-0.2065844685148562,-0.4386869768498018,0.3834470569162865,0.0,0.0,0.0,0.0,-0.1736604338702247,0.0,0.0,0.0,-0.0531568777780534,0.0,0.0,0.1065977808999267,0.0,0.0,0.0,0.0,0.0,0.0,0.0,0.0,0.0,0.0,-0.9739727132644256,-0.775736321941103,-0.7505278091051724,0.0,0.0,0.0,0.0755293467346611,-0.4898028659640735,0.0873042551544931,0.2486032645778366,-0.5120431841452089,-0.6955483596712062,0.0,-0.073190780620388,0.3442746726445393,0.3821562267384023,1.3045727482334102,0.0,0.1039425567611556,0.0,0.0,0.0,0.0,-0.420256926808881,-0.0838112158791656,0.0777734872194602,-0.2211807845557512,0.4236983347624982,0.0,-0.2211807845557512,0.0,-0.1098406028111837,0.0,0.0,0.0,0.0,0.0,-0.2705618056267831,-0.882967947250834,-0.0449741567296414,0.0,0.0,0.0,0.0,0.0,-0.4683629236606719,0.0,0.0,0.0693181358558254,0.0,0.0,0.0,-0.6821071106495301,0.2001140135382663,0.0,0.0,0.0,0.0
504,-0.7278760518318846,-0.7501936375025295,0.0,0.0,0.0,0.0,-0.2365186209642091,-0.4294628132361528,0.3898869003318064,0.0,0.0,0.0,0.0,-0.1924796041414019,0.0,0.0,0.0,0.0,0.0,0.0,0.0915673784461896,0.0,0.0,-0.0447742885205242,0.0,0.0,0.0,0.0,0.0,0.0,0.0,-0.974206192542876,-0.7798070633923966,-0.7539043512083404,0.0,0.0,0.0,0.0643237008955245,-0.5142878123566105,0.0739875174577712,0.2526486840589382,-0.4670250305745085,-0.7090988052671576,0.0,-0.0971097215778245,0.3144210430597448,0.3828101858719854,1.327906068614657,0.0,0.0878018684409974,0.0,0.0,0.0,0.0,-0.432200856697069,-0.0821069542055188,0.073489665277027,-0.2229673304508988,0.4218078401529921,0.0,-0.2229673304508988,0.0,-0.0959543180439177,0.0,0.0,0.0,0.0,0.0,-0.2727587586516998,-0.8782756544666546,-0.0536787337295784,0.0,0.0,0.0,0.0,0.0,-0.4233142977214035,0.0,0.0,0.0707770091402732,0.0,0.0,0.0,-0.7073843692592562,0.1500131186469423,-0.0684938665013134,0.0,0.0,0.0
505,-0.7640033116978623,-0.7658546062538611,0.0,0.0,0.0,0.0,-0.2670517223432045,-0.42534514498641,0.3889425795385463,0.0,0.0,0.0,0.0,-0.1951407020863984,0.0781238958724451,0.0,0.0,0.0,0.0,0.0,0.0726261000753713,0.0643008765149816,0.0,-0.0798335191873608,0.0,0.0,0.0,0.0,0.0,0.0,0.0,-0.9738721566149158,-0.7856582215751425,-0.7652249163400419,0.0,0.0,0.0,0.0,-0.5368095593422639,0.0,0.2662733454247221,-0.4286625066099901,-0.7163980358539003,0.0,-0.1175483863208225,0.2856568643068594,0.3808602959356942,1.3408625762602988,0.0684425469190863,0.0786360722362926,0.0,0.0,0.0,0.0,-0.442519390026413,-0.0833041245431395,0.0630501784192121,-0.2178069393361558,0.425816101449411,0.0,-0.2178069393361558,0.0,-0.0810264499066539,0.0,0.0,0.0,0.0,0.0,-0.2888740716667869,-0.8741249248491605,-0.0623531817130331,0.0,0.0,0.0,0.0,0.0,-0.3522535589047849,0.0,0.0,0.0619732126302888,0.0,0.0,0.0,-0.7246832737073936,0.109918677462624,-0.121612835943387,0.0,0.0,0.0
506,-0.7997774143090576,-0.790545786251594,0.0,0.0,0.0,0.0,-0.2923631530039055,-0.4245220255476923,0.3940492633168677,0.0,0.0,0.0,0.0,-0.1853712020363355,0.1005548269088142,0.0,0.0,0.0,0.0,0.0,0.0633871671039458,0.0801503923074047,0.0,-0.0895464936162566,0.0,0.0,0.0,0.0,0.0,0.0,0.0,-0.9737311785019132,-0.7903854309639126,-0.7648957844188119,0.0,0.0,0.0,0.0,-0.55854463421483,0.0,0.2909648902755773,-0.3757208282090976,-0.7151198034840305,0.0,-0.1299756114191054,0.2608459586514701,0.403665679311856,1.3872344623062696,0.0743945129739705,0.0884191958988141,0.0,0.0,0.0,0.0,-0.4378323027657714,-0.0734891440580231,0.0,-0.213818093844927,0.4284559847294134,0.0,-0.213818093844927,0.0,-0.0651196131545701,0.0,0.0,0.0,0.0,0.0,-0.3058349966773655,-0.8712413027143047,-0.0551321402201544,0.0,0.0,0.0,0.0,0.0,-0.2818583541684196,0.0,0.0,0.0,0.0,0.0,0.0,-0.7252596459768116,0.0713502972395655,-0.1537263075700773,0.0,0.0,0.0
507,-0.8306505751814115,-0.8103903366794334,0.0,0.0,0.0,0.0,-0.3105356268595516,-0.4356216637208975,0.4050833391772802,0.0,0.0,0.0,0.0,-0.1679227584230987,0.1330753520840886,0.0,0.0,0.0,0.0,0.0,0.0685352662493654,0.1006253009686319,0.0,-0.0827273414266763,0.0,0.0,0.0,0.0,0.0,0.0,0.0,-0.9734845087265004,-0.7960359744141707,-0.7652536849301614,0.0,0.0,0.0,0.07328714875675,-0.5762894308669615,0.0,0.333470935836313,-0.3221472410967644,-0.7065208951349006,0.0,-0.1396371451139972,0.238435668231538,0.4163811342201405,1.3256598982315533,0.0791349431832818,0.1040532301417379,0.0,0.0,0.0,-0.0466131438668167,-0.4334855053175492,-0.0494365621590835,0.0,-0.209407256899608,0.426559780793108,0.0,-0.209407256899608,0.0,-0.0624375377187964,0.0,0.0,0.0,0.0,0.0,-0.3235363830124407,-0.871501019094036,0.0,0.0,0.0,0.0,0.0,0.0,-0.1943464495823132,0.0,0.0,0.0,0.0,0.0,0.0,-0.7074509420743978,0.0,-0.1834877213289988,0.0,0.0,0.0
508,-0.8529135982803342,-0.8347454457205978,0.0,0.0,0.0,0.0,-0.3282961758495005,-0.4606958736755069,0.3839509710284348,0.0,0.0,0.0,0.0,-0.1462408125887445,0.1704417002337662,0.0,0.0,0.0,-0.0618476658454957,0.0,0.0858799759637363,0.08627335805384,0.0,-0.0543396629489594,0.0,0.0,0.0,0.0,0.0,0.0,0.0,-0.973393223062928,-0.8007353776857307,-0.7653622741546351,0.0,0.0,0.0,0.0683263089395199,-0.5856856698962005,0.0,0.3771134409531981,-0.2607507945283206,-0.6963685654600765,0.0,-0.1410705061121863,0.2150943200403679,0.3672278652845402,1.2310947459614126,0.0825327397381135,0.1299121064845888,0.0,0.0,0.0,-0.0890943067329494,-0.4257415295748179,0.0,0.0668483590926822,-0.200337074766787,0.4161170810758028,0.068424686606411,-0.200337074766787,0.0,-0.054630082416628,0.0,0.0,0.0,0.0,0.0,-0.3334984067524609,-0.8721725285673965,0.0,0.0,0.0,0.0,0.0,0.0,-0.1191599529084281,0.0,0.0,0.0,0.0,0.0,0.0,-0.6651547395876852,0.0,-0.208780927088034,0.0,0.0,0.0
509,-0.8618579096460501,-0.8558912445296416,0.0,0.0,0.0,0.0,-0.33636885674811,-0.4826191399093564,0.346317242711561,0.0,0.0,0.0,0.0,-0.1202691956373015,0.208198898128404,0.0,0.0,0.0,-0.0985338385384541,0.0,0.1175081447201598,0.0637272192256578,0.0,0.0,0.0,0.0,0.0,0.0,0.0,0.0,0.0,-0.9737751124613534,-0.8034814765924946,-0.7693300809326755,0.0,0.0,0.0,0.0,-0.5942815451378713,0.0,0.4283393989041478,-0.2053383485473805,-0.6837566889520624,0.0,-0.1361225027111855,0.2030457824642984,0.3157028165557017,1.1972197192012612,0.0873812558466267,0.1623202183883644,0.0,0.0,0.0,-0.1193299832855898,-0.4266248707486674,0.0,0.0808277694382906,-0.1836343497202117,0.3884820002257563,0.0894225128558386,-0.1836343497202117,0.0,-0.0601206280124037,0.0,0.0,0.0,0.0,0.0,-0.3459188161888583,-0.8753481000492225,0.0,0.0,0.0,0.0,0.0,0.0,-0.0577039612379651,0.0,0.0757747934685915,0.0,0.0,0.0,0.0,-0.6082790377240122,0.0,-0.2393874485581457,0.0,0.0,0.0
510,-0.8675508485427978,-0.8692503090625192,-0.0729533117236994,0.0,0.0,0.0,-0.3385480315295016,-0.5136742248477484,0.3080344322435444,0.0,0.0,0.0,0.0,-0.0755008943621837,0.2375976324991785,0.0,0.0,0.0,-0.1337152174307119,0.0,0.1605681019364682,0.0,0.0,0.0,0.0,0.0,0.0,0.0,0.0,0.0,0.0,-0.973975467801516,-0.8038741608420467,-0.767388608061621,0.0,0.0,0.0,0.0,-0.5971192359452289,0.0,0.4279937857010844,-0.1632419152351406,-0.671932209627885,0.0,-0.131002238425319,0.1899412066712105,0.2623867420109504,1.3062150460085475,0.087943746882278,0.1958779827693146,0.0,0.0,0.0,-0.153810059348464,-0.4336836722904659,0.0,0.0936882110255298,-0.1605667719674669,0.3658810707026927,0.1082959742305387,-0.1605667719674669,0.0,-0.0692453093424272,0.0,0.0,0.0,0.0,0.0,-0.3349981823969963,-0.8793939236004782,0.0,0.0,0.0,0.0,0.0,0.0,0.0,0.0,0.0980123918443002,0.0,0.0,0.0,0.0,-0.5297169360377755,0.0,-0.2565767378209008,0.0,0.0,0.0
511,-0.8711061184606979,-0.8798601150743357,-0.1274382745559414,0.0,0.0,0.0,-0.3416868605728633,-0.5443911203325817,0.2900535700159123,0.0,0.0,0.0,0.0,0.0,0.2532425064041069,0.0,0.0,0.0,-0.1533190391149808,0.0,0.2257947092992072,0.0,0.0,0.0,0.0,0.0,0.0,0.0,0.0,0.0,0.0,-0.9748538691632636,-0.8048663143434691,-0.7689810548513136,0.0,0.0,0.0,0.0,-0.5904109127778407,0.0634569759346119,0.4322736489479293,-0.1376696344531562,-0.6549566410761364,0.0,-0.124206668743427,0.1743495040503398,0.2144746112774938,1.211135138478196,0.0901001088454771,0.2262739426133039,0.0,0.0,0.0,-0.1915892780926075,-0.4482235521589025,0.0,0.1042621572882007,-0.1476703897633545,0.3383300488813378,0.125128464284507,-0.1476703897633545,0.0,-0.0835206127937152,0.0,0.0,0.0,0.0,0.0,-0.334259181570005,-0.8840741197595201,0.0,0.0,0.0,0.0,0.0,0.0,0.0,0.0,0.121795171810947,0.0,0.0,0.0,0.0,-0.4485731182584655,0.0,-0.2786082749905728,0.0,0.0,0.0
512,-0.8718280372680489,-0.8894473001692464,-0.1733919656713772,0.0,0.0,0.0,-0.3298341710793268,-0.568270285639055,0.2815038693759208,0.0,0.0,0.0,0.0,0.0,0.2518805347847472,0.0,0.0,0.0,-0.1536434044355106,0.0,0.3047579662176427,0.0,0.0,0.0,0.0,0.0,0.0,0.0,0.0,0.0,0.0,-0.9760785171915328,-0.8028541615549825,-0.7631017409423914,0.0,0.0,0.0,0.0,-0.5922001469172837,0.072231027143246,0.4574462162700191,-0.1321234679422746,-0.6521487083300495,0.0,-0.1262242864081217,0.161809006777319,0.1778104513150417,1.131137339447945,0.0941297753765032,0.248373365540744,0.0,0.0,0.0,-0.2016898827777591,-0.4641582032172754,0.0,0.1101110778236932,-0.1242652551863555,0.3287979531803232,0.1356392951629433,-0.1242652551863555,0.0,-0.0959207053757213,0.0,0.0,0.0,0.0,0.0,-0.342779655252007,-0.8873809552254763,0.0,0.0,0.0,0.0,0.0,0.0,0.0,0.0,0.1460461819143479,0.0,0.0,0.0,0.0,-0.374397431107362,0.0,-0.2997065514656737,0.0,0.0,0.0
513,-0.8733851208864913,-0.8955428238270935,-0.2140934460134863,0.0,0.0,0.0,-0.3205797046023056,-0.5880010192173771,0.270784333735672,0.0,0.0,0.0,0.0,0.0,0.2341673016970526,0.0,0.0,0.0,-0.1544374056064568,0.0,0.40509666493925,0.0,0.0,0.0,0.0,0.0,0.0,0.0,0.0,0.0,0.0,-0.9770865712991864,-0.8006148398891731,-0.7596295997272058,0.0,0.0,0.0,0.0,-0.5811406348354992,0.0790767589533873,0.485149942818137,-0.1504573942451467,-0.6506572618521245,0.0,-0.1289616225207245,0.1414785907487431,0.1832499950039527,1.1109479406760814,0.0967552957935938,0.2671031743442856,0.0,0.0,0.0,-0.2001247866670335,-0.4836842741626195,-0.0459103347552974,0.1114538155106148,-0.1022857001069682,0.3306525246681444,0.1400856493355844,-0.1022857001069682,0.0,-0.1178096819235875,0.0,0.0,0.0,0.0,0.0,-0.3460247801399173,-0.8899417972705188,0.0,0.0,0.0,0.0,0.0,0.0,0.0,0.0,0.1660639055250142,0.0,0.0,0.0,0.0,-0.3084041927722053,0.0,-0.3221807585412997,0.0,0.0,0.0
514,-0.8743187036162032,-0.9022750811631596,-0.2574319469548502,0.0,0.0,0.0,-0.3040342697080463,-0.583624385843488,0.2572621283226313,0.0,0.0,0.0,0.0,0.0,0.2090755224618485,0.0,0.0,0.0,-0.1402464675628738,0.0,0.517272277655997,0.0,0.0,0.0,0.0,0.0,0.0,0.0,0.0,0.0,0.0,-0.9786402014652156,-0.7987044989827814,-0.7523429439350482,0.0,0.0,-0.046086691549713,0.0,-0.5619838768718222,0.0871913075265928,0.5342665768279277,-0.1886172410745075,-0.6571415292033415,0.0,-0.1413172348862179,0.1275156330875093,0.1919772556846934,1.1510241889197206,0.115424414403422,0.2790934594451622,0.0,0.0,0.0,-0.1907477064628677,-0.5063054480615028,-0.0463641070366701,0.1067650668359239,-0.0825896506177192,0.327398530428892,0.1383359907304448,-0.0825896506177192,0.0,-0.1440641679923301,0.0,0.0,0.0,0.0,0.0,-0.3465741956539797,-0.8903745493503994,0.0,0.0,0.0,0.0,0.0,0.0,0.0,0.0,0.1776727903082868,0.0,0.0,0.0,0.0,-0.2611775594687853,0.0,-0.3323629954182072,0.0,0.0,0.0
515,-0.8752782890425213,-0.907989491077525,-0.2944145409249018,0.0,0.0,0.0,-0.2869693835833112,-0.5691397370343944,0.2633271299577877,0.0,0.0,0.0,0.0,0.0,0.175078841207987,0.0,0.0,-0.0586261330266153,-0.1265216136031036,0.0,0.5685523435663109,0.0,0.0,0.0,0.0,0.0,0.0,0.0,0.0,0.0,0.0,-0.9802176096102806,-0.7953970615699767,-0.7490714934961509,0.0,0.0,-0.0442196071734045,0.0,-0.5456625536420674,0.0945929741563971,0.5852609516063833,-0.238177557904489,-0.67127781321726,0.0,-0.1564027293503933,0.1158944862744165,0.2086586149481951,1.2499320185031564,0.1320440494703862,0.2773854609749168,0.0,0.0,0.0,-0.1862080901603682,-0.52317325420193,-0.0539561001514531,0.0975009013890271,-0.0644249308479596,0.2676065865297296,0.1407002850046149,-0.0644249308479596,0.0,-0.1647793630654765,0.0,0.0,0.0,0.0,0.0,-0.3549747166583631,-0.8897199154832629,0.0,0.0,0.0,0.0,0.0,0.0,0.0,0.0,0.1806135007351015,0.0,0.0,0.0,0.0,-0.2345496471926611,0.0,-0.3376994005646406,0.0,0.0,0.0
516,-0.8782115876702346,-0.9124600441208348,-0.3221083601706269,0.0,0.0,0.0,-0.2653396384444407,-0.5480340872821524,0.2660514084336273,0.0,0.0,0.0,0.0,0.0,0.1488262445453802,0.0,0.0,-0.055591251629171,-0.1180505814092697,0.0,0.5939028446394763,0.0,0.0,0.0,0.0,-0.0564859698122064,0.0,0.0,0.0,0.0,0.0,-0.9806323796088572,-0.7928466566952224,-0.7477051847889625,0.0,0.0,-0.0437827517001993,0.0,-0.5205310376143969,0.1070444447689925,0.5728818897580608,-0.2951835097460353,-0.685089236902472,0.0,-0.1705860654677717,0.1040704928478807,0.2265669022198443,1.4161438581867791,0.1441904725888131,0.2649485529203031,0.0,0.0,0.0,-0.1809152390454816,-0.5396513493101021,-0.0783415402539776,0.0835896574269603,0.0837555046857833,0.2129000828999331,0.1620903401447014,0.0837555046857833,0.0,-0.182406834611477,0.0,0.0,0.0,0.0,0.0,-0.370116443253711,-0.8865975780214423,0.0,0.0,0.0,0.0,0.0,0.0,0.0,0.0,0.1736429107780224,0.0,0.0,0.0,0.0,-0.2315816842200503,0.0,-0.3331379472320114,0.0,0.0,0.0
517,-0.8813052175061364,-0.9171550435508437,-0.3350064373316489,0.0,0.0,0.0,-0.2388384539913455,-0.5216824848888115,0.2658880550897262,0.0,0.0,0.0,0.0,0.0,0.1234621708337809,0.0,0.0,0.0,-0.1126287978350037,0.0,0.6128846889034788,0.0,0.0,0.0,0.0,-0.0967255107454437,0.0,0.0,0.0,0.0,0.0,-0.9811389610385696,-0.7912752331818216,-0.7467936016965097,0.0,0.0,-0.044953478434543,0.0,-0.5010877331062001,0.1137325294026051,0.5565409045169115,-0.3544247942555995,-0.702561921508496,0.0,-0.1841854232141158,0.0891373831581942,0.2402127260336758,1.620033670268932,0.1486285139653402,0.2437954776264653,0.0,0.0,0.0,-0.1734581324091064,-0.5457957440081712,-0.0995600905664938,0.0761108258586355,0.0746822782833974,0.1622672027704637,0.1839151627633617,0.0746822782833974,0.0,-0.1960605269938794,0.0,0.0,0.0,0.0,0.0,-0.3926314573901567,-0.8809662256981547,0.0,0.0,0.0,0.0,0.0,0.0,-0.0560497483307297,0.0,0.1573768413863533,0.0,0.0,0.0,0.0,-0.2475635402553195,0.0,-0.3183929516726317,0.0,0.0,0.0
518,-0.8843454772510317,-0.9201778784911304,-0.3397797086751657,0.0,0.0,0.0,-0.220100239531987,-0.4960359871841406,0.2699496537415431,0.0,0.0,0.0,0.0,0.0,0.1171874850748811,0.0,0.0,0.0,-0.0924980888170917,0.0,0.6344288358376945,0.0,0.0,-0.0525371279222778,0.0,-0.1370940216814308,0.0,0.0,0.0,0.0,0.0,-0.9812351302069692,-0.7894776858180119,-0.7462089541225838,0.0,0.0,-0.0435010225390894,0.0,-0.486542400320779,0.1245023559531339,0.5521720573081036,-0.4173768412028838,-0.7135836208664259,0.0,-0.19867201673682,0.0733029962368096,0.2599873689787557,1.6667303142548522,0.133655829293904,0.2209332285256725,0.0,0.0,0.0,-0.1561168108745324,-0.5439197850590687,-0.1058210638367108,0.0727884797498396,0.0,0.1213007670800767,0.2001700888262753,0.0,0.0,-0.1963156797824433,0.0,0.0,0.0,0.0,0.0,-0.4167884492094184,-0.8754321208539948,0.0,0.0,0.0,0.0,0.0,0.0,-0.0557991806842891,0.0,0.1365746205570571,0.0,0.0,0.0,0.0,-0.2801115604749806,0.0,-0.2840368963121388,0.0,0.0,0.0
519,-0.8880534238450162,-0.9224132650861594,-0.3544113371921039,0.0,0.0,0.0,-0.2014314646674389,-0.4678038154718025,0.2694137904729848,0.0,0.0,0.0,0.0695586468105226,0.0,0.1292506816658366,0.0,0.0,0.0,-0.0801411354410575,0.0,0.6628823323287133,0.0,0.0,-0.1027984076435072,0.0,-0.1755795333033334,0.0,0.0,0.0,0.0,0.0,-0.9811914901894264,-0.788365857012928,-0.7420570640176708,0.0,0.0,0.0,0.0,-0.4753512706629219,0.1331109724651051,0.5536304762706195,-0.4835846563325708,-0.7171937146631555,0.0,-0.2019236485281592,0.0,0.2677277859015604,1.662290574260987,0.1211846559989036,0.2006411967791461,0.0,0.0,0.0,-0.1480550522759251,-0.5313277420539999,-0.1112977286118931,0.0710068702642348,0.0,0.1028117692923576,0.2223265202298747,0.0,0.0,-0.1943610630889705,0.0,0.0,0.0,0.0,0.0,-0.4345258775839233,-0.8701478140474315,0.0,0.0,0.0,0.0,0.0,0.0,-0.0596094558168823,0.0,0.1132215338005495,0.0,0.0,0.0,0.0,-0.3286044398248336,0.0,-0.2336239376324385,0.0,0.0,0.0
520,-0.8925554138594292,-0.921213495423712,-0.379181501303366,0.0,0.0,0.0,-0.1818783087217887,-0.4431513617635673,0.2625954798258343,0.0,0.0,0.0,0.0843137202459846,0.0,0.1400531367995491,0.0,0.0,0.0,-0.0636727434876524,0.0,0.7098504576670364,0.0,0.0,-0.1445972512052996,0.0,-0.1981238561825587,0.0,0.0,0.0,0.0641033880789645,0.0,-0.98082411373177,-0.7873800132836928,-0.7431461716131817,0.0,0.0,0.0,0.0,-0.4658672520240388,0.1434347421853275,0.5776810961972508,-0.5200836828366951,-0.7166196391012616,0.0,-0.1990951290249278,0.0,0.2779585297596612,1.7048287895809098,0.1061200970370389,0.1773918207257001,0.0,0.0,0.0,-0.1276410957710239,-0.5122419897813839,-0.1016946337925645,0.0723529749539399,0.0,0.1100511696642904,0.2384693061488367,0.0,0.0,-0.1965825294479239,0.0,0.0,0.0,0.0,0.0,-0.4409937427685583,-0.8667681823309379,0.0,0.0,0.0,0.0,0.0,0.0,-0.0531186026448134,0.0,0.0916195868782262,0.0,0.0,0.0,0.0,-0.3765022260568856,0.0,-0.1637745419279081,0.0,0.0,0.0
521,-0.8958424153111393,-0.9164422641836358,-0.4097893537075823,0.0,0.0,0.0,-0.1661601991739393,-0.4347815801878729,0.2524810291599194,0.0,0.0,0.0,0.0736942285452392,0.0,0.1446427978164418,0.0,0.0,0.0,-0.046989402145908,0.0,0.7610084711883361,0.0,0.0,-0.1783165743444197,0.0,-0.2203627396330221,0.0,0.0,0.0,0.0797892981199931,0.0,-0.9807511355574676,-0.7880501386617054,-0.7446107555792458,0.0,0.0,0.0,0.0,-0.4578467157813524,0.1494220937887135,0.6214637473412834,-0.5542430238465177,-0.7044554679253318,0.0,-0.1866880245818514,0.0,0.2780169405752695,1.7244867901983183,0.100723930915231,0.1494125704356411,0.0,0.0,0.0,-0.0959951288512543,-0.4926840211378929,-0.1074634494831248,0.074848551724786,0.0,0.1229999194580766,0.2386189701340097,0.0,0.0,-0.1960206072482425,0.0,0.0,0.0,0.0,0.0,-0.4545021611001907,-0.8642113972814607,0.0,0.0,0.0,0.0,0.0,0.0,0.0,0.0,0.0741064826477364,0.0,0.0,0.0,0.0,-0.4209669325401778,0.0,-0.0958225507351671,0.0,0.0,0.0
522,-0.8984477267393474,-0.9103558160973604,-0.4452104394903863,0.0,0.0,0.0,-0.1516447915944576,-0.4307727415374849,0.2443941799874538,0.0,0.0,0.0,0.0804217746551198,0.0,0.1405565615671768,0.0,0.0,0.0,0.0,0.0,0.8163431902187607,0.0,0.0,-0.2040974295039619,0.0,-0.2328880644729186,0.0,0.0,0.0,0.0992138915238871,0.0,-0.9801641384368414,-0.7899478698125942,-0.7388012984111587,0.0,0.0,-0.0437622464256457,0.0,-0.4527384460755411,0.1546367768430805,0.6969308699470131,-0.572452382644279,-0.6830313213798022,0.0,-0.1643949274990698,0.0,0.2791420416269065,1.619410088870245,0.088446508204735,0.1242523127200034,0.0,0.0,0.0,-0.0558434506187476,-0.4749778000635545,-0.1014930370250842,0.0812425613919202,0.0,0.1450032875131016,0.2110501850876116,0.0,0.0,-0.1887775243499725,0.0,0.0,0.0,0.0,0.0,-0.4592533872988413,-0.8634981254428213,0.0,0.0,0.0,0.0,0.0,0.0,0.0,0.0,0.0647394077051078,0.0,0.0,0.0,0.0,-0.450896528567999,0.0,0.0,0.0,0.0,0.0
523,-0.901524198161515,-0.9023321479483696,-0.481149625571038,0.0,0.0,0.0,-0.1410184536479429,-0.4356576682036159,0.2285162211697388,0.0,0.0,0.0,0.0803241603352446,0.0,0.1274273145319369,0.0,0.0,0.0,0.0,0.0,0.8846200810890275,0.0,0.0,-0.2265449784081633,0.0,-0.2416517683479322,0.0,0.0,0.0,0.1106797955923146,0.0,-0.9800586273711808,-0.7923894207984054,-0.7248621913580646,0.0,0.0,0.0,0.0,-0.4512059745010131,0.1616886548552226,0.8015909773705001,-0.5843801485932218,-0.6583421312306258,0.0,-0.1366169815328441,0.0622784354383948,0.2685751522608333,1.613639947623134,0.080005835047166,0.0983048329349946,0.0,0.0,0.0,0.0,-0.4619569645738728,-0.1219383716568148,0.0802282837138886,0.0,0.1639582152893635,0.1736367935434593,0.0,0.0,-0.1966060437936207,0.0,0.0,0.0,0.0,0.0,-0.4659362112438092,-0.8643925588866028,0.0,0.0,0.0,0.0,0.0,0.0,0.0,0.0,0.0677938028229364,0.0,0.0,0.0,0.0,-0.4593408733113935,0.0,0.0,0.0,0.0,0.0
524,-0.902985662718216,-0.8922691499309834,-0.5159630841061181,0.0,0.0,0.0,-0.1271846156895626,-0.4416256279476541,0.2143085918644428,0.0,0.0,0.0,0.0866384863385502,0.0,0.107796071771997,0.0,0.0,0.0,0.0,0.0,0.8444457407420143,0.0,0.0,-0.2448509988632659,0.0,-0.2389202646569241,-0.0877467283924242,0.0,0.0,0.1174981303330381,0.0,-0.980638698738202,-0.7962305896833488,-0.7130284924536574,0.0,0.0,0.0,0.0,-0.4500966847492517,0.1630027567214503,0.8827724966409615,-0.5893749080879527,-0.630746528711463,0.0,-0.1021534854731609,0.0662681129180731,0.27555839763342,1.6082036963562727,0.0725874356718048,0.0895827730499735,0.0,0.0,0.0,0.0,-0.4529662942127062,-0.1553322786113728,0.0782518102208039,0.0,0.1704367885416823,0.1352011383334099,0.0,0.0,-0.2024265160825433,0.0,0.0,0.0,0.0,0.0,-0.4609594085081947,-0.8674670596253948,0.0,0.0,0.0,0.0,0.0,0.0,0.0,0.0,0.0736332848455686,0.0,0.0,0.0,0.0,-0.4589875637776439,0.0,0.0,0.0,0.0,0.0
525,-0.9048198346213404,-0.8848327996443883,-0.5476103472756222,0.0,0.0,0.0,-0.1267528070997931,-0.4448813395726423,0.2083416046831761,0.0,0.0,0.0,0.0,-0.0525116472227362,0.0851040681019933,0.0,0.0,0.0,0.0,0.0,0.7731308084744533,0.0673586130463084,0.0,-0.2616414000883832,0.0,-0.2286320080176105,-0.1405145058951525,0.0,0.0,0.1193311792299096,0.0,-0.981354463663918,-0.8013097202961146,-0.7032696720087709,0.0,0.0,0.0,0.0,-0.440678554457071,0.1712803917178174,0.7754433446812768,-0.5921769477575176,-0.6076434552917597,0.0,-0.0709411323366765,0.0663213754544998,0.287715681987237,1.5608962872608083,0.0,0.0810645866629756,0.0,0.0,0.0,0.0,-0.4482315438333308,-0.1802246898262726,0.0790596204579736,-0.0678538865966178,0.137243017281715,0.1112417323188244,-0.0678538865966178,0.0,-0.2137378325350318,0.0,0.0,0.0,0.0,0.0,-0.4646024858682948,-0.8713002060648001,0.0,0.0,0.0,0.0,0.0,0.0,0.0,0.0,0.0828914262561953,0.0,0.0,0.0,0.0,-0.4336208907114857,0.0,0.0,0.0,0.0,0.0
526,-0.9049517936036442,-0.8769716898710995,-0.5760364020719317,0.0,0.0,0.0,-0.1178317444006238,-0.4429573317312948,0.2146658860780242,0.0,0.0,0.0,0.0,-0.049976020783876,0.0627174258856966,0.0,0.0,0.0,0.0,0.0,0.7368182591856693,0.0757806170959727,0.0,-0.2701853130101498,0.0,-0.229270479037058,-0.1833109433765355,0.0,0.0,0.1165130715022272,0.0,-0.9821113366978884,-0.805143583251932,-0.6879876763920848,0.0,0.0,0.0,0.0,-0.429718094230957,0.1775287135671451,0.680523792900894,-0.5865479665180036,-0.5985549639891733,0.0,0.0,0.0655886617281662,0.3071138813730674,1.4948770087488588,0.0,0.0753586242462412,-0.0596645403811161,0.0,0.0,0.0,-0.4452559808528859,-0.2160941833952968,0.0783160925950979,-0.1179153794068432,-0.0971975569808036,0.1259345392901493,-0.1179153794068432,0.0,-0.2341989199670328,0.0,0.0,0.0,0.0,0.0,-0.4424190404269628,-0.8758949743448263,0.0,0.0,-0.0459620927777216,0.0,0.0,0.0,0.0,0.0,0.0666917207770215,0.0,0.0,0.0,0.0,-0.4011693326187778,0.0,0.0,0.0,0.0683600040624649,0.0
527,-0.9040955428542864,-0.8708917926597679,-0.5988511208677604,0.0,0.0,0.0,-0.1166484255546761,-0.4408606945393311,0.2257006814229552,0.0708807902757001,0.0,0.0,0.0,0.0,0.0,0.0,0.0,0.0,0.0,0.0,0.7124277236206098,0.0820010202641894,0.0,-0.2733044757894846,0.0,-0.2152690441490623,-0.2241425430173692,0.0,0.0,0.1097666608693774,0.0,-0.9830765651204408,-0.8117604646341834,-0.6763841854301129,0.12305337985995,0.0,0.0,0.0,-0.4049851453812833,0.1835507254723166,0.6277280321012916,-0.5776210273909897,-0.5911581962603235,0.0,0.0,0.0,0.342150046565035,1.3207030776904471,0.0,0.0731977472771956,-0.0922228964823224,0.0,0.0,0.0,-0.4481948611645149,-0.2548773394051105,0.0686894626049366,-0.1675419837584554,-0.1158446876051948,0.1304761720547133,-0.1675419837584554,0.0,-0.2603296541975366,0.0,0.0,0.0,0.0,0.0,-0.4239349943499547,-0.8819620395422589,0.0,0.0,-0.0891294628578781,0.0,0.0,0.0,0.0,0.0,0.0,0.0,0.0,0.0,0.0,-0.3545123546804032,0.0,0.0,0.0,0.0731101328980929,0.0
528,-0.9034928105662,-0.8691749769228423,-0.6111497978045319,0.0,0.0,0.0,-0.1115833743852942,-0.425333037740332,0.2457598864046155,0.0821251604852476,0.0,0.0,0.0,0.0,0.0,0.0,0.0,0.0,0.0,0.0,0.6498280493608922,0.0859567891020783,0.0,-0.256643824714675,0.0,-0.2014046615056595,-0.2492142779383974,0.0,0.0,0.0999289255524732,0.0,-0.983481230680197,-0.8135627762188576,-0.666662386123312,0.1846661183161385,0.0,0.0,0.0,-0.3753040041227999,0.1898020490180911,0.6019940227565361,-0.5701010071388384,-0.6043935537880829,0.0,0.0,0.0,0.3753878036318986,1.2049222239695905,0.0,0.086245460046535,-0.1099768396966406,0.0,0.0,0.0,-0.4481791523264487,-0.2968106595803328,0.0,-0.2154735477910555,-0.1273012721252124,0.1221844140589986,-0.2154735477910555,0.0,-0.2791203422642029,0.0,0.0,0.0,0.0,0.0,-0.3987663647256654,-0.8865333634025108,0.0,0.0,-0.1307146699235459,0.0,0.0,0.0,0.0,0.0,0.0,0.0,0.0,0.0,0.0,-0.3089802950315682,0.0,0.0,0.0,0.0749751494379709,0.0
529,-0.9018915111008284,-0.869258558983228,-0.6072850075699843,0.0,0.0,0.0,-0.0976531447115128,-0.4050463490098665,0.2677616990959002,0.0893434175508125,0.0,0.0,0.0,0.0,0.0,0.0,0.0,0.0,0.0,0.0,0.5980359021810003,0.0918256671149914,0.0,-0.2298795335410122,0.0,-0.1845146101128759,-0.2763241613628956,0.0,0.0,0.087819801548183,0.0,-0.9835688515248252,-0.8127306542138869,-0.6603456185017207,0.1778092241852319,0.0,0.0,0.0,-0.3377562462627229,0.2014746230015267,0.6083044938982475,-0.5639094820442361,-0.6254663606741379,0.0,0.0,0.0,0.4233416411264042,1.2846814841109266,0.0,0.1070777137263856,-0.0871944953562902,0.0,0.0,0.0,-0.4499215484359103,-0.3529622129328274,0.0,-0.2609579142653515,-0.1283674333083601,0.1245280104279721,-0.2609579142653515,0.0,-0.2990161818126987,0.0,0.0,0.0,0.0,0.0,-0.3773704656021413,-0.8908559780884779,0.0,0.0,-0.1586054454439402,0.0,0.0,0.0,0.0,0.0,0.0,0.0,0.0,0.0,0.0,-0.2609993934524188,0.0,0.0,0.0,0.0732706139719781,0.0
530,-0.8998685716627719,-0.8718928656073128,-0.5914739733870759,0.0,0.0,0.0,-0.0977535908037054,-0.389535626504521,0.2969491778438442,0.0909642563780179,0.0,0.0,0.0,0.0,0.0,0.0,0.0,0.0,0.0,0.0,0.5565167648517197,0.0965797326332111,0.0,-0.1900121476139533,0.0,-0.1724172098772898,-0.3029169139749331,0.0,0.0,0.0745869076022718,0.0,-0.982188596973698,-0.8135123063396369,-0.6547072301044088,0.1724339628941484,0.0,0.0,0.0,-0.3010047361253449,0.2087216883481214,0.6494480297189956,-0.5648354542201893,-0.6518346222841845,0.0,0.0,0.0,0.4596722193592737,1.2457921701580883,0.0,0.132963138037621,-0.0679883217320755,0.0,0.0,0.0,-0.4555150374387789,-0.384625517280785,0.0,-0.2890463268422771,-0.1203803909532766,0.1187961177327593,-0.2890463268422771,0.0,-0.3138258749345826,0.0,0.0836458187232884,0.0,0.0,0.0,-0.3512389780430872,-0.8948811168783739,-0.052062793087456,0.0,-0.1840083915219705,0.0,0.0,0.0,0.0,0.0,0.0,-0.0465978622023449,0.0,0.0,0.0,-0.2116169105654585,0.0,0.0,0.0,0.0700637958505189,0.0
531,-0.8935174451276922,-0.8755503966236393,-0.5706673553184548,0.0,0.0,0.0,-0.0906396619707926,-0.3743530096741292,0.3294688332229725,0.0947609474090654,0.0,0.0,0.0,0.0,0.0,0.0,0.0,0.0,0.0,0.0,0.5390933792124798,0.0954286355946462,0.0,-0.137184458455358,0.0,-0.1637168005322993,-0.3223930955119551,0.0,0.0,0.0,0.0,-0.9803729470465994,-0.810507360712473,-0.6566516257309716,0.1333597813416807,0.0,0.0,0.0,-0.2711736460814525,0.2163434858290643,0.6151903855210953,-0.5700156185090225,-0.6885627275360677,0.0,0.0,0.0,0.4925815363781446,1.0404675755963464,0.0,0.1608890650428438,-0.0499239732989308,0.0,0.0,0.0,-0.4595579793010915,-0.4071605691287566,0.0,-0.3050379890097621,-0.1155124228183407,0.1078505415308573,-0.3050379890097621,0.0,-0.3294289647601355,0.0,0.114339317680885,0.0,0.0,0.0,-0.3305139854040504,-0.8978843320596628,-0.0635782682378375,0.0,-0.1957970623033398,0.0,0.0,0.0,0.0,0.0,0.0,-0.0636559585482264,0.0,0.0,0.0,-0.1621093075388386,0.0,0.0,0.0,0.0659762796934686,0.0
532,-0.8870191907608049,-0.8801832825716192,-0.5464092187717635,0.0,0.0,0.0,-0.0780803402749873,-0.3558139201539543,0.351860926715678,0.0900832985904228,0.0,0.0,0.0,0.0,0.0,0.0,0.0,0.0,0.0,0.0,0.5374695656194679,0.0903295306480419,0.0,-0.086786565807043,0.0,-0.1530308750406092,-0.3466069498681647,0.0,0.0,0.0,0.0,-0.9777069812658749,-0.8065460773369133,-0.662121185101872,0.1607265383905856,0.0,0.0,0.0,-0.2472598864483794,0.2156124421710198,0.5952909500284564,-0.5785207479702521,-0.7255682450767499,0.0,0.0,0.0,0.4562393900419697,0.8816108337743565,0.0,0.1856141016832919,0.0,0.0,0.0,0.0,-0.4667850181316487,-0.4149965378026154,0.0,-0.3165893492016318,-0.1078206579196208,0.0952072487246278,-0.3165893492016318,0.0,-0.3455900993042614,0.0,0.1456856267088459,0.0,0.0,0.0,-0.3139702590184948,-0.89956904182502,-0.0801103885700325,0.0,-0.2034719395947963,0.0,0.0,0.0,0.0,0.0,0.0,-0.0659659334648082,0.0,0.0,0.0,-0.1326909604052146,0.0,0.0,0.0,0.0,0.0
533,-0.8786017633850447,-0.8848262736914676,-0.5183982692672772,0.0,0.0,0.0,-0.0653199032224077,-0.3452831567076358,0.3676838903230944,0.0849949980929663,0.0,0.0,0.0,0.0,0.0,0.0,0.0,0.0,0.0,0.0,0.5437775295916807,0.0842065678035601,0.0,0.0,0.0,-0.1379744485363257,-0.3681335873936414,0.0,0.0,0.0940452870807589,0.0,-0.9745512241860644,-0.8018418980247004,-0.6697187529026407,0.1752844000454917,0.0,0.0,0.0,-0.229479750479359,0.1904634003659739,0.5886813200015032,-0.590256965270652,-0.7604563812255489,0.0,0.0,0.0758181661676464,0.4456584782382404,0.768357810033823,0.0,0.2040398788274514,0.0,0.0,0.0,-0.0712351131763532,-0.4720469949355285,-0.4036395277262515,0.0,-0.3022643591211086,-0.0893221468048461,0.0793794444684406,-0.3022643591211086,0.0,-0.3635050771676893,0.0,0.1598339522021558,0.0,0.0,0.0,-0.2974761043329176,-0.8961339219091258,-0.106313935681487,0.0,-0.2147247016339145,0.0,0.0,0.0,0.0,0.0,0.0,-0.073839525393689,0.0,0.0,0.0,-0.1059508132171679,0.0,0.0,0.0,0.0,0.0
534,-0.8670772747381248,-0.8882471227913262,-0.487661775069583,0.0,0.0,0.0,-0.0598707345118999,-0.339353329379934,0.3748354664060158,0.086465585119031,0.0,0.0,0.0,0.0,0.0,0.0,0.0,0.0,0.0,0.0,0.5510266388501492,0.0782398823116624,0.0,0.0,0.0,-0.131803385617191,-0.3841522062847608,0.0,0.0,0.1500259477011521,0.0,-0.9713140357772728,-0.7978758265030659,-0.6809767856844087,0.1805398854152773,0.0,0.0,0.0,-0.2226233603685853,0.19068638334044,0.5708910337948057,-0.6019371547763028,-0.791757278680283,0.0,-0.0736561471182412,0.093242732238734,0.4307151091856905,0.7019607059011792,0.0,0.2184434129189758,0.0,0.0,0.0,-0.1095333012837195,-0.4783303971278512,-0.3936996415369223,0.0,-0.2777968938318477,-0.0731427978025344,0.0640574534521442,-0.2777968938318477,0.0,-0.3739360143666153,0.0,0.173573981303361,0.0,0.0,0.0,-0.2938746053548907,-0.8943740046059165,-0.1370328413942457,0.0,-0.2262387975053111,0.0,0.0,0.0,0.0,0.0,0.0,-0.0897402229048685,0.0,0.0,0.0,-0.0786321254842938,0.0,0.0,0.0,0.0,0.0
535,-0.8536971289083195,-0.8916096115521288,-0.4509543286049155,0.0,0.0,0.0,-0.0502576040702279,-0.3387962161545612,0.3696547415259581,0.0904364621588982,0.0,0.0,0.0,0.0,0.0,0.0,0.0,0.0,0.0,-0.0828935797325602,0.5473109644027312,0.0717414926421143,0.0,0.0,0.0,-0.1353867320656558,-0.4033806096703128,0.0,0.0,0.2352970308034201,0.0,-0.968688133838712,-0.7907105415866661,-0.688505438303935,0.1889026097109344,0.0,0.0,0.0,-0.2397137963215476,0.2050323637338768,0.5370390715649158,-0.6116491725829842,-0.8192998695592913,0.0,-0.1049421544861119,0.1169086867646888,0.4186802702127652,0.719581719463057,0.0,0.2232662647986721,0.0,0.0,0.0,-0.1463211774239526,-0.49410069247577,-0.3583264044643005,0.0,-0.2605259023514008,-0.0524000250056647,0.0799860351310913,-0.2605259023514008,0.0,-0.3781445215571831,0.0,0.1953819453213314,0.0,0.0,0.0,-0.2953544480931491,-0.8903326325828713,-0.1718058016748346,0.0,-0.2343434933943587,0.0,0.0,0.0,0.0,0.0,0.0,-0.1071800641216937,0.0,0.0,0.0,-0.0631992920283354,0.0,0.0,0.0,0.0,0.0
536,-0.8280957791444301,-0.8948945578684593,-0.4214134029281604,0.0,0.0,0.0,-0.0507934600463119,-0.3380659810673858,0.3509075970513633,0.0957360548186707,0.0,0.0,0.0,0.0,0.0,0.0,0.0,0.0,0.0,-0.1267123280844189,0.4898996819229402,0.0674234081071207,0.0,0.0,0.0,-0.1370019328105342,-0.407455134605335,0.0,0.0,0.2684313756084663,0.0,-0.966078618342491,-0.785342022188888,-0.7003177724317968,0.1970366867989168,0.0,0.0,0.0,-0.2623419426046828,0.23371907769136,0.493791216406941,-0.6213987144049611,-0.8396195591093666,0.0,-0.1372301088303146,0.1487885154822549,0.387045178631337,0.7780446468411195,0.0,0.2166436120154183,0.0,0.0,0.0,-0.1711495443624435,-0.514050622083292,-0.3105009347859097,0.0,-0.2423424655169306,0.0757295770047953,0.1004198542752917,-0.2423424655169306,0.0,-0.387708078295436,0.0,0.1970540925214952,0.0,0.0,0.0,-0.2995923893531087,-0.8839317949876944,-0.2041341295785981,0.0,-0.2523354488812293,0.0,0.0,0.0,0.0,0.0,0.0,-0.1274086112053333,0.0,0.0,0.0,-0.0564632007455649,0.0,0.0,0.0,0.0,0.0
537,-0.7989134355470457,-0.8966795803054342,-0.401754622528202,0.0,0.0,0.0,-0.0545320939732913,-0.3338443301460435,0.3252109443810508,0.104902754932988,0.0,0.0,0.0,0.0,0.0,0.0,0.0,0.0,0.0,-0.1674309747066124,0.4583482663381437,0.0,0.0,0.0,0.0,-0.1417855473465299,-0.4048961338902213,0.0,0.0,0.2832380333569291,0.0,-0.9646577932714218,-0.7798081423605187,-0.7164289863439571,0.2078275231725625,0.0,0.0,0.0,-0.2943007579449423,0.25881548036276,0.4407385663161139,-0.6279187527385948,-0.8543607356772829,0.0,-0.1595061419238593,0.1846443863746697,0.3234345121774288,0.8741153293949363,0.0,0.2066377417699705,0.0,0.0,0.0,-0.1942055872791497,-0.5298798184545404,-0.2710509594497919,0.0,-0.2272273831285196,0.0855407630813683,0.1239970188999562,-0.2272273831285196,0.0,-0.3951938662457615,0.0,0.1839469724967546,0.0,0.0,0.0,-0.3181037644527159,-0.8777704379398612,-0.2321650624772391,0.0,-0.2792543847127163,0.0,0.0,0.0,0.0,0.0,0.0,-0.1377389522676315,0.0,0.0,0.0,-0.0608049133662341,0.0,0.0,0.0,0.0685002625606051,0.0
538,-0.7713588034418001,-0.8988994352289548,-0.3752852265354229,0.0,0.0,0.0,-0.0591833206387709,-0.3309754186357097,0.3062042107339063,0.1066121909032613,-0.0838643242849714,0.0,0.0,0.0,0.0,0.0,0.0,0.0,0.0,-0.2017358579668231,0.4659090235172496,0.0,0.0,0.0,0.0,-0.1510387628922699,-0.3879935677017748,0.0,0.0,0.2873871729895282,0.0,-0.9641423484339556,-0.7770242050477111,-0.7349445531809312,0.2173461961993373,0.0,0.0,0.0,-0.3272309036381897,0.2679412534134064,0.392073524476789,-0.6346219730495749,-0.860730624640238,0.0,-0.1733719821219046,0.2141702242116039,0.266832827058983,1.0356093076667467,0.0,0.1876705477837317,0.0,0.0,0.0,-0.203286499963935,-0.5499168086304678,-0.2172675952982318,-0.052096717879823,-0.2167887955787822,0.0975087022806441,0.1407754939689887,-0.2167887955787822,0.0,-0.3969209842875461,0.0,0.1718261727853193,0.0,0.0,0.0,-0.3397126774355601,-0.8704836826607956,-0.2453649199040109,0.0,-0.3114513661158501,0.0,0.0,0.0,0.0,0.0,0.0,-0.1352212706490188,0.0,0.0,0.0,-0.0700592986768497,0.0,0.0,0.0,0.0,0.0
539,-0.7494057361630064,-0.9019392823642524,-0.3658064092952032,0.0,0.0,0.0,-0.0702049226346857,-0.3312589470324428,0.2967987569466864,0.1196751135218507,-0.113596162115236,0.0,0.0,0.0,0.0,0.0,0.0,0.0,0.0,-0.2208853477637192,0.5125249878987985,0.0,0.0,0.0,0.0,-0.1656175733484423,-0.3592663188656301,0.0,0.0,0.2922822899697971,0.0,-0.9639172619962562,-0.7728168049847006,-0.7419715058723029,0.2276050923490498,0.0,0.0,0.0,-0.3605079900653996,0.2613893859246208,0.3475949911509131,-0.6311196087036469,-0.8692420390222253,0.0,-0.1805355741032243,0.2452497424311261,0.2023183934583326,1.2146581035054025,0.0,0.1630463586495845,0.0,0.0,0.0,-0.1963131865114391,-0.5687522192458891,-0.1697777179176182,-0.0668364276661872,-0.2081732113990536,0.1091523167956584,0.1561886253865072,-0.2081732113990536,0.0,-0.3924197880882065,0.0,0.1533972547461884,0.0,0.0,0.0,-0.363607086200467,-0.8634448517816748,-0.2539028587825183,0.0,-0.3373530685291679,0.0,0.0,0.0,0.0,0.0,0.0,-0.1204872627592268,0.0,0.0,0.0,-0.079324547306398,0.0,0.0,0.0,0.0,0.0
540,-0.7336967976906577,-0.9048039872922038,-0.3639131281486737,0.0,0.0,0.0,-0.0827180842271932,-0.3206048244072731,0.2840465717450718,0.1313169637790484,-0.138501372981335,0.0,0.0,0.0,0.0,0.0,0.0,0.0,0.0,-0.2323830198510054,0.4985267861831328,0.0,0.0,0.0,0.0,-0.1798313928020511,-0.3183660754257665,0.0,0.0,0.2948658708087557,0.0,-0.9649172909293732,-0.7701405842564863,-0.7516434482939724,0.2347771093795217,0.0,0.0,0.0,-0.3938380820402347,0.2569032429476774,0.3116174165786154,-0.6284214732025969,-0.8782060397884552,0.0,-0.1754529638201422,0.2745516251401279,0.1526631815964497,1.430596354019855,0.0841044459288377,0.1432718412861834,0.0,0.0,0.0,-0.1794011586276991,-0.5934027884277864,-0.1437194627763024,-0.0726431622102061,-0.2153591129441742,0.1216232452886827,0.174278371089748,-0.2153591129441742,0.0,-0.378376039612013,0.0,0.1332577362514743,0.0,0.0,0.0,-0.3871984197051056,-0.8591862097104608,-0.2441903351231274,0.0,-0.3619502246949951,0.0,0.0,0.0,0.0,0.0,0.0,-0.0901646102111848,0.0,0.0,0.0,-0.0932920245630783,0.0,0.0,0.0,0.0,0.0
541,-0.7219751371056049,-0.9078382981655846,-0.3693925566725489,0.0,0.0,0.0,-0.0943024186431233,-0.3127924819592951,0.2810984243811183,0.1349658047136698,-0.1243996879294356,0.0,0.0,0.0,0.0,0.0,0.0,0.0,0.0,-0.2276270568410598,0.496739298695955,0.0,0.0,0.0,0.0,-0.192966074750881,-0.2627662894036735,0.0,0.0,0.2890748769185758,0.0,-0.966178200457037,-0.768624837233216,-0.7625460522140272,0.2123632884863437,0.0,0.0,0.0,-0.4137233832722529,0.2481613263077375,0.2945828588035972,-0.6226184467219844,-0.8875529203653172,0.0,-0.171576183852721,0.3071050191842223,0.1580521479039962,1.5892607315427318,0.1219020801529892,0.1354768666616131,0.0,0.0,0.0,-0.1599853252677648,-0.6127441667743776,-0.1289705652644192,-0.0656314520893178,-0.2206554493080864,0.1356823306094079,0.1572125563882101,-0.2206554493080864,0.0,-0.35955458290656,0.0,0.115094421397479,0.0,0.0,0.0,-0.411455976098745,-0.8561218583024535,-0.2161612960328023,0.0,-0.3869832441283207,0.0,0.0,0.0,0.0,0.0,0.0,-0.0553335272229649,0.0,0.0,0.0,-0.0947055505441929,0.0,-0.0557566811893919,0.0,0.0,0.0
542,-0.7177615716250101,-0.9114284909315776,-0.3853309391190435,0.0,0.0,0.0,-0.1045085731531185,-0.3024268633968532,0.2931895547133143,0.1334265077015276,-0.091861468274669,0.0,0.0,0.0,0.0,0.0,0.0,0.0,0.0,-0.2135019974528681,0.5061062286687736,0.0,0.0,0.0,0.0,-0.2013647129974488,-0.2049834340342241,0.0,0.0,0.2731798506375427,0.0,-0.967688139887815,-0.767359481673724,-0.769251606855714,0.0991103078489751,0.0,0.0,0.0,-0.4209876562767305,0.2412738913833326,0.295962937426651,-0.6197583059090594,-0.8970214002605674,0.0,-0.1661838338447146,0.3313390091148775,0.1558924694890262,1.605187500601115,0.1240525770872374,0.1257025549893978,0.0,0.0,0.0,-0.1301104627845108,-0.6306338770182107,-0.1210745286284263,-0.0516729732234622,-0.2324406122290369,0.1470790427773694,0.1429336145139424,-0.2324406122290369,0.0,-0.3339221159965648,0.0,0.0965529286890486,0.0,0.0,0.0,-0.4303401566248448,-0.8556540972207234,-0.1804107316152139,0.0,-0.3942333446673421,0.0,0.0,0.0,0.0,0.0,0.0,0.0,0.0,0.0,0.0,-0.0911285021069063,0.0,-0.11682922670408,0.0,0.0,0.0
543,-0.7156073920678676,-0.9134618954333056,-0.3961472622101838,0.0,0.0,0.0,-0.1149291529506943,-0.2948695129161748,0.3273702279356079,0.1131735960237007,-0.0488932782444074,0.0,0.0,0.0,0.0,0.0,0.0,0.0,0.0,-0.1909973202536181,0.5264383412481566,0.0,0.0,0.0,0.0,-0.2083039183767689,-0.1554537865496889,0.0,0.0,0.2528601534167216,0.0,-0.9697623998653716,-0.7692976753057024,-0.7762411571559338,0.1031630520367758,0.0,0.0,0.0,-0.4152452919889075,0.2392261610611603,0.3144038877571845,-0.6048719495182115,-0.9054738643393708,0.0,-0.1637795691544915,0.3507169807619424,0.1483715137284045,1.3788166911231,0.113627933262883,0.1239683480386068,0.0,0.0,0.0,-0.1152403066710621,-0.6458059922080107,-0.1343085641332175,-0.0435366894030713,-0.2439909395854022,0.159490850120962,0.1344582077152149,-0.2439909395854022,0.0,-0.3083063888231112,0.0,0.0921428205401037,0.0,0.0,0.0,-0.4553516550213319,-0.8573079766509752,-0.1177577640136403,0.0,-0.4004489359411529,0.0,0.0,0.0,0.0,0.0,0.0,0.0,0.0,0.0,0.0,-0.0833938259534999,0.0877551894790843,-0.1716263408961523,0.0,0.0,0.0
544,-0.7157634768675201,-0.9160811556781376,-0.4116083731501503,0.0,0.0,0.0,-0.1331755902679753,-0.293907583422626,0.3442759211369143,0.121189894440475,0.0,0.0,0.0,0.0,0.0,0.0,0.0,0.0,0.0,-0.1662442060513276,0.5548332168928946,0.0,0.0,0.0,0.0,-0.2066593548168101,-0.1101245592504567,0.0,0.0,0.2280314218360402,0.0,-0.9709677489943576,-0.7723304167048897,-0.7824564824014972,0.1686560469251958,0.0,0.0,0.0,-0.4034842866231167,0.2321076243313955,0.3378701075210296,-0.5943909545818239,-0.9135559433141882,0.0,-0.1618745628317437,0.3642819083775604,0.1333768047228551,1.1133364069108789,0.1137771032937262,0.1238352276342038,0.0,0.0,0.0,-0.1021211977917996,-0.6520225448154536,-0.1552144482369902,0.0,-0.2476222917598861,0.1722983216099912,0.1289594274603282,-0.2476222917598861,0.0,-0.282269395705469,0.0,0.0875665187287988,0.0,0.0,0.0,-0.4738404540219565,-0.8594078273219941,0.0,0.0,-0.3983921096701845,0.0,0.0,0.0,0.0,0.0,0.0,0.0,0.0,0.0,0.0,-0.0730362559896311,0.1207498736185635,-0.2151987809684291,0.0,0.0,0.0
545,-0.7194237486895705,-0.9179428086140478,-0.4263558373303485,0.0,0.0,0.0,-0.1279867890656093,-0.2915711302122757,0.3484625444974512,0.1113655521713396,0.0,0.0,0.0,0.0,0.0,0.0,0.0,0.0,0.0,-0.146291742246709,0.6025201794301687,0.0,0.0,0.0,0.0,-0.1992554587431765,-0.0764836952382409,0.0,0.0,0.1992072181916395,0.0,-0.9729468552158638,-0.7752174176681456,-0.7877501756761529,0.2145872170001043,0.0,0.0,0.0,-0.3787483867477379,0.2366528250870419,0.3511083277858398,-0.5837627093571442,-0.9201201912621372,0.0,-0.1694535181855518,0.3768904246958791,0.1142223828502303,1.127213554212158,0.1140696488468849,0.1373944121808943,-0.0658756391066147,0.0,0.0,-0.0896890044179965,-0.6512037164869131,-0.1813111950271931,0.0,-0.2432535794098691,0.1829163693965769,0.1299380027120082,-0.2432535794098691,0.0,-0.2543098028543863,0.0,0.0870957769306158,0.0,0.0,0.0,-0.4836456723456905,-0.8620852473635976,0.0,0.0,-0.3959249677693882,0.0,0.0,0.0,0.0,0.0,0.0,0.0,0.0,0.0,0.0,-0.0673476344120488,0.1564739553269374,-0.2636551294310685,0.0,0.0,0.0
546,-0.7266007748630968,-0.9199253235925262,-0.43357743652907,0.0,0.0,0.0,-0.1282875365974713,-0.2949567652685504,0.3646872806068428,0.0954230970899,0.0,0.0,0.0,0.0,0.0,0.0,0.0,0.0,0.0,-0.1302623924790051,0.6441664624906905,0.0,0.0,0.0,0.0,-0.1931173450837309,-0.0492709119434019,0.0,0.0,0.1716668172582679,0.0,-0.9742227112600405,-0.7765143284767471,-0.7898555330134671,0.2543883168359402,0.0,0.0,0.0,-0.3565213074226115,0.2384173258271326,0.3718795373770644,-0.5735369816618361,-0.9234245104478114,0.0,-0.1745660885830481,0.3798853515919352,0.0918000545824457,1.1386096071454808,0.1159709145598708,0.1533111025454697,-0.085205808904645,0.0,0.0,-0.0980866707659594,-0.6483459224499698,-0.2022826324930187,0.0,-0.2312522703400507,0.1657118389154462,0.1395127427063972,-0.2312522703400507,0.0,-0.22208185346873,0.0,0.0854019864060599,0.0,0.0,0.0,-0.4991812398221741,-0.8620520485334073,0.0,0.0900809708442764,-0.382487937625769,0.0,0.0,0.0,0.0,0.0,0.0,0.0,0.0,0.0,0.0,-0.0594570051938588,0.1908767764335178,-0.272826576848604,0.0,0.0,0.0
547,-0.7269559919661709,-0.9209548698541572,-0.4314002541979073,0.0,0.0,0.0,-0.1313786137153523,-0.3076099251590017,0.3903498889282639,0.0901689997431426,0.0,0.0,0.0,0.0,0.0,0.0,0.0,0.0,0.0,-0.1172014301728798,0.6737637691895716,0.0,0.0,0.0,0.0,-0.1843512369533026,0.0,0.0,0.0,0.1552584391388849,0.0,-0.9749796842875532,-0.7802291588052808,-0.7910562778986899,0.2646421501983034,0.0,0.0,0.0,-0.3338470314532554,0.2394961167644875,0.380538512151724,-0.5560757855332702,-0.9247367479930948,0.0,-0.1948613025657604,0.387306037032692,0.0753656094780477,1.1675166885067596,0.1217170697684385,0.1675954666339295,-0.0986080769086828,0.0,0.0,-0.1204563512968269,-0.6427894205789854,-0.2193176815484399,0.0,-0.217859742879275,0.1473192156660875,0.1493878077645586,-0.217859742879275,0.0,-0.1986033371980019,0.0,0.0687132237993356,0.0,0.0,0.0,-0.5091472746159227,-0.8618286553379093,0.0,0.1159966291668051,-0.3597063901849885,0.0,0.0,0.0,0.0,0.0,0.0,0.0,0.0,0.0,0.0,-0.0522927872348416,0.2347648629995507,-0.2852006406452334,0.0,0.0,0.0
548,-0.7233005704604571,-0.9226598521281212,-0.4175979965509824,0.0,0.0,0.0,-0.1170345282832571,-0.3180182339530477,0.4305385974727798,0.0919677205488896,0.0,0.0,0.0,0.0,0.0,0.0,0.0,0.0,0.0,-0.1153839933156384,0.6386087044227416,0.0,0.0,0.0,0.0,-0.1785838005445122,0.0,0.0,0.0,0.1593866813433877,0.0,-0.9753769270251008,-0.7839690520388181,-0.7914471501885156,0.2606230360799289,0.0,0.0,0.0,-0.3167297890094869,0.2383455361760269,0.3878011300587505,-0.5364202952736689,-0.9268449047100756,0.0,-0.2175947021926408,0.3881299990789767,0.0,1.233984806704785,0.1260481063941529,0.1927822907276292,-0.1024384177973447,0.0,0.0,-0.1563362336144044,-0.6298696350656228,-0.2262210915686116,-0.0509909116627207,-0.2092744668924576,-0.1161361873567283,0.1651690917142487,-0.2092744668924576,0.0,-0.1793073638212605,0.0,0.0,0.0,0.0,0.0,-0.5194419161366256,-0.8634083474815677,0.0,0.1229499362024043,-0.328456334820057,0.0,0.0,0.0,0.0,0.0,0.0,0.0,0.0,0.0,0.0,-0.0530204157570281,0.2750281221701132,-0.2857275902300583,0.0,0.0,0.0
549,-0.720740416027094,-0.923966087691796,-0.4012477597784875,0.0,0.0,0.0,-0.1029062674139509,-0.3294715383326076,0.4877901098643318,0.0886165294080287,0.0,0.0,0.0,0.0,0.0,0.0,0.0,0.0,0.0,-0.1274075158725375,0.6000974925205433,0.0641092598281124,0.0,0.0,0.0,-0.1655744599656349,0.0,0.0,0.0,0.1764465866579025,0.0,-0.9754798392556552,-0.7867739569362144,-0.7932109780906751,0.2656210183402475,0.0,0.0,0.0,-0.3038775383351185,0.2357275313716102,0.3921193697860922,-0.5198300836151757,-0.9277707018676952,0.0,-0.2404600314807628,0.3936383342040358,0.0,1.3100301532640546,0.1303419142095295,0.2208228368777763,-0.0846547093071819,0.0,0.0,-0.2026495880738517,-0.6180985140896742,-0.2045498067648235,-0.057008332205724,-0.1963688035715253,-0.1400205020113716,0.1658634363328231,-0.1963688035715253,0.0,-0.1575758469218873,0.0,0.0,0.0,0.0,0.0,-0.5077979453128437,-0.8586424536325472,0.0,0.1022917155449975,-0.2840985543310362,0.0,0.0,0.0,0.0,0.0,0.0,0.0,0.0,0.0,0.0,-0.0778716277033603,0.3246014762078119,-0.2840792349817176,0.0,0.0,0.0
550,-0.7150272758169433,-0.9254998212512257,-0.3878737186897309,0.0,0.003608794000543,0.003608794000543,-0.0890646690478147,-0.3516216162979926,0.5400008019145837,0.0812337616667763,0.0,0.0,0.0,0.0,0.0,0.0,0.0,0.0,0.0,-0.1387647374310225,0.5540569664009004,0.0744604068943805,0.0,0.0,0.0,-0.1611656639241244,0.0,0.0,0.0,0.1947423412845274,0.0,-0.9754880593143028,-0.7912565226706852,-0.7912793119142836,0.273186165277424,0.0,0.0,0.0,-0.2930927683661552,0.2288393066201807,0.392859320106463,-0.5047734934768264,-0.9274909454844642,0.0,-0.264086236801621,0.4105110530098244,0.0,1.2055423053011982,0.1366546108486932,0.2480669462777292,-0.0649495645735841,0.0,0.0,-0.2534994801310055,-0.6053333299285529,-0.1875824683899372,-0.0620438975172286,-0.1790618320424245,-0.1598330504544353,0.1625976171292292,-0.1790618320424245,0.0,-0.1392409271406476,0.0,0.0,0.0,0.0,0.0,-0.5066484880806411,-0.8529588375763972,0.0,0.099222484757127,-0.2398320400991647,0.0,0.0,0.0,0.0,0.0,0.0,0.0,0.0,0.0,0.0,-0.1102223486502689,0.3697665439956379,-0.2737414565036893,0.0,0.0,0.0
551,-0.7113875504436503,-0.9254263563964332,-0.3680666968168333,0.0,0.072175880010861,0.072175880010861,-0.0613239811480797,-0.3709227968127131,0.5540900654489445,0.0706991912551918,0.0,0.0,0.0,0.0,0.0,0.0,0.0,0.0,0.0,-0.1645591600516013,0.5070796767857483,0.0863389459767825,0.0,0.0,0.0,-0.1618930581184127,0.0,0.0,0.0,0.2378616683080919,-0.0450022188931959,-0.9750635899775149,-0.7938223489228495,-0.7864987590674709,0.2731510749900525,0.0,0.0,0.0,-0.2985136176637992,0.2285716202600931,0.3882194512454239,-0.4895777620598601,-0.9289564247613956,0.0,-0.2800484000845094,0.4229565203828628,0.0,1.124082489950898,0.12997077713332,0.2828749384755527,0.0,0.0,0.0,-0.3048844502586669,-0.5902402774019516,-0.1487821419697098,-0.0604133148691418,-0.1578473523017735,-0.179383353281704,0.155337812970737,-0.1578473523017735,0.0,-0.1206716711591941,0.0,0.0,0.0,0.0,0.0,-0.4924457648996424,-0.8485928821675306,0.0,0.0910434474994114,-0.1732658163115339,0.0,0.0,0.0,0.0,0.0,0.0,0.0,0.0,0.0,0.0,-0.155757990112777,0.4082829321713543,-0.2666119012347258,0.0,0.0,0.0
552,-0.7089064561537277,-0.9258337469529012,-0.3516594570187648,0.0,0.0874160591544307,0.0874160591544307,0.0,-0.3970618035843438,0.5790457780585713,0.0807795741482623,0.0,0.0,0.0,0.0,0.0,0.0,0.0,0.0,0.0,-0.1940961033664846,0.4655676199850702,0.0932986656131641,0.0,0.0,0.0,-0.1549627148897153,0.0,0.0,0.0,0.2811230415100826,-0.0492765685877049,-0.9733157666790904,-0.7972024687864331,-0.7803813542694122,0.2795848311078776,0.0,0.0,0.0,-0.3075121001389035,0.2201440266545573,0.3902386864248775,-0.4766613412192929,-0.9303254427853468,0.0,-0.2910032633426062,0.4427248793386931,0.0,1.126362478963736,0.1308329375207129,0.3214374375256346,0.0,0.0,0.0,-0.3346612508004204,-0.584868178396134,-0.1106741155851025,-0.0532934938777933,-0.1408736002583372,-0.1855080003188121,0.1776984723978188,-0.1408736002583372,0.0,-0.1056668245986955,0.0,0.0,0.0,0.0,0.0,-0.480235493432093,-0.8358237471528476,0.0,0.0918819267826963,-0.1119015456984544,0.0,0.0,0.0,0.0,0.0,0.0,0.0,0.0,0.0,0.0,-0.2024611503492099,0.4502838711891717,-0.2592084617517977,0.0,0.0712005551871231,0.0
553,-0.704673018247972,-0.9254512221516044,-0.3441290197630838,0.0,0.091435612545742,0.091435612545742,0.0,-0.4119918426355067,0.5936844401054964,0.1089535500304178,0.0,0.0,0.0,0.0,0.0,0.0,0.0,0.0,0.0,-0.2331414500068148,0.4037283510600457,0.097575754302775,0.0,0.0,0.0,-0.1579908242713166,0.0,0.0,0.0,0.3379392293108944,0.0,-0.9714335971700344,-0.8007026123480419,-0.772092383446966,0.2826331560165011,0.0,0.0,0.0,-0.3194248716383381,0.2179193161528688,0.3920067503305209,-0.4675936914405162,-0.9311854013790608,0.0,-0.2846301316538643,0.4764926106384434,0.0716070440940554,1.2707599411690922,0.1289286276946272,0.3595700314683883,0.0,0.0,0.0,-0.3525889321470803,-0.5797379233570779,-0.0794815520645738,0.0,-0.1246497068781584,-0.1854846474741466,0.1699320226580839,-0.1246497068781584,0.0,-0.095722368192158,0.0,0.0,0.0,0.0,0.0,-0.4731560442321491,-0.8268411282040725,0.0,0.0840629923746344,-0.0516756035040461,0.0,0.0,0.0,0.0,0.0,0.0,0.0,0.0,0.0,0.0,-0.2508797178719674,0.4880738911957844,-0.2567504403079155,0.0,0.0768227891301644,0.0
554,-0.6992466123189395,-0.9230156272489908,-0.3330872053026762,0.0,0.0948670678625676,0.0948670678625676,0.0,-0.4239913008444564,0.596615376295326,0.1416716668372942,0.0,0.0,0.0,0.0,0.0,0.0,0.0,0.0,0.0,-0.2766288291904881,0.294406454632471,0.1039830737163529,0.0,0.0,0.0,-0.1569459062300544,0.0,0.0,0.0,0.3981907742063648,0.0,-0.969791262328462,-0.8067710954574157,-0.7662804605230141,0.2845751535160205,0.0,0.0,0.0,-0.325349513318643,0.2107437106740024,0.4014501533985681,-0.4653406183559356,-0.9324779526343135,0.0,-0.2731119833512269,0.5062535330736392,0.0797640760015711,1.6238573076975091,0.1049625281067361,0.3888078581750264,0.0,0.0,0.0,-0.3603843593404074,-0.5762143004190439,-0.0516649070345466,0.0,-0.113325550921521,-0.1775722099944399,0.1384376414025731,-0.113325550921521,0.0,-0.0948137581973348,0.0,0.0,0.0,0.0,0.0,-0.4735234900359028,-0.818731293540803,0.0,0.0663839524840733,0.0,0.0,0.0,0.0,-0.0499922002780353,0.0,0.0,0.0,0.0,0.0,0.0,-0.2944980159751662,0.5155085025180177,-0.249987328752939,0.0,0.07678245869608,0.0
555,-0.6949382953968816,-0.9196006616917808,-0.3336854600081603,0.0,0.09760325677733,0.09760325677733,0.0,-0.4315298891799071,0.6052298124707114,0.1759142431955124,0.0,0.0,0.0,0.0,0.0,0.0,0.0,0.0,0.0,-0.3085744455671272,0.2173752131924332,0.1084094909289601,0.0,0.0,0.0,-0.1549656124478046,0.0,0.0,0.0,0.3990780292184256,0.0,-0.9676918513016916,-0.8136103823171641,-0.7592440937215577,0.2790643275808452,0.0,0.0,0.0,-0.3340866055483132,0.199712942253423,0.4132785921611578,-0.4634943040201904,-0.9331324818725522,0.0,-0.2532612274539276,0.5366533763878164,0.0840479736386193,1.6406916368577924,0.1003365732949619,0.3535124588231783,0.0,0.0,0.0,-0.3626144422382382,-0.5616797946519978,0.0,0.0,-0.092673420131314,-0.1561787728242497,0.1313969706707354,-0.092673420131314,0.0,-0.0978117708240548,0.0,0.0,0.0,0.0,0.0,-0.4762965960948408,-0.8125602392497467,0.0,0.0,0.0,0.0,0.0,0.0,-0.0494742954506011,0.0,0.0,0.0,0.0,0.0,0.0,-0.3270845086059886,0.5386410113338443,-0.2479032088198528,0.0,0.0799703524958021,0.0
556,-0.6950269109076342,-0.916231077276545,-0.3419188337328217,0.0,0.0981379436379752,0.0981379436379752,0.0,-0.4333559238305649,0.6011044191799104,0.2096111313115168,0.0,0.0,0.0,0.0,0.0,0.0,0.0,0.0,0.0,-0.3426230785501131,0.1594161483050457,0.1120485344381135,0.0,0.0,0.0,-0.146258268821152,0.0,0.0,0.0,0.3938884918264968,0.0,-0.9661980300605784,-0.8207102142161562,-0.7569749700566674,0.2092959119870772,0.0,0.0,0.0,-0.3456721287983719,0.1980642981046557,0.4328643465081143,-0.4700929305296702,-0.9334756486259596,0.0,-0.2255403342316912,0.5709445360204938,0.0852992553751488,1.6208354615266465,0.0881570456585461,0.3300887210193469,0.0,0.0,0.0,-0.3353072511594377,-0.5480103550726877,0.0,0.0,-0.0779020995591266,-0.1313959818391257,0.1416326109055649,-0.0779020995591266,0.0,-0.1044666085291824,0.0,0.0,0.0,0.0,0.0,-0.4923964046563101,-0.8125007731144759,0.0,0.0,0.0,0.0,0.0,0.0,0.0,0.0,0.0,0.0,0.0,0.0,0.0,-0.3531378877067479,0.5641676340383702,-0.2482634469503916,0.0,0.0741756512730831,0.0
557,-0.6915499069608292,-0.9124742519661644,-0.3544095714710272,0.0,0.0958140962711109,0.0958140962711109,0.0,-0.4320075334841215,0.5826329291915032,0.22924023643752,0.0,0.0,0.078148415640591,0.0,0.0,0.0,0.0,0.0,0.0,-0.3708967691607608,0.1246115858808329,0.1119751982843129,0.0,0.0,0.0,-0.1417873639569579,0.0,0.0,0.0,0.3974329818881855,0.0,-0.9642396393076909,-0.8269889825474718,-0.7568214074311551,0.1495766023636194,0.0,0.0,0.0,-0.3503276639023829,0.196213915890021,0.4532965660031315,-0.4802388585432049,-0.932334561344482,0.0,-0.1972154984871016,0.5938528091727058,0.0911391400231065,1.5689092849278994,0.0822792820577672,0.301339875650441,0.0,0.0,0.0,-0.3191471325707269,-0.5373215626469697,0.0,0.0,-0.05628974494001,-0.1024002908029376,0.1629411667201556,-0.05628974494001,0.0,-0.1236327214461785,0.0,0.0,0.0,0.0,0.0,-0.5140094359899967,-0.8115233328233696,-0.0805594563645583,0.0,0.0,0.0,0.0,0.0,0.0,0.0,0.0,0.0,0.0,0.0,-0.043912621908951,-0.3539958229871432,0.5657149335273322,-0.2525196892372429,0.0,0.0688500633949952,0.0
558,-0.6875346898773409,-0.9104603359926084,-0.3786311551537706,0.0,0.089265720547694,0.089265720547694,0.0,-0.4243714305110485,0.5541803760160572,0.1848012432199878,0.0,0.0,0.11930302832259,0.0,0.0,0.0,0.0,0.0,0.0,-0.3862950713722766,0.1098404713664987,0.1150346019961281,0.0,0.0,0.0,-0.1325936115897574,0.0,0.0,0.0,0.4103971018585222,0.0,-0.963204037227888,-0.8310434301162111,-0.7577825270257847,0.0904277875009192,0.0,0.0,0.0,-0.3572687330584291,0.1901226522962538,0.4678258286885567,-0.4997902468559537,-0.9301539268018444,0.0,-0.1643499706672912,0.5795174310922355,0.1028596592634049,1.5629125797336452,0.0778100827188779,0.298355858338161,0.0,0.0,0.0,-0.2890882195767809,-0.5237848885286263,0.0,0.0,0.0,-0.0851280536383254,0.1862477048362159,0.0,0.0,-0.1492254275804795,0.0,0.0,0.0,0.0,0.0,-0.5443396737997187,-0.8149442724787428,-0.1208033221898151,0.064751452819493,0.0,0.0,0.0,0.0,0.0,0.0,0.0,0.0,0.0,0.0,-0.0646216172801062,-0.3285009106309767,0.5569977061422331,-0.2506278805477718,0.0,0.0657105391497859,0.0
559,-0.6764305199734414,-0.9088742783102002,-0.4001064420026361,0.0,0.0809039190428068,0.0809039190428068,-0.0445244444846843,-0.4084766847246739,0.4828276312446377,0.1480781680296518,0.0,0.0,0.114420349619921,-0.0923480328164813,0.0,0.0,0.0,0.0,0.0,-0.3961765808341813,0.100770086362326,0.1178594519066376,0.0,0.0,0.0,-0.1289837154326235,0.0,0.0,0.0,0.4295104509090275,0.0,-0.9633852321403982,-0.8337831656965607,-0.7596969206387059,0.0,0.0,0.0,0.0,-0.3492994468371785,0.1854691413365801,0.4734149860439119,-0.5142012973303898,-0.9251117530790736,0.0,-0.138912533398162,0.5538528126971092,0.1160140086310094,1.5597585768690774,0.0896461993405133,0.2998405526687001,0.0,0.0,0.0,-0.2642901343586095,-0.512051997726886,0.0,-0.0576712938054568,0.0,-0.0668370979193455,0.2123416720422514,0.0,0.0,-0.1770510195478558,0.0,0.0,0.0,0.0,0.0,-0.5815350057358337,-0.8164622596310326,-0.1255377157212474,0.0700335677056542,0.0,0.0,0.0,0.0,0.0,0.0,0.0,0.0,0.0,0.0,-0.0765523462929785,-0.2858680163145836,0.5638091582762425,-0.246857726065155,0.0,0.0642050720104691,0.0
560,-0.6579130151229327,-0.9095225019597692,-0.4280936652299296,0.0,0.0712399152196644,0.0712399152196644,-0.0888636483587856,-0.3901982340458951,0.3663823111665819,0.1207420636334439,0.0,0.0,0.0984761304925288,-0.1485420266174596,0.0,0.0,0.0,0.0,0.0,-0.3771963903800617,0.089756526747537,0.1161737103158413,0.0,0.0,0.0,-0.1302884707628029,0.0,0.0,0.0,0.456771063634376,0.0,-0.9640707068436584,-0.8328064362170015,-0.7645839877980964,0.0,0.0,0.0,0.0,-0.3342724026772861,0.1840348102597099,0.4796634283478052,-0.5273593050301645,-0.9200006067894771,0.0,-0.1260881474324241,0.5308173996945806,0.1256115844710659,1.5737533062860949,0.1026536846610586,0.3094881516373344,0.0,0.0,0.0,-0.2582008971413652,-0.5027403712145181,-0.0467300639409755,-0.0796696698530043,0.0,-0.0637692826122464,0.2252848626562379,0.0,0.0,-0.2140544067475109,0.0,0.0,0.0,0.0,0.0,-0.6113505341044089,-0.8209537415120199,-0.1094318059878809,0.0840869978868951,0.0,0.0,0.0,0.0,0.0,0.0,0.0,0.0,0.0,0.0,-0.0825617762578225,-0.2399234927369434,0.5820708582957129,-0.2425407483063567,0.0,0.0676360821594352,0.0
561,-0.634210089673742,-0.912243252234525,-0.453962130603812,0.0,0.0,0.0,-0.1340945699599367,-0.3770815850457569,0.3273576962544213,0.0909061961118547,0.0,0.0,0.0808945310822552,-0.2033273723472937,0.0,0.0,0.0,0.0,0.0,-0.3407435562553832,0.0879195607518933,0.1084702601890778,0.0,0.0,0.0,-0.134529584387246,0.0,0.0,0.0,0.4870354690247827,0.0,-0.965603216674506,-0.8326446988405637,-0.7680825952253314,0.0,0.0,0.0,0.0,-0.3152111754682893,0.187101088269108,0.474162223911047,-0.5423938043357013,-0.9147969584344348,0.0,-0.1190847218706367,0.5062206374864389,0.1383385289049177,1.4568694152847113,0.1167979028575516,0.3204799211954701,0.0,0.0,0.0,-0.2515073740313747,-0.4852594959255017,0.0,-0.0979960036857133,0.0,-0.0779594187394212,0.2317380210895155,0.0,0.0,-0.2495145098086176,0.0,0.0,0.0,0.0,0.0,-0.6357507424874546,-0.824094808731822,-0.0693089051990512,0.0959906172208859,0.0,0.0,0.0,0.0,0.0,0.0,0.0,0.0,0.0,0.0,-0.0683029826049715,-0.1852625946697078,0.6198235448458133,-0.2440432056205949,0.0,0.0692322225468049,0.0
562,-0.6003622829374994,-0.9169739265351402,-0.4801956296041255,0.0,0.0,0.0,-0.1666124419431212,-0.3618921380549171,0.2982466012518001,0.070465811639867,0.0,0.0,0.0651598645187416,-0.2523367179610803,0.0,0.0,0.0,0.0,0.0,-0.2967432690509703,0.091594496293906,0.0995703148893659,0.0,0.0,0.0,-0.1493105031672073,0.0,0.0,0.0,0.5069283410155486,0.0,-0.9677057835322184,-0.8278430806267244,-0.7704460342199801,0.0,0.0,0.0,0.0,-0.293932288369394,0.1905673671667409,0.4614097355422655,-0.5593708076318772,-0.9103259640463895,0.0,-0.1258575304927293,0.4831330788566005,0.1442924800415249,1.3033626426558398,0.1268529368166043,0.3372827620631448,0.0,0.0,0.0,-0.2511045357128054,-0.4749098402059583,0.0,-0.1208784651009917,0.0,-0.1111497495981405,0.1959451792694085,0.0,0.0,-0.2822385597137055,0.0,0.0,0.0,0.0,0.0,-0.6479079358467327,-0.8238771995968567,0.0,0.1145774176205818,0.0,0.0,0.0,0.0,0.0,0.0,0.0,0.0,0.0,0.0,0.0,-0.127705557767818,0.6308845640554371,-0.2324926585959895,0.0,0.0686530835913463,0.0
563,-0.5684177468306508,-0.9230164909897004,-0.5066492049542648,0.0,0.0,0.0,-0.1914444837585087,-0.3515642904329606,0.2708830009587455,0.0,0.0,0.0,0.0,-0.2745795574469425,0.0,0.0,0.0,0.0,0.0,-0.2427955458081679,0.1031210510270761,0.0879962229684441,0.0,0.0,0.0,-0.1727190882594775,0.0,0.0,0.0,0.5220723011677944,0.0,-0.9699502047767083,-0.8225463627299753,-0.7736643711613986,0.0,0.0,0.0,0.0,-0.267773358483841,0.2012148303143365,0.4372865993385093,-0.5730097358014843,-0.9057246171323072,0.0,-0.1415436864074219,0.4668207570416048,0.1459409892933543,1.328417813460257,0.1323028379100614,0.3546134107875026,0.0,0.0,0.0,-0.2527819999237211,-0.4719179925180252,0.0,-0.1314110587678429,-0.0454965144434701,-0.1493320556849945,0.1598600594591208,-0.0454965144434701,0.0,-0.3086277016890042,0.0,0.0,0.0,0.0,0.0,-0.6456521731222591,-0.8187009219854922,0.0,0.1351354300908419,0.0,0.0,0.0,0.0,0.0,0.0,0.0,0.0,0.0,0.0,0.0,-0.0609399446678274,0.5747177910054555,-0.211177984346154,0.0,0.0622348952676809,0.0
564,-0.5340939807895486,-0.9304977574484844,-0.5145296534248153,0.0,0.0,0.0,-0.1924807105758094,-0.340322064445736,0.2522542143032224,0.0,0.0,0.0,0.0,-0.2897931339035768,0.0,0.0,0.0,0.0,0.0,-0.1797859877608942,0.1238791019838584,0.0778566636918166,0.0,0.0,0.0,-0.2090561021404825,0.0,0.0,0.0,0.5300024684365576,0.0,-0.9725882596549184,-0.8189372295460632,-0.7718260341874749,0.0,0.0,0.0,0.0,-0.2507075886788245,0.219448696411763,0.4090262397898338,-0.57551582049315,-0.902144954525382,0.0,-0.1641637077109288,0.4641311299318212,0.1524135511862431,1.4005109112563614,0.1357216288375371,0.3593430211129288,0.0,0.0,0.0,-0.2546218731119264,-0.4731705809463313,0.0,-0.1428385529992477,-0.0664705971766095,-0.1791998050503874,0.1326374671709299,-0.0664705971766095,0.0,-0.3393205653367316,0.0,0.0,0.0,0.0,0.0,-0.6442649140861391,-0.8183460887856495,0.0,0.155985051955042,0.0,0.0,0.0,0.0,0.0,0.0,0.0,0.0,0.0,0.0,0.0,0.0,0.5012285726014001,-0.1944820766090875,0.0,0.0,0.0657074694857053
565,-0.5006042467609133,-0.9377080694479204,-0.519863642544607,0.0,0.0,0.0,-0.1735108188192932,-0.3274328680008945,0.2280949263219601,0.0,0.0,0.0,0.0,-0.2842590540361517,0.0,0.0,0.0,0.0,0.0,-0.1172925492899514,0.1387915019540516,0.0689832871058058,0.0,0.0,0.0,-0.2399710726021588,0.0,0.0,0.0,0.4917165484129462,0.0,-0.9748807316513352,-0.8149522422804729,-0.7707786900087679,0.0,0.0,0.0,0.0,-0.233886210068734,0.2336097379883129,0.3777034580503977,-0.576902893352935,-0.9005762203283552,0.0,-0.1846019771152721,0.4726784501565252,0.1610385569805529,1.4265787485470995,0.143667567977322,0.3521893233001242,0.0,0.0,0.0,-0.2606435095872325,-0.4818354956941452,0.0,-0.1435652213720001,-0.0823602281009585,-0.2058804852336632,0.1174584649514819,-0.0823602281009585,0.0,-0.3656848004355796,0.0,0.0,0.0,0.0,0.0,-0.604303854658359,-0.8117039752903061,0.0,0.1763014732353222,0.0,0.0,0.0,0.0,0.0,0.0,0.0,0.0,0.0,0.0,0.0,0.0,0.4464215443268634,-0.1843046142876873,0.0,0.0,0.062860265435831
566,-0.4721105128010003,-0.9456812975898696,-0.521760565563423,0.0,0.0,0.0,-0.1512750489595452,-0.3166423593346602,0.2045267860287971,0.0,0.0,0.0,0.0,-0.2603539379906652,0.0772837527365644,0.0,0.0,0.0,0.0,-0.055524038187467,0.1585311706441884,0.0654825212881449,0.0,0.0,0.0,-0.2748224614899053,0.0,0.0,0.0,0.4559446053398971,0.0,-0.9777408621907444,-0.8117498562463868,-0.7626318406680028,0.0,0.0,0.0,0.0,-0.226038422386777,0.2439694203274475,0.3527953936406842,-0.5739902748462543,-0.9000968310507784,0.0,-0.2027724066923442,0.4994055115935568,0.160107499947225,1.426530800424988,0.1182760314406727,0.3463685619799964,0.0,0.0,0.0,-0.2601345104436075,-0.4954141306021886,0.0,-0.1406585205400092,-0.1111006920305765,-0.2163146492450149,0.1275220009559785,-0.1111006920305765,0.0,-0.3897903597548836,0.0,0.0,0.0,0.0,0.0,-0.56432718186031,-0.8050045261320933,0.0,0.1907418073965011,-0.0625508429693141,0.0,0.0,0.0,0.0,0.0,0.0,0.0,0.0,0.0,0.0,0.0,0.4044629192049591,-0.1742558501750555,0.0,0.0,0.0
567,-0.4578278029925469,-0.9520456111758228,-0.514780461087582,0.0,0.0,0.0,-0.1041163711875245,-0.3102162230519231,0.1792765059482228,0.0,0.0,0.0,0.0,-0.204489583394625,0.0945315482587931,0.0,0.0,0.0,0.0,0.0,0.1836392971235486,0.0688107579905868,0.0,0.0,0.0,-0.311669483224255,0.0,0.0,0.0,0.4200741969585166,0.0,-0.9805286414169392,-0.8104028138693911,-0.7597849495447189,0.0,0.0,0.0,0.0,-0.2283501065640154,0.2626724679698451,0.330150993509814,-0.573829519721625,-0.901704636020234,0.0,-0.2131279952316023,0.5110949554999217,0.1683433984412542,1.401115101974062,0.1251489074983348,0.3246076373967515,0.0,0.0,0.0,-0.2436829242893765,-0.51248521281824,0.0,-0.135969090919049,-0.1307186322805497,-0.2149799723366654,0.133876014956477,-0.1307186322805497,0.0,-0.407977141470881,0.0,0.0,0.0,0.0,0.0,-0.5139040704998117,-0.8002752195767272,0.0,0.2014058927630508,-0.0929286386609759,0.0,0.0,0.0,0.0,0.0,0.0,0.0,0.0,0.0,0.0,0.0,0.3677875579265246,-0.1657397575756563,0.0,0.0,0.0
568,-0.4615240739152331,-0.9570824039181978,-0.5003428283787865,0.0,0.0739745281344417,0.0739745281344417,-0.0592924904588793,-0.3085903937885711,0.1518072660738583,0.0,0.0,0.0,0.0,-0.1500161277895988,0.1155351983848071,0.0,0.0,0.0,0.0,0.0,0.2023485163384302,0.0672454952197798,0.0,0.0,0.0,-0.3289224539944843,0.0,0.0,0.0,0.3890144476350146,0.0,-0.9821561901951208,-0.8092187033078113,-0.7561292756008738,0.0,0.0,0.0,0.0,-0.2424775618322706,0.276856941754649,0.3115935416357713,-0.5634567409735617,-0.905854573878266,0.0,-0.2216233622358328,0.5017394197089275,0.1657875400943123,1.3696167068293672,0.1308911773300527,0.2983967141042059,0.0,0.0,0.0,-0.2216300950331631,-0.5346661246533533,0.0,-0.1326130247580666,-0.140331249474469,-0.1928488978747169,0.1344739671228374,-0.140331249474469,0.0,-0.4222407027881408,0.0,0.0,0.0,0.0,0.0,-0.4655191959092588,-0.7866358546070098,0.0,0.2138365524266261,-0.1285626022326027,0.0,0.0,0.0,0.0,0.0,0.0,0.0,0.0,0.0,0.0,0.0,0.3596307897456688,-0.1696691970562073,0.0,0.0,0.0
569,-0.4813925749428119,-0.9618897958496088,-0.4831857045468859,0.0,0.0926193760758901,0.0926193760758901,0.0,-0.3040780162622511,0.1364732588916695,0.0,0.0,0.0,0.0,-0.0879228172801904,0.1390141578588318,0.0,0.0,0.0,0.0,0.0,0.2213600578532979,0.0914486629483335,0.0,0.0,0.0,-0.3403419488703645,0.0,0.0,0.0,0.3566670585716703,0.0,-0.9834053986782276,-0.8088486788950805,-0.7488139251094191,0.0,0.0,0.0,0.0,-0.2712332200135982,0.2934346959272089,0.2920844795904895,-0.5517786292830712,-0.9088104890989736,0.0,-0.2134072676322299,0.4916246414982512,0.1464926040783938,1.34084868310733,0.1299864186298566,0.2979692834948643,0.0,0.0,0.0,-0.1822394111663164,-0.5628274215510362,0.0,-0.1340689143187853,-0.1547174162558204,-0.1583384526053486,0.1235281062335366,-0.1547174162558204,0.0,-0.4349403483254847,0.0,0.0,0.0,0.0,0.0,-0.4204616559916877,-0.7745784120146352,0.0,0.2206127736568211,-0.1570467733803788,0.0,0.0,0.0,0.0,0.0,0.0,0.0,0.0,0.0,0.0,0.0,0.3661001096976489,-0.185651426126207,0.0,0.0,0.0
570,-0.5172509105940105,-0.9648707595529826,-0.4639280627804431,0.0,0.1116204623459612,0.1116204623459612,0.0,-0.2962014979484052,0.1343730784987321,0.0,0.0,0.0,0.0,0.0,0.1642328890445078,0.0,0.0,0.0,0.0,0.0,0.2367542379294362,0.108762890706368,0.0,0.0,0.0,-0.3415289939609396,0.0,0.0,0.0,0.3217089694095253,-0.0705443071066899,-0.9840482348942684,-0.8093006965661809,-0.7453484577425781,0.0,0.0,0.0,0.0,-0.3011003123356514,0.3022698269531684,0.2731379821099714,-0.5455979374599039,-0.9130217534619862,0.0,-0.2003919576423653,0.4764784294086224,0.1242250033489542,1.3074878438792583,0.0991253198881345,0.2930593072927736,0.0,0.0,0.0,-0.1484871816258955,-0.5926966232996337,0.0,-0.1329285947745488,-0.1583608184900704,-0.111889778600839,0.1177391472021253,-0.1583608184900704,0.0,-0.4436669815892736,0.0,0.0,0.0,0.0,0.0,-0.3885766202476243,-0.7604891019347843,0.0,0.2221383048143796,-0.1821214074522283,0.0,0.0,0.0,0.0,0.0,0.0,0.0,0.0,0.0,0.0,0.0,0.371504899116664,-0.1971061683843663,0.0,0.0,0.0
571,-0.5620604431978251,-0.9669057023392092,-0.4500519325561681,0.0,0.1327054665671773,0.1327054665671773,0.0,-0.2888276191091158,0.1323353707676411,0.0,0.0,0.0,0.0,0.0,0.1832704057529374,0.0,0.0,0.0,0.0,0.0,0.2445155261289294,0.133948307445959,0.0,0.0,0.0,-0.3412296810148113,0.0,0.0,0.0,0.2872568937043008,-0.0972754139110796,-0.984326442340131,-0.8076025569586296,-0.7435374761738366,0.0,0.0,0.0,0.0,-0.3355683566577642,0.3102833841846651,0.2520562741756221,-0.5340405979499491,-0.9143298058829448,0.0,-0.1779131847224555,0.4601870884113797,0.0988240645374122,1.2713674968597546,0.0695830731115022,0.2726473790640153,0.0,0.0,0.0,-0.1229120818117731,-0.6249467775186474,0.0,-0.1344751525628638,-0.1545730091194713,-0.0649808014703093,0.1048059131590015,-0.1545730091194713,0.0,-0.4505907738987659,0.0,0.0,0.0,0.0,0.0,-0.3691100821066639,-0.7405110359030543,0.0,0.2276447940356685,-0.2029227786555642,0.0,0.0,0.0,0.0,0.0,0.0,0.0,0.0,0.0,0.0,0.0,0.3757038898342961,-0.203027292919902,0.0,0.0,0.0
572,-0.6134994287269725,-0.9673164492633202,-0.4379879425245104,0.0,0.1546521675593245,0.1546521675593245,0.0,-0.2835623928710639,0.134380547507632,0.0,0.0,0.0,0.0,0.0,0.1950112396063032,0.0,0.0,0.0,0.0,0.0,0.2486525014757256,0.1594167963722575,0.0,0.0,0.0,-0.3277632804949257,0.0,0.0,0.0,0.2455604405441664,-0.1204403263078585,-0.9848866324416808,-0.8070199449637954,-0.7410664613070594,0.0,0.0,0.0,0.0,-0.3764210806645973,0.3085655437837164,0.2412447416455142,-0.5259544260436512,-0.9165726062810556,0.0,-0.1613183651481346,0.4574442820511372,0.0760535817234834,1.2672733048810716,0.0,0.2383624877351095,0.0,0.0,0.0,-0.1025826023046054,-0.6524921156125731,-0.0914593593497916,-0.126672053737028,-0.1562722232093916,0.0777474746837274,0.0889648487151174,-0.1562722232093916,0.0,-0.4489529331234247,0.0,0.0,0.0,0.0,0.0,-0.3643071640970282,-0.7245895979549153,0.0,0.2261552660810822,-0.2124213060102661,0.0,0.0,0.0,0.0,0.0,0.0,0.0,0.0,0.0,0.0,0.0,0.3732403290680853,-0.209424139607798,0.0,0.0,0.0
573,-0.668539739985439,-0.9666608942530188,-0.4249886482759125,0.0,0.1827642801279397,0.1827642801279397,0.0,-0.275665191972002,0.1446740240686024,0.0,0.0,0.0,0.0,0.0,0.2084884572515619,0.0,0.0,0.0,0.0,0.0,0.2587390786451762,0.1849023843741531,0.0,0.0,0.0,-0.3014698834775311,0.0,0.0,0.0,0.2198929940108846,-0.1262000245797275,-0.9847585306490864,-0.8049181653328775,-0.7370001012676568,0.0,0.0,0.0,0.0,-0.4086601028485766,0.3044588824027143,0.2396589368749387,-0.5221276445761088,-0.9165737765504574,0.0,-0.157505650843471,0.4402962714764623,0.0,1.2565312692662398,0.0,0.1931328440686231,0.0,0.0,0.0,-0.0911539342475315,-0.6774435733769789,-0.1425972741659914,-0.1198676757899673,-0.1580965649461839,0.0703519492686943,0.0735755590861217,-0.1580965649461839,0.0,-0.4436581147696516,0.0,0.0,0.0,0.0,0.0,-0.368243564560994,-0.7014198196431217,-0.0854882321137924,0.2270188953419981,-0.2057262911292072,0.0,0.0,0.0,0.0,0.0,0.0,0.0,0.0,0.0,0.0,0.0,0.3779041449036199,-0.1931538650459464,0.0,0.0,0.0
574,-0.7175473345396481,-0.967060175641992,-0.4213493362872044,0.0,0.1885382723783917,0.1885382723783917,-0.0562257694493026,-0.2734990643975801,0.1608775300459119,0.0,0.0,0.0,0.0,0.0,0.2124413074104925,0.0,0.0,0.0,0.0,0.0,0.2558449604928496,0.2149342913016427,0.0,0.0,0.0,-0.2725837532568679,0.0,0.0,0.0,0.1927020743267487,-0.1369246760098565,-0.9839928891040636,-0.8017766978631162,-0.7383745363140551,0.0,0.0,0.0,0.0,-0.4385160299125384,0.2877291606290079,0.2463605795870004,-0.5205792760000686,-0.917147466118259,0.0,-0.1607455142303472,0.4255992786003367,0.0,1.21839804358336,0.0,0.1767165788876363,0.0,0.0,0.0,-0.0995663306968796,-0.6850242663333098,-0.1799775714915008,-0.1073110955019725,-0.1539157185742235,0.0636018920627066,0.0,-0.1539157185742235,0.0,-0.4383008687737174,0.0,0.0,0.0,0.0,0.0,-0.3833610928298087,-0.6792701456545006,-0.12773231438382,0.2337605628168123,-0.1904528611691361,0.0,0.0,0.0,0.0,0.0,0.0,0.0,0.0,0.0,0.0,0.0,0.3831228798297127,-0.1685388816104621,0.0,0.0,0.0
575,-0.7584111263260448,-0.9658158128734948,-0.4187740418548479,0.0,0.1927990083089004,0.1927990083089004,-0.1109289481534317,-0.2687190170065681,0.1690018653268841,0.0,0.0,0.0,0.0,0.0,0.2070227213571573,0.0,0.0,0.0,0.0,0.0,0.2519554509207611,0.2172975676568601,0.0,0.0,0.0,-0.2441373659809593,-0.0785299232960117,0.0,0.0,0.1784649428378451,-0.1442877433773474,-0.9833726097312234,-0.7976169892681768,-0.7352516972911172,0.0,0.0,0.0,0.0,-0.4584502239065927,0.288568468250316,0.2668355943679787,-0.5260978230776883,-0.914709744324894,0.0,-0.1719207199090099,0.4085371628445405,0.0,1.23189959875974,0.0,0.179652265205695,0.0,0.0,0.0,-0.1154549909084603,-0.6770357948088636,-0.2092808540551028,-0.096174721309102,-0.147343846120274,0.0,0.0,-0.147343846120274,0.0,-0.4239795363782595,0.0,0.0,0.0,0.0,0.0,-0.4090302482734849,-0.6560816098405516,-0.1466364876842268,0.2319181230841984,-0.1624313608343201,0.0,0.0,0.0,0.0,0.0,0.0,0.0,0.0,0.0,0.0,0.0,0.3991621223232727,-0.1295268243032837,0.0,0.0,0.0
576,-0.7879912412458541,-0.964263388053138,-0.4113912537502575,0.0,0.1926839076563785,0.1926839076563785,-0.1726972622019893,-0.2715556863791417,0.1719804779348498,0.0,0.0,0.0,0.0,0.0,0.2153942078299497,0.0,0.0,0.0,0.0,0.0,0.2503303854970908,0.2276771880468412,0.0,0.0,0.0,-0.2078915267493954,-0.0959185205834264,0.0,0.0,0.1656429549658301,-0.1437999910715835,-0.9824051198233956,-0.7956500401197335,-0.735823145684678,0.0,0.0,0.0,0.0,-0.4662146996412072,0.2894108327558679,0.3093073519266436,-0.5369615838763273,-0.9095453280885644,0.0,-0.1958517010273863,0.3961899548934988,0.0,1.280460995998574,0.0,0.1796495065428623,0.0,0.0,0.0,-0.1576484814918772,-0.664084959002717,-0.2381738503541181,-0.0784942991937304,-0.1382344107603534,0.0,0.0667179522875413,-0.1382344107603534,0.0,-0.4099660887145009,0.0,0.0,0.0,0.0,0.0,-0.4333527253414513,-0.6339560190992074,-0.1470080679181218,0.2387395015055594,-0.1354612897559944,0.0,0.0,0.0,0.0,0.0,0.0,-0.070992707970251,0.0,0.0,0.0,0.0,0.4190526213390435,-0.0811393179855763,0.0,0.0,0.0
577,-0.8102450913472203,-0.9620037630757464,-0.4140810566875192,0.0,0.1872758044682735,0.1872758044682735,-0.2286606165550448,-0.2795202503491386,0.1670762014613969,0.0,0.0,0.0,0.0,0.0,0.2515573967503019,0.0,0.0,0.0,0.0,0.0,0.2466218539670934,0.2365521628359836,0.0,0.0,0.0,-0.179326663764929,-0.089324274749246,0.0,0.0,0.1619042918958936,-0.142645529920882,-0.9819393522085966,-0.79034902734573,-0.7377529053258292,0.0,0.0,0.0,0.0,-0.473861931760115,0.2810246970999687,0.3604438014344294,-0.5513784209348608,-0.905660532722658,0.0,-0.2271464102764137,0.3790154565472927,0.0,1.2615126270095711,0.0,0.1855190100604175,0.0,0.0,0.0,-0.2182655484421681,-0.6336617453749491,-0.2630636389941039,-0.0608420121324841,-0.1455870516383288,0.0,0.0916280693507356,-0.1455870516383288,0.0,-0.3933158078258016,0.0,0.0,0.0,0.0,0.0,-0.4594249522977084,-0.6032938760350091,-0.1384623569710519,0.2466552643543874,-0.1100945628460099,0.0,0.0,0.0,0.0,0.0,0.0,-0.112264027995394,0.0,0.0,0.0,0.0,0.4527841389764959,0.0,0.0,0.0,0.0
578,-0.8137677060929474,-0.96027939494383,-0.4180130689320475,0.0,0.1789205216769386,0.1789205216769386,-0.274845664113822,-0.2934038186693837,0.1571486980972508,0.0,0.0,0.0,0.0,0.0,0.2888078406554705,0.0,0.0,0.0,0.0,0.0,0.2467209495109942,0.2467867190931134,0.0,0.0,0.0,-0.1569963741104584,-0.07908402512154,0.0,0.0,0.1592700430585667,-0.1346889441216011,-0.9814356599652504,-0.7871120973624027,-0.7345617411289486,0.0,0.0,0.0,0.0,-0.4793274056695293,0.2582284492998546,0.4234605432825362,-0.5678026325558175,-0.9010549232653626,0.0,-0.259626748281791,0.365057177345074,0.0,1.2090165537445672,0.0673141739309181,0.1987345698163163,0.0,0.0,0.0,-0.2688607526268667,-0.5888110292177019,-0.2935159038126172,-0.0480777887049175,-0.1479476506136746,-0.06763677889616,0.0805075861967754,-0.1479476506136746,0.0,-0.3834172455521799,0.0,0.0,0.0,0.0,0.0,-0.4820559291393603,-0.5672952310949638,-0.127117576088172,0.2521853763871896,-0.0766554816985236,0.0,0.0,0.0,-0.0504242668117414,0.0,0.0,-0.1274768061462974,0.0,0.0,0.0,0.0,0.4978094183273831,0.0,0.0,0.0,0.0
579,-0.8078852911242729,-0.9581208407955376,-0.4158379584181226,0.0,0.1623288502862305,0.1623288502862305,-0.3145988861015175,-0.3022882281675113,0.1625624388229993,0.0,0.0,0.0,0.0,0.0,0.3048009678427945,0.0,0.0,0.0,0.0,0.0,0.256715330545413,0.2460326760901,0.0,0.0,0.0,-0.1184857986770882,0.0,0.0,0.0,0.1674162223393537,-0.1185002858757857,-0.980018664015657,-0.7842317380720634,-0.7341697865683228,0.0,0.0,0.0,0.0,-0.4768883428728352,0.2499033820327345,0.4862280128054969,-0.5909281095751021,-0.8964514448544878,0.0,-0.2824917402010557,0.3528063266917747,0.0635771073774475,1.1541184682010168,0.0860229076400314,0.1951997634254213,0.0,0.0,0.0,-0.3120713728778005,-0.5475247040267323,-0.3166598287803852,0.0,-0.1608963833666942,-0.0889575603084028,0.0741762332946399,-0.1608963833666942,0.0,-0.3774768967834222,0.0,0.0,0.0,0.0,0.0,-0.4922460109559738,-0.5321868047987409,-0.1057584917773158,0.2438277489241339,0.0,0.0,0.0,0.0,-0.1010676269887786,0.0,0.0,-0.1420624281660446,0.0,0.0,0.0,0.0,0.5398929363209949,0.0,0.0,0.0,0.0
580,-0.8027195167018724,-0.9548728231129346,-0.4159518478691404,0.0,0.1511045569248133,0.1511045569248133,-0.3248817234563161,-0.3100856561181205,0.1551764217037376,0.0,0.0,0.0,0.0,0.0,0.3142655737714377,0.0,0.0,-0.0451489033056336,0.0,0.0,0.2704690998885323,0.2414432848614627,0.0,0.0,0.0,-0.0989438317945498,0.0,0.0,0.0,0.1705325139113295,-0.073245127645879,-0.9788634858573516,-0.783755509280507,-0.7337318301708758,0.0,0.0,0.0,0.0,-0.4823707366399929,0.2526456201785253,0.5576515568213131,-0.60911840037391,-0.8928362371934009,0.0,-0.2937485850289061,0.348610948395506,0.0797503316943709,1.1356763432676815,0.1095067971960934,0.2032475510238316,0.0,0.0,0.0,-0.340601151249819,-0.5061221412006203,-0.3369322086525076,0.0,-0.1857815057560443,-0.106705694606541,0.0733066995861952,-0.1857815057560443,0.0,-0.375868783954235,0.0,0.0,0.0,0.0,0.0,-0.5000952015620779,-0.5034917496346611,-0.0867211304788233,0.2442003811504198,0.0,0.0,0.0,0.0,-0.1396041053419806,0.0,0.0,-0.1611489636823161,0.0,0.0,0.0,0.0,0.5378015453416752,0.0,0.0,0.0,0.0
581,-0.7916000688486865,-0.9504057488720368,-0.4222451533919661,0.0,0.1378660437369327,0.1378660437369327,-0.3245804037039522,-0.3227580574392655,0.1522346995031437,0.0,0.0,0.0,0.0,0.0,0.3111993284701844,0.0,0.0,-0.0801573212323086,0.0,0.0,0.2946292945827067,0.2412259798052733,0.0,0.0,0.0,-0.0766970370873005,0.0,0.0,0.0,0.1728091969252155,0.0,-0.976924992616627,-0.7839487389957576,-0.7378411866019238,0.0,0.0,0.0,0.0,-0.4895773693085114,0.2557714346031458,0.6228333649689741,-0.6287542334898091,-0.8900533204781915,0.0,-0.2930865690241216,0.3549116082161301,0.0967954848233876,1.082103478129706,0.1339255980649447,0.2317115791776257,0.0,0.0,0.0,-0.3623143340311148,-0.4812355822442365,-0.3640695924773845,-0.0540612338120078,-0.2031901006682403,-0.122322206021497,0.0711131895992421,-0.2031901006682403,0.0,-0.3747229332692195,0.0,0.0,0.0,0.0,0.0,-0.5001937314806001,-0.4707538176737397,-0.0605438101693915,0.2517089176389676,0.0,0.0,0.0,0.0,-0.1549637616750422,0.0,0.0,-0.178023219787805,0.0,0.0,0.0,0.0,0.5221941110829299,0.0,0.0,0.0,0.0
582,-0.7822665208595767,-0.9434544496994612,-0.4320915318161664,0.0,0.1317802098910572,0.1317802098910572,-0.3191666630245158,-0.3315303872163634,0.1509466680308323,0.0,0.0,0.0,0.0,0.0,0.3078331806585871,0.0,0.0,-0.1157253730963792,0.0,0.0,0.3200435902902123,0.2382892932294087,0.0,0.0,0.0,-0.0584179094901142,0.0,0.0,0.0,0.1674974719419988,0.0,-0.9743410076144156,-0.7854194371840906,-0.7309525013865407,0.0644910556489296,0.0,0.0,0.0,-0.4912869930478961,0.2664799334358034,0.683999744609243,-0.6422201647267676,-0.8879999534254646,0.0,-0.2753521895072314,0.3722608312171999,0.1134946414753746,1.0268415651274856,0.1441569012038102,0.2604864434013502,0.0,0.0,0.0,-0.3691003782534144,-0.4678356713762799,-0.388845204620601,-0.0717661785167346,-0.2280101531606537,-0.1349077571622172,0.0693673176318423,-0.2280101531606537,0.0,-0.3829260427781701,0.0,0.0,0.0,0.0,0.0,-0.4914903101702981,-0.4405414183558807,0.0,0.2461813711975578,0.0,0.0,0.0,0.0,-0.1505321795373943,0.0,0.0,-0.1876404401893784,0.0,0.0,0.0,0.0,0.5224176579022659,-0.076280480130519,0.0,0.0,0.0
583,-0.7744742585424969,-0.9353943905557288,-0.4549732715738618,0.0,0.1304655282671577,0.1304655282671577,-0.3027829925087788,-0.3360688550375159,0.1485259082544363,0.0,0.0,0.0,0.0,0.0,0.2963012986963208,0.0,0.0,-0.1383322550319859,0.0,0.0,0.3641491404521376,0.2244299944396484,0.0,0.0,0.0,0.0,0.0,0.0,0.0,0.1548765144433677,0.0,-0.9724577060867884,-0.7883370639267279,-0.7257726635043265,0.067959368662589,0.0,0.0,0.0,-0.4986744499499888,0.289536416745923,0.7423092552175368,-0.6548894311580485,-0.8876180529441338,0.0,-0.2410017744152453,0.407789837169606,0.0967667932958802,0.9534397560990824,0.1500419280918546,0.2768607432896962,0.0,0.0,0.0,-0.3472485634457252,-0.4793520930552987,-0.4042337383729099,-0.0940886064085942,-0.2622681709890325,-0.1513041094026525,0.0853004720627944,-0.2622681709890325,0.0,-0.3926083468947492,0.0,0.0,0.0,0.0,0.0,-0.4716823467517848,-0.4202549743706045,0.0,0.2259825100171025,0.0,0.0,0.0,0.0,-0.1354347388724734,0.0,0.0,-0.1919832730429947,0.0,0.0,0.0,0.0,0.5375456381712944,-0.1354902769897927,0.0,0.0,0.0
584,-0.7713030489952304,-0.9247098074311606,-0.4648801835318253,0.0,0.0921269122942413,0.0921269122942413,-0.2831427313973002,-0.342131101553895,0.1524159229041825,0.0,0.0,0.0,0.0,0.0,0.271280984747011,0.0,0.0,-0.1586097378944327,0.0,0.0,0.4230698996412424,0.2071405925495736,0.0,0.0,0.0,0.0,0.0,0.0,0.0,0.1369682484161433,0.0,-0.97052011270407,-0.791814404360786,-0.7216248727190606,0.0711025438228782,0.0,0.0,0.0,-0.5037754826959088,0.315602341536454,0.7951750080739631,-0.6637667617405214,-0.8868403315805273,0.0,-0.1983757048414857,0.4671224904849589,0.0767908576666293,0.8797449741529753,0.1533692118721134,0.2888505550640553,0.0,0.0,0.0,-0.3148990664031236,-0.5112508087116767,-0.4123916978568462,-0.1163884644883471,-0.2823614019158116,-0.1658631118097675,0.0946594905109701,-0.2823614019158116,0.0,-0.4038175667885867,0.0,0.0,0.0,0.0,0.0,-0.4603761318936017,-0.4061461487769588,0.0,0.1824250174339083,0.0,0.0,0.0,0.0,-0.114427061797297,0.0,0.0,-0.1820501130083026,0.0,0.0,0.0,0.0,0.4867574655400394,-0.1982043870971967,0.0,0.0,0.0
585,-0.7694553965777379,-0.9105086904051176,-0.4732392280368758,0.0,0.0689466905309933,0.0689466905309933,-0.2716593654714171,-0.3462248985827263,0.1474979841291734,0.0,0.0,0.0,0.0,0.0,0.248734502226482,0.0,0.0,-0.1715171910323474,0.0,0.0,0.4885165729058515,0.1884494580098397,0.0,0.0,0.0,0.0,0.0,0.0,0.0,0.1190992244540773,0.0,-0.968940944851231,-0.794985032021871,-0.7047918726305122,0.0721049820216631,0.0,0.0,0.0,-0.5045353993607465,0.3462386106779929,0.8421068572372944,-0.6684232333064981,-0.8857524762798774,0.0,-0.1557320305396925,0.5368910755462988,0.0785101316926635,0.8110033392689476,0.1523181878682143,0.3046928301994075,0.0,0.0,0.0,-0.260238609376648,-0.5652721943743103,-0.4260791805392581,-0.1386976583572653,-0.3089843394052354,-0.1799163451358606,0.1056214887790525,-0.3089843394052354,0.0,-0.4125083560565183,0.0,0.0,0.0,0.0,0.0,-0.44211465100533,-0.4023844308924592,0.0,0.1437814515267091,0.0,0.0,0.0,0.0,-0.0940220820928075,0.0,0.0,-0.1594304516856021,0.0,0.0,0.0,-0.0642067001746041,0.4025031539069029,-0.2555734419427131,0.0,0.0,0.0
586,-0.7746184657347952,-0.8937458825911442,-0.4640770252482941,0.0,0.0,0.0,-0.2718679551966955,-0.3456767695934367,0.1438496648207507,0.0,0.0,0.0,0.0,0.0,0.2231478059098607,0.0,0.0,-0.1672453009473914,0.0,0.0,0.5696076375747057,0.173540672135269,0.0,0.0,0.0,0.0,0.0,0.0,0.0,0.0987413888614632,0.0,-0.9677796276413492,-0.801578434189962,-0.6894928787445133,0.0710356733203906,0.0,0.0,0.0,-0.5013736049808449,0.366785614895092,0.8831863529717026,-0.6699090431047596,-0.885718878317042,0.0,-0.117552883413557,0.5698371927091493,0.0812086480941593,0.7097854500394766,0.1414153325689044,0.3050310330992895,0.0,0.0,0.0,-0.1958515101234149,-0.6235527131085448,-0.4041298620629284,-0.156295147309849,-0.3263296541654462,-0.1874490924758696,0.116968059119791,-0.3263296541654462,0.0,-0.4240063715057187,0.0,0.0,0.0,0.0,0.0,-0.4223360101749563,-0.4077911758947121,0.0,0.1423759754680846,0.0,0.0,0.0,0.0,-0.0730481395684943,0.0,0.0,-0.1239386531605825,0.0,0.0,0.0,-0.1013440520751877,0.3270574874094414,-0.2971607863298446,0.0661927318714453,0.0,0.0
587,-0.7848886763431239,-0.8740725520012678,-0.4553993549890056,0.0,0.0,0.0,-0.2806615175583292,-0.3519915435555349,0.1297345986032929,0.0,0.0,0.0,0.0,0.0,0.1970885416113063,0.0,0.0,-0.1685637202292683,0.0,0.0,0.6689247962393037,0.1562845715938556,0.0,0.0,0.0,0.0,0.0,0.0,0.0,0.0781284585449621,0.0,-0.9669238903096063,-0.8039194825744239,-0.6770037169538695,0.0667670894369773,0.0,0.0,0.0,-0.4944044819525396,0.3836904615620385,0.916168956323688,-0.6703486868426646,-0.8839413854896305,0.0,-0.0866223533523366,0.5608174823141543,0.0799344109053081,0.6631021296100892,0.1345348669420821,0.3116874650900136,0.0,0.0,0.0,-0.1323053691149038,-0.6819946178734723,-0.3655923228311145,-0.1640952692207125,-0.3276558036467679,-0.1795388509730144,0.1365272325957242,-0.3276558036467679,0.0,-0.4363329101990983,0.0,0.0,0.0,0.0,0.0,-0.4038612242991311,-0.4241293301194388,0.0,0.14948303449952,0.0,0.0,0.0,0.0,-0.0573236972504765,0.0,0.0,-0.0682307756472611,0.0,0.0,0.0,-0.1395865646479274,0.2570388157178965,-0.3156108521714327,0.0682390927940732,0.0,0.0
588,-0.7970913879732141,-0.8523098922053531,-0.439508302260089,0.0,0.0,0.0,-0.3020989476838971,-0.3553204580976256,0.11492801249284,0.0,0.0,0.0,0.0,-0.0624111005829884,0.1729739491222479,0.0,0.0,-0.1618088857764378,0.0,0.0,0.7352499926448598,0.154171513848573,0.0,0.0,0.0,0.0,0.0,0.0,0.0,0.0,0.0,-0.9674897671502852,-0.8066739862884644,-0.6647267197158423,0.0622154072234144,0.0,0.0,0.0,-0.4925025357239859,0.3926196090125654,0.9102967655252624,-0.6672171833119761,-0.8807308221432919,0.0,-0.0686466337526316,0.561460654435044,0.0755889631247089,0.6391335596803048,0.1209877767150336,0.3133894188922577,0.0,0.0,0.0,-0.0836952211157816,-0.7395017677325023,-0.3282669773330273,-0.168009309677625,-0.325122492999065,-0.159741904575174,0.1490430465270715,-0.325122492999065,0.0,-0.4473048114875376,0.0,0.0,0.0,0.0,0.0,-0.3834318631999389,-0.4531249395350868,0.0,0.1606650520773213,0.0,0.0,0.0,0.0,-0.0453480698594108,0.0,0.0,0.0,0.0,0.0,0.0,-0.1814090430801508,0.1955723906088545,-0.3241100978010767,0.0713434480630859,0.0,0.0
589,-0.8109847224386526,-0.8069206589089769,-0.4089017311317523,0.0,0.0,0.0,-0.3342950420412608,-0.3614583068982341,0.0952538064818106,0.0,0.0,0.0,0.0,-0.0860659822658195,0.155961038286598,0.0,0.0,-0.1527880720174931,0.0,0.0,0.6764477065741693,0.1468655940939183,0.0,0.0,0.0,0.0,0.0,0.0,0.0,0.0670162600259718,0.0,-0.9692424859833256,-0.8068595651048731,-0.6452269357703224,0.0,0.0,0.0,0.0,-0.4971521771610078,0.3866038678777863,0.8592431118939927,-0.6629584568678362,-0.8765550834031881,0.0,-0.0691262613853704,0.576989477332299,0.0690546927238705,0.6300051371900902,0.1149137330588256,0.3057087699920619,0.0,0.0,0.0,0.0,-0.794452640724611,-0.2910449303019333,-0.1669387409081765,-0.3227789906713615,-0.1305633746763762,0.157050162537178,-0.3227789906713615,0.0,-0.4426666987591313,0.0,0.0,0.0,0.0,0.0,-0.3730933665190347,-0.483660815911177,0.0,0.1754692930269656,0.0,0.0,0.0,0.0,0.0,0.0,0.0,0.0,0.0,0.0,0.0,-0.2290447291603222,0.1698759820329066,-0.3097034379378748,0.0734530791586733,0.0,0.0
590,-0.8225876008552301,-0.7653326067062456,-0.3771207235408887,0.0,0.0,0.0,-0.366757324692832,-0.3668932574780735,0.0740649282649097,0.0,0.0,0.0,0.0,-0.0975207263594053,0.1361315987817378,0.0,0.0,-0.1437509416107182,0.0,0.0,0.6192107899796295,0.1463715167846921,0.0,0.0,0.0,0.0,0.0,0.0,0.0,0.0779748207087894,0.0,-0.971542969376574,-0.8055128069418707,-0.6352349115996151,0.0,0.0,0.0,0.0,-0.5054403747466684,0.3708273722460903,0.814067914772043,-0.6600371222903935,-0.8690717959659668,0.0,-0.0815240390427629,0.5856917347324289,0.0,0.6428949853019253,0.0986562615599922,0.294516426159581,0.0,0.0,0.0,0.0,-0.8272520208188988,-0.2572312750713659,-0.1576360921066971,-0.306124915933165,-0.0911537955031669,0.1655665004465495,-0.306124915933165,0.0,-0.4426534491426624,0.0,0.0,0.0,0.0,0.0,-0.3627805689795849,-0.5118274913930315,0.0,0.1848180145799094,0.0,0.0,0.0,0.0,0.0,0.0,0.0,0.0,0.0,0.0,0.0,-0.2739668685035865,0.1621878369336839,-0.2787641642420473,0.0787428722120103,0.0,0.0
591,-0.8366937117567735,-0.7303719493092229,-0.3522376679402211,0.0,0.0,0.0,-0.4020664222303252,-0.3683720684446112,0.0674089155332356,0.0,0.0,0.0,0.0,-0.1088058857504604,0.1292042432645057,0.0,0.0,-0.1267595388063244,0.0,0.0,0.55652105331365,0.1428908059108926,0.0,0.0,0.0,-0.0638771799984653,0.0,0.0,0.0,0.0858212646433696,0.0,-0.9743261602905484,-0.8006613705747665,-0.6287141795752559,0.0,0.0,0.0,0.0,-0.5105341490351135,0.34688558368186,0.8260156319176144,-0.6559081529456019,-0.8587808024772343,0.0,-0.1052329282923879,0.6003024002169197,0.0,0.643951734066849,0.0842534767173801,0.2618521706100927,0.0,0.0,0.0,0.0,-0.840596308256055,-0.2311436895513239,-0.1531667786679982,-0.28923161739657,0.0894456136890214,0.126914001637297,-0.28923161739657,0.0,-0.4416990884054227,0.0,0.0,0.0,0.0,0.0,-0.3551073960289367,-0.5377232311753013,-0.0561520779093949,0.1850856737862909,0.0,0.0,0.0,0.0,0.0,0.0,0.0,0.0,0.0,0.0,0.0,-0.3086537114793384,0.1657189854328216,-0.2366824953972329,0.0854736997016509,0.0,0.0
592,-0.8481447356019306,-0.7066371671122785,-0.3283167597879119,0.0,0.0,0.0,-0.4365227872849337,-0.368915758940306,0.0631723223352734,0.0,0.0,0.0,0.0,-0.1253905700687214,0.1321874876630188,0.0,0.0,-0.1098666770731614,0.0,0.0,0.4963004511681602,0.1385002371989603,0.0,0.0,0.0,-0.0798361974497994,0.0,0.0,0.0,0.0917433527338434,0.0,-0.9769152982096744,-0.7966415509583049,-0.6288485167581197,0.0,0.0,0.0,0.0,-0.5010576114569479,0.3173955429335813,0.7474710342425873,-0.6521879409674104,-0.8390530629507446,0.0,-0.1364032577655412,0.6157208743730969,0.0,0.6411136673307665,0.0797217935258765,0.2186546707782551,0.0,0.0,0.0,0.0,-0.8399255774295592,-0.1991449620529775,-0.1514900419459227,-0.2614994841954078,0.0761751983734177,0.0936744818204043,-0.2614994841954078,0.0,-0.4311756907823365,0.0,0.0,0.0,0.0,0.0,-0.3520453408274795,-0.5608051864985265,-0.0677676317661095,0.1760638745570081,0.0,0.0,0.0,0.0,0.0,0.0,0.0,0.0,0.0,0.0,0.0,-0.3257434743640682,0.1789940718230086,-0.2056766993763601,0.1027129277445473,0.0,0.0
593,-0.8551242940292378,-0.6925139023276763,-0.3201474144923714,0.0,0.0,0.0,-0.4514301255360974,-0.3639812572040541,0.0,0.0,0.0,0.0,0.0,-0.1357440588494928,0.1387413863324333,0.0,0.0,-0.0942172684068863,0.0,0.0,0.454815614913488,0.1279503714186649,0.0,0.0,0.0,-0.0864288818147956,0.0,0.0,0.0,0.0952297511272553,0.0,-0.978927884658808,-0.7878176495366455,-0.6378022838724474,0.0,0.0,0.0,0.0,-0.4865398021716451,0.2955557073240721,0.6267278880758568,-0.6507557947975146,-0.8052877268411239,0.0,-0.1715191130736503,0.6387958394409673,0.0,0.6357912538523792,0.0842092163379866,0.2101020845640447,0.0,0.0,0.0,0.0,-0.8311497504758264,-0.1749494944193148,-0.14857655837506,-0.2364993484507704,0.0,0.0655555991393094,-0.2364993484507704,0.0,-0.4045676391483155,0.0,0.0,0.0,0.0,0.0,-0.3482058909276166,-0.5848482814776539,-0.0733049924540871,0.1586939316947678,0.0,0.0,0.0,0.0,0.0,0.0,0.0,0.0,0.0,0.0,0.0,-0.3237709201202506,0.2237842187919013,-0.1733386040649575,0.13760372657471,0.0,0.0
594,-0.8611818814989194,-0.6938359594171828,-0.3343742525124005,0.0,0.0,0.0,-0.4643078833506516,-0.3536101800214262,0.0,0.0,0.0,0.0,0.0,-0.1272730744152806,0.1550960481267246,0.0,0.0,-0.0801608793581388,0.0,0.0,0.4233595129184462,0.129466933375921,0.0,0.0,0.0,-0.0933959086227633,0.0,0.0,0.0,0.0972644554881415,0.0,-0.9804761806994268,-0.7809276227619979,-0.6528272928285782,0.0,0.0,0.0,0.0,-0.4747874665137506,0.2652314108121781,0.5542088815664613,-0.6456981619956188,-0.7790110164859475,0.0,-0.2131401902796311,0.6583480318938202,0.0,0.6208283871839153,0.0928649194910215,0.2097393494639974,0.0,0.0,0.0,0.0,-0.8099914102122899,-0.1571798682185902,-0.1558135805939417,-0.2085450846480779,0.0,0.0,-0.2085450846480779,0.0,-0.3825759747987574,0.0,0.0,0.0,0.0,0.0,-0.3375760044753411,-0.5962026040818715,-0.0710712691246146,0.1358079720610382,0.0,0.0,0.0,0.0,0.0,0.0,0.0,0.0,0.0,0.0,0.0,-0.3142180886992697,0.289928798478948,-0.156641493851909,0.1747198137105437,0.0,0.0
595,-0.8630670986884432,-0.7103403138243563,-0.347772153189031,0.0,0.0,0.0,-0.474487860407588,-0.3348433708277356,0.0,0.0,0.0,0.0,0.0,-0.1319429559601993,0.1746231285753653,0.0,0.0,-0.0634992876083958,0.0,0.0,0.4105205746830052,0.1246046314417627,0.0,0.0,-0.0475829294635143,-0.0702278666017902,0.0,0.0,0.0,0.0978156444336271,0.0,-0.980844624742308,-0.7738888475827553,-0.6712234989575101,0.0,0.0,0.0,0.0,-0.4518971747049181,0.2391443804807082,0.5304790894406162,-0.6445106871120923,-0.7521454321344687,0.0,-0.2502363955525111,0.6899854553681933,0.0,0.5911332983043945,0.1009689174106246,0.2381016315947037,0.0,0.0,0.0,0.0,-0.7935141950407313,-0.1391025541668342,-0.1632404165016112,-0.1851547953316303,0.0,0.0,-0.1851547953316303,0.0,-0.3598110625209194,0.0,0.0,0.0,0.0,0.0,-0.3231384804733053,-0.6012217749712067,-0.0629354117447039,0.1409441336736256,-0.0626625464259186,0.0,0.0,0.0,0.0,0.0,0.0,0.0,0.0,0.0,0.0,-0.3015332726057925,0.3878313150611901,-0.1500876114990483,0.2122589988883178,0.0,0.0
596,-0.8667361768770339,-0.7368938496827728,-0.3631386718624019,0.0,0.0,0.0,-0.4647361766471387,-0.3153033179063632,0.0,0.0,0.0,0.0,0.0,-0.1253835525678376,0.1619654402756268,0.0,0.0,-0.0461253216578188,0.0,0.0,0.4258741123376,0.1152543787467326,0.0,0.0,-0.0696634381148802,-0.0510466321167216,0.0,0.0,0.0,0.093453144252669,0.0,-0.9812577058393108,-0.7669229911660911,-0.6879052307256694,0.0,0.0,0.0,0.0,-0.4181580890742864,0.2199249933675288,0.5214819185784584,-0.6440644123610468,-0.7301556010452552,0.0,-0.2650089684203792,0.7240317264009708,0.0,0.5441743815110586,0.1113248084045397,0.2277682173177655,0.0,0.0,0.0,0.0,-0.7752180411484264,-0.1141000672080602,-0.1729234892016674,-0.1680015627692085,0.0,0.0,-0.1680015627692085,0.0,-0.33774366227047,0.0,0.0972120285322579,0.0,0.0,0.0,-0.3103005358441766,-0.6039931707175284,-0.0593292476445029,0.1564698632798336,-0.0796268128780189,0.0,0.0,0.0,0.0,0.0,0.0,0.0,0.0,0.0,0.0,-0.2798152846414298,0.5156661305209392,-0.1534481312732476,0.2458491323512006,0.0,0.0
597,-0.8686416506583527,-0.7746884140041999,-0.3885297606929015,0.0,0.0,0.0,-0.4584649721837432,-0.2977065121382702,0.0,0.0,0.0,0.0,0.0,-0.129183997813828,0.1087467338464159,0.0,0.0,0.0,0.0,0.0,0.4545977538417542,0.1081501301820943,0.0,0.0,-0.0817637046551753,0.0,0.0,0.0,0.0,0.0916868917155468,0.0,-0.9802849881217296,-0.7591003337266942,-0.7091090100426783,0.0,0.0,0.0,0.0,-0.392878138002573,0.1935680640760546,0.5127350497856422,-0.6459280141301094,-0.7170966924534028,0.0,-0.2696264054198365,0.7604353029568777,0.0,0.4977498055814662,0.1191019396603239,0.2274067707738434,0.0,0.0,0.0,0.0,-0.7681238629262868,-0.0789066453619179,-0.1823431262731474,-0.1286187210892757,0.0,0.0,-0.1286187210892757,0.0,-0.3187261439786629,0.0,0.1438825995980133,0.0,0.0,0.0,-0.2894514637700057,-0.6073546298504767,-0.0532648446123808,0.1512380817218379,-0.0580724651019991,0.0,0.0,0.0,-0.0460856769752884,0.0,0.0,0.0,0.0,0.0,0.0,-0.2450178337777834,0.5281645283290332,-0.1649760580647875,0.2715293895382588,0.0,0.0
598,-0.8716697547374856,-0.8151864512662402,-0.4061611673444853,0.0,0.0,0.0,-0.4512788321849509,-0.2838313922109393,0.0,0.0,0.0,0.0,0.0,-0.1375891770291555,0.1016833793795807,0.0,0.0,0.0,0.0,-0.0572651104836696,0.5059953409497614,0.1138567756321019,0.0,0.0,-0.1062005723729573,0.0,0.0,0.0,0.0,0.084904246090643,0.0,-0.9781571810306712,-0.7540407367770932,-0.7287810358614887,0.0,0.0,0.0,0.0637641785385095,-0.3646137093574539,0.1652942285787065,0.5076943907308274,-0.6482290371397806,-0.7110555422095346,0.0,-0.2707443449347944,0.7860704187233728,0.0,0.527682561836116,0.1214104457268321,0.2351805602901716,0.0,0.0,0.0,0.0,-0.7646921734677538,0.0,-0.1861778216556958,-0.0977178868128754,0.0,0.0,-0.0977178868128754,0.0,-0.3037539123862248,0.0,0.1777933066375842,0.0,0.0,0.0,-0.2694005377765974,-0.6143448143334967,0.0,0.1455900589349213,0.0,0.0,0.0,0.0,-0.046482289155507,0.0,0.0,0.0,0.0,0.0,0.0,-0.1960185686470794,0.5253646972131428,-0.1894772038457949,0.2846077244689047,0.0,0.0
599,-0.8743615883368827,-0.8522912452646305,-0.4217015593680319,0.0,0.0,0.0,-0.4474063030129666,-0.27110517386027,0.0,0.0,0.0,0.0,0.0,-0.1445906165362843,0.1063102647715687,0.0,0.0,0.0,0.0,-0.1024382977072638,0.5752987059883073,0.1059077712228286,0.0,0.0,-0.1437903250746115,0.0,0.0,0.0,0.0,0.0765719546809285,0.0,-0.9759360226184266,-0.7437068409625457,-0.742805087434774,0.0635126272381221,0.0,0.0,0.0,-0.3476440317544671,0.137145618068413,0.5072504427299225,-0.6481340128729189,-0.7178943310182507,0.0,-0.2570223320635901,0.809777435123831,0.0755068044143083,0.5587065864298594,0.1179805757733198,0.2410890562422715,0.0,0.0,0.0,0.0,-0.7657993580049965,0.0,-0.1890949067943242,-0.0793609280131955,0.0,0.0,-0.0793609280131955,0.0,-0.2923260587458922,0.0,0.1618751252621584,0.0,0.0,0.0,-0.2418782642208309,-0.6212228463343157,0.0,0.1464003875552293,0.0,0.0,0.0,0.0,0.0,0.0,0.0,0.0,0.0,0.0,0.0,-0.1464989069897514,0.5433683143576031,-0.2178068457127991,0.2764082777392547,0.0,0.0
600,-0.877083791517236,-0.8703889916056413,-0.421238521671068,0.0,0.0,0.0,-0.4362330815368806,-0.2663262153675332,0.0,0.0,0.0,0.0,0.0,-0.1629447453896097,0.1316689263829205,0.0,0.0,0.0,0.0,-0.1492912018037276,0.6038620343133609,0.0793006861963736,0.0,0.0,-0.1587932805689717,0.0,0.0,0.0,0.0,0.0625181740883707,0.0,-0.9736992076624262,-0.7335477571623891,-0.7526296592030988,0.0728072148443514,0.0,0.0,0.0,-0.3437823952476325,0.1130603999840327,0.5189414783870185,-0.6496708404394627,-0.7278047187950649,0.0,-0.2368973122059639,0.843949431941609,0.0929536928596843,0.6038482825554407,0.1093028391638266,0.2456549971261307,0.0,0.0,0.0,0.0,-0.76555789552948,0.0,-0.1911672765727897,-0.0678986798201977,0.0,0.0,-0.0678986798201977,0.0,-0.292144916888958,0.0,0.1498869575255474,0.0,0.0,0.0,-0.2228877419194269,-0.6348149848716915,0.0,0.1546973200759974,0.0,0.0,0.0,0.0,0.0,0.0,0.0,0.0,0.0,0.0,0.0,-0.1072086409212791,0.5452054130467279,-0.2537231494374864,0.2462079896855303,0.0,0.0
601,-0.8782468926376823,-0.8850171018720383,-0.4186529837169991,0.0,0.0,0.0,-0.4312627687649264,-0.2657308256602579,0.0,0.0,-0.0969072147506044,0.0,0.0,-0.1808811826667624,0.1221064588152305,0.0,0.0,0.0,0.0,-0.1812571585035705,0.5936363879251556,0.0690083291855007,0.0,0.0,-0.1676252215100529,0.0,0.0,0.0,0.0,0.0,0.0,-0.9720846686430552,-0.7193483499886122,-0.7544040247342506,0.0864952195030645,0.0,0.0,0.0,-0.3554488643233769,0.0910897123528029,0.542383004218038,-0.6473957823617701,-0.7382361587999412,0.0,-0.2158150009868823,0.8850313207392304,0.1155328821144178,0.6414568584243265,0.0988231081371613,0.2450363581490704,0.0,0.0,0.0,0.0,-0.7651451446933912,0.0,-0.1843931132350573,-0.0631953250160923,-0.0562852198106008,0.0,-0.0631953250160923,0.0,-0.2931589609770271,0.0,0.1533862166475862,0.0,0.0,0.0,-0.2135879013262165,-0.6474741515063316,0.0,0.1732901062355582,0.0,0.0,0.0,0.0,0.0,0.0,0.0,0.0,0.0,0.0,0.0,-0.0698187893703824,0.5467125415333969,-0.2862938578343931,0.2357555385249214,0.0,0.0
602,-0.8796195004202838,-0.8961152139703228,-0.4011423259617878,0.0,0.0,0.0,-0.42577878500111,-0.2643890817901002,0.0,0.0,-0.1286399842959573,0.0,0.0,-0.2014649926025525,0.1492539326170994,0.0,0.0,0.0,0.0,-0.2038230088362883,0.5711058466620763,0.0,0.0,0.0,-0.1807123111943833,0.0,0.0,0.0,0.0,0.0,0.0,-0.971190053410719,-0.709251550973385,-0.7530525177110273,0.0961745211553707,0.0,0.0,0.0,-0.382673495608213,0.0759175230189975,0.5652857447126839,-0.644825412173447,-0.7526523241897177,0.0,-0.1981052652304062,0.8316926414954324,0.1171343895333491,0.7009335875132534,0.0894105742590506,0.2537867616035836,0.0,0.0,0.0,0.0,-0.7626480520566722,0.0,-0.1811336293735971,-0.0554571505351373,-0.0651271749080017,0.0,-0.0554571505351373,0.0,-0.2978078192098762,0.0,0.1594001405747194,0.0,0.0,0.0,-0.2063653932732088,-0.6520809753811012,0.0,0.20133590026405,0.0,0.0,0.0,0.0,0.0,0.0,0.0,0.0,0.0,0.0,0.0,0.0,0.5675743698070213,-0.2979700571377167,0.2113762291834605,0.0,0.0
603,-0.8795392551040226,-0.9025191191084754,-0.3869128879969715,0.0,0.0,0.0,-0.4175048506508094,-0.2716864200186751,0.0,0.0,-0.1332813293208843,0.0,0.0,-0.2263285679442289,0.2114121763140585,0.0,0.0,0.0,0.0,-0.2119743773634172,0.5485436757291996,0.0,0.0,0.0,-0.1949361624144967,0.0,0.0,0.0,0.0,0.0,0.0,-0.9699580539856156,-0.6980292622954044,-0.7501257775639318,0.101268417922937,0.0,0.0,0.0,-0.4169471755665729,0.0,0.5656929345655753,-0.6437947302595326,-0.7558639516700824,0.0,-0.1805691554423627,0.7973635121005911,0.112357779414036,0.9145525060082847,0.0858721474461211,0.2592446360588199,0.0,0.0,0.0,0.0,-0.7525245153767329,0.0,-0.1726215297285443,-0.0593221443416561,-0.0612646098575792,0.0,-0.0593221443416561,0.0,-0.3087851707173139,0.0,0.1701123748213082,0.0,0.0,0.0,-0.2141241714517039,-0.6583893006909881,0.0,0.1983084849254113,0.0,0.0,0.0,0.0,0.0,0.0,0.0,0.0,0.0,0.0,0.0,0.0,0.5476968539186313,-0.2963163721200126,0.1908989674357905,0.0,0.0
604,-0.8794425663978873,-0.9062675562591256,-0.3816767612158229,0.0,0.0,0.0,-0.399039817853573,-0.2670054787132928,0.0,0.0,-0.1171160131547461,0.0,0.0,-0.2589588316087469,0.2731234510780506,0.0,0.0,0.0,0.0,-0.2149734281257126,0.5444499258615548,0.0,0.0,0.0,-0.2087325530729849,-0.0666517575438235,0.0,0.0,0.0,0.0,0.0,-0.969147618114881,-0.6866838742581685,-0.7462609238551152,0.1068172715125009,0.0,0.0,0.0,-0.4554700831170023,0.0,0.4477791324861344,-0.6405568198507429,-0.754639196105954,0.0,-0.1704885010045635,0.7515436331298198,0.1133312005341566,1.2014038851630742,0.0865219642510484,0.2585453936971437,0.0,0.0,0.0,0.0,-0.7397030859622797,0.0,-0.1598931248191198,-0.0663973026025852,0.0,0.0,-0.0663973026025852,0.0,-0.3206127472812248,0.0,0.1822494520827371,0.0,0.0,0.0,-0.2210750708939778,-0.6621006335544695,-0.0452390347133455,0.1895009045293485,0.0,0.0,0.0,0.0,0.0,0.0,0.0,0.0,0.0,0.0,0.0,0.0,0.5319770348960149,-0.2885244457201421,0.1660960908996155,0.0,0.0
605,-0.8773338945542069,-0.905179719204015,-0.3863091140971608,0.0,0.0,0.0,-0.384729960179537,-0.267060147549955,0.0818816199888176,0.0,-0.0935772078302098,0.0,0.0,-0.2691087121509001,0.303031985571286,0.0,0.0,0.0,0.0,-0.1922056907218154,0.4252509064883024,0.0,0.0,0.0,-0.2310478595672051,-0.1032807887949618,0.0,0.0,0.0,0.0,0.0,-0.9693012339291424,-0.6797494886044735,-0.7384378990914852,0.1083967889990827,0.0,0.0,0.0,-0.4897358813496388,0.0,0.3813818608760458,-0.6354212771839173,-0.7528259072504212,0.0,-0.1748111078273069,0.729350535403086,0.1155562994278646,1.3435939193743642,0.0880772701464611,0.2674429296746979,0.0,0.0,0.0,0.0,-0.7229345801159635,0.0,-0.1484138529383633,-0.0809548498532442,0.0,0.0,-0.0809548498532442,0.0,-0.3213821113364868,0.0,0.1936252353703951,0.0,0.0,0.0,-0.2434829827309992,-0.6690456014276641,-0.0726328528119546,0.1847923290620791,0.0,0.0,0.0,0.0,0.0,0.0,0.0,0.0,0.0,0.0,0.0,0.0,0.5052893489516938,-0.2510168155041999,0.137530843827986,0.0,0.0
606,-0.8732398939603057,-0.9000785786351915,-0.4017259048381123,0.0,0.0,0.0,-0.3667127584689008,-0.258048198014926,0.1096617753259004,0.0,-0.0536030174890242,0.0,0.0,-0.2776738051105549,0.3379351511736174,0.0,0.0,0.0,0.0,-0.1648453008149363,0.352880092664616,0.0,0.0,0.0,-0.2262292857978249,-0.1280401113054467,0.0,0.0,0.0,0.0,0.0,-0.9695132905263076,-0.676435063741122,-0.7257041121337451,0.1081624937848229,0.0,0.0,0.0,-0.5158093987330359,0.0,0.3518300616585567,-0.6331292949526819,-0.7442711508032251,0.0,-0.1832750138302243,0.7212233959165602,0.1188171070875456,1.320518112674049,0.0905682646026793,0.2716753310250566,0.0,0.0,0.0,0.0,-0.7005788817695869,0.0,-0.1366668423627103,-0.1063612854874122,0.0,0.0,-0.1063612854874122,0.0,-0.318319315688758,0.0,0.1889438378094838,0.0,0.0,0.0,-0.2659646625511566,-0.6762714712050217,-0.0951045992412844,0.178363424584184,0.0,0.0,0.0,0.0,0.0,0.0,0.0,0.0,0.0,0.0,0.0,0.0,0.4921993600806535,-0.2188538066245331,0.1159612863727145,0.0,0.0
607,-0.8685029664646851,-0.8929474956727605,-0.4255763736360534,0.0,0.0,0.0,-0.354564848249192,-0.24825914544977,0.10327211676913,0.0,0.0,0.0,0.0,-0.2752468750979307,0.3786834339908168,0.0,0.0,0.0,0.0,-0.1178729804538197,0.3166149045694636,0.0,0.0,0.0,-0.213688229675582,-0.1437164523683754,0.0,0.0,0.0,0.0,0.0,-0.9698448234805386,-0.6778352797977649,-0.713786794841234,0.1050226690353672,0.0,0.0,0.0,-0.5400913371155357,0.0,0.359460793174182,-0.6332970213962448,-0.7354965955634339,0.0,-0.194248300932994,0.7235535298263729,0.1312069632760406,1.2999552293893726,0.0941690194839037,0.2735864267238225,0.0,0.0,0.0,0.0,-0.6740222539397165,0.0,-0.1255926757741929,-0.13542990029384,0.0,0.0,-0.13542990029384,0.0,-0.3115177731491297,0.0,0.1894808532712824,0.0,0.0,0.0,-0.2856555250930853,-0.6784285410450053,-0.1201909143482047,0.1722572972550312,0.0,0.0,0.0,0.0,0.0,0.0,0.0,0.0,0.0,0.0,0.0,-0.0472811506833785,0.4665224043060837,-0.1741962775541099,0.0949934067474652,0.0,0.0
608,-0.8643966077853995,-0.8865102160842646,-0.4567202853302696,0.0,0.0,0.0,-0.3487617995104707,-0.2436686031222457,0.0947653303203197,0.0,0.0,0.0,0.0,-0.2751618171372439,0.4153179606189953,0.0,0.0,0.0,0.0,-0.0696610860541203,0.2988317479864739,0.0,0.0,0.0,-0.1962487475909827,-0.1590819024854597,0.0,0.0,0.0,0.0,0.0,-0.969866959842383,-0.6870462861187727,-0.7033192264791628,0.1009444914479469,0.0,0.0,0.0,-0.5504665008829996,0.0,0.4195628780471065,-0.6323522914885324,-0.7325191444209744,0.0,-0.2105851638684114,0.7248653088063794,0.1356160707643793,1.256197939778368,0.0941206403015154,0.2750186198835652,0.0,0.0,0.0,0.0,-0.6474737122330054,0.0,-0.1173417844328682,-0.1574306838663628,0.0,0.0,-0.1574306838663628,0.0,-0.3076513853006153,0.0,0.1565854883578629,0.0,0.0,0.0,-0.3061987122230005,-0.6778601898713765,-0.1520126696547519,0.1663638778877542,0.0,0.0,0.0,0.0,0.0,0.0,0.0,0.0,0.0,0.0,0.0,-0.0768600144377193,0.4403141622040953,-0.1319709322680399,0.0747189689527115,0.0,0.0
609,-0.8601465361896641,-0.8798139824978422,-0.4981623727696526,0.0,0.0,0.0,-0.3436528673614867,-0.251935351510927,0.0866964902899803,0.0,0.0,0.0,0.0,-0.2739343988121157,0.4516957465700846,0.0,0.0,0.0,0.0,0.0,0.2881089611028123,0.0,0.0,0.0,-0.1524949847885794,-0.169963526485436,0.0,0.0,0.0,0.0,0.0,-0.969520285948434,-0.6973674577119934,-0.689460328953623,0.0960329543988249,0.0,0.0,0.0,-0.5406926908419838,0.0,0.5016262022495449,-0.6374381643404481,-0.7258202336459807,0.0,-0.2182747972302177,0.7323987821608345,0.1495082534280702,1.2274272052522068,0.0907643908146229,0.27888739517001,0.0,0.0,0.0,-0.1040414756905041,-0.6200720096005169,0.0,-0.1072591792740988,-0.169258555232084,0.0,0.0959783685810896,-0.169258555232084,0.0,-0.2901260386348915,0.0,0.127121608368201,0.0,0.0,0.0,-0.3296839653970583,-0.6823502668582018,-0.1916724809442928,0.160402084162564,0.0,0.0,0.0,0.0,0.0,0.0,0.0,-0.0444651370408425,0.0,0.0,0.0,-0.0975063230598532,0.4087949011133189,-0.1049972496295836,0.0,0.0,0.0
610,-0.8562911507625177,-0.8717732030319727,-0.5413370994293671,0.0,0.0,0.0,-0.3537868092837631,-0.2579160417895876,0.081249554619863,0.0,0.0,0.0,0.0,-0.2568334464833656,0.4422284280330321,0.0,0.0,0.0,0.0,0.0,0.2817391529190295,0.0,0.0,0.0,-0.1083535644582527,-0.1805445281935715,0.0,0.0,0.0,0.0,0.0,-0.9691341250511464,-0.7092196918340739,-0.6781478442747961,0.0853027372505604,0.0,0.0,0.0,-0.5268100825866273,0.0,0.5573191098490602,-0.6387182849727244,-0.7321124818587429,0.0,-0.2244460937708498,0.7589688908690303,0.1741826731723019,1.221938095461495,0.0877961057916936,0.2742822509682387,0.0,0.0,0.0,-0.1931180859553784,-0.5986032720560369,0.0,-0.1007412126317897,-0.1764277132293778,0.0748914760917033,0.1157101607994866,-0.1764277132293778,0.0,-0.2769480935405404,0.0,0.1354393778313623,0.0,0.0,0.0,-0.3534092881161572,-0.6900901382295973,-0.2275816760660875,0.1578158659307115,0.0,0.0,0.0,0.0,0.0,0.0,0.0,0.0,0.0,0.0,0.0,-0.0814100362230722,0.3822908066089965,-0.0945701390096767,0.0,0.0,0.0
611,-0.8520311086507526,-0.8673042668712609,-0.5817686176179636,0.0,0.0,0.0,-0.3744111459105838,-0.2706745431045335,0.0723018344958811,0.0,0.0,0.0,0.0,-0.2498371290183447,0.4234324437710033,0.0,0.0,0.0,0.0,0.0,0.2838425331405973,0.0,0.0,0.0,0.0,-0.1904229714597512,0.0,0.0,0.0,0.0,0.0,-0.9680208755241092,-0.723821438988938,-0.6709481888423285,0.0790340457818834,0.0,0.0,0.0,-0.5143122502882433,0.0,0.5422643476532479,-0.6429380841514659,-0.74788712002405,0.0,-0.2296406618712432,0.790216921220978,0.2010925048223407,1.2549291569493122,0.0834390433118645,0.2710842364287265,0.0,0.0,0.0,-0.2674196286725976,-0.5809723792728791,0.0,-0.0875989542729125,-0.1804092298443871,0.087837886249343,0.1018066594528462,-0.1804092298443871,0.0,-0.2647811785955046,0.0,0.0807928191636291,0.0,0.0,0.0,-0.3633586411737001,-0.7019960968224165,-0.261871592129985,0.1523363267451412,0.0,0.0,0.0,0.0,0.0,0.0,0.0,0.0,0.0,0.0,0.0,-0.0740147473968892,0.3724649693379602,-0.1125187824747292,0.0,0.0,0.0
612,-0.8500945919829883,-0.8639949423663738,-0.614854400446598,0.0,0.0,0.0,-0.3993663487690693,-0.2992542254892575,0.0753479032549378,0.0,0.0,0.0,0.0,-0.2361520463402549,0.4164821699796089,0.0,0.0,0.0,0.0,0.0,0.2918801867410172,0.0,0.0,-0.054568009846713,0.0,-0.204051429992076,0.0,0.0,0.0,0.0,0.0,-0.9674942821791332,-0.7369162747374448,-0.6637758335483895,0.0720648663960415,0.0,0.0,0.0,-0.4997165901349922,0.0,0.556580281441749,-0.6483944768726432,-0.7673949463876956,0.0,-0.2287219479039051,0.8351788209883532,0.2364911159805606,1.3022002129675574,0.0763849227702045,0.2616163999669605,0.0,0.0,0.0,-0.3126789559283026,-0.5541834022969536,0.0,-0.0785727532085606,-0.2053712929788908,0.0963832870465935,0.0918763305383749,-0.2053712929788908,0.0,-0.2544957274688612,0.0673270891960699,0.0,0.0,0.0,0.0,-0.3871009030447017,-0.71409133354286,-0.2910448319787522,0.1418919802768254,0.0,0.0,0.0,0.0,0.0,0.0,0.0,0.0,0.0,0.0,0.0,-0.0573906165360504,0.382554817420527,-0.149130406229793,0.0,0.0,0.0
613,-0.8466108572095496,-0.8605858837390516,-0.6409014772348055,0.0,0.0,0.0,-0.4263313977284609,-0.3342391535131806,0.080804544975826,0.0,0.0,0.0,0.0,-0.2296595277880112,0.4167599508716173,0.0,0.0,0.0,0.0,0.0,0.314858061241189,0.0,0.0,-0.1255606269208255,0.0,-0.2284074087024336,0.0,0.0,0.0,0.0,0.0,-0.96705039036478,-0.7482410988577726,-0.6546268710648715,0.0657916448471243,0.0,0.0,0.0,-0.4878742361369654,0.0,0.5723591585169031,-0.652731317936612,-0.7790273619000427,0.0,-0.2216001105885508,0.8843906815139763,0.2740786308770475,1.327874829745174,0.0677936599278017,0.2442779699804729,0.0,0.0,0.0,-0.3293774376323267,-0.5378279926904316,0.0,-0.0662790060297585,-0.2033544421242825,0.1014595256451676,0.0790081349870422,-0.2033544421242825,0.0,-0.2513618856105724,0.073842116266862,0.0,0.0,0.0,0.0,-0.4028518287312718,-0.7237525232736345,-0.3115608403631945,0.1365912593067248,0.0,0.0,0.0,0.0,-0.0522716302697007,0.0,0.0,0.0,0.0,0.0,0.0,0.0,0.4191743259884397,-0.2042211685221197,0.0,0.0,0.0
614,-0.8455693236363648,-0.862611126102967,-0.668292124063644,0.0,0.0,0.0,-0.4507131432215283,-0.3708748270186843,0.0841514099739516,0.0,0.0,0.0,0.0,-0.2244699079674946,0.423091369395182,0.0,0.0,0.0,0.0,0.0,0.3356115256571467,0.0773689046321915,0.0,-0.179822027284472,0.0,-0.2579139567967641,0.0,0.0,0.0,0.0,0.0,-0.9666901234239966,-0.7596841326494735,-0.646877611903361,0.0,0.0,0.0,0.0,-0.4872214240092258,0.0,0.6185715584654938,-0.6581277778513195,-0.7954517859566378,0.0,-0.2209949014793483,0.9376115279164569,0.3272638427201658,1.3550807700153276,0.0,0.2261033799305693,0.0,0.0,0.0,-0.3308892644811753,-0.5189314127659834,0.0,-0.0457751264337824,-0.1958597162021107,0.0999480734692488,0.070602001252447,-0.1958597162021107,0.0,-0.2605804621529433,0.0765700457528371,0.0659313025143629,0.0,0.0,0.0,-0.4177576481710012,-0.7275203583639515,-0.3265733669532412,0.1301811795578208,0.0,0.0,0.0,0.0,-0.0754046966861637,0.0,0.0,0.0,0.0,0.0,0.0,0.0,0.4467491994726074,-0.2650011150843466,0.0,0.0,0.0
615,-0.8491669030387027,-0.8648183415534496,-0.687040532430693,0.0,0.0,0.0,-0.4812601334964547,-0.4066904664600895,0.0891304773897095,0.0,0.0,0.0,0.0,-0.2224455286658634,0.429279998476186,0.0,0.0,0.0,0.0,0.0,0.3544051044720184,0.10059369843457,0.0,-0.2012799625668878,0.0,-0.2900686287769782,0.0,0.0,0.0,0.0,0.0,-0.9665360529808492,-0.7665123315815595,-0.6482612661354397,0.0,0.0,0.0,0.0,-0.4978211566458759,0.0,0.6256370656683036,-0.659503006819017,-0.8057200291516202,0.0,-0.2186625378032688,0.9988163352164472,0.3836350676729463,1.361545678264752,0.0,0.2009021270089676,0.0,0.0,0.0,-0.3295407341892999,-0.5079379391654133,0.0,0.0,-0.1925430284528094,0.0993156119310734,0.0774385955617167,-0.1925430284528094,0.0,-0.2716808357034825,0.0750572434484304,0.0791525653345088,0.0,0.0,0.0,-0.4317390717004293,-0.727836979033633,-0.3218160746641555,0.124215268029648,0.0,0.0,0.0,0.0,-0.0969434851711361,0.0,0.0,0.0,0.0,0.0,0.0,0.0,0.3843005954863163,-0.3306026083746834,0.0,0.0,0.0
616,-0.8517859382781507,-0.86838931827246,-0.7019946831415368,0.0,0.0,0.0,-0.4986105413627397,-0.4366795243483234,0.0957352745872723,0.0,0.0,0.0,0.0,-0.2237499700295962,0.4437748671425684,0.0,0.0,0.0,0.0,0.0,0.3715799933181579,0.0990204548620816,0.0,-0.1850259066012119,0.0,-0.3179736731255749,0.0,0.0,0.0,0.0,0.0,-0.9668769116607714,-0.7678371826827844,-0.6395189908286018,0.0,0.0,0.0,0.0710283344276825,-0.5100445100647223,0.0,0.5960515007342773,-0.659590304507944,-0.8131184144152152,0.0,-0.2268543214422894,1.0534536523778326,0.4479145256674149,1.3283437359455177,0.0,0.1812720867049693,0.0,0.0,0.0,-0.3118592960502996,-0.4938864197043966,0.0,0.0,-0.1900468575593489,0.0941690475714727,0.0840655167214075,-0.1900468575593489,0.0,-0.291031908752354,0.0693300858557423,0.1023589670784828,0.0,0.0,0.0,-0.4544174379421977,-0.7260078658001221,-0.306713074053758,0.1101598323528883,0.0,0.0,0.0,0.0,-0.111469987609421,0.0,0.0,0.0,0.0,0.0,0.0,0.0,0.3348803016913246,-0.3886916521013371,0.0,0.0,0.0
617,-0.855322662004065,-0.8714072879642032,-0.713891611079051,0.0,0.0,0.0,-0.5145267890197739,-0.4599456698668283,0.0954364024271735,0.0,0.0,0.0,0.0,-0.2250759453967347,0.4467285269810764,0.0,0.0,0.0,0.0,0.0,0.3939820297461744,0.114512090716536,0.0,-0.1421455653342795,0.0,-0.3397041857911704,0.0,0.0,0.0,0.0,0.0,-0.9677519777599332,-0.7668776329406884,-0.6267405539854193,0.0,0.0,0.0,0.0845507644369875,-0.5315838713499156,0.0626073012117381,0.5730326896629958,-0.6384822007735281,-0.8061709910099522,0.0,-0.2389756088985267,1.019109131590048,0.4253212012410764,1.3302569687057149,0.0,0.1572739008718336,0.0,0.0,0.0,-0.2848486184343776,-0.4796172122445865,0.0,0.0,-0.1946713526677659,0.08833278220493,0.0904589048733719,-0.1946713526677659,0.0,-0.3054719913249398,0.0,0.1064255005453176,0.0,0.0,0.0,-0.4834077749433033,-0.7211215016322416,-0.2904738467934205,0.0818785058396454,0.0,0.0,0.0,0.0,-0.0992032298676625,0.0,0.0,0.0,0.0,0.0,0.0,0.0,0.2807657914562427,-0.4473536237558009,0.0,0.0,0.0
618,-0.8602445830977339,-0.8761954007521005,-0.7206782514429765,0.0,0.0,0.0,-0.5240699177195943,-0.478018083499159,0.1048340891384811,0.0,0.0,0.0,0.0,-0.2151447825465019,0.4414764767537331,0.0,0.0,0.0,0.0,0.0,0.4100915770613345,0.1350945856114027,0.0,-0.0873709823909015,0.0,-0.3630457016124482,0.0,0.0,0.0,0.0,0.0,-0.9690192917438788,-0.7658932978138102,-0.6000444814215136,0.0,0.0,0.0,0.0807261883833869,-0.5553447271202976,0.0842311776102347,0.5532916794700157,-0.6240251054279577,-0.8024780928074994,0.0,-0.2626234773037014,0.9832483339587086,0.3951463401384684,1.2893546747929767,0.0,0.1388877722096751,0.0,0.0,0.0,-0.2570253460678842,-0.4638338792799976,0.0,0.0,-0.1980420845895314,-0.0677569223224009,0.1025700217895079,-0.1980420845895314,0.0,-0.3248880210328524,0.0,0.102955936389257,0.0,0.0,0.0,-0.5045264025682323,-0.7132703695080439,-0.2692722196594575,0.0699204088261559,0.0,0.0,0.0,0.0,-0.0834378853637781,0.0,0.0,0.0,0.0,0.0,0.0,0.0,0.2496802947240141,-0.4842698051279344,0.0,0.0,0.0
619,-0.8663699633519064,-0.8801677638342746,-0.7206811601792984,0.0,0.0,0.0,-0.524044904735001,-0.4859559429920383,0.109935767353501,0.0,0.0,0.0,0.0,-0.2098323115892292,0.4435261283584937,0.0,0.0,0.0,0.0,0.0,0.4240840011572991,0.1614195163307873,0.0,0.0,0.0,-0.3711149324861941,0.0,0.0,0.0,0.0,0.0,-0.9698535223643728,-0.7667181830281403,-0.5712090474031921,0.0,0.0,0.0,0.0773198806694855,-0.5870604804757633,0.1054058061580211,0.5375444195606573,-0.6065059744097481,-0.7854964157363089,0.0,-0.2882694444536344,0.939476986254114,0.3822885721789517,1.2609202614443624,0.0,0.0982806014763522,0.0,0.0,0.0,-0.228064409250473,-0.4484195531868739,0.0,0.0,-0.205970047880749,-0.0792428578003643,0.1129786744972255,-0.205970047880749,0.0,-0.3506325651615269,0.0,0.0992702587065082,0.0,0.0,0.0,-0.5290464131925573,-0.7033990096653017,-0.242559470454353,0.0681213481891128,0.0,0.0,0.0,0.0,-0.060905140888369,0.0,0.0,0.0,0.0,0.0,0.0,0.0,0.2072571107316979,-0.4935924120170564,0.0,0.0,0.0
620,-0.8727566796538655,-0.8845073883931911,-0.7171785285434434,0.0,0.0,0.0,-0.5226302031632774,-0.4839680467424379,0.1132806366033011,0.0,0.0,0.0,0.0,-0.2052975172340841,0.4253901991884561,0.0,0.0,-0.0558673133263816,0.0,0.0,0.440148603324795,0.1955174647429264,0.0,0.0,0.0,-0.3689004855493437,0.0,0.0,0.0,0.0,0.0,-0.9693537177183836,-0.7674088985584743,-0.5283334761101255,0.0,0.0,0.0,0.0758239651623547,-0.6231129423268276,0.1292159955717164,0.5141093006061086,-0.5867371167649015,-0.7662177086952232,0.0,-0.3153483828849901,0.8868382355369531,0.3657312905492101,1.2379154585502343,0.0,0.0623159180625914,0.0,0.0,0.0,-0.1937876323777559,-0.4360285988261835,0.0,0.0,-0.1986696289932934,-0.0799479131764783,0.1168830448498242,-0.1986696289932934,0.0,-0.3697228371301769,0.0,0.0938006588739778,0.0,0.0,0.0,-0.5445007481076939,-0.6869617462840207,-0.2206206129831537,0.0820237938370996,0.0,0.0,0.0,0.0,0.0,0.0,0.0,0.0,0.0,0.0,0.0,-0.0780093409527981,0.1773915545850695,-0.5148731120358746,0.0,0.0,0.0
621,-0.879578904013099,-0.8895372334106977,-0.7107367316018847,0.0,0.0,0.0,-0.5218378747767384,-0.4769893184447187,0.1144067673023341,0.0,0.0,0.0,0.0,-0.1920114305583407,0.3857692531540644,0.0,0.0,-0.0520388675259659,0.0,0.0,0.4492258262304764,0.2159053511503553,0.0,0.0,0.0,-0.360961607978626,-0.0637533297433017,0.0,0.0,0.0,0.0,-0.9691567403552432,-0.766098550614898,-0.4853334696068144,0.0,0.0,0.0,0.0697946433827594,-0.663422806184698,0.1614789375171927,0.4844365275041641,-0.5657946154720356,-0.7567063377509398,0.0,-0.3413409562485345,0.8479319312399393,0.3582444993876075,1.2060343145264858,0.0,0.0,0.0,0.0,0.0,-0.1661319733235429,-0.4246432139489221,0.0,0.0,-0.1870794768337859,-0.076686657754752,0.120401494645502,-0.1870794768337859,0.0,-0.38558951007714,0.0,0.0988523137847697,0.0,0.0,0.0,-0.5593519635781252,-0.6787536797442798,-0.2035576795014162,0.1045739454739126,0.0,0.0,0.0,0.0,0.0,0.0,0.0,-0.0557668241551189,0.0,0.0,0.0,-0.117778312974702,0.1504755261872585,-0.5132039261737118,0.0,0.0,0.0
622,-0.8873161283668356,-0.8899649967455301,-0.694164973914972,0.0,0.0,0.0,-0.5232222038359057,-0.4729593869389349,0.1174310111991704,0.0,0.0,0.0,0.0,-0.1790680166019293,0.3570271354006217,0.0,0.0,0.0,0.0,0.0,0.4417584956728893,0.2035962270863117,0.0,0.0,0.0,-0.3498198370249033,-0.0979673880711844,0.0,0.0,0.0,0.0,-0.9686018397552978,-0.767582557176358,-0.4378480779264165,0.0,0.0,0.0,0.0658807473592149,-0.6944632220056112,0.1975861403327236,0.4743489082210422,-0.5473562539177869,-0.747275283705267,0.0,-0.3609775062425195,0.8006554431524949,0.350289223443429,1.1685593425072704,0.0,0.0,0.0,0.0,0.0,-0.1412947435854851,-0.4223610114736067,0.0,0.0,-0.1764364303256822,-0.0665345842265092,0.1162531054791729,-0.1764364303256822,0.0,-0.4014815102737472,0.0,0.0981767837014789,0.0,0.0,0.0,-0.5758084632385144,-0.6744301916802665,-0.1984151117335177,0.1090932031896611,-0.0923203980656724,0.0,0.0,0.0,0.0,0.0,0.0,-0.0618735037924247,0.0,0.0,0.0,-0.1532699963738565,0.1247076672443434,-0.4975190157059083,0.0620592997169946,0.0,0.0
623,-0.8943169014512464,-0.8885237500000858,-0.6756247290765235,0.0,0.0,0.0,-0.5301893468936152,-0.4651720590076905,0.1201493416121909,0.0,0.0,0.0,0.0,-0.1677345255701935,0.3747358483244409,0.0,0.0,0.0,0.0,0.0,0.4261868882698298,0.1903106804381305,0.0,0.0,0.0,-0.328415116691954,-0.1276928335027598,0.0,0.0,0.0,0.0,-0.9681179101057866,-0.7698102543546955,-0.3804491667530406,0.0,0.0,0.0,0.0629583552206774,-0.7216247718483333,0.2299116441088178,0.4561868503903382,-0.5310875775995137,-0.7417750510780862,0.0,-0.3664185278680519,0.756913676033554,0.3423225588952575,1.15070936023889,0.0,0.0,0.0,0.0,0.0,-0.1189316387092026,-0.4235149111563112,0.0,0.0,-0.1731466527311508,-0.0568257874983091,0.1040990999004132,-0.1731466527311508,0.0,-0.4105296562537776,0.0,0.0999528487188415,0.0,0.0,0.0,-0.5787637274682128,-0.6696229212598688,-0.1978389522281249,0.1118441750709182,-0.1747953198528562,0.0,0.0,0.0,0.0,0.0,0.0,-0.0502583724691087,0.0,0.0,0.0,-0.1766062859484937,0.1035844899939144,-0.4834288961848221,0.0767376093222955,0.0,0.0
624,-0.901501587955338,-0.8860540485906556,-0.6542471303243445,0.0,0.0,0.0,-0.5316968931908794,-0.458413302959041,0.1252752455019624,0.0,0.0,0.0,0.0,-0.1474321814100219,0.4104013532664617,0.0,0.0,0.0,0.0,0.0,0.412464970022812,0.1699239964861309,0.0,0.0,0.0,-0.3043641219020911,-0.1501958642227424,0.0,0.0,0.0,0.0,-0.9670045066405693,-0.7733703343011291,-0.338842562297687,0.0,0.0,0.0,0.0,-0.7461333236027686,0.2417542877473263,0.4196538235374896,-0.5260207203769135,-0.7435967766078968,0.0,-0.367629491230727,0.7171837617214478,0.3290380312738238,1.1192634228769782,0.0,0.0,0.0,0.0,0.0,-0.0884234463227552,-0.4268988050643065,0.0,0.0,-0.1717760361283029,-0.0557213542951488,0.08947797132556,-0.1717760361283029,0.0,-0.4115675225157071,0.0,0.1023022575551267,0.0,0.0,0.0,-0.5703689349521275,-0.666423348931977,-0.205165507218428,0.1194533252651243,-0.240077561483883,0.0,0.0,0.0,0.0,0.0,0.0,0.0,0.0,0.0,0.0,-0.1754980776498502,0.0943095098781364,-0.4577028988522817,0.0906330865163321,0.0,0.0
625,-0.9087313930259682,-0.884407820563152,-0.6310416501267407,0.0,0.0,0.0,-0.5366750365718794,-0.4483436048072012,0.1302332807995981,0.0,0.0,0.0,0.0,-0.1146984043902738,0.4384171760352334,0.0,0.0,0.0,0.0,0.0,0.3945525986112663,0.1575301911874939,0.0,0.0,0.0,-0.280533615441329,-0.1572131282946667,0.0,0.0,0.0,0.0,-0.9659055542476443,-0.7787198875476371,-0.2916811539274747,0.0,0.0,0.0,0.0,-0.7643018242701074,0.2097149284301275,0.3791980438587864,-0.5291517586291482,-0.74989195060664,0.0,-0.3535638560746217,0.6664341567019267,0.2949932353420039,1.0638050749578734,0.0,0.0,0.0,0.0,0.0,-0.0568496827941148,-0.4326190195183528,0.0,0.0,-0.1641630554326488,-0.0515652396421533,0.0720570916340197,-0.1641630554326488,0.0,-0.4138186874186544,0.0,0.1096099662942968,0.0,0.0,0.0,-0.549141699954583,-0.6674430363191314,-0.2176313862135696,0.12527026663573,-0.2920127713751862,0.0,0.0,0.0,0.0,0.0,0.0,0.0,0.0,0.0,0.0,-0.1625005955708429,0.0901237035162553,-0.4373844529898234,0.1025938161604731,0.0,0.0
626,-0.915175455010592,-0.8799052246116732,-0.6116680720613494,0.0,0.0,0.0,-0.545513649513823,-0.4448882175128387,0.141435141995502,0.0,0.0,0.0,0.0,-0.0773316520652486,0.4443545427527989,0.0,0.0,0.0,0.0,0.0,0.3650690598830087,0.150093299138884,0.0,0.0,0.0,-0.2553191398151638,-0.1510399729039105,0.0,0.0,0.0,0.0,-0.9651484473815444,-0.7840091535302914,-0.2530657347384897,0.0,0.0,0.0,0.0,-0.7785780260533329,0.1902641149589771,0.3418982842297918,-0.5372103185262181,-0.7580165660358024,0.0,-0.330072389436563,0.620092462337748,0.278141281089178,0.9982698126682698,0.0,0.0,0.0,0.0,0.0,0.0,-0.4348524908154249,0.0,0.0,-0.1509650213802745,0.0,0.0,-0.1509650213802745,0.0,-0.4148015219291412,0.0,0.1238346373278015,0.0,0.0,0.0,-0.5288040260832935,-0.6681034093827967,-0.2322750227416862,0.133172136607981,-0.3245852271639377,0.0,0.0,0.0,0.0,0.0,0.0,0.0,0.0,-0.0639406330747004,0.0,-0.1011843502986859,0.0803576718016071,-0.4117993943473749,0.1096492238348889,0.0,0.0
627,-0.9199395571964416,-0.872621071623426,-0.5957888906098683,0.0,0.0,0.0,-0.5576059589693472,-0.4375709302189366,0.1500966603047305,0.0,0.0,0.0,0.0,0.0,0.4358803863104932,0.0,0.0,0.0,0.0,0.0,0.3315359311378233,0.1371381878643739,0.0,-0.07611171400508,0.0,-0.2282148915567307,-0.1270620493758494,0.0,0.0,0.0,0.0,-0.9646998552423254,-0.789479957114566,-0.2228326752609683,0.0,0.0,0.0,0.0,-0.7885336247748582,0.2143245776930677,0.3296306126088987,-0.5471448386645199,-0.7737377052732494,0.0,-0.2962457751700739,0.5897510338464252,0.2455575628818937,0.924131742012006,0.0,0.0,0.0,0.0,0.0,0.0,-0.4293856379091928,0.0,0.0,-0.1413723595776368,0.0,0.0,-0.1413723595776368,0.0,-0.4088172259740985,0.0,0.1218099696586593,0.0,0.0,0.0,-0.5002192868983205,-0.6693703805897276,-0.2509778521032759,0.1399488206460098,-0.3540269227978999,0.0,0.0,0.0,0.0,0.0,0.0,0.0,0.0,-0.1000690765424399,0.0,-0.048166414234902,0.0666849676519254,-0.3693130383417738,0.11189004545445,0.0,0.0
628,-0.9248476581007776,-0.8641309434144402,-0.5816416919533214,0.0,0.0,0.0,-0.5712139824439643,-0.4331324648318704,0.1537898293902927,0.0,0.0,0.0,0.0,0.0,0.427544983036634,0.0,0.0,0.0,0.0,0.0,0.2862993629241248,0.1486487811872986,0.0,-0.135304373636608,0.0,-0.1980415597361417,-0.0809280249044982,0.0,0.0,0.0,0.0,-0.964968300788827,-0.7923183687118351,-0.208197273741637,0.0,0.0,0.0,0.0,-0.7956286794589614,0.2649339666179037,0.3286286971550341,-0.5526899200206983,-0.8012820107538526,0.0,-0.25683089311784,0.5514209520883724,0.2182022681129012,0.8729675539258018,0.0,0.0,0.0,0.0,0.0,0.0,-0.4172777495825596,0.0,0.0,-0.1442346603851179,0.0,0.0,-0.1442346603851179,0.0,-0.4007764032864438,0.0,0.1248239462780697,0.0,0.0,0.0,-0.476289921215326,-0.6747360845463363,-0.2620635668125819,0.1470739574609153,-0.3711622163626226,0.0,0.0,0.0,0.0,0.0,0.0,0.0,0.0,-0.1167116485351826,0.0697263653516359,0.0,0.0,-0.3211956331399576,0.1084110320668111,0.0,0.0
629,-0.929012786471986,-0.852509376699901,-0.5792928972223658,0.0,0.0,0.0,-0.5888135838451826,-0.4289191441402536,0.1510998584344252,0.0,0.0,0.0,0.0,0.0,0.4151505307641724,0.0,0.0,0.0,0.0,0.0,0.2450523634209065,0.1508760649809888,0.0,-0.1800671346008507,0.0,-0.162892648613877,0.0,0.0,0.0,0.0,0.0,-0.9658865281665844,-0.7976025163664364,-0.2037441318807563,0.0,0.0,0.0,0.0,-0.793276287981551,0.2590512629717487,0.3618913388665649,-0.5580702315864218,-0.8229658901944751,0.0,-0.2182057799408295,0.5283154687148747,0.2158846152296116,0.8586852432159857,0.0,0.0,0.0,0.0,0.0,0.0,-0.3957166461802188,0.0,0.0,-0.147760562427435,0.0,0.0,-0.147760562427435,0.0,-0.3901519525059692,0.0,0.1032409916860594,0.0,0.0,0.0,-0.4461645408901494,-0.6808303291818038,-0.269190043634458,0.1534806460330949,-0.3764935383187891,0.0,0.0,0.0,0.0,0.0,0.0,0.0,0.0,-0.1220013475065468,0.092286680453123,0.0,0.0,-0.2679269990004422,0.0988508721418119,0.0,0.0
630,-0.9307955558597644,-0.8378733547402699,-0.5906673523890401,0.0,0.0,0.0,-0.6025864086989358,-0.4216754299676447,0.1383841180853939,0.0,0.0,0.0,0.0,0.0,0.3908645481033845,0.0,0.0,0.0,0.0,0.0,0.2050655073143408,0.1627820497354018,0.0,-0.1947287610631807,0.0,-0.1260334227713297,0.0,0.0,0.0,0.0,0.0,-0.9675215117682616,-0.8013606844168801,-0.2029446844921643,0.0,0.0,0.0,0.0,-0.7949849511754472,0.2352434866557658,0.4081700308049272,-0.5598858187378895,-0.8495880739611102,0.0,-0.1777817294453317,0.518982401970318,0.2256896686963752,0.907521332381198,0.0,0.0,0.0,0.0,0.0,0.0,-0.3680382793549596,0.0,0.0,-0.1419632390189045,0.0,0.0,-0.1419632390189045,0.0,-0.3797774106824475,0.0,0.0783203286750688,0.0,0.0,0.0,-0.4101493047144069,-0.683695964003318,-0.2752565549543145,0.1544892192693608,-0.3819132037899048,0.0,0.0,0.0,0.0,0.0,0.0,0.0,0.0,-0.1171687104131846,0.0860576620289249,0.0,0.0,-0.19662843112438,0.0849070870790393,0.0,0.0
631,-0.9322209014765348,-0.818187013076221,-0.6055528911048828,0.0,0.0,0.0,-0.6163629055311849,-0.4139431187022939,0.1192892981474032,0.0,0.0,0.0,0.0,0.0,0.340923996267405,0.0,0.0,0.0,0.0,0.0,0.1617080550695892,0.1784658229376554,0.0,-0.1989767580461003,0.0,-0.0888338463048052,0.0,0.0,0.0,0.0,0.0,-0.9691520005152,-0.8070202760389067,-0.2136625931918803,0.0,0.0,0.0,0.0,-0.7995980606973179,0.1998765088201094,0.3507276325926804,-0.558994766075396,-0.8615893256372775,0.0,-0.1446051952629564,0.5124027111303796,0.2315781060689118,0.9653138176813024,0.0,0.0,0.0,0.0,0.0,0.0,-0.3367617195487127,0.0,0.0,-0.1374585063885403,0.0,0.0,-0.1374585063885403,0.0,-0.3674858814272148,0.0,0.0620968320066778,0.0,0.0,0.0,-0.3715220853308019,-0.6826115944083189,-0.2828624365254621,0.1542135294047191,-0.3870628474796345,0.0,0.0,0.0,0.0,0.0,0.0,0.0,0.0,-0.0975471287647939,0.0826508897232034,0.0,0.0,-0.1300069008020899,0.0765308609062914,0.0,0.0
632,-0.9324933893482964,-0.805931062293436,-0.6295796605360044,0.0,0.0,0.0,-0.6242039481731949,-0.40922617190489,0.100585223190591,0.0,0.0,0.0,0.0,0.0,0.293076318229855,0.0,0.0,0.0,0.0,0.0,0.12880189427387,0.2025383858775478,0.0,-0.1815670991353688,0.0,-0.0530723619413896,0.0,0.0,0.0,0.0,0.0,-0.9711782342425472,-0.8085261280833175,-0.2295831997001921,0.0,0.0,0.0,0.0,-0.8003611019136183,0.1641266879738135,0.3391711870746388,-0.5614593851363643,-0.874715567505223,0.0,-0.1227005922726003,0.5242988125941508,0.2497275784008236,1.038123382263174,0.0,0.0,0.0,0.0,0.0,0.0,-0.3105362952630034,0.0,0.0,-0.1322729200518726,0.0,0.0,-0.1322729200518726,0.0,-0.3666798060828426,0.0,0.0,0.0,0.0,0.0,-0.3434033296603269,-0.6698703293310293,-0.2839158907034285,0.1282557356880166,-0.3959877801423106,0.0,0.0,0.0,0.0,0.0,0.0,0.0,0.0,-0.0721777199113854,0.0816820360000643,0.0,0.0,-0.0708246642072453,0.0819900532464649,0.0,0.0
633,-0.9321250639123142,-0.7943274583582719,-0.6522006518687755,0.0,0.0,0.0,-0.6304848863370975,-0.4065677421393338,0.0791128695358666,0.0,0.0,0.0,0.0,0.0,0.2337519664023571,0.0,0.0,0.0,0.0,0.0,0.1000480337054225,0.2238078099485717,0.0,-0.1375760353533558,0.0,0.0,0.0,0.0,0.0,0.0620039237868472,0.0,-0.9729683670890954,-0.8109766981623284,-0.258945470860784,0.0,0.0,0.0,0.0,-0.8094726189150925,0.1351990325397085,0.3364529834792174,-0.5465553324904485,-0.8864038854215575,0.0,-0.1086973730224828,0.5303275856991093,0.2778612028035243,1.1501665852693308,0.0,0.0,0.0,0.0,0.0,0.0,-0.2930642675924489,0.0,0.0,-0.1058863600354974,0.0,0.0,-0.1058863600354974,0.0,-0.3570558781227997,0.0,0.0,0.0,0.0,0.0,-0.3247389359658207,-0.6514974465567309,-0.2784438184708107,0.1074314156986078,-0.4140220779739439,0.0,0.0,0.0,0.0,0.0,0.0,0.0,0.0,-0.0452629029360315,0.0768645771004723,0.0,0.0,0.0,0.1075366982377852,0.0,0.0
634,-0.929682236350772,-0.780480058277995,-0.6805466912994405,0.0,0.0,0.0,-0.6327567355135519,-0.4068447706819881,0.0668255888346417,0.0,0.0,0.0,0.0,0.0,0.1911286098951985,0.0,0.0,0.0,0.0,-0.0571281603120454,0.0770143253395092,0.2370787401706179,0.0,-0.0710759738301431,0.0,0.0,0.0,0.0,0.0,0.0645561256662274,0.0,-0.9752191402764896,-0.8128222127062983,-0.2859491880915843,0.0,0.0,0.0,0.0,-0.8138243622251896,0.1106939007045468,0.3286449127742346,-0.5295301162197361,-0.8987281332404873,0.0,-0.0978588339648808,0.5422873472569332,0.3088091517573508,1.2893430166568234,0.0,0.0,0.0,0.0,0.0,0.0,-0.287510986522158,0.0,0.0,-0.0856938071254135,0.0,0.0,-0.0856938071254135,0.0,-0.3543299970397254,0.0,0.0,0.0,0.0,0.0,-0.3055451416300592,-0.6303088399954498,-0.2799780078132117,0.079448260164769,-0.4389132927801474,0.0,0.0,0.0,0.0,0.0,0.0,0.0,0.0,0.0,0.088577490391303,0.0,0.0,0.0,0.1436303998522347,0.0,0.0
635,-0.9226199625498008,-0.7727403529062205,-0.7121137471158362,0.0,0.0,0.0,-0.6271273368155317,-0.4137291095187517,0.0622117270760019,0.0,0.0,0.0,0.0,0.0,0.1469551623815382,0.0,0.0,0.0,0.0,-0.0840201032450095,0.0,0.2276160792459356,0.0,0.0,0.0,0.0,0.0,0.0,0.0,0.0638345189872238,0.0,-0.977247893769011,-0.8151706753131055,-0.3144362884762507,0.0,0.0,0.0,0.0,-0.8236907861815644,0.0912204657469982,0.3123914926459563,-0.5172573129741445,-0.9083250298452104,0.0,-0.0987001316635877,0.5563658327858592,0.3324668906701621,1.4228114867492008,0.0,0.0,0.0,0.0,0.0,0.0,-0.2951659218704708,0.0,0.0,-0.0683400894312138,0.0660794495803867,0.0,-0.0683400894312138,0.0,-0.3546388117518405,0.0,0.0,0.0,0.0,0.0,-0.3005724599503058,-0.601875307809002,-0.2838679079074305,0.0762205769464001,-0.4599816725420321,0.0,0.0,0.0,0.0,0.0,0.0,0.0,0.0,0.0,0.0917275201517286,0.0,0.0,0.0,0.1797669379161389,0.0,0.0
636,-0.91401347161894,-0.7701126790904972,-0.7412059723339779,0.0,0.0,0.0,-0.6165265307601265,-0.4250766390490774,0.0706846479192236,0.0,0.0,0.0,0.0,0.0,0.1110916550236119,0.0,0.0,0.0,0.0,-0.0979639954774045,0.0,0.219140409232095,0.0,0.0,0.0,0.0,0.0,0.0,0.0,0.0,0.0,-0.97829585146558,-0.8190348682051238,-0.3380995360224119,0.0,0.0,0.0,0.0,-0.8319140628199581,0.0694638871702752,0.2974366577063764,-0.5113160764357778,-0.914632053212356,0.0,-0.1064693395866921,0.5682566447988194,0.3381170863881347,1.5068109664441398,0.0,0.0,0.0,0.0,0.0,0.0,-0.3058202741854616,0.0,0.0,0.0,0.0757120687871242,0.0,0.0,0.0,-0.3581787854259055,0.0,0.0,0.0,0.0,0.0,-0.2992231689461496,-0.5688347497825649,-0.2774914717809429,0.0791095058921816,-0.4810532167429562,0.0,0.0,0.0,0.0,0.0,0.0,0.0,0.0,0.0,0.081238383175993,0.0,0.0,0.0,0.216763451257431,0.0,0.0
637,-0.9052894586853948,-0.7678858925902075,-0.7714396314449762,0.0,0.0,0.0,-0.6074477893518633,-0.4383582841652781,0.0866139839395288,0.0,0.0,0.0,0.0,0.0,0.1031399709513536,0.0,0.0,0.0,0.0,-0.1169471786307144,0.0,0.2027982700803434,0.0,0.0,0.0,0.0,0.0,0.0,0.0,0.0,0.0,-0.9794625767371534,-0.8184134704344085,-0.3619929648643137,0.0623740313100429,0.0,0.0,0.0,-0.8443478605298922,0.0,0.3035857389080229,-0.5081353687211433,-0.920165283304804,0.0,-0.1192493257544778,0.5769392282941518,0.3339377797241269,1.4314984720382389,0.0,0.0,0.0,0.0,0.0,0.0,-0.3150471537656135,0.0,0.0,0.0,0.0819505866249291,0.0672754719472451,0.0,0.0,-0.3627290263307811,0.0,0.0,0.0,0.0,0.0,-0.3102253486363668,-0.5347501486182126,-0.2602399782029359,0.0969177566262555,-0.4959549596582759,0.0,0.0,0.0,0.0,0.0,0.0,0.0,0.0,0.0,0.0733451201416725,0.0,0.1007411394527204,0.0,0.2447887206116004,0.0,0.0
638,-0.8956811891145087,-0.7672938355616525,-0.7919005265167978,0.0,0.0,0.0,-0.593098619959249,-0.450466744149756,0.0997945385538902,0.0,0.0,0.0,0.0,0.0,0.1055443836754718,0.0,0.0,0.0,0.0,-0.1174070994772766,0.0,0.1857164503738268,0.0,0.0,0.0,0.0,0.0,0.0,0.0,0.0,0.0,-0.98043512775565,-0.8172734758808107,-0.3934378277080062,0.0,0.0,0.0,0.0,-0.8520286026107793,0.0,0.3607107342475893,-0.5134758410049292,-0.9230391534650276,0.0,-0.1334737946315589,0.5752397393650465,0.3202817328636612,1.4265831524487238,0.0,0.0,0.0,0.0,0.0,0.0,-0.3237407674431654,0.0,0.0,0.0,0.0855301134833199,0.0844772072620565,0.0,0.0,-0.3611604975036566,0.0,0.0687608916330525,0.0,0.0,0.0,-0.3358315785470576,-0.5065635865346598,-0.2401452276466086,0.1158307840756239,-0.5033908954306493,0.0,0.0,0.0,0.0,0.0,0.0,0.0,0.0,0.0,0.0708974507742274,0.0,0.1553309506522023,0.0,0.2604288485136418,0.0,0.0
639,-0.8859810809720794,-0.7573183071034618,-0.7954476716862281,0.0,0.0,0.0,-0.5844571997734426,-0.4713910593036638,0.1087972487461602,0.0,0.0,0.0,0.0,0.0,0.1084026366181017,0.0,0.0,0.0,0.0,-0.1104802770503564,0.0,0.1654692197288977,0.0,0.0,0.0,0.0,0.0,0.0,0.0,0.0,0.0,-0.9807766200756438,-0.8161319317373523,-0.4136814426629996,0.0,0.0,0.0,0.0,-0.857408807091077,0.063451030915155,0.4511202966891879,-0.5113917336402829,-0.9260582515186644,0.0,-0.146930819209354,0.5710099483256563,0.2955920042458429,1.4740050270474674,0.0,0.0,0.0,0.0,0.0,0.0,-0.3198109855701768,0.0,0.0,0.0,0.0863634844531127,0.1052380447411081,0.0,0.0,-0.3600581757376669,0.0,0.0711441440658124,0.0,0.0,0.0,-0.3717321209788664,-0.4915413975594093,-0.2229155021730304,0.1285233294043829,-0.5094131277122013,0.0,0.0,0.0,0.0,0.0,0.0,0.0,0.0,0.0,0.070210523282086,0.0,0.1695896678295307,-0.065046759472185,0.2424460291214557,0.0,0.0
640,-0.8761265199226194,-0.7528379900139537,-0.7989395363866424,0.0,0.0,0.0,-0.5766427808364243,-0.4897967041853744,0.1128543818373125,0.0,0.0,0.0,0.0,0.0,0.108734511871423,0.0,0.0,0.0,0.0,-0.0968962379410712,0.0,0.1551566458341418,0.0,0.0,0.0,-0.0481607158986967,0.0,0.0,0.0,0.0,0.0,-0.9799630832391856,-0.8130612770778679,-0.445684429394338,0.0,0.0,0.0,0.0,-0.8614393499066235,0.0713833131419462,0.5575312912112935,-0.5170441691212554,-0.927370540892884,0.0,-0.1544285712880229,0.5711503663826779,0.2686663061063817,1.472975268130549,0.0,0.0,0.0,0.0,0.0,0.0,-0.3045248159987634,0.0,0.0,0.0,0.0835488980561264,0.1178600973983681,0.0,0.0,-0.3496373251851486,0.0,0.0634217242032122,0.0,0.0,0.0,-0.414014764337741,-0.4826482741080187,-0.1967484093557001,0.11737995501836,-0.5019883372979845,0.0,0.0,0.0,0.0,0.0,0.0,0.0,0.0,0.0,0.0717455537675158,0.0,0.1320664540608983,-0.1197906680157423,0.1910234390123773,0.0,0.0
641,-0.8695604288700487,-0.7466081727292003,-0.7942822945829775,0.0,0.0,0.0,-0.571334500117893,-0.4960396741291781,0.1127664766818492,0.0,0.0,0.0,0.0,0.0,0.1042219212924559,0.0,0.0,0.0,0.0,-0.0795987143471055,0.0,0.1519896725840146,0.0,0.0,0.0,-0.0850055938877103,0.0,0.0,0.0,0.0,0.0,-0.9795820819304746,-0.8076052068216933,-0.4783292136571471,0.0,0.0,0.0,0.0,-0.8641867680634459,0.0814070648800136,0.6725377717162475,-0.5270099415203247,-0.9292984625152844,0.0,-0.1656838784023726,0.5629555852411363,0.2361312390768538,1.314252302758119,0.0,0.0,0.0,0.0,0.0,0.0,-0.2767685510916245,0.0,-0.0486630463513387,-0.0528992203998335,0.0799430276431098,0.1203499504364165,-0.0528992203998335,0.0,-0.3327544125625267,0.0,0.0,0.0,0.0,0.0,-0.4587538509640338,-0.4844504723428264,-0.1733938773574106,0.1087826231081266,-0.4884820674789324,0.0,0.0,0.0,0.0,0.0,0.0,0.0,0.0,0.0,0.0765859280468381,0.0,0.0980881338834926,-0.1733571359568192,0.1410264584661041,0.0,0.0
642,-0.8664561537078526,-0.743552102680934,-0.7870616940151498,0.0,0.0,0.0,-0.5687198038411848,-0.5027724963962417,0.1215914486723874,0.0,0.0,0.0,0.0,0.0,0.1017060451852456,0.0,0.0,0.0,0.0,-0.0588413076084906,0.0,0.1429784522027448,0.0,0.0,0.0,-0.121730094572489,0.0,0.0,0.0,0.0664943802948188,0.0,-0.9778254230656288,-0.8012110715525018,-0.5131543778091019,0.0,0.0,0.0,0.0,-0.8629533330905081,0.0924823720961546,0.677740470572228,-0.540732031112876,-0.9283105805643848,0.0,-0.1780533681696373,0.5445270489478752,0.2149351927745276,1.2664165579684767,0.0,0.0,0.0,0.0,0.0,0.0,-0.2474548854874436,0.0,-0.0659170631451353,-0.0754480470637773,0.0721960116265163,0.1350489572480372,-0.0754480470637773,0.0,-0.3114702581304317,0.0,0.0,0.0,0.0,0.0,-0.4977169786464162,-0.4884502316080563,-0.1522581976927756,0.1106779387644554,-0.4561239773057976,0.0,0.0,0.0,0.0,0.0,0.0,0.0,0.0,0.0,0.0625829600612789,0.0,0.06479567390379,-0.2268398524631728,0.0957750562428326,0.0,0.0
643,-0.8670543559381847,-0.7498065283520208,-0.7820314501361096,0.0,0.0,0.0,-0.571059921406344,-0.5081532410348613,0.163385159749593,0.0,0.0,0.0,0.0,0.0,0.0934890100637474,0.0,0.0,0.0,0.0,0.0,0.0,0.1410001494837639,0.0,0.0,0.0,-0.154318372527945,0.0,0.0,0.0,0.0771289155461021,0.0,-0.9757891403738944,-0.794738895738459,-0.549833710487689,0.0,0.0,0.0,0.0,-0.8593321500297084,0.1019734134474623,0.6431557335970391,-0.558024368394837,-0.9259857570967464,0.0,-0.1817748717251355,0.5344792447457429,0.1979208650799392,1.2822183642484195,0.0,0.0,0.0,0.0,0.0,0.0,-0.2125637147037457,0.0,-0.0764973398850824,-0.0995927267035891,0.0626789069898974,0.1551817669135747,-0.0995927267035891,0.0,-0.2880476025721052,0.0644927946131494,0.0,0.0,0.0,0.0,-0.530247286396816,-0.4937232072379288,-0.1417462980240718,0.1116869890217231,-0.4235801924280371,0.0,0.0,0.0,0.0,0.0,0.0,0.0,0.0,0.0,0.0,0.0,0.0,-0.270588150991537,0.0940408262487656,0.0,0.0
644,-0.8708618666766368,-0.7589073208971762,-0.7699715642035992,0.0,0.0,0.0,-0.5679410450043187,-0.5088899896888769,0.2044431230768874,0.0,0.0,0.0,0.0,0.0,0.0996615241830812,0.0,0.0,0.0,0.0,0.0,0.0638089926242358,0.1493560769707367,0.0,-0.0976095819547295,0.0,-0.1801820026893269,0.0,0.0,0.0,0.0898927275833155,0.0,-0.9741515064757033,-0.7872026759820535,-0.5892076816724606,0.0,0.0,0.0,0.0,-0.853771574243567,0.1106894634927477,0.5934543243449907,-0.5699766466049757,-0.92290534225062,0.0,-0.1868136403554305,0.521507455279414,0.1967657568846532,1.2903069857926566,0.0,0.0,0.0,0.0,0.0,0.0,-0.1994239753532722,0.0,-0.0670207163692464,-0.1234320762913359,-0.0836798753789567,0.1704850821675775,-0.1234320762913359,0.0,-0.2641349150470562,0.0666255077972014,0.0,0.0,0.0,0.0,-0.5549014142500114,-0.5053729130513792,-0.1399397986508378,0.1162817895383592,-0.3908896250981674,0.0,0.0,0.0,0.0,0.0,0.0,0.0,0.0,0.0,0.0,0.0,0.0648536723000159,-0.3048774085458773,0.1143363132142043,0.0,0.0
645,-0.8771128669515185,-0.7657008362994021,-0.763090161685584,0.0,0.0,0.0,-0.566103532912827,-0.4992488823270717,0.2395120979398416,0.0,0.0,0.0,0.0,0.0,0.1299913319839864,0.0,0.0,-0.1058126007557953,0.0,0.0,0.0,0.1538593899533192,0.0,-0.1506762435469947,0.0,-0.1943626058587743,0.0,0.0,0.0,0.1021271033974422,0.0,-0.9715960931829182,-0.7816386572049784,-0.6341448111415494,0.0,0.0,0.0,0.0,-0.8367576397546568,0.1159551606045471,0.5330700393455946,-0.5755463177566598,-0.9203513409912932,0.0,-0.1987851485253702,0.5111955026219489,0.1925497229782338,1.2383558364313454,0.0,0.0,0.0,0.0,0.0,0.0,-0.1926356266516166,0.0,-0.0528019433532689,-0.1478072049560983,-0.1273271223390592,0.1836963177668451,-0.1478072049560983,0.0,-0.2376056830618695,0.0683039290815018,0.0,0.0,0.0,0.0,-0.5718690252659815,-0.5163395390323374,-0.1460377132180683,0.1065287672666502,-0.3564036426270084,0.0,0.0,0.0,0.0,0.0,0.0,0.0,0.0,0.0,0.0,0.0,0.0835481073140864,-0.3356408972094282,0.0862433784433844,0.0,-0.0486482365457723
646,-0.8835940384988099,-0.7786721690812363,-0.756211621195324,0.0,0.0,0.0,-0.5595471652218963,-0.4969907841511966,0.2241710199658896,0.0,0.0,0.0,0.0,0.0,0.1596306460892859,0.0,0.0,-0.1565273048803935,0.0,0.0,0.0,0.1622566423666721,0.0,-0.1952375821951771,0.0,-0.2061221847612955,-0.0451074777845749,0.0,0.0,0.1149734648527183,0.0,-0.9698918685963304,-0.7759393891850682,-0.675648039845809,0.0,0.0,0.0,0.0937522898844946,-0.8076952895079568,0.1151036958064732,0.4740127341788768,-0.5789201986763921,-0.9176536371097086,0.0,-0.2029248144097462,0.5043285966376664,0.1862581498008241,1.237328727443368,0.0,0.0,0.0,0.0,0.0,0.0,-0.2186039440498294,0.0,0.0,-0.1664715085760598,-0.1504080425147035,0.1893390049067694,-0.1664715085760598,0.0,-0.2246800067060165,0.0667986167681203,0.0,0.0,0.0,0.0,-0.5621803920194979,-0.5230593991929148,-0.1671879250163551,0.0927628322131888,-0.3192569678753854,0.0,0.0,0.0,0.0,0.0,0.0,0.0,0.0,0.0,0.0,0.0,0.1018300881835571,-0.3579858667978643,0.0,0.0,-0.0584711720454922
647,-0.8901879739070253,-0.7953960510069752,-0.7597627827692124,0.0,0.0,0.0,-0.5556192961970238,-0.4836452142090308,0.2024190769366366,0.0,0.0,0.0,0.0,0.0,0.1873696402242683,0.0,0.0,-0.1784629100657945,0.0,0.0,0.0,0.1650511043988333,0.0,-0.2371703459213412,0.0,-0.1960184145207199,-0.0670805155894922,0.0,0.0,0.1204964001516935,0.0,-0.9680217060424569,-0.7712338486575332,-0.710753432713955,0.0,0.0,0.0,0.1329847769296726,-0.7770686807903188,0.1066651874254447,0.4366756564939135,-0.5762299536333301,-0.911962225764313,0.0,-0.2085731940135169,0.4998088913724373,0.2007839278954113,1.1388606958950094,0.0,0.0,0.0,0.0,0.0,0.0,-0.2678914943238034,0.0,0.0,-0.1759304608444591,-0.1582063534872559,0.1823275600712185,-0.1759304608444591,0.0,-0.220565923932831,0.0671760504664691,0.0,0.0,0.0,0.0,-0.5297807671307929,-0.5247138891867776,-0.1972468606600562,0.0810053972368457,-0.2910590229317336,0.0,0.0,0.0,0.0,0.0628666195110918,0.0,0.0,0.0,0.0,0.0,-0.073470826420458,0.1165835115343954,-0.3661279912733391,0.0,0.0,-0.0568220374617181
648,-0.8962020866840423,-0.8149307785282539,-0.7703025558870932,0.0,0.0,0.0,-0.547112304066885,-0.4754428450900767,0.1978272975911345,0.0,0.0,0.0,0.0,0.0,0.2207662824809436,0.0,0.0,-0.1924968286542861,0.0,-0.046992561201339,0.0,0.1630346882616032,0.0,-0.2866450338410361,0.0,-0.1794222084853749,-0.0941872025847125,0.0,0.0,0.1196992537301084,0.0,-0.9674848023912008,-0.766272256863277,-0.7346792616180482,0.0,0.0,0.0,0.1557841068996573,-0.7431631098339049,0.1012953109133905,0.410835040707461,-0.5720778914047021,-0.90695445172685,0.0,-0.2117254314784675,0.498999936540688,0.2231238261296091,1.1691713795668253,0.0,0.0,0.0,0.0,0.0,0.0,-0.3313358286682953,0.0,0.0,-0.1929889209608487,-0.1612529515343829,0.1737196509508691,-0.1929889209608487,0.0,-0.2280459879931733,0.0724499525616621,0.0,0.0,0.0,0.0,-0.4748263340526225,-0.5189379811042644,-0.2021340504863071,0.0836321765814274,-0.2612949320822888,0.0,0.0,0.0,0.0,0.0877889113727631,0.0,0.0,0.0,0.0,0.0,-0.1467845978961447,0.1250274070468721,-0.377198554023076,0.0,0.0,-0.0435992602111776
649,-0.9015168376438284,-0.8329740548190083,-0.7810579155087594,0.0,0.0,0.0,-0.5393331173546434,-0.4710047985727517,0.2076054237291444,0.0,0.0,0.0,0.0,0.0,0.2238412110644611,0.0,0.0,-0.2105284008509181,0.0,-0.0627553445503467,0.0,0.1566070608145118,0.0,-0.3406730513531835,0.0,-0.1637225308422415,-0.1253514649320646,0.0,0.0,0.1148453252764197,0.0,-0.9674506880102576,-0.7624454015850151,-0.7514122410759004,0.0,0.0,0.0,0.1672241176385607,-0.7118416213695533,0.0896097838050632,0.3990670562594864,-0.5671195453174421,-0.9017765863009344,0.0,-0.2156820135445199,0.5001560588126934,0.2530787220120485,1.1565485434903309,0.0,0.0,0.0,0.0,0.0,0.0,-0.3963201026345836,0.0,0.0,-0.2074346945743096,-0.1519097591198327,0.1548447503105501,-0.2074346945743096,0.0,-0.240616683302194,0.0750108053573387,0.0,0.0,0.0,0.0,-0.4160007990287349,-0.5095861378972378,-0.1867293264072848,0.0854827065991694,-0.2352877115283102,0.0,0.0,0.0,0.0,0.0892428648076565,0.0,0.0,0.0,0.0,0.0,-0.1990842531986699,0.1254528067230115,-0.3860764223951562,0.0,0.0,0.0
650,-0.9074640125561816,-0.8467812821784849,-0.7927856457817092,0.0,0.0,0.0,-0.5300181186953788,-0.4602796446556962,0.1928034808377656,0.0,0.0,0.0,0.0,0.0,0.2340301186050526,0.0,0.0,-0.2129747553040132,0.0,-0.0678170171698714,0.0,0.1470042914806568,0.0,-0.3808972489318055,0.0,-0.152657702600792,-0.150724990044735,0.0,0.0,0.1053802484101558,0.0,-0.9680364646721764,-0.7613848080809172,-0.7580479910272448,0.0,0.0,0.0,0.1702660551165751,-0.6833146480584182,0.0762476658899944,0.4141008265981883,-0.5571741956497652,-0.8960606120432524,0.0,-0.2124181692318744,0.5074463905253477,0.2794327514665673,1.148671595499756,0.0,0.0,0.0,0.0,0.0,0.0,-0.4625536304480299,0.0,0.0,-0.2270210146757716,-0.1081071544873742,0.1225858098413584,-0.2270210146757716,0.0,-0.262620355448609,0.0743791598268504,0.0,0.0,0.0,0.0,-0.3505658923408959,-0.5077320401755423,-0.1528507004708433,0.0953589284945509,-0.2227004821152644,0.0,0.0,0.0,0.0,0.0893923634960321,0.0,0.0,0.0,0.0,0.0,-0.219074435043199,0.1176661560444739,-0.3942627887653588,0.0,0.0,0.0
651,-0.9095744340590676,-0.8523320906069598,-0.8038078460750231,0.0,0.0,0.0,-0.5229074047162915,-0.4582967805628027,0.151438938637263,0.0,0.0,0.0,0.0,0.0,0.2636207797440892,0.0,0.0,-0.2162240815112903,0.0,-0.0681176476871684,0.0,0.1350493454149213,0.0,-0.4203049359565322,0.0,-0.1445969382984245,-0.1534811941716355,0.0,0.0,0.0918892594852913,0.0,-0.968522482125485,-0.7622843212189838,-0.7609546775818775,0.0,0.0,0.0,0.1713256869466677,-0.661799738597766,0.0775173124122036,0.4662136569238913,-0.5465920176053446,-0.8898440122701619,0.0,-0.2048988011076484,0.5044110346219649,0.3096903762746718,1.208648184518362,0.0,0.0,0.0,0.0,0.0,0.0,-0.5160540392394375,0.0,0.0,-0.2468546299171292,-0.0622334746359705,0.0877686504334146,-0.2468546299171292,0.0,-0.2868941423072092,0.0726849383919763,0.0,0.0,0.0,0.0,-0.2828815550076469,-0.5040225192755191,-0.1228617188963115,0.1114378592337509,-0.2110425940980216,0.0,0.0,0.0,0.0,0.0827958825279488,0.0,0.0,0.0,0.0,0.0,-0.208271441938986,0.0937958427150639,-0.4048618708288106,0.0,0.0,0.0
652,-0.909543950404057,-0.857214396058176,-0.8114159421289888,0.0,0.0,0.0,-0.5162904552078085,-0.4581086721557276,0.111864927086301,0.0,0.0,0.0,0.0,0.0,0.2874124958577359,0.0,0.0,-0.2063540958937887,0.0,-0.0503939270787303,0.0,0.1226574470024609,0.0,-0.4651819897816142,0.0,-0.1397916676130056,-0.1410236631069289,0.0,0.0,0.0935897833123789,0.0,-0.9682614151794952,-0.765360449941127,-0.7578805499043381,0.0,0.0,0.0,0.1627601208440252,-0.644459250320032,0.0815969776984835,0.5214778568687086,-0.5420276684663287,-0.8852089486111718,0.0,-0.2036998962687466,0.5132359708022043,0.3350615871473028,1.3052713102749,0.0,0.0,0.0,0.0,0.0,0.0,-0.5441210839262,0.0,0.0,-0.2645446981230406,0.0,0.0622917738364335,-0.2645446981230406,0.0,-0.3155223339086141,0.0673865526149911,0.0,0.0,0.0,0.0,-0.2166692635566442,-0.5084176037598026,-0.0654996263837597,0.1314241230084297,-0.2118554706999978,0.0,0.0,0.0,0.0,0.072616682469369,0.0,0.0,0.0,0.0,0.0,-0.1710618900206141,0.0,-0.4022854077606079,0.0,0.0,0.0
653,-0.9081218605083516,-0.8575851612040188,-0.8150997455200089,0.0,0.0,0.0,-0.517144428614218,-0.4628921512205172,0.0878583329926342,0.0,0.0,0.0,0.0,0.0,0.3219280618669279,0.0,0.0,-0.1839100068768308,0.0,0.0,0.0,0.1082551276290835,0.0,-0.4909006771291153,0.0,-0.1365616877625615,-0.1302935039951455,0.0,0.0,0.0968218359330665,0.0,-0.9675763574853318,-0.7684716366262219,-0.752790820275713,0.0,0.0,0.0,0.1652267638079466,-0.6363373142235241,0.0890451865783293,0.5844597241840727,-0.5435067253933572,-0.8821704223691098,0.0,-0.206445156934667,0.5223820139978094,0.3500708746273255,1.402970889175604,0.0,0.0,0.0,0.0,0.0,0.0,-0.5445873872833513,0.0,0.0,-0.2898003314354935,0.0,0.0,-0.2898003314354935,0.0,-0.341936943611514,0.0,0.0,0.0,0.0,0.0,-0.1658605666772545,-0.506407075448189,0.0,0.1587514562667774,-0.2230781467128154,0.0,0.0,0.0,0.0,0.0729926407113389,0.0,0.0,0.0,0.0,0.0648003307722271,-0.1131566031010453,0.0,-0.4074760560072883,0.0,0.0,0.0
654,-0.9087395362621172,-0.8605294603195781,-0.8258656429433296,0.0,0.0,0.0,-0.5135701689274881,-0.4615071635688611,0.098697994998477,0.0,0.0,0.0,0.0,0.0,0.3870307639149656,0.0,0.0,-0.1644500830307266,0.0,0.0,0.0,0.0960725781389185,0.0,-0.4954513676358273,0.0,-0.1466064397582976,-0.1142312657738758,0.0,0.0,0.102996484619754,0.0,-0.9674156984360024,-0.7707651583052156,-0.7475660764524601,0.0,0.0,0.0,0.1582039537795571,-0.6367810098683873,0.0890971435933476,0.6441736178541945,-0.5561378005635877,-0.877636638664705,0.0,-0.2037393657497445,0.5182015559019642,0.3582570580005124,1.454485480697849,0.0,0.0,0.0,0.0,0.0,0.0,-0.5261171117873951,0.0,0.0,-0.3092993676926709,0.0,0.0,-0.3092993676926709,0.0,-0.3527257441095224,0.0,0.0,0.0,0.0,0.0,-0.1340578509015171,-0.502407825494311,0.0,0.18180224546053,-0.2385937020145325,0.0,0.0,0.0,0.0,0.0835581251154538,0.0,0.0,0.0,0.0,0.0844196891389591,-0.058492998824387,0.0,-0.4183891952299658,0.0,0.0,0.0
655,-0.9088015782134664,-0.8610229607308693,-0.8244076270802501,0.0,0.0,0.0,-0.507719338792573,-0.4701671053499845,0.1338307441398752,0.0,0.0,0.0,0.0,0.0,0.4180217452889176,0.0,0.0,-0.1473530607120207,0.0,0.0,0.0,0.0950038318890254,0.0,-0.482668385766653,0.0,-0.1592889962675059,-0.0979215321398108,0.0,0.0,0.1113285517009369,0.0,-0.9667593168562784,-0.775439138922842,-0.7468213532205161,0.0,0.0,0.0,0.1516349831915383,-0.6408440555541317,0.1060555218921451,0.6920634238158597,-0.5711628218299665,-0.8755341650208628,0.0,-0.2137452430717426,0.511975641008219,0.3235652221512877,1.467980350680107,0.0,0.0,0.0,0.0,0.0,0.0,-0.4912693175046342,0.0,0.0,-0.3240346826888126,0.0,0.0,-0.3240346826888126,0.0,-0.3622885814425776,0.0,0.0,0.0,0.0,0.0,-0.1230465826722117,-0.4866996743523535,0.0,0.2003544054740103,-0.2665533112519559,0.0,0.0,0.0,0.0,0.0886637842548066,0.0,0.0,0.0,0.0,0.1044038243836926,0.0,0.0,-0.4220792335468852,0.0,0.0,0.0
656,-0.9059530173271986,-0.8643595256321923,-0.8249588223672247,0.0,0.0,0.0,-0.5053161838361958,-0.474243857304189,0.1606270047495785,0.0,0.0,0.0,0.0,0.0,0.4587231503100981,0.0,0.0,-0.1077217275643532,0.0,0.0,0.0,0.0909450530330664,0.0,-0.4579481710410872,0.0,-0.1780857180965296,-0.0833173593262691,0.0,0.0,0.1224020286935421,0.0,-0.9651273464713168,-0.780934266448788,-0.7488983256528094,0.0,0.0,0.0,0.1407532758842599,-0.6407207617206764,0.1190607766272998,0.6849863645728194,-0.590774855216978,-0.8711895063858583,0.0,-0.2239441826533676,0.5044663813494675,0.2946582798940523,1.4528251035841144,0.0,0.0,0.0,0.0,0.0,0.0,-0.4568560679847692,0.0,0.0,-0.3464489808918869,0.0,0.0663266697219986,-0.3464489808918869,0.0,-0.3676905219644424,0.0,0.0,0.0,0.0,0.0,-0.1227763428113615,-0.4528999580116405,0.0,0.2123311480636757,-0.3046051226651238,0.0,0.0,0.0,0.0,0.0893068092745556,0.0,0.0,0.0,0.0,0.1151865548035548,0.0,0.0,-0.4291217846032671,0.0,0.0,0.0
657,-0.9025206684390844,-0.8680656637750168,-0.8255694382655641,0.0,0.0,0.0,-0.4990990705046356,-0.4709713262884655,0.1875595717828027,0.0,0.0,0.0,0.0,0.0,0.4727675135965269,0.0,0.0,-0.0702928540309501,0.0,0.0,0.0,0.098983786184751,0.0,-0.3952288963034387,0.0,-0.1991031147626243,-0.0786048097377966,0.0,0.0,0.1403478408396831,0.0,-0.9639539883472908,-0.7862146623557694,-0.7556773082221544,0.0,0.0,0.0,0.1281786531050696,-0.6479839018630492,0.1312764430490651,0.6649558169394071,-0.6112442143456471,-0.8711203838909221,0.0,-0.2359647493644747,0.5077292898202627,0.2778001011743525,1.4531941361405456,0.0,0.0,0.0,0.0,0.0,0.0,-0.4250611735009273,0.0,0.0,-0.342049439602558,0.0,0.0774505266202991,-0.342049439602558,0.0,-0.3627493260610226,0.0,0.0,0.0,0.0,0.0,-0.1557286495564674,-0.414402934585119,0.0,0.216244749443786,-0.3438764375768635,0.0,0.0,0.0,0.0,0.0702382901338036,0.0,0.0,0.0,0.0,0.0996609200498291,0.0,0.0,-0.4511377665527411,0.0,0.0,0.0
658,-0.8987404094241707,-0.8712935936026849,-0.8294534274734321,0.0,0.0,0.0,-0.4879281491874382,-0.4736996245442869,0.2167378912082492,0.0,0.0,0.0,0.0,0.0,0.487587900225577,0.0,0.0,0.0,0.0,0.0,0.0667863604625841,0.1058913302834797,0.0,-0.3272112874600533,0.0,-0.2243616109105498,-0.0762825305797351,0.0,0.0,0.1573464583393024,0.0,-0.9624534659089394,-0.7897743171862109,-0.7540938406333467,0.0,0.0,0.0,0.1091918751751489,-0.6531496456254943,0.1351545733256697,0.6534947559163983,-0.6301083729936023,-0.8700814320857928,0.0,-0.2532281477762196,0.5070003511196578,0.2650230644696756,1.430894636097353,0.0,0.0,0.0,0.0,0.0,0.0,-0.3945097563345132,0.0,0.0,-0.3292689132780875,0.0,0.0694627618150432,-0.3292689132780875,0.0,-0.3464027683248407,0.0,0.0,0.0,0.0,0.0,-0.2018619564038118,-0.3617637124738395,0.0,0.212478288574902,-0.3709730959571142,0.0,0.0,0.0,0.0,0.0,0.0,0.0,0.0,0.0,0.1080050227097395,0.0,0.0,-0.4706105557326701,0.0,0.0,0.0
659,-0.8934324829289166,-0.8764116211692317,-0.8339193536506913,0.0,0.0,0.0,-0.474855030726091,-0.4677406894365858,0.2407197729215429,0.0,0.0,0.0,0.0,0.0,0.5176327913899949,0.0,0.0,0.0,0.0,0.0,0.0,0.1204470180920455,0.0,-0.2503571613032327,0.0,-0.2485271398866934,-0.0902546156993576,0.0,0.0,0.1661477486556273,0.0,-0.9613215548254196,-0.7933463999100947,-0.7589293701389213,0.0,0.0,0.0,0.0947297320740511,-0.6547575320744291,0.1325548222543543,0.6367933635705438,-0.6412579199267647,-0.8694674591566289,0.0,-0.2640736823074925,0.5052536287031067,0.253100565369618,1.338569215484585,0.0,0.0,0.0,0.0,0.0,0.0,-0.3676580117355357,0.0,0.0,-0.3130382956832787,0.0,0.0687271076108872,-0.3130382956832787,0.0,-0.3309384414241036,0.0,0.0,0.0,0.0,0.0,-0.255403949440716,-0.2977385878704414,0.0,0.204080171821421,-0.4009284896471825,0.0,0.0,0.0,0.0,0.0,0.0,0.0,0.0,0.0,0.1460867614642806,0.0,0.0,-0.4965136418390145,0.0,0.0,0.0
660,-0.8890352194472309,-0.8829869144086007,-0.8434251666348622,0.0,0.0,0.0,-0.4612340356139139,-0.4636057638234539,0.2631256933258576,0.0,0.0,0.0,0.0,0.0,0.5477356124782592,0.0,0.0,0.0,0.0,0.0,0.0,0.1322435335499324,0.0,-0.174859175330422,0.0,-0.2645241905828971,-0.116115624231796,0.0,0.0,0.1753872089538082,0.0,-0.9616971915364833,-0.7960661460798826,-0.7618439905696711,0.0,0.0,0.0,0.0843517460729672,-0.6532429228927029,0.1245559904134653,0.6201441865071784,-0.6537947056932019,-0.8689884757302777,0.0,-0.2739455573666114,0.5171652402305617,0.2440107616066984,1.2278713954519829,0.0,0.0,0.0,0.0,0.0,0.0,-0.361566249497024,0.0,0.0,-0.2918941131286841,0.0,0.0665096359048266,-0.2918941131286841,0.0,-0.3210661718836676,0.0,0.0,0.0,0.0,0.0,-0.2979125489435839,-0.2299983903499968,0.0,0.191420016338273,-0.4200947451489745,0.0,0.0,0.0,0.0,0.0,0.0,0.0,0.0,0.0,0.1269043965878059,0.0,0.0,-0.5193878043637702,0.0,0.0,0.0
661,-0.8844962152153863,-0.8897432217551597,-0.8511454833931649,0.0,0.0,0.0,-0.4543887072928569,-0.4513138559704868,0.2880597357552743,0.0,0.0,0.0,0.0,0.0,0.5622253918794539,0.0,0.0,0.0,0.0,0.0,0.0,0.1437947504613806,0.0,-0.1018247912949881,0.0,-0.2713433710168164,-0.1415522523899079,0.0,0.0,0.1753375471181705,0.0,-0.9608348490796113,-0.799421806475474,-0.7626939006484079,0.0,0.0,0.0,0.0744590026679928,-0.6595319134572689,0.1125951921903049,0.5960272857754879,-0.6563916391609222,-0.8697859473397003,0.0,-0.2749684277246832,0.5240080365370018,0.2603966589813808,1.169860698953365,0.0,0.0,0.0,0.0,0.0,0.0,-0.3592748045386201,0.0,0.0,-0.2717640629303811,0.0,0.0670924814898133,-0.2717640629303811,0.0,-0.3073088758059872,0.0,0.0,0.0627460095827793,0.0,0.0,-0.3423855879971184,-0.1619017530704378,0.0,0.1784447386748989,-0.4287057891621826,0.0,0.0,0.0,0.0,0.0,0.0,0.0,0.0,0.0,0.0991749891592649,0.0,0.0,-0.541376052150705,0.0,0.0,0.0
662,-0.8800062166390665,-0.8940663485910543,-0.8543459183263109,0.0,0.0,0.0,-0.4467637786620861,-0.4529424484406069,0.3072015339757301,0.0,0.0,0.0,0.0,0.0,0.5667099081443305,0.0,0.0,0.0,0.0,0.0,0.0,0.1521889540092064,0.0,-0.0433869724093453,0.0,-0.2832314106110225,-0.1632502611643263,0.0,0.0,0.1754512907025841,0.0,-0.9612987849132524,-0.8028056121791024,-0.7572938839376555,0.0,0.0,0.0,0.0632569308835666,-0.6632994271603113,0.0976615005450871,0.5792487029217904,-0.6557832457737668,-0.873447379196532,0.0,-0.2678908007129795,0.5352187192302077,0.2821810420860995,1.1740894953281251,0.0,0.0,0.0,0.0,0.0,0.0,-0.3485580226836811,0.0,0.0,-0.2514548243270696,0.0,0.073523105920132,-0.2514548243270696,0.0,-0.2959221769213365,0.0,0.0,0.0717293818080601,0.0,0.0,-0.3707816012923016,-0.1086468739163022,-0.0724762323663008,0.1628094583188153,-0.4195002592485221,0.0,0.0,0.0,0.0,0.0,0.0,0.0,0.0,0.0,0.0864821889359316,0.0,0.0,-0.561712230288744,0.0,0.0,0.0
663,-0.8774554923972104,-0.8981393004717697,-0.8592590498028896,0.0,0.0,0.0,-0.4489782112345385,-0.4446780491547658,0.2873758090797483,0.0,0.0,0.0,0.0,0.0,0.5729250074632846,0.0,0.0,0.0,0.0,0.0,0.0,0.1564147594123738,0.0,0.0,0.0,-0.2858742344591675,-0.1740460578701904,0.0,0.0,0.1723020463722928,0.0,-0.9617503901828376,-0.8075088991305148,-0.7558261630014591,0.0,0.0,0.0,0.0,-0.6700106219051445,0.0795060260553747,0.5609088152126307,-0.6486716729551842,-0.8763622666405446,0.0,-0.2530687052594182,0.5447567679868472,0.3046854175237262,1.2830002622445709,0.0,0.0,0.0,0.0,0.0,0.0,-0.3455840656786773,0.0,0.0,-0.2344314848580194,0.0,0.0809738510785436,-0.2344314848580194,0.0,-0.2834402577693568,0.0,0.0,0.0832196848440498,0.0,0.0,-0.3961255582786363,-0.0748981385536737,-0.1378284172429555,0.1463491442730491,-0.4047457774491431,0.0,0.0,0.0,0.0,0.0,0.0,0.0,0.0,0.0,0.0745329003181693,0.0,0.0,-0.581294133037103,0.0,0.0,0.0
664,-0.8768864224708017,-0.9016833858156664,-0.8630225850831925,0.0,0.0,0.0,-0.4454455849782696,-0.4432863738799399,0.2888217332628782,0.0,0.0,0.0,0.0,0.0,0.576263183953901,0.0,0.0,0.0,0.0,0.0,0.0,0.1540407348762788,0.0,0.0,0.0,-0.2869362012138274,-0.1759384690637532,0.0,0.0,0.1683880485901732,0.0,-0.9623284199594764,-0.8132071448803531,-0.7507664807879184,0.0,0.0,0.0,0.0,-0.6835593527086204,0.0666207519932229,0.5454862930210331,-0.6411668561620268,-0.8814570870438874,0.0,-0.2270750622376649,0.548580538846306,0.3319530353189907,1.416883965319201,0.0,0.0,0.0,0.0,0.0,0.0,-0.3379101109737101,0.0,0.0,-0.213110690036051,0.0,0.0938226500648952,-0.213110690036051,0.0,-0.2743358962437571,0.0,0.0,0.0916890051230757,0.0,0.0,-0.4057320326344537,-0.058408455427672,-0.1855657345027941,0.1251486571464877,-0.3807650301258896,0.0,0.0,0.0,0.0,0.0,0.0,0.0,0.0,0.0,0.0661869363659285,0.0,0.0,-0.5936520183213911,0.0,0.0,0.0
665,-0.8756962389808893,-0.9038062867621316,-0.8646195704435891,0.0,0.0,0.0,-0.4392700068631392,-0.4476084399705921,0.2863522279173541,0.0,0.0,0.0,0.0,0.0,0.5809105284690876,0.0,0.0,0.0,0.0,-0.0579783192635819,0.0,0.1547480674167581,0.0,0.0,0.0,-0.2842847567169289,-0.1659511426576379,0.0,0.0,0.1652057961588657,0.0,-0.9624091860104644,-0.8189669025442755,-0.7463170234753342,0.0,0.0,0.0,0.0,-0.6992760812144689,0.0,0.5295960442478156,-0.6362663640361405,-0.8863939593882812,0.0,-0.1913801810992988,0.542279954631379,0.3549891108946371,1.486966517890686,0.0,0.0,0.0,0.0,0.0,0.0,-0.3259795097954542,0.0,0.0,-0.1926038090131522,0.0,0.1215485278661941,-0.1926038090131522,0.0,-0.2641202438510091,0.0658099688284542,0.0,0.0970658060837342,0.0,0.0,-0.404466169569172,-0.0540935224379136,-0.2189743053406231,0.1041449769209294,-0.3530224288663559,0.0,0.0,0.0,0.0,0.0,0.0,0.0,0.0,-0.0686517968723734,0.0758444556478739,0.0,0.0,-0.5941959955104905,0.0,0.0,0.0
666,-0.8765229243688522,-0.9054506969973732,-0.866958795043054,0.0,0.0,0.0,-0.4406098733727195,-0.4427533264290683,0.2931141026903618,0.0,0.0,0.0,0.0,0.0,0.5664345739629479,0.0,0.0,0.0,0.0,-0.084611655564449,0.0,0.1467769464424101,0.0,0.0,0.0,-0.2823504998912131,-0.1606588681854659,0.0,0.0,0.1679035050301789,0.0,-0.9628312307193858,-0.8263137847209889,-0.7391994062937186,0.0,0.0,0.0,0.0,-0.7234282386298836,0.0,0.5106365096414683,-0.6329327160814119,-0.8912905149123573,0.0,-0.1535808630255339,0.5411833076423697,0.3883592432775893,1.6125747055598003,0.0,0.0,0.0,0.0,0.0,0.0,-0.3022222432480324,0.0,0.0,-0.1822277480417614,0.0,0.1390972892518319,-0.1822277480417614,0.0,-0.2580607666092004,0.068972819352982,0.0,0.1002581505478125,0.0,0.0,-0.4076203847960709,-0.069776873155209,-0.2317118316780825,0.0877196128400391,-0.3270982895260697,0.0,0.0,0.0,0.0,0.0,0.0,0.0,0.0,-0.0883071510270221,0.0934219310426274,0.0,0.0,-0.5892247186789716,0.0,0.0,0.0
667,-0.8777149674381857,-0.9058987809312492,-0.8695414653881457,0.0,0.0,0.0,-0.4434460052868616,-0.4376439279436069,0.2799041735751714,0.0,0.0,0.0,0.0,0.0,0.5782416528371868,0.0,0.0,0.0,0.0,-0.1001644947679704,0.0,0.1389883773517276,0.0,0.0,0.0,-0.2819592090169479,-0.1514922835783514,0.0,0.0,0.1570906663055895,0.0,-0.9635776851018204,-0.8329740912928361,-0.7241477284177184,0.0,0.0698587891168632,0.0,0.0,-0.7497765703481276,0.0,0.4702265547512024,-0.6275106996328816,-0.8923938332483905,0.0,-0.1119881101115255,0.5181811329156584,0.378877350394512,1.5847187477252274,0.0,0.0,0.0,0.0,0.0,0.0,-0.2847916092823435,0.0,0.0,-0.1697836873087241,0.0,0.1695444922210286,-0.1697836873087241,0.0,-0.2500208714510252,0.0619353643704578,0.0,0.1026263488938797,0.0,0.0,-0.4126849315945758,-0.093598313369479,-0.2504396728923621,0.0769147563782457,-0.2999377827598295,0.0,0.0,0.0,0.0,0.0,0.0,0.0,0.0,-0.0811974473441374,0.1087580427008476,0.0,0.0,-0.5851555699276361,0.0,0.0,0.0
668,-0.8798042925526532,-0.90727169043583,-0.868621480456873,0.0,0.0,0.0,-0.4317340978848229,-0.43497637564996,0.2693401139946331,0.0,0.0,0.0,0.0,0.0,0.5853093929650801,0.0,0.0,0.0,0.0,-0.1058728807308483,0.0,0.1324127208202721,0.0,-0.0927218375570193,0.0,-0.2924398865605732,-0.1349067415328091,0.0,0.0,0.1518872749199578,0.0,-0.9642121975274572,-0.8368835707378004,-0.712427966409386,0.0,0.0907345639767634,0.0,0.0,-0.7727544353636264,0.0,0.4335079243803621,-0.6252597735350952,-0.8921006807029417,0.0,-0.082153105166864,0.4927071586662013,0.3941565316883667,1.4735679081424795,0.0,0.0,0.0,0.0,0.0,0.0,-0.2707108604676071,0.0,0.0,-0.1554233858084799,0.0,0.1688288959773887,-0.1554233858084799,0.0,-0.2419742104079008,0.0,0.0,0.1004724868966421,0.0,0.0,-0.4204212420369899,-0.122235056855393,-0.2601090291739687,0.0776499361199587,-0.2758791242964657,0.0,0.0,0.0,0.0,0.0,0.0,0.0,0.0,-0.0434766933768575,0.126588169414092,0.0,0.0,-0.576310528021639,0.0,0.0,0.0
669,-0.8784396236320688,-0.9081389082526076,-0.8671507650178927,0.0,0.0,0.0,-0.4083646614778057,-0.4306489190839333,0.2536205651802798,0.0,0.0,0.0,0.0,0.0,0.5878017133007464,0.0,0.0,0.0,0.0,-0.1055789938861066,0.0,0.1313329835069801,0.0,-0.1499439748543926,0.0,-0.3028773837341522,-0.1288420097022068,0.0,0.0,0.149598356407823,0.0,-0.9648465406321614,-0.8410602110028654,-0.6956111240062258,0.0,0.1117334424978203,0.0,0.0,-0.7895320215262367,0.0,0.4025780879680797,-0.6237394644768544,-0.8857589500561511,0.0,-0.0677257369218164,0.4768274267211018,0.3937757195156892,1.475145496734482,0.0,0.0,0.0,0.0,0.0,0.0,-0.2671210872837296,0.0,-0.052967415707464,-0.1411957714711166,0.0,0.1572602936763424,-0.1411957714711166,0.0,-0.2414159588228144,0.0,0.0,0.0965021071446309,0.0,0.0,-0.4366560874840913,-0.1434554987402915,-0.2653081867376456,0.087642924198878,-0.2630993328919331,0.0,0.0,0.0,0.0,0.0,0.0,0.0,0.0,0.0,0.1567774158003072,0.0,0.0,-0.570777681657178,0.0,0.0,0.0
670,-0.878065247084511,-0.9090878378393206,-0.8663571539865078,0.0,0.0,0.0,-0.3906600174762052,-0.4113721606513233,0.2253556810505738,0.0,0.0,0.0,0.0,0.0,0.5914439333477862,-0.0645588836844585,0.0,0.0,0.0,-0.0977168682395656,0.0,0.1294355721797333,0.0,-0.2104766814906706,0.0,-0.3205444422984396,-0.1357271905990786,0.0,0.0,0.1411392227370329,0.0,-0.9662369468655512,-0.8392031174246408,-0.6714961276289663,0.0,0.132196455460547,0.0,0.0,-0.8064532385996798,0.0,0.3583292514745265,-0.6220224549722972,-0.8769720096487319,0.0,-0.0515227373623616,0.4625931239004027,0.4160658746176864,1.5098568675991015,0.0,0.0,0.0,0.0,0.0,0.0,-0.2746155707837727,0.0,-0.0622366354851672,-0.12306260045547,0.0,0.1377866640354582,-0.12306260045547,0.0,-0.2342075265655824,0.0,0.0,0.0911067836453077,0.0,0.0,-0.4602243711687617,-0.1649864699792059,-0.2512564164223284,0.0862992794915185,-0.252816868880705,0.0,0.0,0.0,0.0,0.0,0.0,0.0,0.0,0.0,0.1795285614575301,0.0,0.0,-0.5585300995667932,0.0,0.0,0.0
671,-0.8762260632679104,-0.9104279407528044,-0.8649425275039015,0.0,0.0,0.0,-0.3595952350623037,-0.3895233357634345,0.2122724871418976,0.0,0.0,0.0,0.0,0.0,0.5806870100118393,-0.072852906846267,0.0,-0.0685903573022134,0.0,-0.0705712043553246,0.0,0.1428788384777333,0.0,-0.278443347970212,0.0,-0.342086827676703,-0.14056576415719,0.0,0.0,0.128070630571139,0.0,-0.968092113687891,-0.8348924250810672,-0.6328639432039712,0.0,0.1498297519205022,0.0,0.0,-0.8154343643777172,0.0,0.3336990258181986,-0.6207832737855955,-0.8662100302095945,0.0,-0.0505512571307584,0.4505633440207243,0.4119432527710092,1.4847586564218735,0.0,0.0,0.0,0.0,0.0,0.0,-0.2854461682456882,0.0,-0.0759103951613343,-0.0910810123908095,0.0,0.1201923488089289,-0.0910810123908095,0.0,-0.2369996829714754,0.0,0.0,0.0882174717846078,0.0,0.0,-0.4983543943478129,-0.1791118815840462,-0.2413047733230924,0.0809718661668814,-0.244914604062697,0.0,0.0,0.0,0.0,0.0,0.0,0.0,0.0,0.0,0.198906861912052,0.0,0.0,-0.5579161928443636,0.0,0.0685403825444988,0.0
672,-0.8719199880823956,-0.9135774608640445,-0.8627129117230243,0.0,0.0,0.0,-0.3373519679620685,-0.3684219247126796,0.2018748926621557,0.0,0.0,0.0,0.0,0.0,0.5663807767655878,-0.0714524161302365,0.0,-0.0984218023388592,0.0,0.0,0.0,0.1712098115912464,0.0,-0.3519296372966898,0.0,-0.3657712719968918,-0.1588228390682745,0.0,0.0,0.1108250266976656,0.0,-0.9696964092649848,-0.8295839484539007,-0.5840106552519915,0.0,0.1620108448705817,0.0,0.0,-0.8109018377691477,0.0,0.3090346732941222,-0.6205497845012286,-0.8520891830283985,0.0,-0.061787677380721,0.4378842070337599,0.3769540971110442,1.3621182026433087,0.0,0.0,0.0,0.0,0.0,0.0,-0.3115294460142803,0.0,-0.0793402299312059,-0.0767170855698376,0.0,0.099815350646851,-0.0767170855698376,0.0,-0.2471849621040628,0.0,0.0,0.0851568106297482,0.0,0.0,-0.5161430543964113,-0.1721059234259747,-0.2233064985369332,0.0809276219953317,-0.2332320873361989,0.0,0.0,0.0,0.0,0.0,0.0,0.0,0.0,0.0,0.2224956878524123,0.0,0.0,-0.5517968771876981,0.0,0.0,0.0
673,-0.8654100632410451,-0.9168205203979976,-0.8620215485763598,0.0,0.0,0.0,-0.3165717944588889,-0.3368736277299871,0.1900308264854936,0.0,0.0,0.0,0.0,0.0,0.5171568536227639,-0.0432849049692664,0.0,-0.1296882658775429,0.0,0.0,0.0,0.2070427439359787,0.0,-0.4209398137958044,0.0,-0.3883870680085158,-0.1770917700662175,0.0,0.0,0.0932818809023624,0.0,-0.9712228570786574,-0.8214163040331706,-0.5237539916421391,0.0,0.1690998062330958,0.0,0.0767911417737555,-0.8059546769044514,0.0705574019679754,0.302009931069659,-0.6207061481833016,-0.823797541699245,0.0,-0.078880508331289,0.4405074532722851,0.3366472930125483,1.2356799995949708,0.0,0.0,0.0,0.0,0.0,0.0,-0.3471206340041198,0.0,-0.0912167808942617,-0.0620238632835742,0.0,0.0805325836112924,-0.0620238632835742,0.0,-0.2640271364574895,0.0,0.0,0.0800972725492912,0.0,0.0,-0.5332688685551505,-0.1567946673541641,-0.1932817719995544,0.0,-0.2067406998649029,0.0,0.0,0.0,0.0,0.0,0.0,0.0,0.0,0.0,0.2159149892158123,0.0,0.0,-0.5521932889263483,0.0,0.0,0.0
674,-0.8596240846941177,-0.9195933947813396,-0.8621259745842571,0.0,0.0,0.0,-0.3064376016610122,-0.3228226162629437,0.1801613244781039,0.0,0.0,0.0,0.070954933020265,0.0,0.4739058570956847,0.0,0.0,-0.166267727621571,0.0,0.0,0.0,0.2418623643070485,0.0,-0.4965648419922666,0.0,-0.4076946259678926,-0.1812839096975839,0.0,0.0,0.0772167101768736,0.0,-0.9724051106218172,-0.8137809526424155,-0.4523380773738458,0.0,0.1693197109524565,0.0,0.0914033172006033,-0.7930827989776917,0.0954131027188981,0.3115714256017686,-0.6226087448307822,-0.7922974394925023,0.0,-0.0916939818576903,0.455767376266378,0.2972701145601725,1.112811573076964,0.0,0.0,0.0,0.0,0.0,0.0,-0.3946175545137294,0.0,-0.0943050253993942,-0.049889923113316,0.0,0.0645331964470835,-0.049889923113316,0.0,-0.2854404970433008,0.0,0.0,0.0770047040222043,0.0,0.0,-0.5473330416116867,-0.1330703059919709,-0.1546244808008866,0.0,-0.1638268184330263,0.0,0.0,0.0,0.0,0.0,0.0,0.0,0.0,0.0,0.1797651519141906,0.0,0.0,-0.5567290666430296,0.0,0.0,0.0
675,-0.8529155133458937,-0.921115182480818,-0.8607169432199719,0.0,0.0,0.0,-0.2916953387591335,-0.3102019457685779,0.1655212016647495,0.0,0.0,0.0,0.0703207938725914,0.0,0.4326996682489757,0.0,0.0,-0.2017727985034412,0.0,0.0,0.0,0.2906510547977955,0.0,-0.5523784769860937,0.0,-0.4265873013148852,-0.1652651043716717,0.0,-0.0815464915385502,0.0,0.0,-0.9734214192393482,-0.8069296035351395,-0.3726293927365066,0.0,0.1629483337794935,0.0,0.1132126841347162,-0.7796838515000074,0.1202911848015605,0.3297834587043887,-0.6234632053910206,-0.7673137328167137,0.0,-0.1021824121681845,0.4726588929843653,0.2655448885812724,1.0163056282858671,0.0642037152848335,0.0,0.0,0.0,0.0,0.0,-0.4373789609950228,0.0,-0.1021605316645651,-0.0472128183816378,-0.0615879116930933,0.0654827330443549,-0.0472128183816378,0.0,-0.3058193271381464,0.0,0.0,0.073856831263461,0.0,0.0,-0.5611858584929886,-0.1080167173059803,-0.1163399300339706,0.0,-0.12984632154255,0.0,0.0,0.0,0.0,0.0,0.0,0.0,0.0,0.0,0.1596888037955259,0.0,0.0,-0.5613247678548453,0.0,0.0,0.0
676,-0.8393958204149706,-0.9193088122324052,-0.8588825899118531,0.0,0.0,0.0,-0.2820965226131509,-0.2939539254854442,0.1462569270441171,0.0,0.0,0.0,0.0665419915519611,0.0,0.3840399027190705,0.0,0.0,-0.2374648439990993,0.0,0.0,0.0,0.3356483524257707,0.0,-0.5972448526913486,0.0,-0.4389886705604781,-0.1285189500890858,0.0,-0.1115427533098958,0.0,0.0,-0.974640745750878,-0.8005572478037304,-0.3030528044753635,0.0,0.1496277170596257,0.0,0.1091028847418257,-0.7572109930873262,0.1413979454129728,0.3483588222284792,-0.6238600668792422,-0.7488881461001339,0.0,-0.1083492138041423,0.4960441836537569,0.2244361850045544,0.968216631612784,0.0656611993720407,0.0,0.0,0.0,0.0,0.0,-0.472204072503109,0.0,-0.1052497268016486,-0.0510869499605501,-0.1111705908151567,0.0691372719573393,-0.0510869499605501,0.0,-0.3299795422528845,0.0,0.0,0.0715691144495941,0.0,0.0,-0.5566227303133003,-0.0798656007150199,-0.0777485553332175,0.0,-0.0853970655875869,0.0,0.0,0.0,0.0,0.0,0.0,0.0,0.0,0.0,0.1253806468309434,0.0,0.0,-0.5676064340910975,0.0,0.0,0.0
677,-0.8177717565838629,-0.9132900871398562,-0.8550116360412496,0.0,0.0,0.0,-0.2756151013384765,-0.2932517082398836,0.1278121630034887,0.0,0.0,0.0,0.062221124182514,0.0,0.3376085476335806,0.0,0.0,-0.274431879254117,0.0,0.0,0.0,0.3755299907281319,0.0,-0.6163024392280703,0.0,-0.4466386946698222,-0.0756293231464312,0.0,-0.1240545655447019,0.0,0.0,-0.9744198505934172,-0.796787241931494,-0.245329748916683,0.0,0.1387520675083198,0.0,0.0735872162180043,-0.7404483403195068,0.1597341953178495,0.3885584960445443,-0.6250761137079497,-0.7379672384785316,0.0,-0.1005491677194383,0.51405921708121,0.2453661295149403,0.9862491889636764,0.0,0.0,0.0,0.0,0.0,0.0,-0.5047982965931334,0.0,-0.1046352688432573,-0.0658693386241272,-0.1530823069866987,0.0829079239604037,-0.0658693386241272,0.0,-0.3585169296763932,0.0,0.0,0.0676319505483715,0.0,0.0,-0.5530849334224134,-0.046271071095581,0.0,0.0,0.0,0.0,0.0,0.0,0.0,0.0,0.0,0.0,0.0,0.0,0.0,0.0,0.0,-0.571685447069449,0.0,0.0,0.0
678,-0.8004645785892931,-0.905481189400088,-0.849311987414006,0.0,0.0,0.0,-0.2749956883225913,-0.2997328489543764,0.1122253100453998,0.0,0.0,0.0,0.0,0.0,0.2852298816148553,0.0,0.0,-0.2978883278002733,0.0,0.0,0.0,0.4039628279593484,0.0,-0.616559725018842,0.0,-0.4450061315226434,0.0,0.0,-0.1303471387645832,0.0,0.0,-0.9733191936055676,-0.7938430834849165,-0.1912387414833659,0.0,0.1826020624332386,0.0,0.0773461422226673,-0.7247244480296252,0.169544699493928,0.4482750116358429,-0.6292422772008202,-0.7283586627681391,0.0,-0.0876907061806583,0.5348543818146921,0.266453416377137,1.0480564974196138,0.0,0.0,0.0,0.0,0.0,0.0,-0.5181777419219382,0.0,-0.1087162172122702,-0.0796451147704445,-0.1845802407158871,0.1097813916661664,-0.0796451147704445,0.0,-0.3877378332664516,0.0,0.0,0.0,0.0,0.0,-0.5412629178390469,0.0,0.0,0.0,0.0,0.0,0.0,0.0,0.0,0.0,0.0,0.0,0.0,0.0,0.0,0.0,0.0,-0.5605833243918869,0.0,0.0,0.0
679,-0.7863412907644194,-0.8953440818534655,-0.8220197841738677,0.0,0.0,0.0,-0.2799997645434718,-0.3136774811040118,0.0916622765337456,0.0,0.0,0.0,0.0,0.0,0.2301900625498652,0.0,0.0,-0.3171760021599275,0.0,0.0,0.0,0.389224941100498,0.0,-0.5993134121863434,0.0,-0.4427513400695603,0.0,0.0,-0.1251670140026399,0.0779234037359853,0.0,-0.9716910336140708,-0.792157524253586,-0.1608183815013046,0.0,0.200563976448545,0.0,-0.0675438884292803,-0.71244545143585,0.1679092961392785,0.5158429136528812,-0.629660716900753,-0.712261542129256,0.0,-0.0681749155723903,0.5643141337472574,0.3146086460479771,1.1468886594574723,0.0,0.0,0.0,0.0,0.0,0.0,-0.5280891485431984,0.0,-0.1102692352041435,-0.1014210823334538,-0.1979519827166209,0.1297516781846789,-0.1014210823334538,0.0,-0.4104439524059765,0.0,0.0,0.0,0.0,0.0,-0.5293981372793419,0.0,0.0,0.0,0.0,0.0,0.0,0.0,0.0,0.0,0.0,0.0,0.0,0.0,0.0658984648041337,0.0,0.0,-0.5512144123375131,0.0,0.0,0.0
680,-0.7791952929666238,-0.882470377100268,-0.7972516282868468,0.0,0.0,0.0,-0.2775581127365052,-0.3298856096980492,0.0737675207329015,0.0,0.0,0.0,0.0,0.0,0.1892176155877058,0.0,0.0,-0.3114158951134288,0.0,0.0,0.0,0.3624796454622516,0.0,-0.566008334618459,0.0,-0.4412894733457684,0.0,0.0,-0.1012180984247619,0.0986868203961809,-0.0480511077168479,-0.9709215994931202,-0.7880965546989636,-0.150815274575437,0.0,0.1466804978627682,0.0,-0.0777648890435839,-0.706010755850836,0.1581849345709289,0.5527989346739405,-0.6274816519916392,-0.7106516495385716,0.0,-0.0516815148191661,0.5850565137452627,0.3665703700117559,1.301275498026519,0.0,0.0,0.0,0.0,0.0,0.0,-0.5237015912243007,0.0,-0.10695600301683,-0.1235973128841824,-0.2015640014133709,0.1287087678064401,-0.1235973128841824,0.0,-0.426824205494803,0.0,0.0,0.0,0.0,0.0,-0.5238643118615824,0.0,0.0,0.0,0.0,0.0,0.0,0.0,0.0,0.0,0.0,0.0,0.0,0.0,0.081030112122922,0.0,0.0,-0.5393438264698441,0.0,0.0,0.0
681,-0.7741824193476127,-0.870558488115305,-0.7628686501129404,0.0,0.0,0.0,-0.2612753458830352,-0.3460433815028552,0.0,0.0,0.0,0.0,0.0,0.0,0.1529196197890086,0.0,0.0,-0.3008266524639912,0.0,0.0,0.0,0.3360782995305093,0.0,-0.5069266044430338,0.0,-0.4408350118071318,0.0,0.0,-0.061925596291967,0.1401008925949753,-0.1085007901919749,-0.9695727488624524,-0.7837437909535411,-0.1612855922737983,0.0,0.1068198646626848,0.0,-0.0751906169060342,-0.6982066298201208,0.1429159827170033,0.5688809247949416,-0.6271961693781664,-0.7038493472185333,0.0,0.0,0.5980532503085584,0.3759536133096802,1.4377544560617106,0.0,0.0,0.0,0.0,0.0,0.0,-0.5234016314342134,0.0,-0.0995018719721581,-0.1272844190757311,-0.1866331757227324,0.1065507789525779,-0.1272844190757311,0.0,-0.4356523187592929,0.0,0.0,0.0,0.0,0.0,-0.5120777015991261,0.0,0.0,0.0,0.0,0.0,0.0,0.0,-0.063334522011131,0.0,0.0,0.0,0.0,0.0,0.0931822014989792,0.0,0.0,-0.518600653257115,0.0,0.0683430346547801,0.0
682,-0.7739934871390975,-0.8602744421869502,-0.7225791882512816,0.0,0.0,0.0,-0.2486659028770936,-0.3647523932794636,0.0,0.0,0.0,0.0,0.0,0.0,0.1237911280586018,0.0,0.0,-0.2831415195175049,0.0,0.0,0.0,0.3135620878903208,0.0,-0.4392123469676223,0.0,-0.4401276907551321,0.0,0.0,0.0,0.1785425769563569,-0.1622502631561119,-0.9683921667882482,-0.7794045777639427,-0.1998864987554598,0.0,0.0688284607788023,0.0,-0.0729921730671145,-0.6939939792371157,0.1267975266764717,0.5953940125300345,-0.6266642579287105,-0.7008409473980136,0.0,0.0,0.6096468811407567,0.3490302522784313,1.381712303367138,0.0,0.0,0.0,0.0,-0.0782526597457714,0.0,-0.5209635246602786,0.0,-0.088317136204297,-0.1135409456543563,-0.1657573366857084,0.0856762535115948,-0.1135409456543563,0.0,-0.4379341556297941,0.0,0.0,0.0619753449521881,0.0,0.0,-0.50918144514071,0.0,0.0,0.0,0.0,0.0,0.0,0.0,-0.0696873956904268,0.0,0.0,0.0,0.0,0.0,0.1011750021504365,0.0,0.0,-0.4955808775984856,0.0,0.0782132602271372,0.0
683,-0.7800630633619179,-0.8528684913427793,-0.6820571750327457,0.0,0.0,0.0,-0.242418021306068,-0.3767416725435549,0.0,0.0,0.0,0.0,0.0,0.0,0.1108069121978503,0.0,0.0,-0.2603861983975725,0.0,0.0,0.0,0.2869687474255864,0.0,-0.3659335097172523,0.0,-0.4336596605120267,0.0,0.0,0.0,0.2149765054249533,-0.1909298514061848,-0.9665151563739932,-0.7764379764784977,-0.2482126284659489,0.0,0.0,0.0,-0.0726151721122955,-0.692714735645428,0.1145263441889698,0.6232504337200562,-0.6201205001935958,-0.6927748033493396,0.0,-0.0460912271725586,0.614606613309854,0.3172515169653564,1.376153577365754,0.0,0.0,0.0,0.0,-0.1019049481534902,0.0,-0.5144754072044854,0.0,-0.0705622908562726,-0.0977138374975258,-0.1412952572552784,0.0646666597016297,-0.0977138374975258,0.0,-0.438982934754304,0.0,0.0,0.0663071923717912,0.0,0.0,-0.5046221855024534,0.0,0.0,0.0,0.0,0.0,0.0,0.0,0.0,0.0,0.0,0.0,0.0,0.0,0.1080138267630264,0.0,0.0,-0.4703110937800357,0.0,0.0,0.0
684,-0.7916852074108793,-0.8513942749485914,-0.6431724018058254,0.0,0.0,0.0,-0.2391550361962288,-0.3844614024963682,0.0,0.0,0.0,0.0,0.0,0.0,0.115762230345644,0.0,0.0,-0.2361828928994122,0.0,0.0,0.0,0.2749135527922762,0.0,-0.2989881439084515,0.0,-0.4243672076895506,0.0,0.0,0.0,0.2353742173421632,-0.1984942239013392,-0.9649670721425316,-0.770819092749155,-0.3007104487077828,0.0,0.0,0.0,-0.0687406502207896,-0.6987697263179429,0.1021416420775562,0.6489444470274259,-0.612071410837988,-0.6884847879014492,0.0,-0.0686859315749295,0.6212130140665638,0.3171989946312682,1.4826723250703608,0.0,0.0,0.0,0.0,-0.0893917830541697,0.0,-0.509460933438744,0.0,-0.0578324959632741,-0.0705498540091448,-0.1137954761200339,0.0,-0.0705498540091448,0.0,-0.4268613938090921,0.0,0.0,0.0693478837682437,0.0,0.0,-0.4992882327439285,0.0,0.0,0.0,0.0,0.0,0.0,0.0,0.0,0.0,0.0,0.0,0.0,0.0,-0.1073996207373749,0.0,0.0,-0.442631828435968,0.0,0.0,0.0
685,-0.8051517572125035,-0.8551496717265472,-0.6111755154763678,0.0,0.0,0.0,-0.220569136564536,-0.3886515571305989,0.0,0.0,0.0,0.0,0.0,0.0,0.1341652689177996,0.0,0.0,-0.2153351819051271,0.0,0.0,0.0,0.2459295763966742,0.0,-0.2347968781840988,0.0,-0.4145256196636821,0.0,0.0,0.0,0.2272106143796062,-0.1959481935669829,-0.9632511456455086,-0.7673515746551238,-0.3516034882834042,0.0,0.0,0.0,0.0696386897187458,-0.7008646246800851,0.0884113684673359,0.671201924907639,-0.6079390763526991,-0.6789710908385624,0.0,-0.1141761640955619,0.6233751725847018,0.3140871107520277,1.4062181464082029,0.0,0.0,0.0,0.0,-0.0434005404824154,-0.0804440423297581,-0.5081801771982176,0.0,-0.0441705936080784,0.0,-0.0775506665566314,0.0,0.0,0.0,-0.4022131352268112,0.0,0.0,0.0754242357961918,0.0,0.0,-0.4924229506247065,0.0,0.0,0.0,0.0,0.0,0.0,0.0,0.0,0.0,0.0,0.0,0.0,0.0,-0.1234459089711268,0.0,0.0,-0.4208447075308492,0.0,0.0,0.0
686,-0.8172899058642967,-0.8648020929658276,-0.5912275967199293,0.0,0.0,0.0,-0.210385298194643,-0.3839752754062557,0.0,0.0,0.0,0.0,0.0,0.0,0.1612422155941233,0.0,0.0,-0.1904000752970689,0.0,0.0,0.0,0.2044474348747716,0.0,-0.1662059547339355,0.0,-0.4019326849508255,0.0,0.0,0.0,0.2139478664439627,-0.1746097606922533,-0.9605028626801236,-0.7642794852887279,-0.3959976279348431,0.0,0.0,0.0,0.0742430866907297,-0.7077034308119922,0.0790748160558746,0.6889930222971206,-0.6042396151996307,-0.6776663458822219,0.0,-0.1583761200956039,0.6383105431844012,0.3156140876961051,1.3108868522928834,0.0,0.0,0.0,0.0,0.0,-0.1035675790352426,-0.5242696335345814,0.0,0.0,0.0,0.0,0.0,0.0,0.0,-0.3698292852496403,0.0,0.0,0.0862226186566268,0.0,0.0,-0.476222574240443,0.0,0.0,0.0,-0.0549462932763155,0.0,0.0,0.0,0.0,0.0,0.0,0.0,0.0,0.0,-0.129455387766156,0.0,0.0,-0.3844138884110131,0.0,0.0,0.0
687,-0.8293130052215856,-0.8738002259345508,-0.5767731091502559,0.0,0.0,0.0,-0.1896015108783018,-0.3693841959025399,0.0,0.0,0.0,0.0,0.0,0.0,0.1713961086404288,0.0,0.0,-0.1602088227460046,0.0,-0.0697211795449615,0.0,0.1768761704190192,0.0,-0.1029367823938488,0.0,-0.3851451246208265,0.0,0.0,0.0,0.1977295424978384,-0.1358319744858566,-0.9578378187483394,-0.7626989512230139,-0.4339456801052151,0.0,0.0,0.0,0.0642488688725268,-0.7154113639248553,0.0848873043970692,0.679037183738982,-0.6010263000673409,-0.676520210749714,0.0,-0.2076383871246017,0.654498900509146,0.3436518796191063,1.2605363035703154,0.0,0.0,0.0,0.0,0.0,-0.1270192212228065,-0.5336212434601485,0.0,0.0,0.0,0.0,0.0,0.0,0.0,-0.338750853245446,0.0,0.0,0.0965264481256649,0.0,0.0,-0.4721756826468663,0.0,0.0,0.0,-0.080084352695742,0.0,0.0,0.0,0.0,0.0,0.0,0.0,0.0,0.0,-0.1150870431943722,0.0,0.0,-0.354663262758119,0.0,0.0,0.0
688,-0.837899843134186,-0.8827662035580084,-0.5692580058672451,0.0,0.0,0.0,-0.17448112942687,-0.3552630258578155,0.0,0.0,0.0,0.0,0.0,0.0,0.1457143112546424,0.0,0.0,-0.1386587733654029,0.0,-0.0967178024872448,0.0,0.1763612975025532,0.0,-0.0485172713971826,0.0,-0.3689549032909535,0.0,0.0,0.0,0.1855126264284768,-0.0854511967007841,-0.9552573183866492,-0.7646678285243546,-0.4702304967836636,0.0,0.0641076214472159,0.0,0.0,-0.7203731170980451,0.0953319809328965,0.692942480355748,-0.5950701304145994,-0.6789227845375339,0.0,-0.2541053662250415,0.6629517686939003,0.3756955893385026,1.3126070801570104,0.0,0.0,0.0,0.0,0.0,-0.1371027333759708,-0.5383631066771248,0.0,0.0,0.0,0.0,0.0,0.0,0.0,-0.3002797934115392,0.0,0.0,0.0884724501066615,0.0,0.0,-0.4663181497506896,0.0,0.0,0.0,-0.090770239355262,0.0,0.0,0.0,0.0,0.0,0.0,0.0,0.0,0.0,-0.0949475385695339,0.0,0.0,-0.3318330853881274,0.0,0.0,0.0
689,-0.8363865729965623,-0.8874760900199159,-0.5713536077662903,0.0,0.0,0.0,-0.156820713652731,-0.3363238657828746,0.0,0.0,0.0,0.0,0.0,0.0,0.1248878671111026,0.0,0.0,-0.1147201155950036,0.0,-0.1124331515059405,0.0,0.1743558514931676,0.0,0.0,0.0,-0.3559026077109709,0.0,0.0,0.0,0.1693269704380847,0.0,-0.9519333158248684,-0.7685378360872057,-0.4921376348888266,0.0,0.0758182962014806,0.0,0.0,-0.7310240286161824,0.112986679020175,0.7131214102477362,-0.5833597176905699,-0.6825587421817,0.0,-0.2973680998913494,0.6809241678643948,0.4004376792249158,1.2299396897714807,0.0,0.0,0.0,0.0,0.0,-0.1275655155749644,-0.5346125477322331,0.0,-0.048815015804018,0.0,0.0,0.0,0.0,0.0,-0.2632401665287194,0.068094667335548,0.0,0.0761348990259724,0.0,0.0,-0.457988265704051,0.0,0.0,0.0,-0.0908321852551897,0.0,0.0,0.0,0.0,0.0,0.0,0.0,0.0,0.0,-0.0615752186299501,0.0,0.0,-0.3051794690563961,0.0,0.0,0.0
690,-0.8330365483588834,-0.8893366050246585,-0.5800459561241007,0.0,0.0,0.0,-0.1373621999546223,-0.320176212676736,0.0,0.0,0.0,0.0,0.0,0.0,0.1081770198365764,0.0,0.0,-0.0988240179643919,0.0,-0.1180399034198435,0.0,0.1896745204890398,0.0,0.0,0.0,-0.3444682118744461,-0.0806230571766748,0.0,0.0,0.1568140961279644,0.0,-0.9493284607047944,-0.7720952353425293,-0.5107063183526094,0.0,0.0678009360024422,0.0,0.0,-0.7362057426488972,0.1304824591418486,0.7170550940836801,-0.5749060912254591,-0.682864811636782,0.0,-0.3201269708263632,0.6874993039621273,0.4126495525412531,1.2531155753498089,0.0,0.0,0.0,0.0,0.0,-0.1106724076234771,-0.5255870154948319,0.0,-0.0602718963990832,0.0,0.0,0.0,0.0,0.0,-0.2312647295108861,0.0855279871591808,0.0,0.0675325993542271,0.0,0.0,-0.4553212085267537,0.0,0.0,0.0,-0.0783227440379706,0.0,0.0,0.0,0.0,0.0,0.0,0.0,0.0,0.0,0.0,0.0,0.0,-0.2824755707062086,0.0,0.0,0.0
691,-0.8296354187186674,-0.8879980654333783,-0.589257987070264,0.0,0.0,0.0,-0.1107792174704236,-0.2976635383592541,0.0,0.0,0.0,0.0,0.0,0.0,0.127259389945182,0.0,0.0,-0.0866047955446787,0.0,-0.1121431728126693,0.0,0.1942258323842113,0.0,0.0,0.0,-0.3391435562177275,-0.1283533728879268,0.0,0.0,0.1416529825584299,0.0,-0.9470389177419208,-0.7791355166511075,-0.5243424949576837,0.0,0.0721325160627101,0.0,0.0,-0.745596866552924,0.1447807507494459,0.7082631469818303,-0.567193469518002,-0.6746045051213498,0.0,-0.3266649252615944,0.6930750087289141,0.365047826030727,1.276034959617977,0.0,0.0,0.0,0.0,0.0,-0.096579525772651,-0.5069695520657219,0.0,-0.0844048606718766,0.0,0.0,0.0,0.0,0.0,-0.194755277991759,0.0820654542584848,0.0,0.0,0.0,0.0,-0.4648209361980283,-0.0437085955443087,0.0,0.0,-0.0648338579153433,0.0,0.0,0.0,0.0,0.0,0.0,0.0,0.0,0.0,0.0,0.0,0.0,-0.2600680281360479,0.0,0.0,0.0
692,-0.8184730427570327,-0.8830432951338647,-0.5919416328618915,0.0,0.0,0.0,-0.0922945111780654,-0.2755934824766783,0.0,0.0,0.0,0.0,0.0,0.0,0.1480922040380424,0.0,0.0,-0.0771098307629492,0.0,-0.0989646866151901,0.0,0.1917194350229423,0.0,0.0,0.0,-0.3379618958052688,-0.1666825174690286,0.0,0.0,0.1103600129037389,0.0,-0.9448202823739136,-0.7851520808953322,-0.5364922886669881,0.0,0.0734921443743598,0.0,0.0,-0.751246068063386,0.1585278411154578,0.673482569280478,-0.5543225316965136,-0.6674145604018947,0.0,-0.3276543167999731,0.6948749291447889,0.3081621334277413,1.277931845800523,0.0,0.0,0.0,0.0,0.0,-0.0718451760691242,-0.469500397184328,0.0,-0.1080619085021412,0.0,0.0,0.0,0.0,0.0,-0.1548731015488359,0.0764528532679108,0.0,0.0,0.0,0.0,-0.4691761402058665,-0.0497704505607457,0.0,0.0,-0.0479251018022984,0.0,0.0,0.0,0.0,0.0,0.0,0.0,0.0,0.0,0.0,0.0,0.0,-0.2515180731337857,0.0,0.0,0.0
693,-0.8046127119526001,-0.8737964547451154,-0.5910537628919763,0.0,0.0,0.0,-0.0668883599108486,-0.2638627062553891,0.0,0.0,0.0,0.0,0.0,0.0,0.1671482067679914,0.0,0.0,-0.0782794452146162,0.0,-0.083396485887578,0.0,0.185998594413015,0.0,0.0,0.0,-0.3440405559346229,-0.1966569030623286,0.0,0.0,0.0720727625158774,0.0,-0.9431810769558536,-0.7904221406583718,-0.5643611425616989,0.0,0.0677669951863289,0.0,0.0,-0.7560508264255952,0.1663310368797624,0.6342531688415279,-0.5281832871536964,-0.657159277854799,0.0,-0.311881545348494,0.692391340740701,0.2841519990231017,1.2985965318853911,0.0,0.0,0.0,0.0,0.0,-0.0434052964170299,-0.4227047141933289,0.0,-0.119652276025472,0.0,0.0,0.0,0.0,0.0,-0.1228372301006331,0.0,0.0,0.0,0.0,0.0,-0.4729781370728582,-0.0548457858348191,0.0,0.0,0.0,0.0,0.0,0.0,0.0,0.0,0.0,0.0,0.0,0.0,0.0,0.0,0.0,-0.2552144379895125,0.0,0.0,0.0
694,-0.7897517338147408,-0.8644882471995254,-0.5898983276386225,0.0,0.0,0.0,-0.0492735418251652,-0.2620281926196236,0.0,0.0,0.0,0.0,0.0,0.0,0.1807620977613608,0.0,0.0,-0.086750923962919,0.0,-0.0584419132013348,0.0,0.1872872006080141,0.0,0.0,0.0,-0.3448380112469519,-0.2132443370526798,0.0,0.0,0.0,0.0,-0.9422742200515204,-0.7948075699589727,-0.5926034628352398,0.0,0.0,0.0,0.0,-0.7596547862530758,0.1740598066366498,0.6133371258193668,-0.5088456836478479,-0.6530714283947365,0.0,-0.2926705275368863,0.667930209611837,0.2664240103128232,1.2977064931802664,0.0,0.0,0.0,0.0,0.0,0.0,-0.3719691235135601,0.0,-0.1370093124134515,-0.0486588342381289,0.0,0.0,-0.0486588342381289,0.0,-0.1033391493725019,0.0,0.0,0.0,0.0,0.0,-0.4770787741734223,-0.0634900935497319,0.0,0.0,0.0,0.0,0.0,0.0,0.0,0.0,0.0,0.0,0.0,0.0,0.0,0.0,0.0,-0.2659045286169222,0.0,0.0,0.0
695,-0.7722923814387729,-0.8565525177261266,-0.5795013856234466,0.0,0.0,0.0,0.0,-0.2589475438799866,0.0,0.0,0.0,0.0,0.0,0.0,0.1932119938183731,0.0,0.0,-0.1060659950499349,0.0,-0.0496829263714461,0.0,0.196210414991698,0.0,0.0,0.0,-0.3495831954402696,-0.2373879392463027,0.0,0.0,0.0,0.0,-0.9410130420991584,-0.8013652485288995,-0.628253188095546,-0.0666332691586296,0.0,0.0,0.0,-0.7585547160677645,0.1800375609644353,0.5962412099975043,-0.488974899416892,-0.6379737219513881,0.0,-0.2648800296512004,0.6660047959504196,0.2901111993573112,1.2987818758365182,0.0,0.0,0.0,0.0,0.0,0.0,-0.3317775735250876,0.0,-0.1467536654185203,-0.0894514861711886,0.0,0.0,-0.0894514861711886,0.0,-0.0828939877081277,0.0,0.0,0.0,0.0,0.0,-0.4690389736528704,-0.0713094659599891,0.0,0.0,0.0,0.0,0.0,0.0,0.0,0.0,0.0,0.0,0.0,0.0,0.0,0.0,0.0,-0.2915880010858224,0.0,0.0,0.0
696,-0.7538138306052412,-0.8539359606874957,-0.5668753651090221,0.0,0.0,0.0,-0.048508714634372,-0.2613870597180013,0.0,0.0,0.0,0.0,0.0,0.0,0.1978231409875323,0.0,0.0,-0.123077949833025,0.0,0.0,0.0,0.2295830894560154,0.0,0.0,0.0,-0.3521794529793917,-0.2641275748170388,0.0,-0.0621328690099019,0.0,0.0,-0.9395549949279888,-0.8053324002090971,-0.6645556133369701,-0.1358197507919386,0.0725531727189258,0.0,0.0,-0.7617131760137344,0.1858349066599147,0.5632929055783851,-0.4701104807721521,-0.6323536495016339,0.0,-0.2439811649504993,0.6636205306716548,0.3063007812119875,1.28154332118922,0.0,0.0,0.0,0.0,0.0,0.0,-0.2952656591227083,0.0,-0.1534693455500113,-0.1262019260431559,0.0,0.0,-0.1262019260431559,0.0,-0.0609834031359337,0.0,0.0,0.0,0.0,0.0,-0.4660510803392241,-0.0842648752899443,0.0,0.0,0.0,0.0,0.0,0.0,0.0,0.0,0.0,-0.0452464634761044,0.0,0.0,0.0,0.0,0.0,-0.3217612492958538,0.0,0.0,0.0
697,-0.7385659938898494,-0.8577766840066219,-0.5501587009414939,0.0,0.0,0.0,-0.0556713923649448,-0.2709026589493647,0.0,0.0,0.0,0.0,0.0,0.0,0.1935263553450522,0.0,0.0,-0.141888738319121,0.0,0.0,0.0744311125443337,0.2249133546871751,0.0,-0.0901139612287653,0.0,-0.352849825960591,-0.2842494748583515,0.0,-0.1493759410802703,0.0,0.0,-0.9374805011484167,-0.8082669690718924,-0.6969287326008263,-0.1763902424377282,0.1113624887520181,0.0,0.0,-0.7655515388811911,0.1888341150906209,0.4939163882414529,-0.4566867459030895,-0.6306830529650874,0.0,-0.2323227002814563,0.6777856763935975,0.3360692973130963,1.2178644625451784,0.0,0.0,0.0,0.0,0.0,0.0,-0.2708779241901116,0.0,-0.1539108644018032,-0.1480588851295908,0.0,0.0,-0.1480588851295908,0.0,-0.0473710934212108,0.0,0.0,0.0,0.0,0.0,-0.4467013338483174,-0.090693363119214,0.0,0.0,0.0,0.0,0.0,0.0,0.0,0.0,0.0,-0.0710438827459461,0.0,0.0,0.0,0.0,0.0,-0.3636811461372617,0.0,0.0,0.0
698,-0.7260281700387617,-0.8667594425537599,-0.5354673057006928,0.0,0.0,0.0,-0.0734994148905976,-0.2759323871272111,0.0,0.0,0.0,0.0,0.0,0.0,0.181744057212645,0.0,0.0,-0.1544194447203344,0.0,0.0,0.097048673149831,0.2093065496460419,0.0,-0.1394470393439755,0.0,-0.353063839559382,-0.3208765788593845,0.0,-0.2056669397295538,0.0,0.0,-0.9353360150277492,-0.8081239995891154,-0.7257966534859854,-0.2089996711428961,0.1382320086782946,0.0,0.0,-0.7635239029902636,0.1918573962481975,0.4505099554513785,-0.4529556305832175,-0.6420549839659766,0.0,-0.2291795909215886,0.6870173745622322,0.338869516526937,1.1972907322912374,0.0,0.0,0.0,0.0,0.0,0.0,-0.2563309277040675,0.0,-0.15322760160755,-0.1638853086178366,0.0,0.0,-0.1638853086178366,0.0,0.0,0.0,0.0,0.0,0.0,0.0,-0.4266372742020968,-0.0877376740877229,0.0,0.0,0.0,0.0,0.0,0.0,0.0,0.0,0.0,-0.0919989511389896,0.0,0.0,0.0,0.0,0.0,-0.4120183564084567,0.0,0.0,0.0
699,-0.7112782745348283,-0.8778353259330345,-0.5058227695109287,0.0,0.0,0.0,-0.1044367078713774,-0.2874283033954778,0.0,0.0,0.0,0.0,0.0,0.0,0.1628481534633815,0.0,0.0,-0.1577096065253823,0.0,0.0,0.1356535065923778,0.1935802486502182,0.0,-0.1678408376903941,0.0,-0.3450474832767773,-0.3539325902381658,0.0,-0.2349321673778794,0.0,0.0,-0.930464560415162,-0.8110337202299753,-0.7584792299731543,-0.2079838148468904,0.1686290724457411,0.0,0.0,-0.7553524434194815,0.1973478318509498,0.4177267989691701,-0.4538095002856445,-0.6637908082250821,0.0,-0.2377595897650083,0.7091583796751645,0.3368951565745288,1.184214356342433,0.0,0.0,0.0,0.0,0.0,0.0,-0.2536585873882114,0.0,-0.1522456992962963,-0.1708045603666556,0.0,0.0696614615469282,-0.1708045603666556,0.0,0.0,0.0,0.0,0.0,0.0,0.0,-0.4089357429912459,-0.089262359318724,0.0,0.0,0.0,0.0,0.0,0.0,0.0,0.0,0.0,-0.1003021486783617,0.0,0.0,0.0,0.0,0.0,-0.459980869244263,0.0,0.0,0.0
700,-0.7022154405496535,-0.8887916027997464,-0.4849564957634827,0.0,0.0,0.0,-0.147177222607592,-0.2967254014773847,0.0,0.0,0.0,0.0,0.0,0.0,0.1429154394447485,0.0,0.0,-0.1444641660659545,0.0,0.0,0.2007136997821624,0.1891318298769298,0.0,-0.175661242903745,0.0,-0.3349399020844088,-0.3881097528305054,0.0,-0.2453363223711845,0.0,0.0,-0.926631008391654,-0.8112892855215493,-0.7797539656098694,-0.1974670240743707,0.1953865267194148,0.0,0.0,-0.7473275703208805,0.1991416761978157,0.3943062272366489,-0.4606710497233674,-0.6933700827046846,0.0,-0.2519573715006005,0.7433542979250989,0.3388343331962016,1.196872715155904,0.0,0.0,0.0,0.0,0.0,0.0,-0.2553957696580334,0.0,-0.1510130331124452,-0.1813800617330846,0.0,0.091572818516288,-0.1813800617330846,0.0,0.0,0.0,0.0,0.0,0.0,0.0,-0.3912173394101569,-0.0754997448132177,0.0,0.0,0.0,0.0,0.0,0.0,0.0,0.0,0.0,-0.1020438937859405,0.0,0.0,0.0,0.0,0.0,-0.5030830343462396,0.0,0.0,0.0
701,-0.7026798905017342,-0.8996500030250081,-0.467415035146121,0.0,0.0,0.0,-0.1834480393251674,-0.2918033892478383,0.0,0.0,0.0,0.0,0.0,0.0,0.1192430182421495,0.0,0.0,-0.125383306771792,0.0,0.0,0.2682521209348748,0.1882968869191109,0.0,-0.1669195580253242,0.0,-0.326182941591237,-0.4140040831697674,0.0,-0.2449164255351126,0.0,0.0,-0.9227606227229016,-0.8119362964793233,-0.7959202585957411,-0.176750213606834,0.1751423420407363,0.0,0.0,-0.7313347438796179,0.1981336596458993,0.389940402048024,-0.4772468131893012,-0.7262548425070396,0.0,-0.281689751844524,0.7759686628448687,0.3439512165282942,1.2174285245033063,0.0,0.0,0.0,0.0,0.0,0.0,-0.2544743616074129,0.0,-0.1578403302107363,-0.1742181228408671,0.0,0.12889820450016,-0.1742181228408671,0.0,0.0,0.0,0.0,0.0,0.0,0.0,-0.381029048770637,-0.0629446262362934,-0.0640335193138832,0.0,0.0,0.0,0.0,0.0,0.0,0.0,0.0,-0.0955954704217699,0.0,0.0,0.0,0.0,0.0,-0.5477911426628127,0.0,0.0,0.0
702,-0.7075013992068314,-0.911391465554244,-0.4470204000883352,0.0,0.0,0.0,-0.2321634273186001,-0.285032048149097,0.0,0.0,0.0,0.0,0.0,0.0,0.0983275662252319,0.0,0.0,-0.1057460739378173,0.0,0.0,0.3133754301910104,0.1987544965472579,0.0,-0.1296779803152491,0.0,-0.3138252961732486,-0.4391527115269775,0.0,-0.223265925375154,0.0,0.0,-0.9198003161312792,-0.8097688987300233,-0.7884748536288431,-0.1308761472405155,0.1653654827811612,0.0,0.0,-0.7103141087673219,0.204408580148751,0.420463589544545,-0.5014496218748785,-0.7653473499926239,0.0,-0.3136079104187085,0.7785900640316569,0.3506223576059403,1.2386954160359906,0.0,0.0,0.0,0.0,0.0,0.0,-0.2641389915275998,0.0,-0.1686721518765703,-0.1666428629794464,0.0,0.1103864070971093,-0.1666428629794464,0.0,0.0,0.0,0.0,0.0,0.0,0.0,-0.3779005743863704,-0.0444737697670515,-0.1356879634672881,0.0,0.0,0.0,0.0,0.0,0.0,0.0,0.0,-0.0795007630050855,0.0,0.0,0.0,0.0,0.0,-0.5799741976075687,0.0,0.0,0.0
703,-0.7196616561908528,-0.9197581267412628,-0.4286351233732016,0.0,0.0,0.0,-0.2780723108891338,-0.2709377756212452,0.0,0.0,0.0,0.0,0.0,0.0,0.1015875972521129,0.0,0.0,-0.0854659017148358,0.0,0.0,0.2580293444599019,0.2059798957772259,0.0,-0.0801682879112049,0.0,-0.2980997230503373,-0.4535127313426285,0.0,-0.2016327901929812,0.0,0.0,-0.917574272649642,-0.8061814764814556,-0.7709615491932078,-0.0918619440128523,0.1540448610368869,0.0,0.0,-0.6837144373185536,0.2199100652951605,0.4616160171837333,-0.5289383572643234,-0.8056350546848493,0.0,-0.3445404928152391,0.7646207573881383,0.3449376495720969,1.276901859313203,0.0,0.0,0.0,0.0,0.0,0.0,-0.2685997608010416,0.0,-0.1829500049379296,-0.1554367028381832,0.0,0.0960447107355409,-0.1554367028381832,0.0,0.0,0.0,0.0,0.0,0.0,0.0,-0.3831245911980822,0.0,-0.1934507703708753,0.0,0.0,0.0,0.0,0.0,0.0,0.0,0.0,-0.0535090677540946,0.0,0.0,0.0,0.0,0.0,-0.5947055819845057,0.0,0.0,0.0
704,-0.7433606698388585,-0.9263380573041308,-0.4104234998253632,0.0,0.0,0.0,-0.3236530775851572,-0.2514708648066575,0.0,0.0,0.0,0.0,0.0,0.0,0.0916689365388881,0.0,0.0,-0.0776595432679799,0.0,0.0,0.1756101628409452,0.217237934525259,0.0,0.0,0.0,-0.2872204559575261,-0.4617140328876785,0.0,-0.1715799039853634,0.0,0.0,-0.9171879416442166,-0.8033269553761172,-0.737709163663778,-0.0798436316807789,0.1655116001694458,0.0,0.0,-0.6566278403293858,0.2302784127628781,0.502890703940701,-0.5579192871565531,-0.8418496689362958,0.0,-0.3716151336602721,0.7537243033456934,0.3522237379095521,1.2897450523275504,0.0,0.0,0.0,0.0,0.0,0.0,-0.2623904314043538,0.0,-0.2016691543948436,-0.1436017438229145,0.0,0.0905748265706946,-0.1436017438229145,0.0,0.0,0.0,0.0,0.0,0.0,0.0,-0.3984317870009832,0.0,-0.2301842588348553,0.0,0.0,0.0,0.0,0.0,0.0,0.0,0.0,0.0,0.0,0.0,0.0,0.0,0.0,-0.6074224200669189,0.0,0.0,0.0
705,-0.7705008264402691,-0.9292855585294064,-0.3949449800691919,0.0,0.0,0.0,-0.3735329431672889,-0.2374728502933808,0.0,0.0,0.0,0.0,0.0,0.0,0.0828188671153128,0.0,0.0,-0.0791192355448118,0.0,0.0,0.1535818778585827,0.2264058245503354,0.0,0.0,0.0,-0.2739163714844245,-0.4550249699581734,0.0,-0.1522568735963418,0.0,0.0,-0.9185414501875062,-0.8019673617031948,-0.7007410618962817,-0.0714578648872027,0.2046224557644973,0.0,0.0,-0.6365685852734233,0.2453116976443504,0.5259565673161679,-0.5764907516838589,-0.858803038301625,0.0,-0.3975892778169799,0.7415036567259641,0.3514625073021709,1.3289093315528877,0.0,0.0,0.0,0.0,0.0,0.0,-0.2523231451626369,0.0,-0.2218844534306211,-0.1225633092315685,0.0,0.1068993231656026,-0.1225633092315685,0.0,0.0,0.0,0.0,0.0,0.0,0.0,-0.4154096001974929,0.0,-0.2771841956348687,0.0,0.0,0.0,0.0,0.0,0.0,0.0,0.0,0.0,0.0,0.0,0.0,0.0,0.0,-0.6135203485224037,0.0,0.0,0.0
706,-0.8034954812175975,-0.9291048471721872,-0.3848448592716531,0.0,0.0,0.0,-0.4206300470317474,-0.2303348817812333,0.0,0.0,0.0,0.0,0.0,0.0,0.0802613680930233,0.0,0.0,-0.1001062107690281,0.0,0.0,0.1351307833678504,0.1877850132599064,0.0,0.0,0.0,-0.2622618172893692,-0.4519071231817871,0.0,-0.1431377137044404,0.0,0.0,-0.92205451241694,-0.7994188662885005,-0.6504670666838698,-0.0802596929456597,0.2014041782092075,0.0,0.0,-0.6174986802496377,0.2726850256675591,0.5432500126727932,-0.5827320590207319,-0.8690693135485561,0.0,-0.4186493719138463,0.7102908812857185,0.360479435276969,1.35071304958184,0.0,0.0,0.0,0.0,0.0,0.0,-0.2482798569905999,0.0,-0.2363373657749487,-0.1015094349433986,0.0,0.1177419090211203,-0.1015094349433986,0.0,0.0,0.0,0.0,0.0,0.0,0.0,-0.4299606283414656,0.0,-0.2872639748825725,0.0,0.0,0.0,0.0,0.0,0.0,0.0,0.0,0.0,0.0,0.0,0.0,0.0,0.0,-0.62014879354058,0.0,0.0,0.0
707,-0.8425891876552072,-0.9294217301126072,-0.3786685068461373,0.0,0.0,0.0,-0.4560490682672403,-0.2137240004597461,0.0,0.0,0.0,0.0,0.0,0.0,0.0799333762445759,0.0,0.0,-0.1423178690624614,0.0,0.0,0.1169891143953561,0.1513483730603941,0.0,0.0,0.0,-0.2526942795779762,-0.4409946753460153,0.0,-0.1264991301300091,0.0,0.0,-0.9270308553823688,-0.798717807602872,-0.5997559255411972,-0.1007811328668994,0.1807151261945843,0.0,0.0,-0.6064768172211609,0.2962783952892004,0.5402589276348392,-0.5844277190354722,-0.8732042813579635,0.0,-0.4272417703333497,0.6743937093649216,0.3716776417219948,1.3694034405081432,0.0,0.0,0.0,0.0,0.0,0.0,-0.2584853641945766,0.0,-0.2502634460256599,-0.0859495146830215,0.0,0.1251792761718373,-0.0859495146830215,0.0,0.0,0.0,0.0,0.0,0.0,0.0,-0.4431635129525084,0.0,-0.2840377897431966,0.0,0.0,0.0,0.0,0.0,0.0,0.0,0.0,0.0,0.0,0.0,0.0,0.0,0.0,-0.622602459451819,0.0,0.0,0.0
708,-0.862753481728733,-0.9289132600217704,-0.3802283450734173,0.0,0.0,0.0,-0.4918527816573839,-0.205870763244789,0.0,0.0,0.0,0.0,0.0,0.0,0.0695699522190472,0.0,0.0,-0.1976985183373638,0.0,0.0,0.1021568836290873,0.135051231319107,0.0,0.0,0.0,-0.2445725886107902,-0.4314536212604338,0.0,-0.1107879672613657,0.0,0.0,-0.9326267277224534,-0.799148736557219,-0.5387842038126273,-0.1334457918648212,0.1590376098806732,0.0,0.0,-0.6017714260876367,0.3242678011249363,0.5279137041637638,-0.5842181717874476,-0.8732910501673197,0.0,-0.4332159136203121,0.6425884997752631,0.3933050494857141,1.388170315732904,0.0,0.0,0.0,0.0,0.0,-0.0539561639595676,-0.2772652137677746,0.0,-0.2583794664735764,-0.0695831269793597,0.0,0.1316769371576725,-0.0695831269793597,0.0,-0.043628414494625,0.0,0.0,0.0,0.0,0.0,-0.449442421894041,-0.0504522066221313,-0.2726985645047853,0.0,-0.0604013603182876,0.0,0.0,0.0,0.0,0.0,0.0,0.0,0.0,0.0,0.0,0.0,0.0,-0.6254390249016902,0.0,0.0,0.0
709,-0.8786378487728879,-0.929723259276818,-0.3857267275662074,0.0,0.0,0.0,-0.523117442073936,-0.2048793774615405,0.0,0.0,0.0,0.0,0.0,0.0,0.0,0.0,0.0,-0.2606406937070302,0.0,0.0,0.0910984450848972,0.1609406982745044,0.0,0.0,0.0,-0.2460856182749776,-0.4372187169951366,-0.0723442713519837,-0.0831257245696123,0.0,0.0,-0.9366137672439824,-0.8002547233208674,-0.4808263192486226,-0.1792326866419795,0.1346365910222581,0.0,0.0,-0.6078814268986843,0.3481411477674175,0.4980115106644708,-0.5673004103917261,-0.86861044734649,0.0,-0.435572157477711,0.6079845657073655,0.4065918004819429,1.4238069950069776,0.0,0.0,0.0,0.0,0.0,-0.0793344934047891,-0.3020637781569473,0.0,-0.2597773787033343,-0.0580315600577795,0.0,0.1403870768103562,-0.0580315600577795,0.0,-0.0481289418982268,0.0,0.0,0.0,0.0,0.0,-0.4460727888569212,-0.0741404932539607,-0.2573340602888856,0.0,-0.0701698141056076,0.0,0.0,0.0,0.0,0.0,0.0,0.0,0.0,0.0,0.0,0.0,0.0,-0.6274471693278952,0.0,0.0,0.0
710,-0.8925860170507738,-0.930431132226318,-0.381026530023479,0.0,0.0,0.0,-0.5443453426975796,-0.2157205320550021,0.0,0.0,0.0,0.0,0.0,0.0,0.0,0.0,0.0,-0.3084017789581051,0.0,0.0,0.0757423418878345,0.1917380821760441,0.0,0.0,0.0,-0.2462870670620453,-0.4555625308917884,-0.1113028608838943,0.0,0.0,0.0,-0.9398265196619668,-0.8025359055338411,-0.436444305399073,-0.1943118335835265,0.1098877224022156,0.0,0.0,-0.6262074616864493,0.3633045817961333,0.4586466178326086,-0.5483140335750147,-0.8638601621634665,0.0,-0.4363218853689927,0.5716255732836307,0.4018670449231569,1.437859880886548,0.0,0.0,0.0,0.0,0.0,-0.0894388027528848,-0.3310799174499598,0.0,-0.260869150257722,-0.0504631204104042,0.0,0.1435232249371109,-0.0504631204104042,0.0,-0.0731369751670092,0.0,0.0,0.0,0.0,0.0,-0.4338623520339201,-0.1077619311435046,-0.240930122785142,0.0,-0.0619184286989686,0.0,0.0,0.0,0.0,0.0,0.0,0.0,0.0,0.0,0.0,0.0,0.0,-0.6285688341765179,0.0,0.0,0.0
711,-0.903545808739144,-0.9287762374181848,-0.3733778050001281,0.0,0.0,0.0,-0.5621675296107477,-0.2282808154441019,0.0,0.0,0.0,0.0,0.0,0.0,0.0620383918664604,0.0,0.0,-0.3458332315874896,0.0,0.0,0.0797280849046047,0.1874594302579701,0.0,0.0,0.0,-0.2502941844770822,-0.4735019379364832,-0.1224351186645446,0.0,0.0,-0.0490929360191911,-0.9413403956236596,-0.8066052407756229,-0.4037462198482895,-0.2082371611701034,0.1197103092837936,0.0,0.0,-0.6420319465518135,0.3700184839626088,0.4218612948680093,-0.5284209818739758,-0.8560720989143089,0.0,-0.4328318936110749,0.5853099974320181,0.391060961984227,1.3242770111391429,0.0,0.0,0.0,0.0,0.0,-0.09488681234271,-0.3675837218783707,0.0,-0.2563221804652229,-0.0485666934614303,0.0,0.1444489774777561,-0.0485666934614303,0.0,-0.1052391251775089,0.0,0.0,0.0,0.0,0.0,-0.408285195415811,-0.130386398913775,-0.1973156454981869,0.0,-0.0432766689432592,0.0,0.0,0.0,0.0,0.0,0.0,-0.0497539190341222,0.0,0.0,0.0,0.0,0.0,-0.6400151793075968,0.0,0.0,0.0
712,-0.9101524047037342,-0.928521855012387,-0.3613471242105651,0.0,0.0,0.0,-0.5706206788005723,-0.2301230169342156,0.0687680320453471,0.0,0.0,0.0,0.0,0.0,0.0819100919929124,0.0,0.0,-0.3569447146121942,0.0,0.0,0.0820430905545585,0.1779160564121345,0.0,-0.0550150230921994,0.0,-0.2548090124217454,-0.4978100638699324,-0.111945786553145,0.0,0.0,-0.0682380567465578,-0.9409143061646312,-0.8116241826220805,-0.3880912233557078,-0.2084371100337512,0.1268256992669049,0.0,0.0,-0.6573242061052843,0.3722062321552286,0.414158295897742,-0.509328729890003,-0.8509918547311104,0.0,-0.4276430899611914,0.5918786784892133,0.3849881953808549,1.3121343735503712,0.0,0.0,0.0,0.0,0.0,-0.0849670033089862,-0.4043640766151831,0.0,-0.2533384377988287,-0.0584993161052905,0.0,0.1431006549426037,-0.0584993161052905,0.0,-0.1310583307496031,0.0,0.0,0.0,0.0,0.0,-0.3809361427611185,-0.1365406449562658,-0.1687283757999696,0.0,0.0,0.0,0.0,0.0,0.0,0.0,0.0,-0.0619439726124793,0.0,0.0,0.0,0.0,0.0,-0.6451960673762018,0.0,0.0,0.0
713,-0.9144470118747609,-0.9258335587580504,-0.3433252823852354,0.0,0.0,0.0,-0.574163206021608,-0.247851265976473,0.0769351786027764,0.0,0.0,0.0,0.0,0.0,0.1027774907411903,0.0,0.0,-0.356353479410143,0.0,0.0,0.0828200328113378,0.1704259138411123,0.0,-0.0841559872661034,0.0,-0.2660795078371858,-0.5142625610453461,-0.0904708875320622,0.0,0.0,-0.0840903582641187,-0.9400659927477176,-0.8174573423552627,-0.3883984658299369,-0.1836537112719888,0.1288966518761671,0.0,0.0,-0.6792282520719861,0.3537245461042472,0.4079570480996744,-0.4934554134359828,-0.8461949956522886,0.0,-0.4280523734913796,0.5643070857037694,0.3232692748482377,1.2870046578561338,0.0,0.0,0.0,0.0,0.0,-0.0703890763514524,-0.4364597119902399,0.0,-0.2491023927787991,-0.0659757814244164,0.0,0.1432638005401009,-0.0659757814244164,0.0,-0.1601417128535951,0.0,0.0,0.0,0.0,0.0,-0.3531000467778566,-0.1396309581148841,-0.1304746494879178,0.0,0.0,0.0,0.0,0.0,0.0,0.0,0.0,-0.0628661024002983,0.0,0.0,0.0,0.0,0.0,-0.6539623216512661,0.0,0.0,0.0
714,-0.9180965949648184,-0.9242189662252008,-0.3228404677680642,0.0,0.0,0.0,-0.5713300539779516,-0.2552364902187017,0.0855088009449346,0.0,0.0,0.0,0.0,0.0,0.1082529434076979,0.0,0.0,-0.3289925122976563,0.0,0.0,0.0806067896149818,0.1732175111006252,0.0,-0.095406168160543,0.0,-0.2827712739794737,-0.5263591267123588,-0.0643533980497765,0.0,0.0,-0.109413347798824,-0.9395544654592268,-0.8200977111629978,-0.4051773283010682,-0.1654702500051564,0.1361849425835953,0.0,0.0,-0.6947329733789173,0.3467975367474737,0.4213254127127992,-0.4851576090187031,-0.8414887602730712,0.0,-0.4255406498955137,0.5404448783021342,0.2839281115689366,1.256229870175845,0.0,0.0,0.0,0.0,0.0,-0.0455651929730238,-0.4431588803225047,0.0,-0.2362207296012566,-0.0750924317243939,0.0627311229372738,0.14096417151944,-0.0750924317243939,0.0,-0.1833169773605534,0.0,0.0,0.0,0.0,0.0,-0.3273777766326609,-0.1131738373564939,-0.0724596046760935,0.0,0.0,0.0,0.0,0.0,0.0,0.0,0.0,-0.0491321347198538,0.0,0.0,0.0,0.0,0.0,-0.6620337875657638,0.0,0.0,0.0
715,-0.9185213102555964,-0.9242110213923188,-0.2841565120834953,0.0,0.0,0.0,-0.5625279662213553,-0.2618838991620964,0.0959634749485777,0.0,0.0,0.0,0.0,0.0,0.1042598524700856,0.0,0.0,-0.2907225275737141,0.0,0.0,0.073901749262524,0.1742908946024188,0.0,-0.0908220195438964,0.0,-0.2966979125925918,-0.5327532134435568,0.0,0.0,0.0,-0.124398926523178,-0.9353337714252232,-0.8243358747479249,-0.4374370380844112,-0.1481208057628447,0.1422131610649603,0.0,0.0,-0.7065969191354277,0.3565505104594643,0.4495526083191805,-0.4824414435742284,-0.8433011709108315,0.0,-0.4211870158077223,0.5130263190936813,0.2639665650774888,1.2247964094288557,0.0,0.0,0.0,0.0,0.0,0.0,-0.4467584693235712,0.0,-0.2317719205104518,-0.0914326294264874,0.0626996348750316,0.1363842470669526,-0.0914326294264874,0.0,-0.2064932169423964,0.0,0.0,0.0,0.0,0.0,-0.311060370890476,-0.0850708993412381,0.0,0.0,0.0,0.0,0.0,0.0,0.0,0.0,0.0,0.0,0.0,0.0,0.0,0.0,0.0,-0.6729238219756429,0.0,0.0,0.0
716,-0.9177673218230492,-0.9229498788958166,-0.2459604260750636,0.0,0.0,0.0,-0.5535739385278345,-0.2808663823547342,0.1208513266196562,0.0,0.0,0.0,0.0,0.0,0.0949732285080101,0.0,0.0,-0.2401081729004341,0.0,0.0,0.0680166854927759,0.2001736653347451,0.0,-0.0664930635357976,0.0,-0.30776152752538,-0.53659868863981,0.0,0.0,0.0,-0.1392719669577233,-0.9325486140229148,-0.8275058371171099,-0.4806758605302901,-0.1270010023221739,0.1321014422551489,0.0,0.0,-0.7118433526526416,0.3499080916272584,0.4724309758361715,-0.4844994334576241,-0.8505416396932812,0.0,-0.4045668968507034,0.4714825559939428,0.2666135085137891,1.2024829728109394,0.0,0.0,0.0,0.0,0.0,0.0,-0.4287414723225676,0.0,-0.2295187186857543,-0.10023545146011,0.0627782694875415,0.1328329448122114,-0.10023545146011,0.0,-0.2123081419250004,0.0,0.0,0.0,0.0,0.0,-0.3088261185389397,-0.0523296958010624,0.0,0.0,0.0,0.0,0.0,0.0,0.0,0.0,0.0,0.0,0.0,0.0,0.0,0.0,0.0,-0.6776432103258643,0.0,0.0,-0.072271969553798
717,-0.9166495804427184,-0.922163182291006,-0.2132822666847319,0.0,0.0,0.0,-0.5387117450276535,-0.2860728928469949,0.1488317803644973,0.0,0.0,0.0,0.0,0.0,0.0869122526898384,0.0,0.0,-0.1871529245404188,0.0,0.0,0.0,0.2144946723918063,0.0,0.0693206566350907,0.0,-0.3223603345970599,-0.5258928563115709,0.0,0.0,0.0,-0.155237257087758,-0.930664255030361,-0.8320397626271229,-0.5337101638266233,-0.1061217017046673,0.1345132533741254,0.0,0.0,-0.7139949869180511,0.3516488217682519,0.4979660479054708,-0.4868698606751598,-0.8567587350886314,0.0,-0.3853977282817127,0.4475996163396734,0.2774877959456903,1.1967338559137215,0.0,0.0,0.0,0.0,0.0,0.0,-0.39454038421231,0.0,-0.2270801504655287,-0.1082509032062652,0.0,0.1253956009418006,-0.1082509032062652,0.0,-0.2128634306440952,0.0,0.0,0.0,0.0,0.0,-0.3163817468960463,0.0,0.0,0.0,0.0,0.0,0.0,0.0,0.0,0.0,0.0,0.0,0.0,0.0,0.0,0.0,0.0,-0.6799991921994237,0.0,0.0,-0.1043227256226859
718,-0.9152702281234816,-0.9227989137601792,-0.1851389838832272,0.0,0.0,0.0,-0.5250400064606355,-0.2995145102801079,0.1700285018266249,0.0,0.0,0.0,0.0,0.0,0.0804324855456595,0.0,0.0,-0.1409037047731628,0.0,0.0,0.0,0.2335177148524343,0.0,0.067926967157182,0.0,-0.3323650791335878,-0.5048449839527174,0.0,0.0,0.0,-0.1667025424560127,-0.930179996993445,-0.8345138494077744,-0.5830418322364119,-0.0997768279356604,0.149060836569292,0.0621753878305046,0.0,-0.7157283110850197,0.3504183444790458,0.5138972062367235,-0.4953096876030547,-0.8645332493783089,0.0,-0.3658541239264662,0.4295099750145599,0.2923760904137105,1.16797624479227,0.0,0.0,0.0,0.0,0.0,0.0,-0.3613816561126288,0.0,-0.2231992274958592,-0.1112860343850272,0.0,0.1246482600077913,-0.1112860343850272,0.0,-0.1945155567576378,0.0,0.0,0.0,0.0,0.0,-0.337132994574546,0.0,0.0,0.0,0.0,0.0,0.0,0.0,0.0,0.0,0.0,0.0,0.0,0.0,0.0,0.0,0.0,-0.6774287453912231,0.0,0.0,-0.11072024831687
719,-0.9127991027085898,-0.9254131366416908,-0.1719180758798643,0.0,0.0,0.0,-0.5129310207897267,-0.3173855071099691,0.1941729041734008,0.0,0.0,0.0,0.0,0.0,0.0768745515115387,0.0,0.0,-0.1102509770325389,0.0,0.0,0.0,0.2453215854429138,0.0,0.0714923443349061,0.0,-0.3366371797758624,-0.4773071564594702,0.0,0.0,0.0,-0.1770568002113296,-0.931402927448584,-0.8354143401416736,-0.6308529912965901,-0.0935611897155965,0.1378852254336478,0.0,0.0,-0.7157238418002064,0.357616085135213,0.5127438021815727,-0.5052572534994012,-0.8724834784137534,0.0,-0.342576307664566,0.415152315808662,0.3170151870849626,1.1846280540386875,0.0,0.0,0.0,0.0,0.0,0.0,-0.3274858479299217,0.0,-0.219103969066089,-0.1016173343282244,-0.0560034913672597,0.12071914074272,-0.1016173343282244,0.0,-0.1777517466002422,0.0,0.0,0.0,0.0,0.0,-0.3693404877937928,0.0,0.0,0.0,0.0,0.0,0.0,0.0,0.0,0.0,0.0,0.0,0.0,0.0,0.0,0.0,0.0,-0.6744222058616719,0.0,0.0,-0.1120786443102885
720,-0.9105167252581752,-0.9270698579272558,-0.169914770498014,0.0,0.0,0.0,-0.4927994038951265,-0.3265626057048604,0.1840223811471442,0.0,0.0,0.0,0.0,0.0,0.0695102335423144,0.0,0.0,-0.0948153274710168,0.0,0.0,0.0,0.2496101845007302,0.0,0.073658107272761,0.0,-0.3466592782781323,-0.4491444446087952,0.0,0.0,0.0,-0.1815146915936331,-0.933364000775259,-0.8347934326536568,-0.6661302341964997,-0.1081917048719034,0.1221758123065103,0.0,0.0,-0.7130631274400708,0.3607102139697772,0.4942655487636352,-0.5097202411346526,-0.88253280466679,0.0,-0.3225297229168647,0.4107529648989128,0.3561370626103806,1.145535466516818,0.0,0.0,0.0,0.0,0.0,0.0,-0.2884815216775297,0.0,-0.2181116211564023,-0.1023349189551774,-0.0878804700141368,0.1184213273515745,-0.1023349189551774,0.0,-0.1538942699391926,0.0,0.0,0.0,0.0,0.0,-0.4031324644348194,0.0,0.0,0.0,0.0,0.0,0.0,0.0,0.0,0.0,0.0,0.0,0.0,0.0,0.0,0.0,0.0,-0.6666259013146975,0.0,0.0,-0.0833991065168033
721,-0.9082706129253676,-0.930861612318496,-0.1823053636244588,0.0,0.0,0.0,-0.4758529729501515,-0.3503235345078574,0.1651625211642092,0.0,0.0,0.0,0.0,0.0,0.065892425428643,0.0,0.0,-0.0909757736844874,0.0,0.0,0.0,0.2495108864450026,0.0,0.0666293768441659,0.0,-0.3521326679342528,-0.4268907203213178,0.0,0.0,0.0,-0.187882364659222,-0.93690418439855,-0.8280724913171315,-0.695456308391309,-0.1245528990686522,-0.0983402383384753,0.0,0.0,-0.7097643555227416,0.3499520973719954,0.4638757809289223,-0.5132527577827098,-0.8908530383800586,0.0,-0.3054219825633573,0.3920901774579005,0.4119425567123181,1.3189976262520595,0.0,0.0,0.0,0.0,0.0,0.0,-0.2549754846348784,0.0,-0.2173556690539995,-0.0945795100895862,-0.1212655720630787,0.1125617488708062,-0.0945795100895862,0.0,-0.1371428942618789,0.0,0.0,0.0,0.0,0.0,-0.4303143578573015,0.0,0.0,0.0,0.0,0.0,0.0,0.0,0.0,0.0,0.0,0.0,0.0,0.0,0.0,0.0,0.0,-0.6522707594557632,0.0,0.0,-0.0521349169680461
722,-0.9045668037223616,-0.9351557844638694,-0.2019757137080915,0.0,0.0,0.0,-0.4660065175679127,-0.3636035745275914,0.1356162655837132,0.0,0.0,0.0,0.0,0.0,0.0626988828460818,0.0,0.0,-0.0892261480639838,0.0,0.0,0.0,0.2482806172521104,0.0,0.0,0.0,-0.3572007367842109,-0.406475629633945,0.0,0.0,0.0,-0.1999453780926222,-0.939840103810103,-0.8235787116525962,-0.7130640462005365,-0.1447318613242328,-0.1185634674084969,0.0,0.0,-0.705635129843488,0.3444922746192884,0.4323256314458926,-0.5117029880778265,-0.8969811532297332,0.0,-0.295006678584748,0.373094451611884,0.4601847500615948,1.3189577849071086,0.0,0.0,0.0,0.0,0.0,0.0,-0.2333703744314278,0.0,-0.2155246174545847,-0.0794355246387447,-0.1630627558940794,0.1073772076685496,-0.0794355246387447,0.0,-0.1116832275533479,0.0,0.0,0.0,0.0,0.0,-0.4556175302706747,0.0,0.0,0.0,0.0,0.0,0.0,0.0,0.0,0.0,0.0,0.0,0.0,0.0,0.0,0.0,0.0,-0.633701402168543,0.0,0.0,0.0
