"","X1","X3","X5","X6","X7","X8","X9","X11","X13","X16","X17","X18","X20","X21","X22","X23","X24","X26","X28","X29","X30","X31","X32","X33","X34","X35","X36","X37","X38","X39","X40","X41","X42","X43","X44","X46","X47","X49","X50","X52","X53","X54","X57","X58","X59","X60","X61","X62","X64","X65","X66","X67","X68","X70","X71","X72","X73","X74","X75","X76","X77","X78","X79","X81","X83","X84","X85","X88","X89","X93","X94","X95","X96","X97","X99","X101","X103","X104","X106","X107","X108","X109","X110","X111","X112","X113","X114","X115","X116","X117","X118","X119","X120","X121","X122","X123","X124","X125","X128","X129","X130","X131","X137","X142","X143","X147","X148","X157","X158","X159","X166","X168","X173","X176","X177","X187","X190","X191","name"
"1","0.91342324201597","-0.0295594521773047","-0.291770061093554","-0.240402318827952","-0.255851980274559","-0.236220069629514","-0.015969586366606","0.659080678185913","0.313069307413392","1.10812523696705","1.73059932008101","-0.585462068485693","0.256745129441013","-0.392357737478698","0.401358729495094","-0.613604593590649","0.143754260904907","0.416695559663706","0.237038883559433","0.0219991701057703","0.0696563239125379","-0.173650211664194","0.110352569883162","0.0680161609148535","-0.135271025251088","-0.0516206213075207","-0.306856773700966","-0.0374052005063624","-0.313659200253421","-0.0679463782482068","-0.293930702319138","-1.0258891239","-0.152498579042989","-0.199388753622147","-0.194047254250024","-0.101207400572296","0.691532638059676","-0.412299204076748","-0.370187857764007","0.8278438095501","-0.505004520753416","1.29220133867091","0.255442562465836","-0.342827775754274","0.203760954489638","-0.702145298667794","0.0902829379434004","-0.402125330963567","0.449489568902184","-0.493451514563556","-0.654499403873275","0.0556921285189255","0.584348098430918","0.357933497804224","1.60421899035524","0.652526752544577","0.799759167973529","-0.80742828790086","-0.103652888824956","-0.662816822967419","-0.575198152138746","-0.608868882993676","0.937074524343128","0.825660195842137","0.243852926750337","-0.0831970510694586","0.243847765103389","-0.236922216544769","0.393079211393395","-0.273810337314757","-0.733354984273574","-0.0296535333274521","-0.750491443904367","0.396104235403404","-0.355188706259715","1.03530741493265","-0.496616866073864","0.762849465258375","0.0650508263606461","0.497584580462402","0.289250057638322","-0.367865164796464","-0.306339761127422","-0.405856167364295","0.877815104601875","1.05325615554113","-0.270658112668895","0.823054891753102","-0.418778598667145","-0.327864216388844","0.0482013346629381","0.618448959029249","-0.350169461700591","-0.313457834410768","-0.355843068135255","-0.380680358071884","-0.297444457433377","-0.389043683289174","-0.448765039202102","0.281132763062667","-0.185513879031495","0.0190037040438523","-0.270658112668895","0.748726318128736","0.811163579603796","-0.399566196405613","1.62700633657747","-0.493246804831839","-0.323976796901256","0.877815104601875","1.05325615554113","-0.0266989950051738","0.576019554808105","-0.794837374719735","-0.270658112668895","-0.185976500431359","-0.152498570332605","-0.152498570332605","carbaryl"
"2","-0.366832737401733","-1.6157702557563","-0.180889437293591","0.636458822449357","0.668891582663595","0.634279403943116","0.399239659165151","0.564128595106935","0.287911303868022","0.781650734121447","0.941265332823188","0.705478892566837","0.502611576498103","-0.59828117935378","0.699298951022574","-0.353278001671495","1.17096915191429","0.382721894916721","0.184235903141235","0.384732469610334","0.254905139481979","0.563403756501282","0.304143024570584","0.148034936049852","0.769480818004239","-0.108078408015192","0.686707017859412","-0.24407081589432","0.527608018830084","-0.289490455455679","0.537547304392074","0.651133328440594","-0.1524985789817","0.614505303129543","0.644598437209257","0.440899971446629","-0.0538873650895007","0.821919708821975","1.95286634748272","0.968094342257784","0.955695571470625","-0.40035227629265","0.187542065391818","0.0335609053369077","0.159650342127253","0.737111432220526","0.516756462192848","0.962922312221749","0.402672753033925","-0.493451514563556","-0.0597512048545949","0.567945475472884","-0.246022312904925","0.377442286464449","0.394551596009066","-0.302536893638698","0.82765395941645","0.805451824537233","0.115798852973772","1.26609390305843","-0.575198152138746","0.0597372126955697","-0.672974099614392","-0.363619885980868","0.309695666935354","-0.0309948491251108","-0.50312582836431","0.350499623461331","-0.489530928476979","-0.29094486642107","1.36724369333336","1.03798521172506","0.938415064892413","-0.114644962581466","-0.355188706259715","-0.580783659791163","-0.111137151688593","-0.158393806201975","0.319340420315899","-0.572222267531762","0.634743182039651","-0.367865164796464","-0.306339761127422","-0.405856167364295","-0.301748942206895","-0.795315872551464","1.66905836145819","0","-0.418778598667145","-0.327864216388844","1.29179576896674","-0.590337642709738","1.3228624108689","0.723364233255618","1.03517983457529","-0.380680358071884","-0.297444457433377","-0.389043683289174","0.889529756348062","-0.294520037494223","0.766153470308194","0.413516198200085","1.66905836145819","-0.401103384711823","-0.351504217828312","0.418593158139214","-0.371887162646278","-0.493246804831839","-0.323976796901256","-0.301748942206895","-0.795315872551464","-0.409384590079331","-0.376628170451453","0.554294485001921","-0.270658112668895","-0.185976500431359","-0.152498570332605","-0.152498570332605","chlorpyrifos"
"3","1.29096308469205","-0.400025266223409","0.399476741678309","1.02223052535869","1.0258037424578","1.02374693617493","1.0699622865626","0.346012775888348","0.458044153842757","1.00587772783408","1.37117045088325","0.708208708090154","0.979331519194881","-0.497432368646547","0.80724528059571","-0.509283747711875","0.454389362525678","1.39297602972486","1.21589533539145","1.1549230759735","1.08185580011779","1.02653428059179","1.16429090933411","1.05119319406987","0.956795182088302","1.13621704280383","0.989688354838793","1.05797245629451","0.599520227348667","0.889862505031476","0.528196219973304","-1.33773214189721","-0.152498539349734","1.06305440808978","0.906994586240724","1.12561644165657","0.613359825468494","-0.412299204076748","2.04135515463925","0.800049066866016","0.269064039733414","-0.40035227629265","1.57409806302981","1.00155287600833","-0.279556649997328","-0.2350910885452","0.590338871863211","0.0585546980696318","-0.298429817422427","2.23796506693223","0.202413787206779","-0.529799231774179","1.6914005132663","2.12506521584807","0.441170706656161","-0.302536893638698","2.02895698991298","0.0938377152271063","-0.4148797785688","0.21878435840293","2.84378627164846","0.623082302938119","1.94120273526487","-0.363619885980868","0.858092534076337","0.415983009415555","1.06363367815002","0.653385566075917","-0.489530928476979","-0.547542035134976","0.325155018150106","0.582945544256152","0.103253060742894","0.504078349637575","-0.241317027917385","1.69866885241661","0.596387245561474","-0.158393806201975","1.16697240016674","-0.572222267531762","0.634743182039651","0.6866816409534","-0.306339761127422","0.387408159756827","-0.301748942206895","1.05325615554113","-0.270658112668895","0.823054891753102","1.08184471322346","-0.327864216388844","0.877264290865474","-0.590337642709738","0.486346474584154","-0.313457834410768","1.03517983457529","1.25624518163722","-0.297444457433377","0.726214875473125","0.678660721753098","0.856785563619557","1.40932745760231","1.06792456907646","-0.270658112668895","0.748726318128736","0.811163579603796","0.418593158139214","-0.371887162646278","-0.493246804831839","0.942477954621835","-0.301748942206895","1.05325615554113","-0.409384590079331","1.52866728006766","0.104583865094702","-0.270658112668895","-0.185976500431359","-0.152498570332605","-0.152498570332605","cypermethrine"
"4","-0.328524763848469","-0.0825671710930657","-0.206590244134642","0.457142756140322","0.486024326269876","0.451917934275205","0.271482968232303","-0.254950250816336","-0.622305528194327","-0.97628889658563","-0.834736138506902","0.708221667244128","0.464949258687423","-0.575029946990699","0.509325874226143","-0.427619625300462","0.403283857298227","0.467183422780927","0.166969042630264","0.309713105382527","0.202329218098784","0.378566973906955","0.332275750058699","0.232025768263852","0.384794602990437","0.179811107478974","0.413067083791206","0.17888063429635","0.152892246843043","0.131538388898057","0.17667873911234","0.103675585734368","-0.152498578888208","0.329283100256924","0.364758477687843","0.450728313898709","-0.663679394389466","-0.412299204076748","-0.370187857764007","-0.538681679121139","-0.505004520753416","-0.40035227629265","0.726552392416245","0.722104948514784","0.452036215455398","-0.702145298667794","-0.915917419549171","0.703689404605405","-0.298429817422427","-0.493451514563556","-0.192608197817181","-0.529799231774179","1.65124718253012","-0.501730951700466","-0.595018756356076","-0.302536893638698","-0.429438653965924","0.995103718355073","-0.464050230402567","-0.662816822967419","-0.575198152138746","0.214116080786365","1.20541596166938","-0.363619885980868","-0.877814731601523","-0.18812200667676","-0.50312582836431","0.101145168245566","0.42212044430878","-0.547542035134976","0.845271056565002","-0.530463253153051","1.03283901124811","-0.42986386138627","0.653384493607974","1.25865757441484","-0.496616866073864","-0.158393806201975","0.319340420315899","-0.572222267531762","-0.747229315565665","-0.367865164796464","-0.306339761127422","-0.405856167364295","-0.301748942206895","1.05325615554113","-0.270658112668895","0.823054891753102","-0.418778598667145","-0.327864216388844","-0.780861621539598","-0.590337642709738","-0.0713308162723424","-0.313457834410768","0.200566092948962","-0.380680358071884","-0.297444457433377","-0.389043683289174","0.292577130019947","0.281132763062667","1.2996352504644","0.473742694294435","-0.270658112668895","-0.401103384711823","-0.351504217828312","-0.399566196405613","-0.371887162646278","0.792184262305681","-0.323976796901256","-0.301748942206895","1.05325615554113","-0.409384590079331","-0.376628170451453","1.00400510490914","-0.270658112668895","-0.185976500431359","-0.152498570332605","-0.152498570332605","DDD(2-4)"
"5","0.888255690570553","-1.00158884724174","-0.122144735942617","0.753276972833496","0.80457008501212","0.74604991970991","0.463118004631575","0.0823652464971549","0.198327089414256","-0.963732184937722","-0.874202837869793","0.711172982134052","0.82693498437961","-0.807897597562846","0.680256368379747","-0.883132654246289","0.514266286533743","0.510812934081189","0.353358090682989","0.526627521145677","0.298245793499998","0.577924268615263","0.45013879324657","0.278402096354507","0.486981929888743","0.268719209642508","0.774714980345533","0.266369489567914","0.314380628840523","0.158544987291092","0.224925950315146","0.276921706843934","-0.152498578684308","0.588651798094168","0.301785274283063","0.665694337351679","0.0246702395448607","0.929205846011848","1.12815976632717","-0.538681679121139","-0.505004520753416","-0.40035227629265","2.20778237934149","0.722104948514784","0.0357271850453485","-0.702145298667794","-0.37683715684796","1.13799299371078","-0.298429817422427","-0.493451514563556","-0.251045413731631","-0.529799231774179","1.65124718253012","-0.501730951700466","-0.595018756356076","-0.302536893638698","-0.429438653965924","1.44573671991906","-0.287736794710626","-0.144750962710598","-0.575198152138746","-0.0716218048425514","1.20541596166938","-0.363619885980868","-0.285815338738018","0.192297689096","0.292454844351622","0.976810370899065","-0.489530928476979","-0.547542035134976","1.28479373044204","-0.722281493594693","1.46178815323353","-0.391866150890647","-0.833274678768824","0.972196736387904","-0.496616866073864","-0.158393806201975","0.488866816286068","0.497584580462402","-0.401736191164336","-0.367865164796464","-0.306339761127422","-0.405856167364295","-0.301748942206895","1.05325615554113","-0.270658112668895","0.823054891753102","-0.418778598667145","-0.327864216388844","-0.36633014343833","0.618448959029249","0.486346474584154","-0.313457834410768","-0.0776384875931465","-0.380680358071884","-0.297444457433377","-0.389043683289174","0.293310682378476","0.281132763062667","1.15446864169285","0.601352541020796","-0.270658112668895","-0.401103384711823","-0.351504217828312","-0.399566196405613","-0.371887162646278","1.43489979587444","-0.323976796901256","-0.301748942206895","1.05325615554113","-0.409384590079331","-0.376628170451453","1.45371572481636","-0.270658112668895","-0.185976500431359","-0.152498570332605","-0.152498570332605","dicofol"
"6","-0.146621033515607","-0.622767577365841","3.4552916328422","0.81446575525743","0.875340833830097","0.804698735167306","0.431178831898363","-0.105112946178517","0.176416896214572","-0.255930175731978","-0.0142442306994339","0.708291751373394","1.3253025202906","-0.839237161321854","1.07713368957441","-0.959905062787056","0.501015729946475","1.08612214005793","0.299006949418059","0.358150621219117","0.211182012564136","0.598515999850475","0.367379759176067","0.443326065866927","0.726646647473376","0.872854664327159","1.33483715856172","1.43372132381556","2.09402587010366","1.91770474281134","2.40154732360209","1.37876703710077","-0.152498578398799","0.201548868726985","-0.401265419746218","0.643468746158006","-0.0251597844604861","0.625580405167853","-0.370187857764007","-0.538681679121139","-0.505004520753416","-0.40035227629265","0.6812853943669","0.486344049559383","-0.670930740456917","1.05565000479618","-0.415861485629361","1.57229658281616","-0.298429817422427","3.25460986272882","0.750412604346853","-0.529799231774179","-0.684718859570912","-0.501730951700466","-0.595018756356076","-0.302536893638698","-0.429438653965924","1.89636972148304","0.466963317887441","-0.224683504078976","2.25641453572969","-0.298848416256906","-0.496116313905203","-0.363619885980868","-0.511143827371186","0.583635421295489","-0.50312582836431","1.03411946212505","0.0365409583444427","-0.547542035134976","1.90378105898868","-0.105876293696464","2.19341109099543","-0.546143113993533","-0.355188706259715","-0.772896163891621","-0.496616866073864","-0.158393806201975","0.404103618300984","-0.572222267531762","-0.401736191164336","3.85032205820299","1.57546162865531","3.56046546824131","-0.301748942206895","-0.795315872551464","-0.270658112668895","-0.823054891753102","3.58288356637446","2.80506051799344","-0.36633014343833","-0.590337642709738","0.765185120012402","0.723364233255618","-0.634047648677363","4.53009626105541","2.26057787649367","4.07199055176002","-0.56754956148149","2.00809116473334","0.661871417815853","0.416582196399263","-0.270658112668895","-0.401103384711823","-0.351504217828312","-0.399566196405613","-0.371887162646278","2.0776153294432","2.20893270614493","-0.301748942206895","-0.795315872551464","4.18284255081056","0.576019554808105","1.90342634472358","-0.270658112668895","-0.185976500431359","-0.152498570332605","-0.152498570332605","dieldrin"
"7","-0.162062010336858","-0.616871348330498","2.93625127814247","0.720542764755604","0.776289026434521","0.710523432281411","0.335361313698727","-0.10504937238126","-0.468904253604289","-0.348453314190245","-0.144068899656312","0.708291738025233","1.27358101905287","-0.831026110566632","1.04763803026008","-0.954786404448603","0.501018567901574","1.15445101695844","0.219780337218069","0.305536105060632","0.152779193416557","0.541458438687453","0.27976875021463","0.330305621298238","0.620648333581584","0.675629467834287","1.16205662593181","1.12131205440003","1.85505008268068","1.49609197946121","2.08568127462838","1.22631045052435","-0.1524985787392","0.200467436232648","-0.365465293724024","0.575162060719118","-0.663679394389466","0.625580405167853","-0.370187857764007","-0.538681679121139","-0.505004520753416","-0.40035227629265","1.19848390118678","0.486344049559383","-0.670930740456917","0.0921729987041842","-0.915917419549171","1.57229658281616","-0.298429817422427","3.25460986272882","0.226082620224105","-0.529799231774179","-0.20873879035767","-0.501730951700466","-0.595018756356076","-0.302536893638698","-0.429438653965924","1.89636972148304","-0.0628254828748511","-0.662816822967419","2.25641453572969","-0.298848416256906","0.0414205513357881","-0.363619885980868","-0.877814731601523","0.583635421295489","-0.50312582836431","1.03411946212505","0.0365409583444427","0.078098524875315","1.72431640431909","-0.663855129679892","2.17013252752717","-0.54306461318418","-0.355188706259715","-0.772896163891621","-0.496616866073864","-0.158393806201975","0.319340420315899","-0.572222267531762","-0.747229315565665","3.85032205820299","-0.306339761127422","2.76720114112019","-0.301748942206895","-0.795315872551464","-0.270658112668895","-0.823054891753102","2.58246802511406","2.80506051799344","-0.780861621539598","-0.590337642709738","0.486346474584154","-0.313457834410768","-0.634047648677363","2.89317072134632","-0.297444457433377","1.84147343423542","-0.495756297904911","1.43243836417645","1.00939014618914","0.426852218339168","-0.270658112668895","-0.401103384711823","-0.351504217828312","-0.399566196405613","-0.371887162646278","2.0776153294432","4.74184220919111","-0.301748942206895","-0.795315872551464","3.03478576558809","-0.376628170451453","1.90342634472358","-0.270658112668895","-0.185976500431359","-0.152498570332605","-0.152498570332605","isodrin"
"8","0.91342324201597","-0.0295594521773047","1.04663005135281","1.46694258858044","1.50728133539152","1.45865042977422","1.13384063202903","0.659080678185913","0.313069307413392","-0.348453314190245","0.0203756810224","0.705886424979094","0.788804747388326","-0.836061163600157","0.571693980795236","-1.03858805077352","0.404032397123124","0.854367853333855","0.733559187453487","1.13450156620337","0.889643700529774","1.26134991476896","1.06778348102323","0.861431095319045","1.19766005991946","0.721309758586037","1.13810008106898","0.675432857464399","1.43599259817104","0.473784130424674","1.00834594255451","0.179903879022577","-0.152498563600071","1.38453136386467","1.47959691032542","1.32277609477822","0.691532638059676","-0.412299204076748","-0.370187857764007","0.8278438095501","-0.505004520753416","1.29220133867091","0.255442562465836","-0.342827775754274","0.203760954489638","1.84408457465735","0.0902829379434004","2.20369620366871","0.449489568902184","-0.493451514563556","0.731174214295009","0.0556921285189255","0.584348098430918","0.357933497804224","1.60421899035524","0.652526752544577","0.799759167973529","1.89636972148304","1.29644702277091","-0.662816822967419","-0.575198152138746","-0.608868882993676","0.937074524343128","0.825660195842137","0.243852926750337","2.60990080327652","0.243847765103389","-0.236922216544769","0.393079211393395","-0.273810337314757","1.90378105898868","-0.0296535333274521","1.87784046327701","0.396104235403404","-0.355188706259715","1.03530741493265","-0.496616866073864","0.762849465258375","1.08220920218166","0.497584580462402","0.289250057638322","0.6866816409534","-0.306339761127422","0.387408159756827","0.877815104601875","1.05325615554113","-0.270658112668895","0.823054891753102","-0.418778598667145","-0.327864216388844","0.0482013346629381","0.618448959029249","1.3228624108689","-0.313457834410768","-0.355843068135255","1.25624518163722","-0.297444457433377","0.726214875473125","1.64453300190378","0.856785563619557","1.42008608760596","1.25925357697861","-0.270658112668895","0.748726318128736","0.811163579603796","-0.399566196405613","1.62700633657747","3.36304639658072","-0.323976796901256","0.877815104601875","1.05325615554113","-0.0266989950051738","0.576019554808105","1.90342634472358","-0.270658112668895","-0.185976500431359","-0.152498570332605","-0.152498570332605","lindane"
"9","0.737289576562884","-0.0908761015580434","-0.22788519837437","-0.469418493743053","-0.491133300135429","-0.466037768053829","-0.303422140965515","0.723682721115082","0.37917989882495","2.08754874550385","1.78979936912534","0.47843903005326","0.128838111801295","-0.232346179704606","0.0746492393786682","-0.540910472048294","1.1969173224696","0.0879137053653459","-0.520325794413352","-0.294237107469088","-0.243065079985526","-0.365053228536392","-0.346443256081584","-0.41315236246381","-0.311152124814814","-0.536740214232399","-0.478150713739268","-0.584072704854719","-0.533058414510067","-0.708961384585874","-0.731110545838726","-0.111149604441493","-0.152498579106205","-0.226685420354036","0.0908492238759544","-0.438253926823042","0.0530130281306961","-0.412299204076748","-0.370187857764007","0.8278438095501","0.276014603194721","1.29220133867091","-1.07425753149337","-0.266008005301451","-0.175145665994721","-0.702145298667794","0.100916230364747","-0.176262577899659","0.449489568902184","0.322881475214256","-0.357125304363935","0.575395488427914","-1.07893546255513","-0.501730951700466","0.568029527343004","0.652526752544577","-0.429438653965924","-0.350543451935373","0.386711969614019","-0.215366946903548","-0.575198152138746","-0.274565835149053","-0.713256247431094","-0.363619885980868","0.605549046166695","-0.0831970510694586","0.243847765103389","-0.292466871547431","-0.489530928476979","0.240688834701866","-0.912819638943169","-0.530463253153051","-0.644556320821573","0.655541394035625","-0.355188706259715","-0.772896163891621","-0.000750214507001879","0.728803701920482","-0.358765163564776","0.497584580462402","0.634743182039651","-0.367865164796464","-0.306339761127422","-0.405856167364295","0.877815104601875","-0.795315872551464","-0.270658112668895","-0.823054891753102","-0.418778598667145","-0.327864216388844","0.877264290865474","0.618448959029249","0.207507829155906","-0.313457834410768","-0.355843068135255","-0.380680358071884","-0.297444457433377","-0.389043683289174","0.273423106048913","-0.870172838051113","-0.854822261567884","-0.342633999631261","-0.270658112668895","0.748726318128736","0.811163579603796","0.418593158139214","1.62700633657747","-0.493246804831839","-0.323976796901256","0.877815104601875","-0.795315872551464","-0.409384590079331","-0.376628170451453","-0.794837374719735","-0.270658112668895","-0.185976500431359","-0.152498570332605","-0.152498570332605","methomyl"
"10","1.40597471522207","-0.0998649590390489","-0.211109067315486","0.647536557500108","0.574483118948668","0.653643258165417","0.974144768362969","0.22466204794012","-0.131493608301782","0.192451187565778","0.409982841399657","-0.611065823372475","0.574086133916694","-0.80787074190596","0.326370982954006","-1.09393235258651","0.18909591213028","0.713816866037142","0.886544854957096","1.05754170806867","1.23618980208076","0.966013185595883","0.952040122057659","1.0892199831189","0.82248386331419","1.27083143821102","0.851686735365257","0.752997404128715","0.290955013586066","0.637713300734852","0.234739096358977","-1.43474996971857","-0.152498572292405","0.99745743706246","0.769454497569308","0.868049990724048","-0.663679394389466","-0.412299204076748","-0.370187857764007","-0.538681679121139","1.91911590685011","1.36787949957514","0.249123967587565","2.30021523779228","0.11181744046226","-0.265001089465957","0.0963714275963513","-0.591231588998512","1.16943319809057","-0.493451514563556","1.64341560770452","-0.529799231774179","1.67391494462357","-0.501730951700466","0.591873904255517","-0.302536893638698","-0.429438653965924","-0.80742828790086","0.29652408688383","-0.0689267494987663","1.08124434197853","2.53445616011004","0.937074524343128","-0.363619885980868","0.568091842861441","-0.129468195261026","0.990821358571089","0.186267804814793","0.948192331130202","0.0882660967765373","-0.912819638943169","-0.530463253153051","-0.750491443904367","1.43679490598254","2.85999837903711","1.00346770522258","2.79695844750582","-0.158393806201975","0.997446004196574","0.497584580462402","0.634743182039651","-0.367865164796464","-0.306339761127422","-0.405856167364295","2.05737915141064","1.05325615554113","-0.270658112668895","0.823054891753102","-0.418778598667145","-0.327864216388844","0.0482013346629381","0.618448959029249","-0.0713308162723424","-0.313457834410768","0.200566092948962","-0.380680358071884","-0.297444457433377","-0.389043683289174","0.639107035087644","0.281132763062667","0.648716106926875","1.00726282988111","-0.270658112668895","1.89855602096929","1.9738313770359","0.418593158139214","1.62700633657747","-0.493246804831839","-0.323976796901256","2.05737915141064","1.05325615554113","-0.409384590079331","-0.376628170451453","-0.794837374719735","3.60877483558527","-0.185976500431359","-0.152498570332605","-0.152498570332605","tebufenozide"
"11","0.969175540453788","-0.93540303819999","2.50223614908231","0.967194083333902","1.04889044723798","0.957465788141922","0.495057177364787","0.323705166846678","-0.0301376933915226","-0.136971854857063","-0.0142442306994339","0.708291824467769","1.23852668221212","-0.779734280152864","0.988571542337554","-0.947911936618478","1.01720917287586","0.68813242033948","0.196569281838623","0.438338654918413","0.157170884398419","0.659864093225195","0.351729559776539","0.189015501460804","0.712993161623098","0.381788263068208","1.12800913780556","0.659424665924546","1.71494361086504","0.715306118588528","1.69462599346761","1.45499533038898","-0.152498578797115","0.497103238443148","-0.0586042495475235","0.669420483231813","-0.663679394389466","0.625580405167853","-0.370187857764007","2.00931058528149","0.84569724458139","-0.40035227629265","0.6812853943669","-0.852282718446009","0.161687320363181","1.13503242000586","0.411593659615234","1.99762940709139","-0.298429817422427","1.38057917408263","-0.0496912852778302","0.567945475472884","-0.684718859570912","-0.501730951700466","-0.595018756356076","-0.302536893638698","-0.429438653965924","1.89636972148304","0.693267428181762","1.16186537531251","0.84060819179547","-0.608868882993676","-0.496116313905203","-0.363619885980868","0.161915294520095","2.52000379076226","0.152607125731344","-0.689397397838705","-0.489530928476979","-0.547542035134976","2.04128397967258","1.39849491454113","1.95711630337154","-0.589337506225613","-0.355188706259715","-0.772896163891621","-0.490556172073732","-0.158393806201975","0.404103618300984","-0.572222267531762","0.289250057638322","1.74122844670326","1.57546162865531","1.97393681399907","-0.301748942206895","-0.795315872551464","-0.270658112668895","-0.823054891753102","2.08226025448386","1.2385981508023","0.462732812764206","-0.590337642709738","1.60170105629715","0.723364233255618","-0.634047648677363","1.25624518163722","2.26057787649367","1.84147343423542","-0.0751189946629514","0.856785563619557","0.313119103692758","0.412045376686353","-0.270658112668895","-0.401103384711823","-0.351504217828312","-0.399566196405613","-0.371887162646278","2.0776153294432","2.20893270614493","-0.301748942206895","-0.795315872551464","1.50404338529146","-0.376628170451453","1.90342634472358","-0.270658112668895","-0.185976500431359","-0.152498570332605","-0.152498570332605","alphaEndosulfan"
"12","0.969175540453788","-0.93540303819999","2.50223614908231","0.967194083333902","1.04889044723798","0.957465788141922","0.495057177364787","0.323705166846678","-0.0301376933915226","-0.136971854857063","-0.0142442306994339","0.708291824467769","1.23852668221212","-0.779734280152864","0.988571542337554","-0.947911936618478","1.01720917287586","0.68813242033948","0.196569281838623","0.438338654918413","0.157170884398419","0.659864093225195","0.351729559776539","0.189015501460804","0.712993161623098","0.381788263068208","1.12800913780556","0.659424665924546","1.71494361086504","0.715306118588528","1.69462599346761","1.45499533038898","-0.152498578797115","0.497103238443148","-0.0586042495475235","0.669420483231813","-0.663679394389466","0.625580405167853","-0.370187857764007","2.00931058528149","0.84569724458139","-0.40035227629265","0.6812853943669","-0.852282718446009","0.161687320363181","1.13503242000586","0.411593659615234","1.99762940709139","-0.298429817422427","1.38057917408263","-0.0496912852778302","0.567945475472884","-0.684718859570912","-0.501730951700466","-0.595018756356076","-0.302536893638698","-0.429438653965924","1.89636972148304","0.693267428181762","1.16186537531251","0.84060819179547","-0.608868882993676","-0.496116313905203","-0.363619885980868","0.161915294520095","2.52000379076226","0.152607125731344","-0.689397397838705","-0.489530928476979","-0.547542035134976","2.04128397967258","1.39849491454113","1.95711630337154","-0.589337506225613","-0.355188706259715","-0.772896163891621","-0.490556172073732","-0.158393806201975","0.404103618300984","-0.572222267531762","0.289250057638322","1.74122844670326","1.57546162865531","1.97393681399907","-0.301748942206895","-0.795315872551464","-0.270658112668895","-0.823054891753102","2.08226025448386","1.2385981508023","0.462732812764206","-0.590337642709738","1.60170105629715","0.723364233255618","-0.634047648677363","1.25624518163722","2.26057787649367","1.84147343423542","-0.0751189946629514","0.856785563619557","0.313119103692758","0.412045376686353","-0.270658112668895","-0.401103384711823","-0.351504217828312","-0.399566196405613","-0.371887162646278","2.0776153294432","2.20893270614493","-0.301748942206895","-0.795315872551464","1.50404338529146","-0.376628170451453","1.90342634472358","-0.270658112668895","-0.185976500431359","-0.152498570332605","-0.152498570332605","betaEndosulfan"
"13","-1.84177616651702","0.261468251705498","-0.94824209869069","-1.26330522738534","-1.26596496456265","-1.26127581575892","-1.18174939112885","-0.622954774183154","-0.998903474308564","-0.850721780106553","-1.22940313213581","0.125237805876719","-2.3214898910763","2.51806816056084","-2.59437887709936","1.98798813826507","0.0766991794367064","-2.06295640746421","-0.845062782445542","-1.23265144564299","-1.04341354047925","-1.09969832918061","-1.17032093472194","-1.05492244720952","-1.18843976405249","-0.955059533980126","-1.09832084272419","-0.87957454283332","-0.957872101178539","-0.805937556094498","-0.846822781940979","0.749861117976798","-0.1524985791089","-1.13879335136084","-1.12284421446972","-1.08972918606803","-0.663679394389466","-0.412299204076748","-0.370187857764007","-0.538681679121139","-0.505004520753416","-0.40035227629265","-1.29368792153343","-0.852282718446009","0.55037424993198","-0.702145298667794","-0.915917419549171","-0.383579950507548","-0.298429817422427","-0.493451514563556","-0.654499403873275","-0.529799231774179","-1.07893546255513","-0.501730951700466","-0.595018756356076","-0.302536893638698","-0.429438653965924","-0.80742828790086","0.0794894885931755","-0.662816822967419","-0.575198152138746","-0.608868882993676","-0.941315536940646","-0.363619885980868","-0.877814731601523","-0.591827130003955","-0.50312582836431","-0.689397397838705","-0.489530928476979","-0.547542035134976","-0.912819638943169","-0.530463253153051","-0.750491443904367","-0.391866150890647","-0.355188706259715","-0.772896163891621","-0.496616866073864","-0.158393806201975","-1.12163394543054","-0.572222267531762","-0.747229315565665","-0.367865164796464","-0.306339761127422","-0.405856167364295","-0.301748942206895","-0.795315872551464","-0.270658112668895","-0.823054891753102","-0.418778598667145","-0.327864216388844","-0.780861621539598","-0.590337642709738","-0.907846752557087","-0.313457834410768","-0.634047648677363","-0.380680358071884","-0.297444457433377","-0.389043683289174","-1.07603673508953","-0.870172838051113","-1.4802502367184","-1.12329931872793","-0.270658112668895","-0.401103384711823","-0.351504217828312","-0.399566196405613","-0.371887162646278","-0.493246804831839","-0.323976796901256","-0.301748942206895","-0.795315872551464","-0.409384590079331","-0.376628170451453","-0.794837374719735","-0.270658112668895","-0.185976500431359","-0.152498570332605","-0.152498570332605","aluminium"
"14","-1.84177616651702","0.261468251705498","-0.94824209869069","-1.07573516241104","-1.06815233264215","-1.07314996527215","-1.08593187292921","-0.622954774183154","-0.998903474308564","-0.850721780106553","-1.22940313213581","-1.71297137237456","-2.3214898910763","2.51806816056084","-2.15980794350727","2.52786630340565","-2.6384742420767","-2.06295640746421","-0.845062782445542","-1.23265144564299","-1.07832189724804","-1.1496886860997","-1.17032093472194","-1.05492244720952","-1.18843976405249","-0.955059533980126","-1.09832084272419","-0.87957454283332","-0.957872101178539","-0.805937556094498","-0.846822781940979","0.731861520978402","-0.1524985791089","-1.14184730120768","-1.10465897610279","-1.09760991397695","-0.663679394389466","-0.412299204076748","-0.370187857764007","-0.538681679121139","-0.505004520753416","-0.40035227629265","-1.29368792153343","-0.852282718446009","0.50941328258853","-0.702145298667794","0.855368233024907","-1.03352495181611","-0.298429817422427","-0.493451514563556","-0.654499403873275","-0.529799231774179","-1.07893546255513","-0.501730951700466","-0.595018756356076","-0.302536893638698","-0.429438653965924","-0.80742828790086","-0.673930278603961","0.889128087631746","-0.575198152138746","-0.608868882993676","-0.941315536940646","-0.363619885980868","-0.877814731601523","-0.591827130003955","-0.50312582836431","-0.689397397838705","-0.489530928476979","-0.547542035134976","-0.912819638943169","-0.530463253153051","-0.750491443904367","-0.391866150890647","-0.355188706259715","-0.772896163891621","-0.496616866073864","-0.158393806201975","-1.12163394543054","-0.572222267531762","-0.747229315565665","-0.367865164796464","-0.306339761127422","-0.405856167364295","-0.301748942206895","-0.795315872551464","-0.270658112668895","-0.823054891753102","-0.418778598667145","-0.327864216388844","-0.780861621539598","-0.590337642709738","-0.907846752557087","-0.313457834410768","-0.634047648677363","-0.380680358071884","-0.297444457433377","-0.389043683289174","-1.04477164826912","-0.870172838051113","-1.31358399059312","-1.24666822528787","-0.270658112668895","-0.401103384711823","-0.351504217828312","-0.399566196405613","-0.371887162646278","-0.493246804831839","-0.323976796901256","-0.301748942206895","-0.795315872551464","-0.409384590079331","-0.376628170451453","-0.794837374719735","-0.270658112668895","-0.185976500431359","-0.152498570332605","-0.152498570332605","cobalt"
"15","-1.84177616651702","0.261468251705498","-0.94824209869069","-1.04865429765793","-1.03959267344371","-1.04961983555074","-1.053992700196","-0.622954774183154","-0.998903474308564","-0.850721780106553","-1.22940313213581","-1.71297137237456","-2.3214898910763","2.51806816056084","-2.15980794350727","2.52786630340565","-2.6384742420767","-2.06295640746421","-0.845062782445542","-1.23265144564299","-1.08287425888095","-1.16802620642815","-1.17032093472194","-1.05492244720952","-1.18843976405249","-0.955059533980126","-1.09832084272419","-0.87957454283332","-0.957872101178539","-0.805937556094498","-0.846822781940979","0.7408613194776","-0.1524985791089","-1.14032032628426","-1.1140628547501","-1.0936859665282","-0.663679394389466","-0.412299204076748","-0.370187857764007","-0.538681679121139","-0.505004520753416","-0.40035227629265","-1.29368792153343","-0.852282718446009","0.529805600502457","-0.702145298667794","0.885970006269348","-1.03352495181611","-0.298429817422427","-0.493451514563556","-0.654499403873275","-0.529799231774179","-1.07893546255513","-0.501730951700466","-0.595018756356076","-0.302536893638698","-0.429438653965924","-0.80742828790086","-0.673930278603961","0.915940401147075","-0.575198152138746","-0.608868882993676","-0.941315536940646","-0.363619885980868","-0.877814731601523","-0.591827130003955","-0.50312582836431","-0.689397397838705","-0.489530928476979","-0.547542035134976","-0.912819638943169","-0.530463253153051","-0.750491443904367","-0.391866150890647","-0.355188706259715","-0.772896163891621","-0.496616866073864","-0.158393806201975","-1.12163394543054","-0.572222267531762","-0.747229315565665","-0.367865164796464","-0.306339761127422","-0.405856167364295","-0.301748942206895","-0.795315872551464","-0.270658112668895","-0.823054891753102","-0.418778598667145","-0.327864216388844","-0.780861621539598","-0.590337642709738","-0.907846752557087","-0.313457834410768","-0.634047648677363","-0.380680358071884","-0.297444457433377","-0.389043683289174","-1.06085448949803","-0.870172838051113","-1.31358399059312","-1.24666822528787","-0.270658112668895","-0.401103384711823","-0.351504217828312","-0.399566196405613","-0.371887162646278","-0.493246804831839","-0.323976796901256","-0.301748942206895","-0.795315872551464","-0.409384590079331","-0.376628170451453","-0.794837374719735","-0.270658112668895","-0.185976500431359","-0.152498570332605","-0.152498570332605","copper"
"16","-1.84177616651702","0.261468251705498","-0.94824209869069","-0.244130120501097","-0.191136151616146","-0.230970103143855","-1.19771897749545","-0.622954774183154","-0.998903474308564","-0.850721780106553","-1.22940313213581","-1.71297137237456","-2.3214898910763","2.51806816056084","-2.15980794350727","2.52786630340565","-2.6384742420767","-2.06295640746421","-0.845062782445542","-1.23265144564299","-1.02485094932972","-0.474573208988834","-1.17032093472194","-1.05492244720952","-1.18843976405249","-0.955059533980126","-1.09832084272419","-0.87957454283332","-0.957872101178539","-0.805937556094498","-0.846822781940979","1.02885487145194","-0.1524985791089","-1.0914571287348","-1.22781628053592","-0.950783818140739","-0.663679394389466","-0.412299204076748","-0.370187857764007","-0.538681679121139","-0.505004520753416","-0.40035227629265","-1.29368792153343","-0.852282718446009","1.27550514309999","-0.702145298667794","2.00500553755972","-1.03352495181611","-0.298429817422427","-0.493451514563556","-0.654499403873275","-0.529799231774179","-1.07893546255513","-0.501730951700466","-0.595018756356076","-0.302536893638698","-0.429438653965924","-0.80742828790086","-0.673930278603961","1.89640422133437","-0.575198152138746","-0.608868882993676","-0.941315536940646","-0.363619885980868","-0.877814731601523","-0.591827130003955","-0.50312582836431","-0.689397397838705","-0.489530928476979","-0.547542035134976","-0.912819638943169","-0.530463253153051","-0.750491443904367","-0.391866150890647","-0.355188706259715","-0.772896163891621","-0.496616866073864","-0.158393806201975","-1.12163394543054","-0.572222267531762","-0.747229315565665","-0.367865164796464","-0.306339761127422","-0.405856167364295","-0.301748942206895","-0.795315872551464","-0.270658112668895","-0.823054891753102","-0.418778598667145","-0.327864216388844","-0.780861621539598","-0.590337642709738","-0.907846752557087","-0.313457834410768","-0.634047648677363","-0.380680358071884","-0.297444457433377","-0.389043683289174","-1.27956771758656","-0.870172838051113","-1.31358399059312","-1.24666822528787","-0.270658112668895","-0.401103384711823","-0.351504217828312","-0.399566196405613","-0.371887162646278","-0.493246804831839","-0.323976796901256","-0.301748942206895","-0.795315872551464","-0.409384590079331","-0.376628170451453","-0.794837374719735","-0.270658112668895","-0.185976500431359","-0.152498570332605","-0.152498570332605","mercury"
"17","0.274841348838918","-3.06186084094251","-0.309393471498847","-0.473885985197013","-0.433438207122155","-0.478787428626963","-0.718631386497272","5.60263782427599","5.37206545964316","-0.474020430669322","-0.93340288691413","-1.71297137237456","-2.3214898910763","2.51806816056084","-2.15980794350727","2.52786630340565","-2.6384742420767","-1.28212494266768","-0.644091831661527","-0.703677752626877","-0.732836853591824","-0.428852081070293","-0.819876898876191","-0.895087401675043","-0.73872700476913","-0.836724416084404","-0.787315883990369","-0.87957454283332","-0.957872101178539","-0.805937556094498","-0.846822781940979","0.722771724494212","-0.152498579108833","-0.177869495313056","-0.548864391970073","-0.667592444581276","0.563723678828385","-0.412299204076748","-0.370187857764007","3.8296249455929","0.854032179551436","-0.40035227629265","-1.29368792153343","-0.852282718446009","0.0606114326717329","-0.702145298667794","2.99019145917018","-0.644218281972759","-0.298429817422427","-0.493451514563556","-0.654499403873275","-0.529799231774179","-1.07893546255513","-0.501730951700466","-0.595018756356076","-0.302536893638698","-0.429438653965924","-0.80742828790086","0.086529869041029","2.1006356823089","-0.575198152138746","-0.608868882993676","-0.941315536940646","-0.363619885980868","1.47086896939822","0.27622409153108","-0.50312582836431","-0.689397397838705","-0.489530928476979","-0.547542035134976","-0.248917721724675","2.79898206584861","-0.750491443904367","-0.391866150890647","-0.355188706259715","-0.772896163891621","-0.496616866073864","-3.25884431640932","-0.697817955505113","-0.572222267531762","0.634743182039651","-0.367865164796464","-0.306339761127422","-0.405856167364295","-0.301748942206895","-0.795315872551464","-0.270658112668895","-0.823054891753102","-0.418778598667145","-0.327864216388844","0.877264290865474","-0.590337642709738","0.486346474584154","-0.313457834410768","-0.634047648677363","-0.380680358071884","-0.297444457433377","-0.389043683289174","0.113523602819049","-0.870172838051113","-1.90306175246364","-1.02208707328008","-0.270658112668895","-0.401103384711823","-0.351504217828312","-0.399566196405613","-0.371887162646278","-0.493246804831839","-0.323976796901256","-0.301748942206895","-0.795315872551464","-0.409384590079331","-0.376628170451453","-0.794837374719735","-0.270658112668895","-0.185976500431359","-0.152498570332605","-0.152498570332605","zinc"
"18","-0.459635169463148","0.803206628528549","-0.263332285212287","-0.384195663996507","-0.469903932827508","-0.383096645662968","-0.143726277299454","-0.553553192867409","-0.59524853580367","-0.439774853447755","-0.0992203776530264","0.705250146055736","0.0626951915325596","-0.282411449371227","0.211202180470166","-0.0248345518180549","0.274607305986017","0.13692655554874","-0.725669377811589","-0.249470255722748","-0.0184701384769855","-0.154096683942512","-0.221631508857534","0.137695062006379","0.0502694111768158","-0.0379821621007589","-0.198930490777983","-0.103495407874026","-0.284372090861366","-0.174468908841719","-0.300952606777485","0.581834879996768","-0.152498579103536","0.00846871785272981","1.43147131283982","-0.26268479601369","-0.663679394389466","-0.412299204076748","-0.370187857764007","-0.538681679121139","-0.505004520753416","-0.40035227629265","0.91391027277299","-0.566660082386497","-0.25728805774296","-0.702145298667794","-0.915917419549171","-0.599221362710735","-0.298429817422427","-0.493451514563556","1.84906593965155","-0.0413129310516454","-1.07893546255513","-0.501730951700466","-0.595018756356076","-0.302536893638698","-0.429438653965924","-0.356795286336877","-0.418755219003236","-0.662816822967419","-0.575198152138746","2.20559789874511","-0.941315536940646","-0.363619885980868","-0.877814731601523","-0.591827130003955","-0.50312582836431","-0.689397397838705","-0.00776945175768536","-0.191077544990642","-0.473296965066126","-0.530463253153051","-0.336055849665249","-0.391866150890647","-0.355188706259715","-0.772896163891621","0.140286732545537","-0.158393806201975","-0.274001965579691","-0.572222267531762","-0.747229315565665","-0.367865164796464","-0.306339761127422","-0.405856167364295","-0.301748942206895","-0.795315872551464","-0.270658112668895","-0.823054891753102","-0.418778598667145","-0.327864216388844","-0.780861621539598","-0.590337642709738","-0.907846752557087","-0.313457834410768","1.5915889956595","-0.380680358071884","-0.297444457433377","-0.389043683289174","2.18247574639656","-0.870172838051113","0.610986005636449","-0.103243861915974","-0.270658112668895","-0.401103384711823","-0.351504217828312","-0.399566196405613","-0.371887162646278","0.149468728736921","-0.323976796901256","-0.301748942206895","-0.795315872551464","-0.409384590079331","-0.376628170451453","-0.345126754812517","-0.270658112668895","-0.185976500431359","-0.152498570332605","-0.152498570332605","1-chlorodecane"
"19","0.150063842500358","0.222755636826982","0.0430747366069979","-0.98076134277615","-1.02415819904924","-0.978148574899545","-0.718631386497272","-0.442625647539899","0.25864833074232","1.86152793584151","0.901798633460297","-0.605781089600342","-0.0400890784343254","-0.17958742362812","-0.308846699212903","-0.565729031435309","-0.548457676180984","-0.571675568720762","-0.798861706979691","-0.729014763752677","-0.652628642101397","-0.879297973655483","-0.772557209935401","-0.662888719380037","-0.820763682992802","-0.618862311199128","-0.803792880507689","-0.767104867851057","-0.87183902927137","-0.805937556094498","-0.846822781940979","0.325430620754611","-0.152498579108723","-0.740497212335821","-0.666615036232933","-0.8994845191169","0.797557096666844","-0.412299204076748","-0.370187857764007","-0.538681679121139","-0.505004520753416","-0.40035227629265","-1.29368792153343","-0.544288479313457","-0.24590322601945","-0.180715588016954","-0.37683715684796","-1.03352495181611","-0.298429817422427","0.414392301042829","-0.0976286013367141","0.0190731218493521","-1.07893546255513","-0.501730951700466","0.659221841735376","-0.302536893638698","-0.429438653965924","-0.80742828790086","0.096595974905661","-0.662816822967419","-0.575198152138746","-0.274565835149053","-0.941315536940646","-0.363619885980868","0.475619372201596","-0.591827130003955","-0.50312582836431","-0.689397397838705","-0.489530928476979","-0.547542035134976","-0.502119171517902","-0.530463253153051","-0.750491443904367","-0.391866150890647","2.12586744216438","-0.781027385093876","0.0206320184201893","-0.158393806201975","-0.782581153490198","2.63719827645073","-0.056243066763007","-0.367865164796464","-0.306339761127422","-0.405856167364295","-0.301748942206895","-0.795315872551464","-0.270658112668895","-0.823054891753102","0.081429171963056","-0.327864216388844","0.0482013346629381","1.82723556076824","-0.629008107128839","-0.313457834410768","-0.355843068135255","-0.380680358071884","-0.297444457433377","-0.389043683289174","-0.580248658327411","-0.870172838051113","-1.60946834401034","-0.802094198297642","-0.270658112668895","-0.401103384711823","-0.351504217828312","-0.399566196405613","-0.371887162646278","-0.493246804831839","-0.323976796901256","-0.301748942206895","-0.795315872551464","-0.409384590079331","-0.376628170451453","-0.794837374719735","-0.270658112668895","-0.185976500431359","-0.152498570332605","-0.152498570332605","2A1"
"20","0.425011041584361","0.494753920291778","-0.25652324028297","-0.210439012151202","-0.29289967172122","-0.206262291143054","0.111787104566242","-0.264687981804347","0.619216383884593","0.204041998317693","0.783398535371624","-0.605587918519803","0.125635499285734","-0.331510642742323","0.269639919669085","-0.0976189299940912","-0.159794547625688","0.378328108409461","-0.290009403095453","0.0525048507030597","0.262556482602059","0.0148066601688537","0.11330273961494","0.408919027255724","0.184451031859119","0.257779525769282","-0.0358045797708024","0.196504048540705","-0.134731580464425","0.105027153286939","-0.164341489817848","-0.298255415239823","-0.152498579059136","0.102686359831965","0.666131180897268","-0.0232188748699825","0.0246702395448607","-0.412299204076748","-0.370187857764007","-0.538681679121139","-0.505004520753416","-0.40035227629265","0.883738653344295","0.50615638715341","-0.670930740456917","-0.702145298667794","-0.37683715684796","-1.03352495181611","-0.298429817422427","-0.493451514563556","1.57329203414962","-0.529799231774179","0.0894256558182826","0.357933497804224","-0.595018756356076","-0.302536893638698","0.799759167973529","-0.80742828790086","-0.452321831512688","-0.0689267494987663","-0.575198152138746","1.85418050434713","0.132050212364368","-0.363619885980868","-0.285815338738018","-0.591827130003955","-0.50312582836431","-0.236922216544769","0.0365409583444427","-0.191077544990642","-0.719349575651446","-0.530463253153051","-0.750491443904367","-0.391866150890647","0.302458182983441","0.249973721891047","0.137193328937448","-0.158393806201975","0.0650508263606461","0.497584580462402","-0.401736191164336","-0.367865164796464","-0.306339761127422","-0.405856167364295","-0.301748942206895","0.128970141494832","-0.270658112668895","0","-0.418778598667145","-0.327864216388844","-0.36633014343833","0.618448959029249","-0.907846752557087","-0.313457834410768","1.31338441511739","-0.380680358071884","-0.297444457433377","-0.389043683289174","0.656009884127192","-0.294520037494223","0.579837965453904","0.150972413944291","-0.270658112668895","-0.401103384711823","-0.351504217828312","-0.399566196405613","-0.371887162646278","-0.493246804831839","-0.323976796901256","-0.301748942206895","0.128970141494832","-0.409384590079331","-0.376628170451453","-0.794837374719735","-0.270658112668895","-0.185976500431359","-0.152498570332605","-0.152498570332605","4-octylphenol"
"21","1.79803861404676","-0.434757720140509","0.560762417262457","3.99192061981675","3.88306979853206","4.00524235315032","4.39163625081666","0.387088431999006","0.478829390846954","1.1355216987443","1.62296286727312","0.476194184708798","0.869546488961505","-0.861699313265634","0.604970435450764","-1.19508921369832","0.709554796722661","2.14208021663875","4.76863876239008","4.31437552974421","4.50113082534748","4.26986426326959","4.35745772085461","4.49348931156382","4.21303635059213","4.59682600384589","4.00482018946833","4.42546091645696","3.36043363043502","4.37725674518529","3.3638664553623","-3.5344929575665","6.40493995396939","4.19120823780503","3.66228941158527","4.20640308080278","3.92718206907307","-0.412299204076748","4.29740599659298","2.1526417121999","4.20460224720419","4.96702813202243","0.423218663696379","2.76663601104282","5.36339784076202","2.99803856963756","2.61491656615426","0.911760508057443","6.02984693860075","1.30094972260913","4.34936012492455","2.82635063578199","1.69533529764728","2.86466578589491","1.7549221879546","0.652526752544577","-0.429438653965924","-0.367056223516384","5.16616772036858","3.7804547591126","0.780449154249704","3.40706547549749","1.4722708552097","3.32569792429036","4.14203578010414","2.85768733562172","3.23174213897419","3.78615379032289","3.17079422499415","2.89806696837065","-0.176236176268209","0.860601799736769","-0.645527940986117","5.60649692181368","4.20649565903653","0.187405689909312","4.44950764120969","1.82107327255043","4.38797392359995","1.56739142845657","4.7806606748556","0.6866816409534","5.33906440822078","2.76720114112019","5.59607129183695","0.128970141494832","5.54849130971235","2.4691646752593","2.58246802511406","4.37152288518459","4.19351611567562","1.82723556076824","3.55357157429488","5.90747457158755","1.86979357620161","1.25624518163722","4.81860021042071","2.95673199299772","3.12470013247194","3.73504956640401","1.22077387574481","4.15460003163442","5.54849130971235","5.34804512949097","5.46183476933223","5.32754928540817","3.62589983580121","-0.493246804831839","-0.323976796901256","5.59607129183695","0.128970141494832","2.26941457543977","1.52866728006766","-0.794837374719735","3.60877483558527","1.41342140327833","-0.152498570332605","-0.152498570332605","A736"
"22","-1.31506558676531","1.08223524499908","-0.309393471498847","-0.516394665378506","-0.540674681645486","-0.512952263956991","-0.303422140965515","-0.680243474387065","-0.800685445423351","-1.4157738042624","-1.08140300952497","-0.761824387731681","0.0921346624567901","-0.281741331111523","0.31166458324965","0.0733801176277093","0.0143757151314697","0.323894485833731","-0.186141197415636","-0.265714765170987","-0.157009903753672","-0.395095380534818","-0.124889166648252","-0.0788017033003894","-0.272966874134001","-0.163145490584066","-0.404558926659796","-0.144999315721786","-0.395962738985766","-0.157591377944288","-0.361091410736155","-0.700186416214015","-0.152498579090149","-0.483151947586772","-0.395180431257824","-0.31733933208442","-0.663679394389466","-0.412299204076748","-0.370187857764007","-0.538681679121139","-0.505004520753416","-0.40035227629265","1.28819621846535","-0.357315633556466","-0.670930740456917","-0.702145298667794","-0.915917419549171","-1.03352495181611","-0.298429817422427","-0.493451514563556","-0.654499403873275","-0.529799231774179","1.29718391028208","1.161958628437","-0.595018756356076","-0.302536893638698","-0.429438653965924","-0.80742828790086","-0.673930278603961","-0.662816822967419","-0.575198152138746","-0.608868882993676","1.74209883632189","0.864792037068119","-0.877814731601523","-0.591827130003955","-0.50312582836431","-0.689397397838705","-0.489530928476979","1.95104435740941","-0.912819638943169","-0.530463253153051","-0.750491443904367","-0.391866150890647","0.900695032268564","2.03472695024957","-0.496616866073864","-0.158393806201975","-0.189238767594607","-0.572222267531762","-0.747229315565665","-0.367865164796464","-0.306339761127422","-0.405856167364295","-0.301748942206895","1.05325615554113","-0.270658112668895","0.823054891753102","-0.418778598667145","-0.327864216388844","-0.780861621539598","-0.590337642709738","-1.18668539798534","-0.313457834410768","-0.355843068135255","-0.380680358071884","-0.297444457433377","-0.389043683289174","-0.655659990421623","0.281132763062667","0.165000700448463","-0.1343755359384","-0.270658112668895","-0.401103384711823","-0.351504217828312","-0.399566196405613","-0.371887162646278","-0.493246804831839","-0.323976796901256","-0.301748942206895","1.05325615554113","-0.409384590079331","-0.376628170451453","-0.794837374719735","-0.270658112668895","-0.185976500431359","-0.152498570332605","-0.152498570332605","biphenyl"
"23","1.02670006876254","0.236493799853674","-0.257073971858135","1.09310572157899","1.10678984737321","1.09397801822215","0.814448904696908","0.0764630264984088","0.25791361261416","1.40948631651683","1.73059932008101","3.7316711798531","0.262125249502711","-0.428361909276809","0.477134773796244","-0.461876244778031","1.65673344259451","0.688158429945598","0.669195751377019","0.808434285917174","0.709219171158823","0.911964745875781","0.862409850987863","0.698675386120469","0.960321237490578","0.439001466096504","0.734081053010146","0.252280186968732","0.388646946698098","0.157584793115095","0.521178478676135","-0.464571691505006","-0.152498574967255","0.927844223685718","1.33758140223781","0.910669660041681","1.45805508458518","-0.412299204076748","1.96360906941449","-0.538681679121139","0.269064039733414","1.35907737012962","-0.793094669186366","1.73138169010795","1.33002455509325","-0.180715588016954","0.129307266724801","1.12782315123267","0.402672753033925","-0.493451514563556","0.0417959478383762","1.92410105617541","0.527037536158591","-0.501730951700466","1.73107781104209","1.98928913429361","-0.429438653965924","0.758806972697211","0.840722788918755","-0.219348960485513","-0.575198152138746","-0.298848416256906","1.30544865943324","-0.363619885980868","1.29499569450402","-0.591827130003955","0.243847765103389","1.24156032255835","1.15579409717666","1.72684790781739","-0.719349575651446","-0.45958900636287","-0.0782992109734827","0.881168495516786","0.02407511713534","0.782229540728738","-0.354062723034345","-0.158393806201975","0.827919608226406","2.63719827645073","0.98023630644098","-0.367865164796464","-0.306339761127422","-0.405856167364295","0.877815104601875","0.128970141494832","1.66905836145819","0.823054891753102","-0.418778598667145","-0.327864216388844","1.70632724706801","4.24480876424621","1.04402376544065","0.723364233255618","1.5915889956595","-0.380680358071884","-0.297444457433377","-0.389043683289174","1.31068055048815","0.281132763062667","0.29906503747178","1.0083884585906","1.66905836145819","0.748726318128736","0.811163579603796","0.418593158139214","3.62589983580121","-0.493246804831839","-0.323976796901256","0.877815104601875","0.128970141494832","-0.409384590079331","-0.376628170451453","-0.345126754812517","-0.270658112668895","-0.185976500431359","-0.152498570332605","-0.152498570332605","H40"
"24","0.038511601810586","0.42227449812395","-0.551715364571615","-1.15125396669977","-1.18523888689336","-1.14905189747371","-0.910266422896544","-0.497756296161737","0.264662627740082","1.40948631651683","0.546598339194279","-0.605972447206078","-0.629828434124666","0.366152701206297","-0.68052912667277","0.304323146769791","-0.828451900788617","-1.0697352178481","-0.838959676570512","-0.914431829768943","-0.817816759940056","-1.04068112732084","-0.922519580549029","-0.809575361285636","-0.958336462606077","-0.863397545803801","-1.01801970767326","-0.87957454283332","-0.957872101178539","-0.805937556094498","-0.846822781940979","0.353150000132142","-0.152498579108849","-0.970948267778452","-0.722229125006986","-1.0661439904292","0.0246702395448607","-0.412299204076748","-0.370187857764007","-0.538681679121139","-0.505004520753416","-0.40035227629265","-1.29368792153343","-0.544288479313457","-0.206154077355936","-0.702145298667794","-0.37683715684796","-1.03352495181611","-0.298429817422427","-0.493451514563556","-0.357125304363935","0.0190731218493521","-1.07893546255513","-0.501730951700466","-0.595018756356076","-0.302536893638698","-0.429438653965924","-0.80742828790086","-0.165602356796796","-0.662816822967419","-0.575198152138746","-0.274565835149053","-0.941315536940646","-0.363619885980868","-0.285815338738018","-0.591827130003955","-0.50312582836431","-0.689397397838705","-0.489530928476979","-0.547542035134976","-0.719349575651446","-0.530463253153051","-0.750491443904367","-0.391866150890647","-0.355188706259715","-0.772896163891621","0.048061883506995","-0.158393806201975","-0.952107549460367","0.497584580462402","-0.401736191164336","-0.367865164796464","-0.306339761127422","-0.405856167364295","-0.301748942206895","-0.795315872551464","-0.270658112668895","-0.823054891753102","-0.418778598667145","-0.327864216388844","-0.36633014343833","0.618448959029249","-0.907846752557087","-0.313457834410768","-0.634047648677363","-0.380680358071884","-0.297444457433377","-0.389043683289174","-0.647974675975736","-0.870172838051113","-1.31309936761999","-0.973091135624403","-0.270658112668895","-0.401103384711823","-0.351504217828312","-0.399566196405613","-0.371887162646278","-0.493246804831839","-0.323976796901256","-0.301748942206895","-0.795315872551464","-0.409384590079331","-0.376628170451453","-0.794837374719735","-0.270658112668895","-0.185976500431359","-0.152498570332605","-0.152498570332605","L1000"
"25","-0.413597450141251","0.45761095021201","-0.105622788687655","0.565149205246678","0.475115564182808","0.571179790020148","0.942205595629757","0.0954806147360508","0.445983624943838","0.0910315934865239","0.69459846180512","-0.575455616229623","0.409893348585522","-0.468736923242431","0.52279704145233","-0.447099444241282","-0.0514679466347119","1.22256727591179","0.207395131789627","0.770080940907739","1.01614619074193","0.751038086863553","0.905510928714034","1.10133309348561","0.83384436786499","0.742093130514265","0.388481789698076","0.627122111589546","0.194667386756291","0.495141620751934","0.127926501564852","-0.520010450260067","-0.152498572256412","0.918565952725457","1.68963361081894","0.711380033869049","2.52891865525543","2.34182655560009","2.31355440281166","-0.538681679121139","-0.505004520753416","-0.40035227629265","-0.157782217491292","0.753639929598181","-0.206154077355936","1.90500325458641","1.58436225004988","-1.03352495181611","-0.298429817422427","-0.493451514563556","1.32710960322193","2.77889201151865","-0.16788484951063","1.21759794730891","1.4773601696684","-0.302536893638698","2.02895698991298","-0.80742828790086","1.05446104774198","1.85657282116195","-0.575198152138746","1.527045691057","-0.404632662288139","-0.363619885980868","0.472693028193373","-0.591827130003955","-0.50312582836431","2.44493624602859","3.09821286433708","0.477710244221741","-0.0154963655951955","2.16643597032761","-0.750491443904367","-0.391866150890647","0.845921089248816","-0.216878563019548","1.89315706276802","-0.158393806201975","0.827919608226406","-0.572222267531762","0.98023630644098","-0.367865164796464","1.57546162865531","0.387408159756827","-0.301748942206895","0.128970141494832","-0.270658112668895","0","-0.418778598667145","-0.327864216388844","1.29179576896674","-0.590337642709738","0.207507829155906","0.723364233255618","2.98261189837004","-0.380680358071884","-0.297444457433377","-0.389043683289174","1.65419711916459","0.281132763062667","0.325410904556875","0.742199781370744","-0.270658112668895","-0.401103384711823","-0.351504217828312","-0.399566196405613","-0.371887162646278","-0.493246804831839","-0.323976796901256","-0.301748942206895","0.128970141494832","-0.0266989950051738","4.38661045584634","-0.794837374719735","-0.270658112668895","-0.185976500431359","-0.152498570332605","-0.152498570332605","PiperonylButoxide"
"26","0.320474108977006","0.213464609256138","-0.334569772077835","0.139357936973823","0.213292891843356","0.133550707275708","-0.111787104566242","-0.304270801464142","-0.386261863350645","-0.850721780106553","-0.721974140327214","0.705593021803614","0.444829072905995","-0.384913571222792","0.576499070387038","-0.148200873868854","0.430150762990353","0.277798186367199","0.130987705658301","0.046091343966154","-0.209542992315184","-0.0238181194848608","-0.0243494493031155","-0.286960796244001","-0.128241836554292","-0.308804837379214","-0.148251974921113","-0.298845350858928","-0.00419322154923064","-0.379328558918813","-0.11509956904038","-0.0626406905308146","-0.152498579087341","0.0254997915150705","-0.128698359545637","0.0766548997924698","-0.663679394389466","-0.412299204076748","-0.370187857764007","-0.538681679121139","-0.505004520753416","-0.40035227629265","0.6812853943669","-0.852282718446009","-0.670930740456917","1.76160368798885","-0.915917419549171","0.703689404605405","-0.298429817422427","-0.493451514563556","-0.654499403873275","-0.529799231774179","0.143812092598773","1.31320358537785","-0.595018756356076","-0.302536893638698","-0.429438653965924","0.995103718355073","-0.673930278603961","-0.662816822967419","2.13566973872455","-0.0716218048425514","-0.941315536940646","-0.363619885980868","0.514539747510961","-0.591827130003955","-0.50312582836431","-0.689397397838705","-0.489530928476979","-0.547542035134976","1.24398368979516","-0.530463253153051","0.94864373193038","-0.391866150890647","-0.396851008158259","-0.300518080467883","-0.496616866073864","-0.158393806201975","-0.0197123716244383","-0.572222267531762","-0.056243066763007","-0.367865164796464","-0.306339761127422","-0.405856167364295","-0.301748942206895","0.128970141494832","-0.270658112668895","0","-0.418778598667145","-0.327864216388844","0.0482013346629381","-0.590337642709738","0.486346474584154","-0.313457834410768","-0.634047648677363","-0.380680358071884","-0.297444457433377","-0.389043683289174","-0.142071134663719","-0.294520037494223","0.46897385185368","-0.0478843699559852","-0.270658112668895","-0.401103384711823","-0.351504217828312","1.23675251268404","-0.371887162646278","-0.493246804831839","-0.323976796901256","-0.301748942206895","0.128970141494832","-0.409384590079331","-0.376628170451453","1.00400510490914","-0.270658112668895","-0.185976500431359","-0.152498570332605","-0.152498570332605","chlorothalonil"
"27","0.44379507585476","0.0278425840694068","-0.259827629733962","0.141847051791797","0.209677274897358","0.133347249453167","-0.175665450032666","-0.139046237976368","0.608947679358914","-1.22742312954378","-0.93340288691413","0.70572059104313","0.423651029615086","-0.391382250851443","0.65622172276549","-0.00261053074383992","0.453295467780152","0.188454484995338","-0.335076566145953","-0.120149049545395","-0.362506677854638","-0.06760834604616","-0.212890023581867","-0.415138407879754","-0.163467856829416","-0.398956650799112","-0.131251896687627","-0.416144891599353","0.0708291422195447","-0.500932621840846","-0.183734243848597","0.706572087195655","-0.152498579101276","-0.0785156841766486","-0.276047153774702","-0.0147214097064422","0.0246702395448607","0.964763675761669","-0.370187857764007","-0.538681679121139","-0.505004520753416","-0.40035227629265","1.17502872334198","-0.852282718446009","-0.670930740456917","0.487046630092124","-0.37683715684796","1.13799299371078","-0.298429817422427","-0.493451514563556","-0.654499403873275","-0.529799231774179","-0.0952844417090753","0.357933497804224","-0.595018756356076","-0.302536893638698","0.799759167973529","1.44573671991906","-0.452321831512688","-0.662816822967419","-0.575198152138746","-0.608868882993676","-0.941315536940646","-0.363619885980868","-0.285815338738018","-0.591827130003955","0.292454844351622","-0.689397397838705","-0.489530928476979","-0.547542035134976","1.28479373044204","-0.530463253153051","1.32792988670985","-0.391866150890647","-0.355188706259715","-0.772896163891621","-0.496616866073864","-0.158393806201975","-0.189238767594607","0.497584580462402","-0.401736191164336","-0.367865164796464","-0.306339761127422","-0.405856167364295","-0.301748942206895","0.128970141494832","-0.270658112668895","0","-0.418778598667145","-0.327864216388844","-0.36633014343833","0.618448959029249","0.486346474584154","-0.313457834410768","-0.634047648677363","-0.380680358071884","-0.297444457433377","-0.389043683289174","-0.219323481723122","-0.294520037494223","0.740204112928392","-0.106957364629944","-0.270658112668895","-0.401103384711823","-0.351504217828312","-0.399566196405613","-0.371887162646278","-0.493246804831839","-0.323976796901256","-0.301748942206895","0.128970141494832","-0.409384590079331","-0.376628170451453","1.45371572481636","-0.270658112668895","-0.185976500431359","-0.152498570332605","-0.152498570332605","pentachlorophenol"
"28","1.35908343054491","0.0570362355587777","-0.237798366727347","0.387242071853476","0.424787909809495","0.387405219531316","0.367300486431939","-0.189136320993323","0.455423541460333","0.844434292360985","1.43459907485932","0.705330035196211","0.323549995391947","-0.445237190053643","0.524815060790459","-0.14672085721734","0.374503649718484","0.539591833731329","0.871133250151462","0.42627114579207","0.320036158172965","0.282262489436989","0.517247627917545","0.336859648473481","0.286844257027617","0.246936970023875","0.168924972356074","0.198932390619833","0.0213697500640024","0.165145745943069","0.102456893236641","-0.894222071856727","-0.152498578323011","0.228029563864831","0.13360800239108","0.420029734202922","-0.0251597844604861","-0.412299204076748","-0.370187857764007","-0.538681679121139","0.299648969477831","1.14953931383191","-0.306201263583265","1.03670330017868","0.118329769496516","0.554734916943031","0.0476210171100028","0.243254277500276","0.402672753033925","-0.493451514563556","-0.654499403873275","-0.529799231774179","1.44838423809699","1.21759794730891","0.441170706656161","0.572026310839188","2.02895698991298","0.0938377152271063","-0.457640096458013","-0.662816822967419","0.120661000285731","-0.608868882993676","1.21118749708718","0.840064823292219","-0.230507436982604","-0.591827130003955","0.180886825843774","1.86413410494658","-0.489530928476979","-0.29094486642107","0.145690363480511","1.28832036938214","0.153856687865307","-0.0927510258840879","-0.0398226944857449","0.685312350570355","-0.496616866073864","-0.158393806201975","0.488866816286068","-0.572222267531762","-0.056243066763007","-0.367865164796464","-0.306339761127422","-0.405856167364295","-0.301748942206895","1.05325615554113","1.66905836145819","1.6461097835062","-0.418778598667145","-0.327864216388844","0.0482013346629381","-0.590337642709738","0.207507829155906","0.723364233255618","-0.0776384875931465","-0.380680358071884","-0.297444457433377","-0.389043683289174","-0.14496253189097","0.856785563619557","1.09873699978207","0.430775838412243","1.66905836145819","-0.401103384711823","-0.351504217828312","0.418593158139214","-0.371887162646278","-0.493246804831839","-0.323976796901256","-0.301748942206895","1.05325615554113","-0.0266989950051738","0.576019554808105","0.554294485001921","-0.270658112668895","-0.185976500431359","-0.152498570332605","-0.152498570332605","quinoxyfen"
"29","1.34894371797234","-2.89569909624363","-0.198289362422004","0.546586514080557","0.542908381920263","0.552927327153623","0.814448904696908","0.673258564974275","0.327578267781293","0.0337074750939015","-0.0711413030074912","-0.390404865872405","0.688254502318961","-0.637810074019319","0.609910814691749","-0.685336249269846","0.0796428296172352","0.576399223510996","0.403550571085313","0.857863470903358","0.67531813470289","0.418060707734284","0.692016852878872","0.604029500547227","0.36743899718215","0.454281057176714","0.136341980926857","0.328636797827435","-0.0336573458098833","0.348371692496223","0.0179686412336951","-1.27536353829777","-0.152498577967821","0.874837719055987","0.645079921518596","0.495108959448364","-0.00318140647112553","0.949884012388771","-0.370187857764007","0.846471252893412","2.76086890228259","-0.40035227629265","-0.704330664919742","-0.281037446326986","1.10338758938665","0.514051729817504","1.51400745101026","-0.394770084944486","-0.298429817422427","-0.493451514563556","0.757068258864186","0.964687387536042","0.406531929104877","-0.501730951700466","0.476837212950633","5.71990571568201","-0.429438653965924","-0.80742828790086","0.321431313834929","-0.0915437685670562","1.8445624621374","0.948401685244672","-0.404632662288139","-0.363619885980868","1.74184842455967","2.15958745616766","4.700469155361","1.27603658362683","-0.489530928476979","-0.547542035134976","-0.912819638943169","3.2337952772334","-0.750491443904367","1.15008901718643","-2.12945281619745","-0.67889924679355","0.650564201502162","-0.158393806201975","0.743156410241321","-0.572222267531762","1.67122255524364","-0.367865164796464","-0.306339761127422","-0.405856167364295","-0.301748942206895","0.128970141494832","-0.270658112668895","0","-0.418778598667145","-0.327864216388844","1.29179576896674","-0.590337642709738","1.60170105629715","-0.313457834410768","1.31338441511739","-0.380680358071884","-0.297444457433377","-0.389043683289174","0.646727940604296","-0.294520037494223","0.515074713589205","0.415999013525014","-0.270658112668895","-0.401103384711823","-0.351504217828312","2.05491186722887","-0.371887162646278","1.43489979587444","-0.323976796901256","-0.301748942206895","0.128970141494832","-0.409384590079331","-0.376628170451453","0.554294485001921","-0.270658112668895","-0.185976500431359","6.4049399539694","6.4049399539694","trifluralin"
"30","-1.28516498616805","1.1049267931048","-0.230717532189506","-0.375372221611093","-0.391951479116796","-0.371644396865577","-0.175665450032666","-0.678254122671861","-0.802584137859934","-1.49649552199895","-1.22940313213581","-0.759779171422777","0.135387664453513","-0.314528598458626","0.367431040439092","0.0604525678930421","0.180976806982937","0.381988449374706","0.237721368896851","-0.129980052256728","-0.013952797302056","-0.255333469717772","0.044432511811065","0.0981438129363606","-0.107015249687778","0.0729340024424289","-0.197739811894256","0.141314787761196","-0.176948308145871","0.161867603042285","-0.121757465218004","-0.880362382167962","-0.152498579049293","-0.428748773637027","-0.493392992184338","-0.170593822752458","-0.663679394389466","-0.412299204076748","-0.370187857764007","-0.538681679121139","-0.505004520753416","-0.40035227629265","0.771819390465591","0.645826761285304","-0.670930740456917","-0.702145298667794","-0.915917419549171","-0.226950129361283","-0.298429817422427","-0.493451514563556","-0.654499403873275","-0.529799231774179","1.29718391028208","-0.501730951700466","-0.595018756356076","-0.302536893638698","-0.429438653965924","-0.80742828790086","-0.673930278603961","-0.662816822967419","-0.575198152138746","-0.608868882993676","1.74209883632189","2.01494027766514","-0.877814731601523","-0.591827130003955","-0.50312582836431","-0.689397397838705","-0.489530928476979","2.57569095554551","-0.912819638943169","-0.530463253153051","-0.750491443904367","-0.391866150890647","-0.355188706259715","2.1212181246994","-0.496616866073864","-0.158393806201975","-0.0197123716244383","-0.572222267531762","-0.747229315565665","-0.367865164796464","-0.306339761127422","-0.405856167364295","-0.301748942206895","1.97754216958742","-0.270658112668895","1.6461097835062","-0.418778598667145","-0.327864216388844","-0.780861621539598","-0.590337642709738","-1.18668539798534","-0.313457834410768","-0.634047648677363","-0.380680358071884","-0.297444457433377","-0.389043683289174","-0.777629396293452","0.856785563619557","0.446698817742938","0.0709391406723118","-0.270658112668895","-0.401103384711823","-0.351504217828312","-0.399566196405613","-0.371887162646278","-0.493246804831839","-0.323976796901256","-0.301748942206895","1.97754216958742","0.355986600068984","-0.376628170451453","-0.794837374719735","-0.270658112668895","-0.185976500431359","-0.152498570332605","-0.152498570332605","anthracene"
"31","-1.26819064521361","1.10920371660884","-0.15518863045254","0.0595301461841596","0.0542181284692749","0.064147004881438","0.239543795499091","-0.629289776417197","-0.802586401354804","-0.624700970444214","0.546598339194279","-0.750548331438151","0.321613341621902","-0.482721293460545","0.550870223448953","-0.0893034379234604","0.326265913538942","0.661138559496101","1.52477116811587","0.307729767083339","0.437349533439835","0.185573505581675","0.567148395847908","0.616173255928639","0.378828242726675","0.625764735200592","0.286571473675119","0.827447704488656","0.34790536971884","0.987901200114187","0.497094693225707","-1.42089028002981","-0.152498577176298","-0.117453560624755","-0.327550833456486","0.304151880162013","-0.663679394389466","-0.412299204076748","-0.370187857764007","-0.538681679121139","-0.505004520753416","-0.40035227629265","1.54638463246522","1.33437080446318","-0.670930740456917","-0.702145298667794","-0.915917419549171","0.579624693093548","-0.298429817422427","-0.493451514563556","-0.654499403873275","-0.529799231774179","1.77240778484953","-0.501730951700466","-0.595018756356076","-0.302536893638698","-0.429438653965924","-0.80742828790086","-0.673930278603961","-0.662816822967419","-0.575198152138746","-0.608868882993676","2.27878171097439","4.39350044131115","-0.877814731601523","-0.591827130003955","-0.50312582836431","-0.689397397838705","-0.489530928476979","3.20033755368161","-0.912819638943169","-0.530463253153051","-0.750491443904367","-0.391866150890647","-0.355188706259715","2.8090506995936","-0.496616866073864","-0.158393806201975","0.488866816286068","-0.572222267531762","-0.747229315565665","-0.367865164796464","-0.306339761127422","-0.405856167364295","-0.301748942206895","3.82611419768002","-0.270658112668895","3.29221956701241","-0.418778598667145","-0.327864216388844","-0.780861621539598","-0.590337642709738","-1.18668539798534","-0.313457834410768","-0.634047648677363","-0.380680358071884","-0.297444457433377","-0.389043683289174","-0.697981500880781","2.00809116473334","1.21513462660285","0.632638586980524","-0.270658112668895","-0.401103384711823","-0.351504217828312","-0.399566196405613","-0.371887162646278","-0.493246804831839","-0.323976796901256","-0.301748942206895","3.82611419768002","0.355986600068984","-0.376628170451453","-0.794837374719735","-0.270658112668895","-0.185976500431359","-0.152498570332605","-0.152498570332605","benzo(a)pyrene"
"32","0.831663920905651","-0.234881322965155","-0.102318399236663","-0.210697316519105","-0.26820946558999","-0.206476522748408","0.0798479318330302","0.342589040141847","0.532640830476471","0.806764157417262","0.783398535371624","-0.597973391755318","0.358752089182889","-0.430234911201072","0.315344568137151","-0.405169934291452","0.0747022869096916","0.279238012623929","-0.1253008303195","0.110034868217211","0.236850285304156","-0.0103074173020898","0.0567426935066374","0.220633359104388","0.00786383623982004","0.320176087575009","0.018858370880424","0.0944749422904023","-0.212778195572371","-0.00585332981361268","-0.247411508445776","-0.52694029510445","-0.152498579074797","0.0640880823168289","0.0545664876861078","-0.0545923101498985","0.0246702395448607","-0.412299204076748","-0.370187857764007","0.800049066866016","0.269064039733414","-0.40035227629265","0.328422991079768","0.499552274622068","-0.670930740456917","-0.2350910885452","0.129307266724801","-0.810052480141128","-0.298429817422427","0.443563829759539","0.767570511651213","-0.529799231774179","0.307339025056813","-0.501730951700466","-0.595018756356076","-0.302536893638698","-0.429438653965924","-0.80742828790086","-0.193271331477528","0.37454111298314","0.132705019828362","1.21702522432023","0.132050212364368","-0.363619885980868","0.213711583465641","0.400451718160629","0.243847765103389","-0.223669925879064","0.492366644737322","0.165386945153693","-0.719349575651446","-0.530463253153051","-0.750491443904367","0.372721563485388","0.697993381933175","0.290580002365809","1.21225149631683","-0.158393806201975","0.0650508263606461","0.497584580462402","-0.056243066763007","-0.367865164796464","-0.306339761127422","-0.405856167364295","-0.301748942206895","0.128970141494832","-0.270658112668895","0","0.081429171963056","-0.327864216388844","-0.36633014343833","0.618448959029249","-0.629008107128839","-0.313457834410768","0.47877067349107","-0.380680358071884","-0.297444457433377","-0.389043683289174","-0.00518189591442508","-0.294520037494223","0.041465898932399","0.0619512634338815","-0.270658112668895","0.748726318128736","-0.351504217828312","-0.399566196405613","-0.371887162646278","-0.493246804831839","-0.323976796901256","-0.301748942206895","0.128970141494832","-0.409384590079331","-0.376628170451453","-0.794837374719735","-0.270658112668895","-0.185976500431359","-0.152498570332605","-0.152498570332605","ibuprofen"
"33","0.702413903852285","-0.111359016742204","-0.0991141427993371","1.24711383038735","1.14439474006155","1.2546025340296","1.64486739576042","-0.123213016723101","0.571126186962941","0.108154382097307","0.492780112790337","-0.58804070565123","0.656353160836962","-0.765291800663371","0.579917358892399","-0.76564169355446","-0.0564324909112189","1.00947433693731","1.23340982288819","1.63938308535909","1.89312767681523","1.60781906954218","1.60562210711173","1.67329775709713","1.37027200429727","1.55333202800067","1.09917338129126","1.6296101247193","0.961515191137956","1.36616973227217","0.780487885012466","-1.63571547020567","-0.152498290189647","1.77837740864714","1.96722194655754","1.47786333966642","2.55089703324479","5.09595231527692","-0.370187857764007","-0.538681679121139","-0.505004520753416","-0.40035227629265","-0.187953836919987","2.44686694858943","-0.210524446007086","2.44869772189646","1.08430631613007","-1.03352495181611","0.390846689862856","0.443563829759539","1.00014402913834","3.50572454446257","0.782562899624256","3.84439411485745","3.54973909569287","-0.302536893638698","4.48735263379189","-0.80742828790086","1.64678505104208","0.431929570231324","1.48813896526001","1.21702522432023","0.668733087016874","-0.363619885980868","0.99358226165706","-0.139813587485737","0.316660084682322","0.215552964749168","3.55910271497644","1.40529462814304","-0.19496102026479","1.57791319673639","-0.750491443904367","-0.227526213717886","0.434474861434391","1.18768368309641","1.21333158384499","5.04383924089474","1.59078839009217","-0.572222267531762","1.32572943084231","-0.367865164796464","-0.306339761127422","-0.405856167364295","-0.301748942206895","1.05325615554113","-0.270658112668895","0.823054891753102","0.081429171963056","-0.327864216388844","1.70632724706801","-0.590337642709738","0.486346474584154","-0.313457834410768","2.98261189837004","-0.380680358071884","-0.297444457433377","-0.389043683289174","1.95517041577686","0.281132763062667","0.931357036187273","1.57610841045356","-0.270658112668895","-0.401103384711823","-0.351504217828312","1.23675251268404","-0.371887162646278","-0.493246804831839","-0.323976796901256","-0.301748942206895","1.05325615554113","-0.409384590079331","3.43396273058678","-0.794837374719735","-0.270658112668895","6.21161511440738","-0.152498570332605","-0.152498570332605","verapamil"
"34","-0.586334282465458","0.619808097119455","-0.452583681041846","-0.8407545048189","-0.845302791595601","-0.843313835261987","-0.814448904696908","-0.511238994507612","-0.599369083863387","-0.285669755950707","-0.785402764303289","0.70544739429041","-0.286003408135602","0.216093182910635","-0.167375401380071","0.212212594863662","0.312897454042376","-0.580147567618836","-0.831770539033997","-0.831311633013169","-0.815553291560436","-0.827169648085633","-0.834908571587592","-0.806893024746644","-0.715439202581848","-0.845502503323312","-0.810386200799486","-0.851678674306057","-0.765822952199695","-0.805937556094498","-0.846822781940979","0.782800380483864","-0.152498579108774","-0.780473415830971","-0.303382221128015","-0.841000292582731","-0.663679394389466","-0.412299204076748","-0.370187857764007","-0.538681679121139","-0.505004520753416","-0.40035227629265","-1.29368792153343","-0.852282718446009","0.156354624970998","-0.702145298667794","-0.915917419549171","-0.164917773605355","-0.298429817422427","-0.493451514563556","-0.654499403873275","0.447173369670889","-1.07893546255513","-0.501730951700466","-0.595018756356076","-0.302536893638698","-0.429438653965924","0.0938377152271063","-0.163580159402512","-0.662816822967419","-0.575198152138746","-0.608868882993676","-0.941315536940646","-0.363619885980868","-0.877814731601523","-0.591827130003955","-0.50312582836431","0.23609182695773","-0.489530928476979","-0.547542035134976","-0.0337742911890836","-0.530463253153051","0.00239817352054402","-0.391866150890647","-0.355188706259715","-0.772896163891621","-0.496616866073864","-0.158393806201975","-0.867344351475282","-0.572222267531762","-0.747229315565665","-0.367865164796464","-0.306339761127422","-0.405856167364295","-0.301748942206895","-0.795315872551464","-0.270658112668895","-0.823054891753102","-0.418778598667145","-0.327864216388844","-0.780861621539598","-0.590337642709738","-0.629008107128839","-0.313457834410768","-0.355843068135255","-0.380680358071884","-0.297444457433377","-0.389043683289174","0.0623870598671955","-0.870172838051113","-0.667493454133397","-0.786982900879593","-0.270658112668895","-0.401103384711823","-0.351504217828312","-0.399566196405613","-0.371887162646278","0.792184262305681","-0.323976796901256","-0.301748942206895","-0.795315872551464","-0.409384590079331","-0.376628170451453","0.104583865094702","-0.270658112668895","-0.185976500431359","-0.152498570332605","-0.152498570332605","1-2Dichloroethane"
"35","-0.451313903717171","0.576628642062649","-0.309393471498847","-0.356498391092724","-0.328362435191553","-0.360741418530348","-0.463118004631575","-0.434128488910486","-0.730408244146933","0.404949384684216","0.546598339194279","0.705478472006962","0.132705980090704","-0.19903863746273","0.395200296171221","0.175285520996527","0.393969063428502","-0.119803757576413","-0.358692950897079","-0.42703965732687","-0.50142825141254","-0.414630130236495","-0.434672791731149","-0.502297432974906","-0.415187006311451","-0.503331781145896","-0.384951135332809","-0.535254026140186","-0.403472421975118","-0.564068418549898","-0.463021946211564","0.443237983109116","-0.152498579106991","-0.472420201302999","-0.509651321074144","-0.376390673592558","-0.663679394389466","-0.412299204076748","-0.370187857764007","-0.538681679121139","-0.505004520753416","-0.40035227629265","0.187542065391818","-0.0427172818925716","-0.317601777705785","0.0906493205054847","-0.915917419549171","0.269385815500025","-0.298429817422427","-0.493451514563556","-0.654499403873275","-0.529799231774179","0.224090961803666","-0.501730951700466","-0.595018756356076","-0.302536893638698","-0.429438653965924","0.54447071679109","-0.673930278603961","-0.662816822967419","-0.575198152138746","-0.608868882993676","-0.136291224961886","-0.363619885980868","-0.877814731601523","-0.591827130003955","-0.50312582836431","0.496416451287702","-0.489530928476979","-0.547542035134976","0.405748382687959","-0.530463253153051","0.497976557054965","-0.391866150890647","-0.355188706259715","-0.103888472369243","-0.496616866073864","-0.158393806201975","-0.44352836154986","-0.572222267531762","-0.747229315565665","-0.367865164796464","-0.306339761127422","-0.405856167364295","-0.301748942206895","0.128970141494832","-0.270658112668895","0","-0.418778598667145","-0.327864216388844","-0.780861621539598","-0.590337642709738","-0.350169461700591","-0.313457834410768","-0.634047648677363","-0.380680358071884","-0.297444457433377","-0.389043683289174","-0.552210202159851","-0.294520037494223","0.294174751106486","-0.357485866432456","-0.270658112668895","-0.401103384711823","-0.351504217828312","-0.399566196405613","-0.371887162646278","-0.493246804831839","-0.323976796901256","-0.301748942206895","0.128970141494832","-0.409384590079331","-0.376628170451453","0.554294485001921","-0.270658112668895","-0.185976500431359","-0.152498570332605","-0.152498570332605","124-Trichlorobenzene"
"36","0.504270957267882","0.368672415984466","-0.518671470061692","-1.08074274481606","-1.11087728562902","-1.078397963928","-0.84638807743012","-0.22990838675781","-0.0421626375476045","0.279382268205139","-0.341402396470766","-0.613634263088637","-0.277898584325115","0.316003578871417","-0.447175965445322","0.130001229957459","0.0592724500197552","-1.18548468865315","-0.786876734585815","-0.812134960508452","-0.709962014121963","-0.935310721473006","-0.866827497074777","-0.766230590836058","-0.917684768116504","-0.691794087336099","-0.867685280417384","-0.87957454283332","-0.957872101178539","-0.805937556094498","-0.846822781940979","0.152184499645046","-0.15249857910884","-0.88746854871505","-0.958921104280896","-0.984525524478391","-0.0173854140859868","-0.412299204076748","-0.370187857764007","-0.538681679121139","-0.505004520753416","-0.40035227629265","-1.29368792153343","-0.236294240180905","-0.670930740456917","-0.702145298667794","-0.40977299597641","-0.817018008357458","-0.298429817422427","-0.493451514563556","-0.0597512048545949","-0.529799231774179","-1.07893546255513","-0.501730951700466","-0.595018756356076","-0.302536893638698","-0.429438653965924","-0.80742828790086","-0.422954256619384","-0.219348960485513","-0.575198152138746","0.0597372126955697","-0.941315536940646","-0.363619885980868","-0.378287809397864","-0.591827130003955","0.243847765103389","-0.689397397838705","-0.489530928476979","-0.547542035134976","-0.912819638943169","-0.530463253153051","-0.750491443904367","0.279089153711837","-0.355188706259715","-0.772896163891621","0.365464608082891","-0.158393806201975","-0.867344351475282","-0.572222267531762","-0.401736191164336","-0.367865164796464","-0.306339761127422","-0.405856167364295","-0.301748942206895","-0.795315872551464","-0.270658112668895","-0.823054891753102","-0.418778598667145","-0.327864216388844","-0.36633014343833","-0.590337642709738","-0.907846752557087","-0.313457834410768","-0.634047648677363","-0.380680358071884","-0.297444457433377","-0.389043683289174","-0.968015961310187","-0.870172838051113","-1.05021343301002","-0.896008081598627","-0.270658112668895","0.748726318128736","0.811163579603796","-0.399566196405613","-0.371887162646278","-0.493246804831839","-0.323976796901256","-0.301748942206895","-0.795315872551464","-0.409384590079331","-0.376628170451453","-0.794837374719735","-0.270658112668895","-0.185976500431359","-0.152498570332605","-0.152498570332605","acetone"
"37","0.455969987072311","-0.369845160159535","-0.525280248963676","-0.99865479080725","-1.01182547823344","-0.996090461514881","-0.782509731963696","0.395546298728788","0.524042082237042","1.86152793584151","0.901798633460297","-0.59810498565228","-0.137960244445796","0.199862856205642","-0.400323708915675","-0.0456098617126081","0.0906495773552152","-0.571675568720762","-0.72119368867548","-0.729014763752677","-0.748348435098955","-0.972812944733662","-0.772557209935401","-0.785283674020048","-0.93555405450668","-0.797850182198892","-0.960596474752046","-0.811377904493159","-0.90570545011396","-0.805937556094498","-0.846822781940979","-0.166588363196554","-0.152498579108723","-0.823976931399223","-0.835595345000381","-0.926081666565054","0.0246702395448607","-0.412299204076748","-0.370187857764007","0.800049066866016","-0.505004520753416","1.29220133867091","-1.01368426353087","-0.852282718446009","-0.243498804279303","-0.702145298667794","0.129307266724801","-0.810052480141128","-0.298429817422427","-0.493451514563556","-0.654499403873275","-0.529799231774179","-0.5832568252967","-0.501730951700466","-0.595018756356076","-0.302536893638698","-0.429438653965924","-0.80742828790086","-0.193271331477528","-0.219348960485513","-0.575198152138746","-0.608868882993676","-0.381532558465856","-0.363619885980868","0.213711583465641","-0.0935424432941702","0.243847765103389","-0.689397397838705","0.00829061986722893","-0.208829445891829","-0.719349575651446","-0.530463253153051","-0.750491443904367","0.265275368028844","-0.355188706259715","-0.772896163891621","0.338687835021962","-0.158393806201975","-0.782581153490198","0.497584580462402","-0.056243066763007","-0.367865164796464","-0.306339761127422","-0.405856167364295","-0.301748942206895","-0.795315872551464","-0.270658112668895","-0.823054891753102","-0.418778598667145","-0.327864216388844","-0.36633014343833","0.618448959029249","-0.629008107128839","-0.313457834410768","-0.355843068135255","-0.380680358071884","-0.297444457433377","-0.389043683289174","-0.862123648292196","-0.870172838051113","-1.19925702556667","-0.864323241467538","-0.270658112668895","0.748726318128736","-0.351504217828312","-0.399566196405613","-0.371887162646278","-0.493246804831839","-0.323976796901256","-0.301748942206895","-0.795315872551464","-0.409384590079331","-0.376628170451453","-0.794837374719735","-0.270658112668895","-0.185976500431359","-0.152498570332605","-0.152498570332605","acrylic acid"
"38","-1.34496618736257","1.54791822305311","-0.419539786531923","-0.963132069666769","-0.986844289231556","-0.960611466176778","-0.750570559230484","-0.816784150871966","-0.800547909301421","-1.98082582841824","-1.82140362257917","-0.783239399738911","-0.3352016657807","0.123160815797599","-0.112379528857299","0.438258278626846","-0.285704670836256","-0.202647714774619","-0.685642249884265","-0.733930265108344","-0.630443245882606","-0.857623598682575","-0.644654880953317","-0.575417310606091","-0.738727004769129","-0.620357276713827","-0.805102555653087","-0.619213103245531","-0.758710020756034","-0.608072510128501","-0.698585214836353","-0.159658518352171","-0.15249857910827","-0.917853887071461","-0.813814540718134","-0.816500394891995","-0.663679394389466","-0.412299204076748","-0.370187857764007","-0.538681679121139","-0.505004520753416","-0.40035227629265","0.255442562465836","-0.852282718446009","-0.670930740456917","-0.702145298667794","-0.915917419549171","-1.03352495181611","-0.298429817422427","-0.493451514563556","-0.654499403873275","-0.529799231774179","0.346736161147196","-0.501730951700466","-0.595018756356076","-0.302536893638698","-0.429438653965924","-0.80742828790086","-0.673930278603961","-0.662816822967419","-0.575198152138746","-0.608868882993676","0.668733087016874","-0.363619885980868","-0.877814731601523","-0.591827130003955","-0.50312582836431","-0.689397397838705","-0.489530928476979","-0.547542035134976","-0.912819638943169","-0.530463253153051","-0.750491443904367","-0.391866150890647","-0.355188706259715","0.848344248127281","-0.496616866073864","-0.158393806201975","-0.697817955505113","-0.572222267531762","-0.747229315565665","-0.367865164796464","-0.306339761127422","-0.405856167364295","-0.301748942206895","0.128970141494832","-0.270658112668895","0","-0.418778598667145","-0.327864216388844","-0.780861621539598","-0.590337642709738","-1.18668539798534","-0.313457834410768","-0.634047648677363","-0.380680358071884","-0.297444457433377","-0.389043683289174","-0.98288610100456","-0.294520037494223","-0.569423387023998","-0.679737285548893","-0.270658112668895","-0.401103384711823","-0.351504217828312","-0.399566196405613","-0.371887162646278","-0.493246804831839","-0.323976796901256","-0.301748942206895","0.128970141494832","-0.409384590079331","-0.376628170451453","-0.794837374719735","-0.270658112668895","-0.185976500431359","-0.152498570332605","-0.152498570332605","benzene"
"39","-0.848156208208119","2.83436819440073","-0.749978731631152","-1.23357674286122","-1.25957572365808","-1.23150749128519","-1.00608394109618","-1.47629310379466","-0.12563849557373","-0.850721780106553","-1.22940313213581","-0.690585888051052","-1.40533880142227","0.717021498818137","-2.18149084197956","-0.334565459774046","-1.09921534374915","-0.981364666782117","-0.845062782445542","-0.997552026524717","-0.960819481559924","-1.18038990601329","-0.995098916799065","-0.975004924442281","-1.11348763750526","-0.955059533980126","-1.09832084272419","-0.87957454283332","-0.957872101178539","-0.805937556094498","-0.846822781940979","0.325430620754611","-0.152498579108863","-1.09322841964597","-0.991118495398424","-1.16402241813549","-0.663679394389466","-0.412299204076748","-0.370187857764007","-0.538681679121139","1.38157063420796","-0.40035227629265","-1.29368792153343","-0.852282718446009","-0.670930740456917","-0.702145298667794","-0.915917419549171","-1.03352495181611","-0.298429817422427","1.35675416709337","-0.654499403873275","-0.529799231774179","-1.07893546255513","-0.501730951700466","1.96115119365185","-0.302536893638698","-0.429438653965924","-0.80742828790086","-0.673930278603961","-0.662816822967419","-0.575198152138746","-0.608868882993676","-0.941315536940646","-0.363619885980868","0.645054690277705","-0.591827130003955","-0.50312582836431","-0.689397397838705","-0.489530928476979","0.0540707698874263","-0.912819638943169","-0.530463253153051","-0.750491443904367","-0.391866150890647","-0.355188706259715","-0.772896163891621","-0.496616866073864","-0.158393806201975","-1.03687074744545","3.7070051244449","-0.056243066763007","-0.367865164796464","-0.306339761127422","-0.405856167364295","-0.301748942206895","-0.795315872551464","-0.270658112668895","-0.823054891753102","-0.418778598667145","-0.327864216388844","0.0482013346629381","1.82723556076824","-0.629008107128839","-0.313457834410768","-0.634047648677363","-0.380680358071884","-0.297444457433377","-0.389043683289174","-0.992673506182938","-0.870172838051113","-1.83287953462659","-1.06710793355026","-0.270658112668895","-0.401103384711823","-0.351504217828312","-0.399566196405613","-0.371887162646278","-0.493246804831839","-0.323976796901256","-0.301748942206895","-0.795315872551464","-0.409384590079331","-0.376628170451453","-0.794837374719735","3.60877483558527","-0.185976500431359","-0.152498570332605","-0.152498570332605","hydrazine"
"40","0.235165551892555","-0.703369226805213","-0.551715364571615","-1.05178917339566","-1.04913938805112","-1.04923097165596","-0.84638807743012","0.28378871512442","0.0451455101211958","1.40948631651683","0.546598339194279","-0.563448577279644","-0.238150308507077","0.318023261401816","-0.587155839297208","-0.037672755272723","-0.8305005756528","-1.18548468865315","-0.786876734585815","-0.812134960508452","-0.881247795227329","-1.10265108405173","-0.866827497074777","-0.919426673630079","-1.06136254723836","-0.88612054901633","-1.03792635584919","-0.87957454283332","-0.957872101178539","-0.805937556094498","-0.846822781940979","-0.173518208040936","-0.15249857910884","-0.94272977119364","-1.0597510969319","-1.039416441451","0.0382478521049545","-0.412299204076748","-0.370187857764007","-0.538681679121139","-0.505004520753416","-0.40035227629265","-1.29368792153343","-0.852282718446009","-0.670930740456917","-0.702145298667794","0.170774735295673","-1.03352495181611","-0.298429817422427","-0.493451514563556","-0.654499403873275","-0.529799231774179","-0.682770388628115","-0.501730951700466","-0.595018756356076","-0.302536893638698","-0.429438653965924","-0.80742828790086","-0.227206149446016","-0.662816822967419","0.634682154999329","-0.608868882993676","-0.941315536940646","-0.363619885980868","0.976609466409367","-0.167224223308037","-0.50312582836431","-0.689397397838705","-0.489530928476979","-0.547542035134976","-0.332334088060729","-0.530463253153051","-0.750491443904367","0.202126633478022","-0.355188706259715","-0.772896163891621","-0.496616866073864","-0.158393806201975","-0.867344351475282","0.497584580462402","0.634743182039651","-0.367865164796464","-0.306339761127422","-0.405856167364295","-0.301748942206895","-0.795315872551464","-0.270658112668895","-0.823054891753102","-0.418778598667145","-0.327864216388844","0.0482013346629381","0.618448959029249","-0.0713308162723424","-0.313457834410768","-0.634047648677363","-0.380680358071884","-0.297444457433377","-0.389043683289174","-1.11063781281961","-0.870172838051113","-1.46566749089036","-1.05840092747553","-0.270658112668895","-0.401103384711823","-0.351504217828312","0.418593158139214","-0.371887162646278","-0.493246804831839","-0.323976796901256","-0.301748942206895","-0.795315872551464","-0.409384590079331","-0.376628170451453","-0.794837374719735","-0.270658112668895","-0.185976500431359","-0.152498570332605","-0.152498570332605","nitric acid"
"41","-0.601284582764087","0.197939858058702","-0.419539786531923","-0.448167088929215","-0.406314888902265","-0.455268270637139","-0.654753041030848","-0.198239265025784","-0.564270261194234","-1.22742312954378","-1.52540337735749","0.708529326600452","0.0462265422372465","0.0375635097334672","0.345733098763746","0.437099671025422","0.510351353501933","-0.590948934383854","-0.721849732630259","-0.626717894492186","-0.766668477546127","-0.568110705236869","-0.707255678551432","-0.813748398872559","-0.622299330937888","-0.804093837966653","-0.483899005210967","-0.823782805778794","-0.573773803220851","-0.805937556094498","-0.846822781940979","1.00455541550411","-0.15249857910865","-0.507694615511122","-0.459698903726279","-0.557412736822928","-0.663679394389466","-0.412299204076748","-0.370187857764007","-0.538681679121139","-0.505004520753416","-0.40035227629265","0.6812853943669","-0.852282718446009","-0.670930740456917","-0.702145298667794","-0.915917419549171","0.703689404605405","-0.298429817422427","-0.493451514563556","-0.654499403873275","-0.529799231774179","-0.727085189709549","-0.501730951700466","-0.595018756356076","-0.302536893638698","-0.429438653965924","0.995103718355073","-0.673930278603961","-0.662816822967419","-0.575198152138746","-0.608868882993676","-0.543961729643158","-0.363619885980868","-0.877814731601523","-0.591827130003955","-0.50312582836431","-0.689397397838705","-0.489530928476979","-0.547542035134976","0.845271056565002","-0.549759141989065","0.737356374102969","-0.391866150890647","-0.355188706259715","-0.772896163891621","-0.496616866073864","-0.158393806201975","-0.697817955505113","-0.572222267531762","-0.747229315565665","-0.367865164796464","-0.306339761127422","-0.405856167364295","-0.301748942206895","-0.795315872551464","-0.270658112668895","-0.823054891753102","-0.418778598667145","-0.327864216388844","-0.780861621539598","-0.590337642709738","-0.0713308162723424","-0.313457834410768","-0.634047648677363","-0.380680358071884","-0.297444457433377","-0.389043683289174","-0.159846911033151","-0.870172838051113","0.0392630672363205","-0.594060860346679","-0.270658112668895","-0.401103384711823","-0.351504217828312","-0.399566196405613","-0.371887162646278","-0.493246804831839","-0.323976796901256","-0.301748942206895","-0.795315872551464","-0.409384590079331","-0.376628170451453","1.00400510490914","-0.270658112668895","-0.185976500431359","-0.152498570332605","-0.152498570332605","tetrachloroethylene"
"42","-0.44728882286754","0.529974977978283","-0.309393471498847","-0.356498391092724","-0.328362435191553","-0.360741418530348","-0.463118004631575","-0.380794658388054","-0.73560544658705","-0.0973190812320918","-0.0454021512490843","0.705541592578858","0.180465262724941","-0.222033340989117","0.442890038905601","0.156849969568819","0.416519527887209","-0.0847699079470694","-0.403554272411045","-0.42703965732687","-0.50142825141254","-0.414630130236495","-0.431722621999371","-0.500862977980139","-0.413841676168933","-0.509937646968413","-0.40558613232748","-0.52634044002883","-0.320032795409912","-0.560478828386541","-0.461337735920123","0.443237983109116","-0.15249857910689","-0.472420201302999","-0.509651321074144","-0.376390673592558","-0.663679394389466","-0.412299204076748","-0.370187857764007","-0.538681679121139","-0.505004520753416","-0.40035227629265","0.445730479391695","-0.312572427410384","-0.670930740456917","0.487046630092124","-0.915917419549171","0.269385815500025","-0.298429817422427","-0.493451514563556","-0.654499403873275","-0.529799231774179","0.224090961803666","-0.501730951700466","-0.595018756356076","-0.302536893638698","-0.429438653965924","0.54447071679109","-0.673930278603961","-0.662816822967419","-0.575198152138746","-0.608868882993676","-0.136291224961886","-0.363619885980868","-0.877814731601523","-0.591827130003955","-0.50312582836431","0.496416451287702","-0.489530928476979","-0.547542035134976","0.405748382687959","-0.530463253153051","0.501507666833178","-0.391866150890647","-0.355188706259715","-0.0802120241710859","-0.496616866073864","-0.158393806201975","-0.44352836154986","-0.572222267531762","-0.747229315565665","-0.367865164796464","-0.306339761127422","-0.405856167364295","-0.301748942206895","0.128970141494832","-0.270658112668895","0","-0.418778598667145","-0.327864216388844","-0.780861621539598","-0.590337642709738","-0.350169461700591","-0.313457834410768","-0.634047648677363","-0.380680358071884","-0.297444457433377","-0.389043683289174","-0.552210202159851","-0.294520037494223","0.294174751106486","-0.357485866432456","-0.270658112668895","-0.401103384711823","-0.351504217828312","-0.399566196405613","-0.371887162646278","-0.493246804831839","-0.323976796901256","-0.301748942206895","0.128970141494832","-0.409384590079331","-0.376628170451453","0.554294485001921","-0.270658112668895","-0.185976500431359","-0.152498570332605","-0.152498570332605","123-trichlorobenzene"
"43","-0.610484767563243","0.319040858447907","-0.485627575551769","-0.650378315120563","-0.625808840248933","-0.655224953185948","-0.750570559230484","-0.256880009720049","-0.624280349680175","0.505403077867478","-0.163802249337757","0.70822582717867","-0.174137466222956","0.200027200709037","0.184531324051364","0.636627458778516","0.465593342542429","-0.571675568720762","-0.750123481137358","-0.729014763752677","-0.809673475702815","-0.715775194718896","-0.772557209935401","-0.842775589521343","-0.721363094978302","-0.839476029589805","-0.685718530393561","-0.847363168426333","-0.736112845457391","-0.805937556094498","-0.846822781940979","0.803589915017012","-0.152498579108723","-0.659369034654486","-0.49808921828886","-0.704115977256073","-0.663679394389466","-0.412299204076748","-0.370187857764007","-0.538681679121139","-0.505004520753416","-0.40035227629265","0.187542065391818","-0.852282718446009","-0.281543931987759","-0.702145298667794","-0.915917419549171","0.269385815500025","-0.298429817422427","-0.493451514563556","-0.654499403873275","-0.529799231774179","-0.686203456595039","-0.501730951700466","-0.595018756356076","-0.302536893638698","-0.429438653965924","0.54447071679109","-0.673930278603961","-0.662816822967419","-0.575198152138746","-0.608868882993676","-0.497792908540383","-0.363619885980868","-0.877814731601523","-0.591827130003955","-0.50312582836431","-0.689397397838705","-0.0360197902348989","-0.547542035134976","0.405748382687959","-0.521719803524232","0.353670031665663","-0.391866150890647","0.179449655690257","-0.772896163891621","-0.496616866073864","-0.158393806201975","-0.782581153490198","-0.572222267531762","-0.747229315565665","-0.367865164796464","-0.306339761127422","-0.405856167364295","-0.301748942206895","-0.795315872551464","-0.270658112668895","-0.823054891753102","-0.418778598667145","-0.327864216388844","-0.780861621539598","-0.590337642709738","-0.350169461700591","-0.313457834410768","-0.634047648677363","-0.380680358071884","-0.297444457433377","-0.389043683289174","-0.241836795844505","-0.870172838051113","-0.210317763929335","-0.696889723026814","-0.270658112668895","-0.401103384711823","-0.351504217828312","-0.399566196405613","-0.371887162646278","-0.493246804831839","-0.323976796901256","-0.301748942206895","-0.795315872551464","-0.409384590079331","-0.376628170451453","0.554294485001921","-0.270658112668895","-0.185976500431359","-0.152498570332605","-0.152498570332605","trichloroethylene"
